Register,08:53:46,08:54:07,08:54:29,08:54:50,08:55:12,08:55:34,08:55:55,08:56:16,08:56:38,08:56:59,08:57:21,08:57:42,08:58:04,08:58:25,08:58:47,08:59:08,08:59:29,08:59:51,09:00:13,09:00:34,09:00:56,09:01:17,09:01:39,09:02:00,09:02:22,09:02:43,09:03:05,09:03:26,09:03:48,09:04:09,09:04:31,09:04:52,09:05:14,09:05:35,09:05:57,09:06:18,09:06:40,09:07:01,09:07:23,09:07:44,09:08:05,09:08:27,09:08:48,09:09:10,09:09:31,09:09:53,09:10:14,09:10:36,09:10:57,09:11:19,09:11:40,09:12:02,09:12:23,09:12:45,09:13:06,09:13:28,09:13:49,09:14:11,09:14:32,09:14:53,09:15:15,09:15:36,09:15:58,09:16:19,09:16:41,09:17:02,09:17:24,09:17:45,09:18:07,09:18:28,09:18:50,09:19:11,09:19:33,09:19:54,09:20:16,09:20:37,09:20:59,09:21:20,09:21:42,09:22:03,09:22:25,09:22:46,09:23:08,09:23:29,09:23:51,09:24:12,09:24:33,09:24:55,09:25:16,09:25:38,09:25:59,09:26:21,09:26:42,09:27:04,09:27:25,09:27:47,09:28:08,09:28:30,09:28:51,09:29:13,09:29:34,09:29:56,09:30:17,09:30:39,09:31:00,09:31:22,09:31:43,09:32:05,09:32:26,09:32:48,09:33:09,09:33:31,09:33:52,09:34:14,09:34:35,09:34:57,09:35:18,09:35:40,09:36:01,09:36:23,09:36:44,09:37:06,09:37:27,09:37:49,09:38:10,09:38:32,09:38:53,09:39:15,09:39:36,09:39:58,09:40:19,09:40:41,09:41:02,09:41:24,09:41:45,09:42:06,09:42:28,09:42:49,09:43:11,09:43:32,09:43:54,09:44:15,09:44:37,09:44:58,09:45:20,09:45:41,09:46:03,09:46:24,09:46:46,09:47:07,09:47:29,09:47:51,09:48:12,09:48:34,09:48:55,09:49:17,09:49:38,09:50:00,09:50:21,09:50:42,09:51:04,09:51:25,09:51:47,09:52:08,09:52:30,09:52:51,09:53:13,09:53:34,09:53:56,09:54:17,09:54:39,09:55:00,09:55:22,09:55:43,09:56:05,09:56:26,09:56:48,09:57:09,09:57:31,09:57:52,09:58:14,09:58:35,09:58:57,09:59:18,09:59:39,10:00:01,10:00:22,10:00:44,10:01:05,10:01:27,10:01:48,10:02:10,10:02:31,10:02:53,10:03:14,10:03:36,10:03:57,10:04:19,10:04:40,10:05:02,10:05:23,10:05:45,10:06:07,10:06:28,10:06:49,10:07:11,10:07:33,10:07:54,10:08:16,10:08:37,10:08:59,10:09:20,10:09:42,10:10:03,10:10:25,10:10:46,10:11:08,10:11:29,10:11:51,10:12:12,10:12:34,10:12:55,10:13:17,10:13:38,10:15:39,10:16:00,10:16:22,10:16:43,10:17:05,10:17:26,10:17:48,10:18:09,10:18:31,10:18:52,10:19:14,10:19:35,10:19:56,10:20:18,10:20:39,10:21:01,10:21:22,10:21:44,10:22:05,10:22:27,10:22:48,10:23:10,10:23:31,10:23:52,10:24:14,10:24:35,10:24:57,10:25:18,10:25:40,10:26:01,10:26:23,10:26:44,10:27:06,10:27:27,10:27:49,10:28:10,10:28:32,10:28:53,10:29:15,10:29:36,10:29:58,10:30:19,10:30:40,10:31:02,10:31:23,10:31:45,10:32:07,10:32:28,10:32:50,10:33:11,10:33:32,10:33:54,10:34:15,10:34:37,10:34:58,10:35:20,10:35:41,10:36:03,10:36:24,10:36:46,10:37:07,10:37:29,10:37:50,10:38:12,10:38:33,10:38:55,10:39:16,10:39:38,10:39:59,10:40:21,10:40:42,10:41:03,10:41:25,10:41:46,10:42:08,10:42:29,10:42:51,10:43:12,10:43:34,10:43:55,10:44:17,10:44:38,10:45:00,10:45:21,10:45:42,10:46:04,10:46:25,10:46:47,10:47:08,10:47:30,10:47:51,10:48:13,10:48:34,10:48:55,10:49:17,10:49:38,10:50:00,10:50:21,10:50:43,10:51:04,10:51:26,10:51:47,10:52:09,10:52:30,10:52:52,10:53:13,10:53:35,10:53:56,10:54:17,10:54:39,10:55:00,10:55:22,10:55:43,10:56:05,10:56:27,10:56:48,10:57:10,10:57:31,10:57:53,10:58:14,10:58:36,10:58:57,10:59:19,10:59:40,11:00:02,11:00:23,11:00:45,11:01:06,11:01:28,11:01:49,11:02:11,11:02:33,11:02:54,11:03:15,11:03:37,11:03:59,11:04:20,11:04:41,11:05:03,11:05:24,11:05:46,11:06:07,11:06:29,11:06:50,11:07:12,11:07:33,11:07:55,11:08:16,11:08:38,11:08:59,11:09:21,11:09:42,11:10:04,11:10:25,11:10:47,11:11:08,11:11:30,11:11:51,11:12:12,11:12:34,11:12:55,11:13:17,11:13:38,11:14:00,11:14:21,11:14:43,11:15:04,11:15:26,11:15:47,11:16:09,11:16:30,11:16:52,11:17:13,11:17:35,11:17:56,11:18:18,11:18:39,11:19:01,11:19:22,11:19:44,11:20:05,11:20:27,11:20:48,11:21:10,11:21:31,11:21:53,11:22:14,11:22:36,11:22:57,11:23:18,11:23:40,11:24:01,11:24:23,11:24:44,11:25:06,11:25:27,11:25:49,11:26:10,11:26:32,11:26:53,11:27:15,11:27:36,11:27:57,11:28:19,11:28:40,11:29:02,11:29:23,11:29:45,11:30:06,11:30:28,11:30:49,11:31:11,11:31:32,11:31:54,11:32:15,11:32:37,11:32:58,11:33:20,11:33:41,11:34:02,11:34:24,11:34:45,11:35:07,11:35:28,11:35:50,11:36:11,11:36:33,11:36:54,11:37:16,11:37:37,11:37:59,11:38:20,11:38:42,11:39:03,11:39:25,11:39:46,11:40:08,11:40:29,11:40:50,11:41:12,11:41:33,11:41:55,11:42:16,11:42:38,11:42:59,11:43:21,11:43:42,11:44:04,11:44:25,11:44:46,11:45:08,11:45:29,11:45:51,11:46:12,11:46:34,11:46:55,11:47:17,11:47:38,11:48:00,11:48:21,11:48:43,11:49:04,11:49:25,11:49:47,11:50:09,11:50:30,11:50:52,11:51:13,11:51:34,11:51:56,11:52:17,11:52:39,11:53:00,11:53:22,11:53:43,11:54:05,11:54:26,11:54:48,11:55:09,11:55:31,11:55:52,11:56:13,11:56:35,11:56:56,11:57:18,11:57:39,11:58:01,11:58:22,11:58:44,11:59:05,11:59:27,11:59:48,12:00:10,12:00:31,12:00:53,12:01:14,12:01:36,12:01:57,12:02:19,12:02:40,12:03:02,12:03:23,12:03:45,12:04:06,12:04:28,12:04:49,12:05:11,12:05:32,12:05:54,12:06:15,12:06:37,12:06:58,12:07:20,12:07:41,12:08:03,12:08:24,12:08:46,12:09:07,12:09:29,12:09:51,12:10:12,12:10:34
30000,502,502,503,502,501,502,502,502,503,503,502,502,502,502,504,502,499,498,497,498,497,498,496,497,497,496,496,495,495,494,511,508,506,505,506,505,505,503,504,504,504,502,504,503,507,503,502,498,501,499,498,497,499,497,498,496,496,499,497,496,496,497,495,496,494,494,495,494,494,493,491,494,493,492,492,493,491,489,490,488,489,489,487,486,503,499,499,497,494,495,493,495,493,493,492,492,492,493,489,490,490,490,488,489,487,486,487,486,486,485,510,506,504,504,503,502,500,503,502,503,502,502,502,501,501,503,502,501,503,500,501,499,501,500,499,498,499,499,498,500,498,498,498,498,497,498,496,495,495,495,494,494,492,494,493,493,492,491,493,490,491,506,519,523,522,523,523,524,522,524,523,525,524,522,523,524,524,522,524,524,523,523,524,523,523,522,522,524,524,524,524,524,524,524,525,524,525,526,523,524,524,524,524,525,524,524,525,523,524,525,524,525,524,526,523,524,523,524,526,524,523,524,513,521,523,522,522,522,521,521,523,523,522,523,521,523,521,522,521,522,522,522,523,520,523,521,522,522,522,520,522,522,520,519,519,519,520,519,519,519,518,519,520,518,519,518,517,519,519,520,519,519,518,518,519,518,519,519,518,517,517,517,518,517,518,517,518,518,518,517,517,516,518,519,518,518,518,520,517,519,518,516,517,517,518,518,518,518,517,518,517,516,517,517,517,517,518,518,516,517,518,517,517,517,517,518,518,517,516,516,517,516,517,518,516,516,516,516,517,518,515,517,516,515,517,516,516,517,516,515,517,516,516,516,515,516,515,516,515,515,516,516,516,516,515,516,516,516,516,515,516,515,517,516,514,515,514,515,514,515,514,515,514,514,514,514,515,514,514,514,514,515,514,515,515,515,515,514,516,514,514,514,514,514,514,515,515,514,513,515,513,513,514,515,514,513,514,514,513,515,514,513,512,513,515,515,514,513,513,515,513,513,513,512,513,513,512,514,513,511,512,513,513,513,512,513,512,513,513,513,513,511,512,513,513,512,512,513,511,512,514,512,512,511,512,512,512,511,511,511,511,511,513,512,510,511,511,511,511,511,510,512,511,510,511,510,510,510,510,510,510,510,510,511,510,510,509,500,497,496,497,495,497,493,494,493,494,494,491,492,491,487,484,491,489,503,495,493,489,489,486,496,495,490,491,486,485,493,487,485,492,492,488,486,485,484,482,481,498,502,504,505,506,507,505,
30001,63200,63198,63197,63198,63198,63198,63197,63199,63197,63197,63197,63197,63198,63196,63198,63195,63198,63197,63198,63198,63195,63196,63195,63196,63197,63196,63198,63195,63196,63195,63197,63197,63193,63196,63196,63195,63196,63196,63196,63196,63195,63197,63196,63197,63195,63197,63195,63195,63195,63194,63195,63193,63195,63195,63194,63195,63196,63193,63193,63195,63194,63196,63196,63193,63194,63196,63193,63193,63195,63196,63195,63192,63193,63194,63193,63192,63191,63193,63193,63192,63191,63194,63193,63193,63194,63194,63195,63194,63194,63195,63196,63194,63195,63193,63194,63194,63192,63191,63193,63194,63191,63192,63193,63192,63191,63192,63192,63192,63193,63194,63191,63193,63193,63192,63194,63194,63195,63194,63193,63191,63195,63191,63194,63193,63194,63192,63192,63193,63192,63193,63192,63191,63192,63191,63193,63193,63192,63194,63191,63191,63191,63191,63193,63191,63191,63191,63193,63192,63193,63192,63193,63189,63194,63191,63190,63192,63192,63189,63189,63190,63190,63192,65501,65501,65500,65499,65501,65500,65501,65501,65501,65501,65499,65502,65501,65500,65501,65500,65501,65500,65500,65501,65500,65500,65501,65500,65501,65501,65500,65501,65500,65501,65502,65501,65501,65501,65501,65500,65500,65501,65501,65500,65500,65501,65501,65501,65500,65500,65501,65501,65501,65501,65501,65501,65501,65502,65501,65501,65501,65501,65501,65501,64081,65367,65524,65523,65502,65404,65404,65403,65404,65404,65405,65403,65405,65404,65404,65404,65405,65407,65405,65405,65406,65404,65368,65369,65369,65370,65370,65370,65370,65370,65144,65154,65154,65156,65157,65158,65160,65160,65160,65162,65161,65162,65162,65161,65162,65163,65163,65164,65163,65165,65165,65163,65165,65165,65164,65165,65165,65166,65166,65166,65167,65165,65166,65167,65167,65167,65167,65167,65167,65168,65166,65168,65167,65168,65166,65167,65166,65167,65167,65167,65167,65167,65168,65168,65167,65167,65168,65167,65168,65169,65167,65167,65168,65168,65168,65168,65167,65168,65168,65167,65168,65169,65168,65168,65168,65168,65167,65168,65168,65167,65168,65167,65169,65168,65168,65168,65168,65168,65168,65167,65167,65168,65167,65167,65167,65169,65168,65169,65168,65168,65169,65168,65167,65167,65168,65168,65168,65168,65168,65168,65169,65168,65168,65168,65169,65168,65169,65168,65169,65168,65169,65169,65168,65168,65169,65167,65168,65168,65167,65168,65167,65169,65168,65169,65168,65168,65169,65168,65168,65168,65168,65168,65168,65168,65168,65168,65168,65167,65168,65167,65166,65168,65167,65167,65167,65167,65167,65168,65167,65167,65168,65166,65167,65167,65168,65167,65166,65167,65169,65167,65167,65167,65167,65167,65167,65168,65167,65168,65167,65167,65167,65167,65167,65167,65167,65167,65167,65167,65167,65168,65166,65167,65168,65168,65168,65169,65168,65168,65167,65169,65169,65169,65169,65168,65169,65168,65168,65169,65169,65167,65168,65169,65167,65169,65168,65168,65169,65169,65170,65169,65169,65169,65169,65169,65170,65169,65169,65168,65170,65169,65169,65169,65170,65169,65171,65171,65170,65170,65170,65171,65170,65169,65171,65170,65169,63805,63812,63810,63811,63810,63809,63810,63810,63808,63808,63808,63809,63808,63807,63297,63278,63278,63277,63281,63277,63280,63277,63282,63276,63276,63276,63275,63275,63278,63276,63278,63273,63274,63275,63276,63274,63275,63276,63275,63275,63273,65525,65524,65524,65524,65524,65524,65524,
30002,297,298,300,301,302,304,305,306,307,308,310,310,312,313,314,315,315,316,317,318,319,320,320,321,322,323,323,324,324,325,326,327,327,328,329,329,330,330,331,331,331,332,333,333,334,334,335,335,335,337,336,337,337,337,338,338,339,339,340,340,340,341,341,341,342,342,342,343,343,343,343,344,344,345,345,345,345,345,346,346,346,346,346,347,347,348,348,348,348,348,349,349,349,349,349,350,350,350,350,350,349,350,350,351,349,351,367,351,352,352,352,352,353,352,353,353,353,354,354,355,354,354,355,354,355,355,355,355,355,356,356,356,356,356,356,356,357,357,357,356,357,357,357,357,357,357,357,358,358,358,358,358,358,358,358,358,358,358,358,358,358,358,358,357,355,352,350,347,345,343,341,339,337,331,334,333,331,330,329,328,326,325,324,323,321,321,319,318,317,316,315,314,313,313,312,311,310,309,308,308,307,307,306,305,305,304,303,303,302,301,301,300,300,299,299,298,298,297,297,296,296,295,294,295,294,293,292,291,290,290,289,289,288,288,287,287,287,286,286,285,285,285,285,284,284,283,283,282,282,282,282,281,281,281,280,280,281,280,280,280,280,280,280,279,280,279,279,279,279,279,278,278,278,278,278,278,277,277,277,277,277,285,276,276,276,276,276,275,275,275,275,275,275,275,275,274,274,274,274,274,274,274,273,273,273,272,273,273,273,273,272,272,272,272,272,272,272,272,272,272,272,272,272,271,271,271,271,271,271,271,270,271,270,270,270,270,270,270,270,270,270,270,270,270,270,270,270,270,270,270,270,269,269,270,269,269,269,269,269,269,269,269,269,269,269,269,268,268,268,268,268,268,268,268,268,268,268,268,268,268,268,268,268,268,268,268,268,268,268,268,268,268,267,267,267,268,267,267,267,267,267,267,267,268,268,267,267,267,267,267,267,267,267,268,267,267,267,267,267,267,267,267,267,267,267,267,267,267,267,267,267,267,267,267,267,267,267,267,267,267,267,267,267,267,267,267,267,267,267,267,267,267,267,267,267,267,267,266,267,267,267,267,267,267,267,267,267,267,267,267,267,267,267,267,267,267,267,266,266,267,266,266,266,267,266,266,266,266,266,266,266,266,266,265,266,266,266,266,267,268,270,271,273,274,275,277,278,279,280,281,282,284,285,287,288,290,292,293,295,296,298,299,301,303,304,305,306,308,310,311,312,314,315,317,318,319,320,321,322,322,320,318,316,315,313,
30003,320,323,325,327,329,330,332,333,335,336,338,340,341,342,344,345,346,347,349,350,351,352,353,354,355,356,357,360,359,359,361,362,363,364,364,365,366,367,367,368,369,370,371,371,372,373,373,374,374,375,375,376,376,384,378,379,379,380,380,381,381,382,382,383,383,384,384,384,385,386,386,387,387,387,387,388,388,389,389,390,390,391,391,391,393,392,392,393,393,393,393,393,394,394,394,394,395,395,395,395,395,395,396,396,396,397,397,397,397,398,397,398,398,398,398,398,399,399,399,399,399,400,400,400,400,400,401,401,401,401,401,401,401,402,402,402,402,402,402,402,403,403,403,404,403,404,404,404,404,404,405,405,405,405,405,405,406,406,406,407,406,407,407,404,401,396,392,389,386,383,380,377,375,373,371,369,367,365,364,362,360,358,357,355,354,353,351,350,348,347,345,345,343,342,341,340,339,338,337,335,335,334,333,332,331,330,329,328,327,327,326,325,324,324,323,322,322,321,320,320,319,318,318,318,315,313,312,310,310,309,308,308,307,306,305,304,304,303,303,304,302,301,300,300,299,299,298,298,297,296,296,296,295,295,294,294,294,294,293,293,293,292,292,292,291,291,291,291,290,290,290,290,289,289,289,289,288,288,288,287,287,287,287,287,286,286,286,286,285,285,285,285,285,284,284,284,284,284,284,284,283,283,283,283,283,283,282,282,282,282,282,282,282,282,281,281,281,281,281,281,281,280,280,280,280,280,280,280,280,280,280,280,280,279,279,279,279,279,279,279,279,279,279,278,278,279,278,278,278,278,278,278,278,277,278,278,278,278,277,277,278,277,277,277,277,277,277,277,277,277,276,277,277,277,278,277,277,277,276,277,277,277,276,276,277,276,276,277,277,276,276,276,276,276,276,276,276,276,276,276,276,276,276,276,276,276,276,276,276,276,276,275,276,276,276,276,276,276,276,276,276,276,276,276,276,276,276,276,276,275,276,276,275,276,276,276,276,276,276,276,275,275,275,276,275,275,276,276,275,275,275,275,275,275,275,275,275,275,276,275,275,275,275,275,275,275,275,275,275,275,275,275,275,275,275,275,275,275,275,275,275,275,275,275,275,275,274,275,275,274,274,274,274,274,274,274,274,274,275,277,279,281,283,285,287,288,290,292,293,294,296,297,299,301,304,307,310,311,316,316,318,321,323,325,327,329,331,333,335,337,338,340,342,344,346,347,349,350,352,351,348,345,342,339,337,
30004,2431,2433,2438,2435,2431,2428,2430,2435,2433,2435,2436,2442,2445,2452,2449,2445,2449,2452,2446,2445,2453,2453,2455,2455,2449,2454,2456,2455,2455,2448,2447,2451,2461,2461,2461,2459,2459,2452,2451,2453,2454,2455,2451,2457,2452,2452,2454,2457,2451,2460,2457,2452,2447,2448,2443,2454,2458,2459,2445,2453,2451,2452,2450,2451,2441,2442,2439,2441,2438,2440,2439,2447,2450,2446,2444,2439,2441,2434,2437,2439,2430,2435,2431,2431,2434,2437,2427,2432,2435,2432,2430,2429,2436,2439,2441,2437,2440,2436,2435,2438,2438,2437,2441,2448,2447,2443,2449,2450,2443,2444,2445,2441,2443,2437,2440,2434,2434,2432,2432,2428,2428,2428,2431,2431,2430,2429,2430,2429,2432,2433,2430,2433,2430,2431,2431,2419,2426,2425,2427,2428,2427,2427,2427,2428,2429,2430,2437,2438,2430,2433,2430,2432,2436,2438,2437,2435,2438,2435,2429,2436,2435,2437,2402,2396,2399,2397,2398,2386,2388,2386,2378,2377,2382,2385,2381,2384,2385,2380,2376,2377,2375,2377,2377,2370,2372,2377,2379,2385,2391,2389,2389,2388,2394,2378,2378,2377,2390,2388,2391,2391,2385,2385,2389,2388,2389,2387,2392,2381,2392,2393,2393,2390,2390,2392,2387,2386,2387,2385,2386,2392,2412,2410,100,20,2412,2416,2415,100,20,20,20,20,20,20,20,20,20,20,20,20,20,20,21,21,21,20,21,21,21,21,20,20,21,20,20,20,21,21,20,20,21,21,20,21,20,20,20,21,20,21,21,20,20,21,21,20,21,21,21,21,20,21,21,21,20,21,21,21,20,21,20,21,20,20,20,21,21,20,20,21,21,20,20,21,21,20,20,20,20,21,21,21,21,21,21,21,21,20,20,21,20,21,21,21,21,21,21,20,21,21,21,21,20,20,20,20,21,21,20,21,21,21,21,20,21,21,21,20,20,21,21,21,21,21,21,20,20,21,21,21,21,20,21,21,21,21,20,20,21,20,21,20,20,20,20,21,21,21,20,20,21,20,20,20,20,21,20,20,20,21,21,20,21,20,21,21,20,21,20,21,21,20,21,21,21,21,20,20,20,20,21,21,21,21,21,20,20,21,21,20,21,21,21,21,20,21,20,21,21,20,21,20,21,20,20,21,21,20,21,20,21,21,20,21,20,21,20,21,20,20,21,21,21,20,21,21,20,21,20,21,21,21,21,21,21,20,21,21,21,21,21,21,21,20,20,21,20,21,20,20,21,21,21,20,20,21,20,21,20,20,20,22,21,20,20,21,21,20,21,20,21,21,21,20,21,21,21,21,21,21,21,20,21,21,20,21,21,20,21,20,21,20,21,21,20,20,20,21,21,20,20,21,21,21,20,20,21,20,19,19,19,19,19,100,100,
30005,2412,2404,2425,2416,2411,2412,2413,2416,2416,2420,2416,2425,2425,2435,2435,2430,2435,2433,2424,2427,2434,2437,2442,2436,2428,2435,2440,2437,2440,2427,2428,2432,2442,2440,2441,2441,2443,2436,2433,2436,2438,2436,2433,2439,2432,2435,2435,2438,2431,2442,2439,2434,2430,2428,2418,2435,2437,2443,2426,2431,2431,2437,2436,2433,2420,2420,2422,2423,2422,2420,2418,2432,2434,2430,2423,2421,2422,2416,2418,2421,2409,2414,2413,2413,2419,2418,2408,2416,2417,2411,2416,2413,2421,2419,2420,2424,2424,2419,2417,2421,2420,2422,2428,2428,2430,2426,2430,2429,2425,2424,2428,2423,2425,2418,2419,2418,2416,2416,2414,2410,2411,2411,2418,2421,2408,2415,2413,2412,2412,2412,2415,2417,2409,2415,2414,2400,2406,2408,2412,2406,2412,2407,2408,2408,2409,2409,2424,2420,2411,2417,2413,2410,2421,2422,2417,2422,2422,2417,2412,2415,2413,2422,2395,2389,2388,2384,2388,2373,2371,2375,2368,2362,2364,2369,2368,2370,2372,2365,2369,2363,2362,2366,2365,2360,2357,2363,2367,2376,2383,2377,2380,2380,2382,2367,2364,2368,2380,2379,2383,2381,2368,2378,2377,2374,2375,2376,2376,2366,2379,2381,2380,2376,2381,2383,2372,2369,2374,2375,2377,2378,2403,2394,2272,2298,4,6,2403,2307,2306,2305,2302,2306,2306,2301,2305,2303,2304,2305,2304,2305,2307,2307,2302,2304,2303,2302,2308,2304,2305,2307,2304,2303,2293,2291,2291,2293,2291,2290,2292,2293,2289,2291,2291,2291,2292,2292,2290,2293,2290,2290,2295,2289,2291,2289,2291,2289,2290,2288,2289,2293,2289,2290,2293,2291,2290,2291,2293,2291,2291,2290,2292,2292,2290,2291,2291,2292,2290,2292,2291,2291,2291,2290,2292,2293,2288,2289,2289,2290,2288,2293,2291,2291,2290,2287,2292,2293,2288,2289,2292,2292,2291,2290,2290,2289,2291,2293,2290,2289,2288,2292,2293,2291,2290,2290,2291,2291,2290,2291,2292,2293,2288,2293,2290,2290,2292,2292,2289,2289,2293,2292,2294,2292,2290,2293,2291,2291,2291,2289,2290,2290,2290,2290,2291,2290,2292,2290,2292,2288,2295,2291,2290,2291,2290,2290,2292,2291,2291,2290,2291,2289,2291,2290,2292,2290,2292,2288,2296,2291,2290,2291,2292,2290,2291,2290,2290,2291,2291,2289,2291,2291,2288,2292,2291,2291,2289,2290,2290,2292,2292,2290,2291,2292,2288,2292,2291,2291,2291,2290,2289,2295,2289,2286,2292,2290,2289,2291,2291,2289,2291,2289,2290,2292,2290,2289,2292,2292,2290,2292,2289,2293,2293,2291,2290,2290,2292,2287,2294,2292,2286,2290,2288,2290,2289,2289,2289,2293,2291,2290,2293,2289,2290,2290,2290,2289,2291,2290,2288,2291,2290,2287,2293,2292,2289,2292,2292,2289,2292,2289,2291,2293,2291,2288,2291,2290,2291,2289,2292,2290,2291,2292,2291,2292,2291,2289,2292,2289,2289,2288,2288,2286,2291,2346,2286,2291,2289,2286,2288,2287,2287,2288,2287,2286,2286,2284,2282,2285,2285,2283,2284,2286,2286,2285,2283,2284,2286,2282,2284,2285,2285,2284,2284,2284,2285,2288,2284,2285,2286,2283,5,4,4,6,5,6,4,
30006,2209,2209,2209,2209,2209,2209,2209,2209,2209,2209,2209,2209,2209,2209,2209,2209,2209,2209,2209,2209,2209,2209,2209,2209,2209,2209,2209,2209,2209,2209,2209,2209,2209,2209,2209,2209,2209,2209,2209,2209,2209,2209,2209,2209,2209,2209,2209,2209,2209,2209,2209,2209,2209,2209,2209,2209,2209,2209,2209,2209,2209,2209,2209,2209,2209,2209,2209,2209,2209,2208,2209,2209,2209,2209,2209,2209,2209,2209,2209,2209,2208,2209,2209,2208,2208,2209,2208,2209,2209,2208,2208,2208,2208,2209,2208,2209,2209,2208,2208,2209,2209,2209,2209,2209,2209,2209,2209,2209,2209,2209,2209,2209,2209,2209,2209,2209,2209,2209,2209,2208,2208,2208,2209,2209,2208,2209,2209,2209,2209,2209,2208,2209,2209,2209,2209,2208,2209,2208,2208,2208,2208,2208,2208,2208,2209,2208,2209,2209,2209,2208,2209,2209,2208,2209,2209,2209,2209,2209,2209,2209,2209,2209,0,0,0,0,0,0,0,0,0,0,0,0,0,0,0,0,0,0,0,0,0,0,0,0,0,0,0,0,0,0,0,0,0,0,0,0,0,0,0,0,0,0,0,0,0,0,0,0,0,0,0,0,0,0,0,0,0,0,0,0,0,0,0,0,0,0,0,0,0,0,0,0,0,0,0,0,0,0,0,0,0,0,0,0,0,0,0,0,0,0,0,0,0,0,0,0,0,0,0,0,0,0,0,0,0,0,0,0,0,0,0,0,0,0,0,0,0,0,0,0,0,0,0,0,0,0,0,0,0,0,0,0,0,0,0,0,0,0,0,0,0,0,0,0,0,0,0,0,0,0,0,0,0,0,0,0,0,0,0,0,0,0,0,0,0,0,0,0,0,0,0,0,0,0,0,0,0,0,0,0,0,0,0,0,0,0,0,0,0,0,0,0,0,0,0,0,0,0,0,0,0,0,0,0,0,0,0,0,0,0,0,0,0,0,0,0,0,0,0,0,0,0,0,0,0,0,0,0,0,0,0,0,0,0,0,0,0,0,0,0,0,0,0,0,0,0,0,0,0,0,0,0,0,0,0,0,0,0,0,0,0,0,0,0,0,0,0,0,0,0,0,0,0,0,0,0,0,0,0,0,0,0,0,0,0,0,0,0,0,0,0,0,0,0,0,0,0,0,0,0,0,0,0,0,0,0,0,0,0,0,0,0,0,0,0,0,0,0,0,0,0,0,0,0,0,0,0,0,0,0,0,0,0,0,0,0,0,0,0,0,0,0,0,0,0,0,0,0,0,0,0,0,0,0,0,0,0,0,0,0,0,0,0,0,0,0,0,0,0,0,0,0,0,0,0,0,0,0,0,0,0,0,0,
30007,359,361,363,363,362,359,359,359,360,360,360,361,364,366,366,366,366,365,366,364,367,367,367,368,367,368,365,367,369,367,368,366,369,370,370,369,372,368,367,368,367,368,368,368,369,368,368,369,366,370,367,369,366,364,363,368,370,370,368,369,366,368,367,367,364,364,366,365,367,365,363,369,367,368,364,367,365,366,364,365,362,366,364,363,365,366,363,365,366,368,365,364,365,365,365,365,364,365,369,363,363,364,367,367,368,368,366,367,365,365,367,366,367,362,366,363,365,364,364,363,362,364,367,360,364,362,363,365,364,362,362,363,366,364,364,363,363,362,363,363,362,360,364,362,362,363,365,365,364,365,364,363,365,366,365,363,363,364,362,364,365,366,353,352,691,688,688,1932,1932,1932,1923,1920,1923,1925,1923,1926,1929,1923,1918,1921,1916,1918,1921,1908,1914,1916,1921,1939,1938,2509,1932,1931,1938,1919,1922,1917,1933,1938,1939,1938,1933,1934,1934,1933,1940,1937,1934,1924,1940,1938,1946,1935,1939,1936,1930,1927,1932,1934,1943,1942,265,356,1344,121,0,0,98,87,86,86,87,86,86,86,85,86,86,85,85,86,85,85,86,87,119,120,119,118,119,119,119,119,350,341,343,340,339,339,337,337,337,335,335,336,335,334,336,333,334,335,332,333,334,333,332,334,332,333,333,331,332,333,331,333,333,330,332,333,330,331,333,330,333,332,330,332,332,330,333,332,331,332,333,330,332,332,331,332,332,330,333,331,330,332,332,330,331,331,330,333,331,331,332,332,331,333,332,331,333,332,330,333,332,330,332,332,331,332,332,332,333,332,331,333,333,331,332,331,330,332,332,331,333,331,330,332,332,330,333,332,330,332,332,331,332,331,330,333,331,331,333,331,332,333,331,332,333,332,332,334,333,331,333,332,331,332,332,331,332,331,331,334,331,331,334,332,332,333,332,332,334,331,332,334,333,333,334,333,332,333,332,332,334,333,332,334,332,332,334,332,332,333,332,332,334,333,332,334,332,332,333,332,332,333,332,332,334,332,332,333,332,332,334,331,331,332,331,331,333,330,332,333,331,331,332,332,332,333,330,331,333,331,331,333,331,331,333,331,331,332,330,331,332,330,331,332,330,332,332,331,331,332,329,331,332,329,330,331,330,329,331,329,330,332,329,329,331,1577,1575,1574,1575,1575,1576,1577,1575,1577,1576,1578,1576,1576,1575,2050,2042,2044,2040,2045,2041,2042,2041,2042,2043,2043,2042,2045,2043,2044,2041,2042,2044,2042,2043,2042,2043,2041,2043,2041,2042,2041,0,0,0,0,0,0,0,
30010,0,0,0,0,0,0,0,0,0,0,0,0,0,0,0,0,0,0,0,0,0,0,0,0,0,0,0,0,0,0,0,0,0,0,0,0,0,0,0,0,0,0,0,0,0,0,0,0,0,0,0,0,0,0,0,0,0,0,0,0,0,0,0,0,0,0,0,0,0,0,0,0,0,0,0,0,0,0,0,0,0,0,0,0,0,0,0,0,0,0,0,0,0,0,0,0,0,0,0,0,0,0,0,0,0,0,0,0,0,0,0,0,0,0,0,0,0,0,0,0,0,0,0,0,0,0,0,0,0,0,0,0,0,0,0,0,0,0,0,0,0,0,0,0,0,0,0,0,0,0,0,0,0,0,0,0,0,0,0,0,0,0,0,0,0,0,0,0,0,0,0,0,0,0,0,0,0,0,0,0,0,0,0,0,0,0,0,0,0,0,0,0,0,0,0,0,0,0,0,0,0,0,0,0,0,0,0,0,0,0,0,0,0,0,0,0,0,0,0,0,0,0,0,0,0,0,0,0,0,0,0,0,0,0,0,0,0,0,0,0,0,0,0,0,0,0,0,0,0,0,0,0,0,0,0,0,0,0,0,0,0,0,0,0,0,0,0,0,0,0,0,0,0,0,0,0,0,0,0,0,0,0,0,0,0,0,0,0,0,0,0,0,0,0,0,0,0,0,0,0,0,0,0,0,0,0,0,0,0,0,0,0,0,0,0,0,0,0,0,0,0,0,0,0,0,0,0,0,0,0,0,0,0,0,0,0,0,0,0,0,0,0,0,0,0,0,0,0,0,0,0,0,0,0,0,0,0,0,0,0,0,0,0,0,0,0,0,0,0,0,0,0,0,0,0,0,0,0,0,0,0,0,0,0,0,0,0,0,0,0,0,0,0,0,0,0,0,0,0,0,0,0,0,0,0,0,0,0,0,0,0,0,0,0,0,0,0,0,0,0,0,0,0,0,0,0,0,0,0,0,0,0,0,0,0,0,0,0,0,0,0,0,0,0,0,0,0,0,0,0,0,0,0,0,0,0,0,0,0,0,0,0,0,0,0,0,0,0,0,0,0,0,0,0,0,0,0,0,0,0,0,0,0,0,0,0,0,0,0,0,0,0,0,0,0,0,0,0,0,0,0,0,0,0,0,0,0,0,0,0,0,0,0,0,0,0,0,0,0,0,0,0,0,0,0,0,0,0,0,0,0,0,0,0,0,0,0,0,0,0,0,0,0,0,0,
30020,99,100,100,100,100,100,100,100,100,100,100,100,100,100,100,100,100,100,100,100,100,100,100,100,100,100,100,100,100,100,100,100,100,100,100,100,100,100,100,100,100,100,100,100,100,100,100,100,100,100,100,100,100,100,100,100,100,100,100,100,100,100,100,100,100,100,100,100,100,100,100,100,100,100,100,100,100,100,100,100,100,100,100,100,100,100,100,100,100,100,100,100,100,100,100,100,100,100,100,100,100,100,100,100,100,100,100,100,100,100,100,100,100,100,100,100,100,100,100,100,100,100,100,100,100,100,100,100,100,100,100,100,100,100,100,100,100,100,100,100,100,100,100,100,100,100,100,100,100,100,100,100,100,100,100,100,100,100,100,100,100,100,100,100,100,100,100,100,100,100,100,100,100,100,100,100,100,100,100,100,100,100,100,100,100,100,100,100,100,100,100,100,100,100,100,100,100,100,100,100,100,100,100,100,100,100,100,100,100,100,100,100,100,100,100,100,100,100,100,100,100,100,100,100,66,72,77,81,84,87,90,92,93,95,96,97,98,98,99,99,99,99,99,99,99,99,99,100,100,100,100,100,100,100,100,100,100,100,100,100,100,100,100,100,100,100,100,100,100,100,100,100,100,100,100,100,100,100,100,100,100,100,100,100,100,100,100,100,100,100,100,100,100,100,100,100,100,100,100,100,100,100,100,100,100,100,100,100,100,100,100,100,100,100,100,100,100,100,100,100,100,100,100,100,100,100,100,100,100,100,100,100,100,99,99,99,100,100,100,100,100,100,100,99,99,99,99,99,99,99,99,99,99,99,99,99,99,99,99,99,99,99,99,99,99,99,99,99,99,99,99,99,99,99,99,99,99,99,99,99,99,99,99,99,99,99,99,99,99,99,99,99,99,99,99,99,99,99,99,99,99,99,99,99,99,99,99,99,99,99,99,99,99,99,99,99,99,99,99,99,99,99,99,99,99,99,99,99,99,99,99,99,99,99,99,99,99,99,99,99,99,99,99,99,99,99,99,99,99,99,99,99,99,99,99,99,99,99,99,99,99,99,99,99,99,99,99,99,99,99,99,99,99,99,99,99,99,99,99,99,99,99,99,99,99,99,99,99,99,99,99,99,99,99,99,99,99,99,99,99,99,99,99,99,99,99,99,99,99,99,99,99,99,99,100,100,100,100,100,100,100,100,100,100,100,100,100,100,100,100,100,100,100,100,100,100,100,100,100,100,100,100,100,100,100,
30021,99,99,99,99,99,99,99,99,99,99,99,99,99,99,99,99,99,99,99,99,99,99,99,99,99,99,99,99,99,99,99,99,99,99,99,99,99,99,99,99,99,99,99,99,99,99,100,100,100,100,100,100,100,100,100,100,100,100,100,100,100,100,100,100,100,100,100,100,100,100,100,100,100,100,100,100,100,100,100,100,100,100,100,100,100,100,100,100,100,100,100,100,100,100,100,100,100,100,100,100,100,100,100,100,100,100,100,100,100,100,100,100,100,100,100,100,100,100,100,100,100,100,100,100,100,100,100,100,100,100,100,100,100,100,100,100,100,100,100,100,100,100,100,100,100,100,100,100,100,100,100,100,100,100,100,100,100,100,100,100,100,100,100,100,100,100,100,100,100,100,100,100,100,100,100,100,100,100,100,100,100,100,100,100,100,100,100,100,100,100,100,100,100,100,100,100,100,100,100,100,100,100,100,100,99,99,99,99,99,99,99,99,99,99,99,99,99,99,99,99,99,99,99,99,67,73,78,82,86,88,91,93,94,96,97,98,98,98,99,99,99,99,99,99,99,99,99,99,99,99,99,99,99,99,99,99,99,99,99,99,99,99,99,99,99,99,99,99,99,99,99,99,99,99,99,99,99,99,99,99,99,99,99,99,99,99,99,99,99,99,99,99,99,99,99,99,99,99,99,99,99,99,99,99,99,99,99,99,99,99,99,99,99,99,99,99,99,99,99,99,99,99,99,99,99,99,99,99,99,99,99,99,99,99,99,99,99,99,99,99,99,99,99,99,99,99,99,99,99,99,99,99,99,99,99,99,99,99,99,99,99,99,99,99,99,99,99,99,99,99,99,99,99,99,99,99,99,99,99,99,99,99,99,99,99,99,99,99,99,99,99,99,99,99,99,99,99,99,99,99,99,99,99,99,99,99,99,99,99,99,99,99,99,99,99,99,99,99,99,99,99,99,99,99,99,99,99,99,99,99,99,99,99,99,99,99,99,99,99,99,99,99,99,99,99,99,99,99,99,99,99,99,99,99,99,99,99,99,99,99,99,99,99,99,99,99,99,99,99,99,99,99,99,99,99,99,99,99,99,99,99,99,99,99,99,99,99,99,99,99,99,99,99,99,99,99,99,99,99,99,99,99,99,99,99,99,99,99,99,99,99,99,99,99,99,99,99,99,99,99,99,99,99,99,99,99,99,99,99,99,99,99,99,99,99,99,99,99,99,99,99,99,99,99,99,
30022,99,99,99,99,99,99,99,99,99,99,99,99,99,99,99,99,99,99,99,99,99,99,99,99,99,99,99,99,99,99,99,99,99,99,99,99,99,99,99,99,99,99,99,99,99,99,99,99,99,99,99,99,99,99,99,99,99,99,99,99,99,99,99,99,99,99,99,99,99,99,99,99,99,99,99,99,99,99,99,99,99,99,99,99,99,99,99,99,99,99,99,99,99,99,99,99,99,99,99,99,100,100,100,100,100,100,100,100,100,100,100,100,100,100,100,100,100,100,100,100,100,100,100,100,100,100,100,100,100,100,100,100,100,100,100,100,100,100,100,100,100,100,100,100,100,100,100,100,100,100,100,100,100,100,100,100,100,100,100,100,100,100,100,100,100,100,100,100,100,100,100,100,100,100,100,99,99,99,99,99,99,99,99,99,99,99,99,99,99,99,99,99,99,99,99,99,99,99,99,99,99,99,99,99,99,99,99,99,99,99,99,99,99,99,99,99,99,99,99,99,99,99,99,99,68,74,79,84,87,90,92,94,96,97,98,98,98,99,99,99,99,99,99,99,99,99,99,99,99,99,99,99,99,99,99,99,99,99,99,99,99,99,99,99,99,99,99,99,99,99,99,99,99,99,99,99,99,99,99,99,99,99,99,99,99,99,99,99,99,99,99,99,99,99,99,99,99,99,99,99,99,99,99,99,99,99,99,99,99,99,99,99,99,99,99,99,99,99,99,99,99,99,99,99,99,99,99,99,99,99,99,99,99,99,99,99,99,99,99,99,99,99,99,99,99,99,99,99,99,99,99,99,99,99,99,99,99,99,99,99,99,99,99,99,99,99,99,99,99,99,99,99,99,99,99,99,99,99,99,99,99,99,99,99,99,99,99,99,99,99,99,99,99,99,99,99,99,99,99,99,99,99,99,99,99,99,99,99,99,99,99,99,99,99,99,99,99,99,99,99,99,99,99,99,99,99,99,99,99,99,99,99,99,99,99,99,99,99,99,99,99,99,99,99,99,99,99,99,99,99,99,99,99,99,99,99,99,99,99,99,99,99,99,99,99,99,99,99,99,99,99,99,99,99,99,99,99,99,99,99,99,99,99,99,99,99,99,99,99,99,99,99,99,99,99,99,99,99,99,99,99,99,99,99,99,99,99,99,99,99,99,99,99,99,99,99,99,99,99,99,99,99,99,99,99,99,99,99,99,99,99,99,99,99,99,99,99,99,99,99,99,99,99,99,99,
30023,99,99,99,99,99,99,99,99,99,99,99,99,99,99,99,99,99,99,99,99,99,99,99,99,99,99,99,99,99,99,99,99,99,99,99,99,99,99,99,99,99,99,99,99,99,99,99,99,99,99,99,99,99,99,99,99,99,99,99,99,99,99,99,99,99,99,99,99,99,99,99,99,99,99,99,99,99,99,99,99,99,99,99,99,99,99,99,99,99,99,99,99,99,99,99,99,99,99,99,99,99,99,99,99,99,99,99,99,99,99,99,99,99,99,99,99,99,99,99,99,99,99,99,99,99,99,99,99,99,99,99,99,99,99,99,99,99,99,99,99,99,99,99,99,99,99,99,99,99,99,99,99,99,99,99,99,99,99,99,99,99,99,99,99,99,99,99,99,99,99,99,99,99,99,99,99,99,99,99,99,99,99,99,99,99,99,99,99,99,99,99,99,99,99,99,99,99,99,99,99,99,99,99,99,99,99,99,99,99,99,99,99,99,99,99,99,99,99,99,99,99,99,99,99,66,72,77,80,84,87,89,91,93,94,96,96,97,98,98,98,98,98,99,99,99,99,99,99,99,99,99,99,99,99,99,99,99,99,99,99,99,99,99,99,99,99,99,99,99,99,99,99,99,99,99,99,99,99,99,99,99,99,99,99,99,99,99,99,99,99,99,99,99,99,99,99,99,99,99,99,99,99,99,99,99,99,99,99,99,99,99,99,99,99,99,99,99,99,99,99,99,99,99,99,99,99,99,99,99,99,99,99,99,99,99,99,99,99,99,99,99,99,99,99,99,99,99,99,99,99,99,99,99,99,99,99,99,99,99,99,99,99,99,99,99,99,99,99,99,99,99,99,99,99,99,99,99,99,99,99,99,99,99,99,99,99,99,99,99,99,99,99,99,99,99,99,99,99,99,99,99,99,99,99,99,99,99,99,99,99,99,99,99,99,99,99,99,99,99,99,99,99,99,99,99,99,99,99,99,99,99,99,99,99,99,99,99,99,99,99,99,99,99,99,99,99,99,99,99,99,99,99,99,99,99,99,99,99,99,99,99,99,99,99,99,99,99,99,99,99,99,99,99,99,99,99,99,99,99,99,99,99,99,99,99,99,99,99,99,99,99,99,99,99,99,99,99,99,99,99,99,99,99,99,99,99,99,99,99,99,99,99,99,99,99,99,99,99,99,99,99,99,99,99,99,99,99,99,99,99,99,99,99,99,99,99,99,99,99,99,99,99,99,99,99,
30024,0,0,0,0,0,0,0,0,0,0,0,0,0,0,0,0,0,0,0,0,0,0,0,0,0,0,0,0,0,0,0,0,0,0,0,0,0,0,0,0,0,0,0,0,0,0,0,0,0,0,0,0,0,0,0,0,0,0,0,0,0,0,0,0,0,0,0,0,0,0,0,0,0,0,0,0,0,0,0,0,0,0,0,0,0,0,0,0,0,0,0,0,0,0,0,0,0,0,0,0,0,0,0,0,0,0,0,0,0,0,0,0,0,0,0,0,0,0,0,0,0,0,0,0,0,0,0,0,0,0,0,0,0,0,0,0,0,0,0,0,0,0,0,0,0,0,0,0,0,0,0,0,0,0,0,0,0,0,0,0,0,0,0,0,0,0,0,0,0,0,0,0,0,0,0,0,0,0,0,0,0,0,0,0,0,0,0,0,0,0,0,0,0,0,0,0,0,0,0,0,0,0,0,0,0,0,0,0,0,0,0,0,0,0,0,0,0,0,0,0,0,0,0,0,0,0,0,0,0,0,0,0,0,0,0,0,0,0,0,0,0,0,0,0,0,0,0,0,0,0,0,0,0,0,0,0,0,0,0,0,0,0,0,0,0,0,0,0,0,0,0,0,0,0,0,0,0,0,0,0,0,0,0,0,0,0,0,0,0,0,0,0,0,0,0,0,0,0,0,0,0,0,0,0,0,0,0,0,0,0,0,0,0,0,0,0,0,0,0,0,0,0,0,0,0,0,0,0,0,0,0,0,0,0,0,0,0,0,0,0,0,0,0,0,0,0,0,0,0,0,0,0,0,0,0,0,0,0,0,0,0,0,0,0,0,0,0,0,0,0,0,0,0,0,0,0,0,0,0,0,0,0,0,0,0,0,0,0,0,0,0,0,0,0,0,0,0,0,0,0,0,0,0,0,0,0,0,0,0,0,0,0,0,0,0,0,0,0,0,0,0,0,0,0,0,0,0,0,0,0,0,0,0,0,0,0,0,0,0,0,0,0,0,0,0,0,0,0,0,0,0,0,0,0,0,0,0,0,0,0,0,0,0,0,0,0,0,0,0,0,0,0,0,0,0,0,0,0,0,0,0,0,0,0,0,0,0,0,0,0,0,0,0,0,0,0,0,0,0,0,0,0,0,0,0,0,0,0,0,0,0,0,0,0,0,0,0,0,0,0,0,0,0,0,0,0,0,0,0,0,0,0,0,0,0,0,0,0,0,0,0,0,0,0,0,
30025,0,0,0,0,0,0,0,0,0,0,0,0,0,0,0,0,0,0,0,0,0,0,0,0,0,0,0,0,0,0,0,0,0,0,0,0,0,0,0,0,0,0,0,0,0,0,0,0,0,0,0,0,0,0,0,0,0,0,0,0,0,0,0,0,0,0,0,0,0,0,0,0,0,0,0,0,0,0,0,0,0,0,0,0,0,0,0,0,0,0,0,0,0,0,0,0,0,0,0,0,0,0,0,0,0,0,0,0,0,0,0,0,0,0,0,0,0,0,0,0,0,0,0,0,0,0,0,0,0,0,0,0,0,0,0,0,0,0,0,0,0,0,0,0,0,0,0,0,0,0,0,0,0,0,0,0,0,0,0,0,0,0,0,0,0,0,0,0,0,0,0,0,0,0,0,0,0,0,0,0,0,0,0,0,0,0,0,0,0,0,0,0,0,0,0,0,0,0,0,0,0,0,0,0,0,0,0,0,0,0,0,0,0,0,0,0,0,0,0,0,0,0,0,0,0,0,0,0,0,0,0,0,0,0,0,0,0,0,0,0,0,0,0,0,0,0,0,0,0,0,0,0,0,0,0,0,0,0,0,0,0,0,0,0,0,0,0,0,0,0,0,0,0,0,0,0,0,0,0,0,0,0,0,0,0,0,0,0,0,0,0,0,0,0,0,0,0,0,0,0,0,0,0,0,0,0,0,0,0,0,0,0,0,0,0,0,0,0,0,0,0,0,0,0,0,0,0,0,0,0,0,0,0,0,0,0,0,0,0,0,0,0,0,0,0,0,0,0,0,0,0,0,0,0,0,0,0,0,0,0,0,0,0,0,0,0,0,0,0,0,0,0,0,0,0,0,0,0,0,0,0,0,0,0,0,0,0,0,0,0,0,0,0,0,0,0,0,0,0,0,0,0,0,0,0,0,0,0,0,0,0,0,0,0,0,0,0,0,0,0,0,0,0,0,0,0,0,0,0,0,0,0,0,0,0,0,0,0,0,0,0,0,0,0,0,0,0,0,0,0,0,0,0,0,0,0,0,0,0,0,0,0,0,0,0,0,0,0,0,0,0,0,0,0,0,0,0,0,0,0,0,0,0,0,0,0,0,0,0,0,0,0,0,0,0,0,0,0,0,0,0,0,0,0,0,0,0,0,0,0,0,0,0,0,0,0,0,0,0,0,0,0,0,0,0,0,0,0,0,0,0,0,0,0,0,0,0,0,0,0,0,0,0,0,0,
30026,0,0,0,0,0,0,0,0,0,0,0,0,0,0,0,0,0,0,0,0,0,0,0,0,0,0,0,0,0,0,0,0,0,0,0,0,0,0,0,0,0,0,0,0,0,0,0,0,0,0,0,0,0,0,0,0,0,0,0,0,0,0,0,0,0,0,0,0,0,0,0,0,0,0,0,0,0,0,0,0,0,0,0,0,0,0,0,0,0,0,0,0,0,0,0,0,0,0,0,0,0,0,0,0,0,0,0,0,0,0,0,0,0,0,0,0,0,0,0,0,0,0,0,0,0,0,0,0,0,0,0,0,0,0,0,0,0,0,0,0,0,0,0,0,0,0,0,0,0,0,0,0,0,0,0,0,0,0,0,0,0,0,0,0,0,0,0,0,0,0,0,0,0,0,0,0,0,0,0,0,0,0,0,0,0,0,0,0,0,0,0,0,0,0,0,0,0,0,0,0,0,0,0,0,0,0,0,0,0,0,0,0,0,0,0,0,0,0,0,0,0,0,0,0,0,0,0,0,0,0,0,0,0,0,0,0,0,0,0,0,0,0,0,0,0,0,0,0,0,0,0,0,0,0,0,0,0,0,0,0,0,0,0,0,0,0,0,0,0,0,0,0,0,0,0,0,0,0,0,0,0,0,0,0,0,0,0,0,0,0,0,0,0,0,0,0,0,0,0,0,0,0,0,0,0,0,0,0,0,0,0,0,0,0,0,0,0,0,0,0,0,0,0,0,0,0,0,0,0,0,0,0,0,0,0,0,0,0,0,0,0,0,0,0,0,0,0,0,0,0,0,0,0,0,0,0,0,0,0,0,0,0,0,0,0,0,0,0,0,0,0,0,0,0,0,0,0,0,0,0,0,0,0,0,0,0,0,0,0,0,0,0,0,0,0,0,0,0,0,0,0,0,0,0,0,0,0,0,0,0,0,0,0,0,0,0,0,0,0,0,0,0,0,0,0,0,0,0,0,0,0,0,0,0,0,0,0,0,0,0,0,0,0,0,0,0,0,0,0,0,0,0,0,0,0,0,0,0,0,0,0,0,0,0,0,0,0,0,0,0,0,0,0,0,0,0,0,0,0,0,0,0,0,0,0,0,0,0,0,0,0,0,0,0,0,0,0,0,0,0,0,0,0,0,0,0,0,0,0,0,0,0,0,0,0,0,0,0,0,0,0,0,0,0,0,0,0,0,0,0,0,0,0,0,0,0,0,0,0,0,0,0,0,0,0,
30027,0,0,0,0,0,0,0,0,0,0,0,0,0,0,0,0,0,0,0,0,0,0,0,0,0,0,0,0,0,0,0,0,0,0,0,0,0,0,0,0,0,0,0,0,0,0,0,0,0,0,0,0,0,0,0,0,0,0,0,0,0,0,0,0,0,0,0,0,0,0,0,0,0,0,0,0,0,0,0,0,0,0,0,0,0,0,0,0,0,0,0,0,0,0,0,0,0,0,0,0,0,0,0,0,0,0,0,0,0,0,0,0,0,0,0,0,0,0,0,0,0,0,0,0,0,0,0,0,0,0,0,0,0,0,0,0,0,0,0,0,0,0,0,0,0,0,0,0,0,0,0,0,0,0,0,0,0,0,0,0,0,0,0,0,0,0,0,0,0,0,0,0,0,0,0,0,0,0,0,0,0,0,0,0,0,0,0,0,0,0,0,0,0,0,0,0,0,0,0,0,0,0,0,0,0,0,0,0,0,0,0,0,0,0,0,0,0,0,0,0,0,0,0,0,0,0,0,0,0,0,0,0,0,0,0,0,0,0,0,0,0,0,0,0,0,0,0,0,0,0,0,0,0,0,0,0,0,0,0,0,0,0,0,0,0,0,0,0,0,0,0,0,0,0,0,0,0,0,0,0,0,0,0,0,0,0,0,0,0,0,0,0,0,0,0,0,0,0,0,0,0,0,0,0,0,0,0,0,0,0,0,0,0,0,0,0,0,0,0,0,0,0,0,0,0,0,0,0,0,0,0,0,0,0,0,0,0,0,0,0,0,0,0,0,0,0,0,0,0,0,0,0,0,0,0,0,0,0,0,0,0,0,0,0,0,0,0,0,0,0,0,0,0,0,0,0,0,0,0,0,0,0,0,0,0,0,0,0,0,0,0,0,0,0,0,0,0,0,0,0,0,0,0,0,0,0,0,0,0,0,0,0,0,0,0,0,0,0,0,0,0,0,0,0,0,0,0,0,0,0,0,0,0,0,0,0,0,0,0,0,0,0,0,0,0,0,0,0,0,0,0,0,0,0,0,0,0,0,0,0,0,0,0,0,0,0,0,0,0,0,0,0,0,0,0,0,0,0,0,0,0,0,0,0,0,0,0,0,0,0,0,0,0,0,0,0,0,0,0,0,0,0,0,0,0,0,0,0,0,0,0,0,0,0,0,0,0,0,0,0,0,0,0,0,0,0,0,0,0,0,0,0,0,0,0,0,0,0,0,0,0,0,0,0,0,
30028,507,506,506,506,506,506,506,506,506,505,505,505,505,500,507,504,503,502,502,501,501,501,500,500,500,500,499,499,499,499,514,511,510,509,509,508,508,508,508,508,508,507,507,507,510,506,505,504,503,502,502,502,501,501,501,501,500,500,500,500,499,499,499,499,498,498,498,498,497,497,496,496,496,495,495,494,494,494,493,493,492,492,491,491,505,502,501,500,499,498,498,497,497,496,496,496,495,495,494,494,493,493,492,492,491,491,490,490,489,482,512,510,508,508,507,507,507,506,506,506,506,506,505,505,505,505,505,505,505,504,504,504,504,504,503,503,503,503,502,502,502,501,501,501,500,500,500,500,499,499,498,498,497,497,496,496,495,495,494,494,493,510,523,525,525,526,526,526,526,526,526,526,527,527,527,527,527,527,527,527,527,527,527,527,527,527,527,527,527,527,527,527,527,527,527,527,527,527,527,527,527,527,527,527,527,527,527,527,527,527,527,527,527,527,527,527,527,527,527,527,527,527,516,514,526,526,526,525,525,525,525,525,525,525,525,525,525,525,525,525,525,525,525,525,525,525,525,525,525,525,525,525,523,523,523,523,522,522,522,522,522,522,522,522,522,522,522,522,522,522,522,522,522,522,521,521,521,521,521,521,521,521,521,521,521,521,521,521,521,521,521,521,521,521,521,521,521,521,521,521,521,521,521,521,521,521,521,521,521,521,521,521,521,521,520,520,520,520,520,520,520,520,520,520,520,520,520,520,520,520,520,520,520,520,520,520,520,520,520,520,520,520,520,520,520,520,520,520,520,519,519,519,519,519,519,519,519,519,519,519,519,519,519,519,519,519,519,519,519,519,519,519,519,519,519,519,519,519,518,518,518,518,518,518,518,518,518,518,518,518,518,518,518,518,518,518,518,518,518,518,517,517,517,517,517,517,517,517,517,517,517,517,517,517,517,517,517,517,517,517,517,517,517,517,517,517,517,517,516,516,516,516,516,516,516,516,516,516,516,516,516,516,516,516,516,516,516,516,516,516,516,516,516,516,515,515,515,515,515,515,515,515,515,515,515,515,515,515,515,515,515,515,515,514,514,514,514,514,514,514,514,514,514,514,514,514,514,514,514,514,513,513,513,513,513,513,513,503,501,500,499,499,498,498,497,497,496,496,495,494,494,490,487,495,492,504,502,495,492,491,490,499,496,494,493,490,488,494,491,488,496,494,492,490,489,487,485,483,503,506,507,508,509,509,509,
30029,65518,65518,65518,65518,65518,65518,65518,65518,65518,65518,65518,65518,65518,65518,65518,65518,65518,65517,65518,65518,65518,65517,65518,65518,65518,65518,65517,65517,65517,65517,65518,65518,65518,65518,65518,65518,65518,65517,65517,65518,65518,65517,65518,65517,65518,65517,65517,65517,65518,65517,65517,65518,65518,65517,65518,65517,65517,65517,65517,65517,65517,65517,65517,65517,65517,65517,65517,65517,65517,65517,65517,65517,65517,65517,65517,65517,65517,65517,65517,65517,65517,65517,65517,65517,65518,65517,65517,65517,65517,65517,65517,65517,65517,65517,65517,65517,65517,65517,65517,65517,65517,65517,65517,65517,65517,65517,65517,65517,65517,65517,65518,65518,65517,65517,65518,65518,65518,65517,65518,65517,65518,65517,65517,65517,65517,65517,65517,65518,65517,65517,65517,65517,65517,65517,65517,65517,65517,65517,65517,65517,65517,65517,65517,65517,65517,65517,65517,65517,65517,65517,65517,65517,65517,65517,65517,65517,65517,65517,65517,65517,65517,65518,65535,65535,65535,65535,65535,65535,65535,65535,65535,65535,65535,65535,65535,65535,65535,65535,65535,65535,65535,65535,65535,65535,65535,65535,65535,65535,65535,65535,65535,65535,65535,65535,65535,65535,65535,65535,65535,65534,65535,65535,65535,65535,65535,65535,65535,65535,65535,65535,65535,65535,65535,65535,65535,65535,65535,65535,65535,65535,65535,65535,65525,65520,65535,65535,65535,65534,65534,65534,65534,65534,65534,65534,65534,65534,65534,65534,65534,65534,65534,65534,65534,65534,65534,65533,65534,65534,65534,65534,65534,65534,65532,65532,65532,65532,65532,65532,65532,65532,65532,65532,65532,65532,65532,65532,65532,65532,65532,65532,65532,65532,65532,65532,65532,65532,65532,65532,65532,65532,65532,65532,65532,65532,65532,65532,65532,65532,65532,65532,65532,65532,65532,65532,65532,65532,65532,65532,65532,65532,65532,65532,65532,65532,65532,65532,65532,65532,65532,65532,65532,65532,65532,65532,65532,65532,65532,65532,65532,65532,65532,65532,65532,65532,65532,65532,65532,65532,65532,65532,65532,65532,65532,65532,65532,65532,65532,65532,65532,65532,65532,65532,65532,65532,65532,65532,65532,65532,65532,65532,65532,65532,65532,65532,65532,65532,65532,65532,65532,65532,65532,65532,65532,65532,65532,65532,65532,65532,65532,65532,65532,65532,65532,65532,65532,65532,65532,65532,65532,65532,65532,65532,65532,65532,65532,65532,65532,65532,65532,65532,65532,65532,65532,65532,65532,65532,65532,65532,65532,65532,65532,65532,65532,65532,65532,65532,65532,65532,65532,65532,65532,65532,65532,65532,65532,65532,65532,65532,65532,65532,65532,65532,65532,65532,65532,65532,65532,65532,65532,65532,65532,65532,65532,65532,65532,65532,65532,65532,65532,65532,65532,65532,65532,65532,65532,65532,65532,65532,65532,65532,65532,65532,65532,65532,65532,65532,65532,65532,65532,65532,65532,65532,65532,65532,65532,65532,65532,65532,65532,65532,65532,65532,65532,65532,65532,65532,65532,65532,65532,65532,65532,65532,65532,65532,65532,65532,65532,65532,65532,65532,65532,65532,65532,65532,65532,65532,65532,65522,65522,65522,65522,65522,65522,65522,65522,65522,65522,65522,65522,65522,65522,65518,65517,65518,65518,65518,65518,65518,65518,65518,65518,65518,65518,65518,65518,65518,65518,65518,65518,65518,65518,65518,65518,65518,65518,65518,65517,65517,65535,65535,65535,65535,65535,65535,65535,
30030,0,0,0,0,0,0,0,0,0,0,0,0,0,0,0,0,0,0,0,0,0,0,0,0,0,0,0,0,0,0,0,0,0,0,0,0,0,0,0,0,0,0,0,0,0,0,0,0,0,0,0,0,0,0,0,0,0,0,0,0,0,0,0,0,0,0,0,0,0,0,0,0,0,0,0,0,0,0,0,0,0,0,0,0,0,0,0,0,0,0,0,0,0,0,0,0,0,0,0,0,0,0,0,0,0,0,0,0,0,0,0,0,0,0,0,0,0,0,0,0,0,0,0,0,0,0,0,0,0,0,0,0,0,0,0,0,0,0,0,0,0,0,0,0,0,0,0,0,0,0,0,0,0,0,0,0,0,0,0,0,0,0,0,0,0,0,0,0,0,0,0,0,0,0,0,0,0,0,0,0,0,0,0,0,0,0,0,0,0,0,0,0,0,0,0,0,0,0,0,0,0,0,0,0,0,0,0,0,0,0,0,0,0,0,0,0,0,0,0,0,0,0,0,0,0,0,0,0,0,0,0,0,0,0,0,0,0,0,0,0,0,0,0,0,0,0,0,0,0,0,0,0,0,0,0,0,0,0,0,0,0,0,0,0,0,0,0,0,0,0,0,0,0,0,0,0,0,0,0,0,0,0,0,0,0,0,0,0,0,0,0,0,0,0,0,0,0,0,0,0,0,0,0,0,0,0,0,0,0,0,0,0,0,0,0,0,0,0,0,0,0,0,0,0,0,0,0,0,0,0,0,0,0,0,0,0,0,0,0,0,0,0,0,0,0,0,0,0,0,0,0,0,0,0,0,0,0,0,0,0,0,0,0,0,0,0,0,0,0,0,0,0,0,0,0,0,0,0,0,0,0,0,0,0,0,0,0,0,0,0,0,0,0,0,0,0,0,0,0,0,0,0,0,0,0,0,0,0,0,0,0,0,0,0,0,0,0,0,0,0,0,0,0,0,0,0,0,0,0,0,0,0,0,0,0,0,0,0,0,0,0,0,0,0,0,0,0,0,0,0,0,0,0,0,0,0,0,0,0,0,0,0,0,0,0,0,0,0,0,0,0,0,0,0,0,0,0,0,0,0,0,0,0,0,0,0,0,0,0,0,0,0,0,0,0,0,0,0,0,0,0,0,0,0,0,0,0,0,0,0,0,0,0,0,0,0,0,0,0,0,0,0,0,0,0,0,0,0,0,0,0,0,0,0,0,0,0,0,0,0,0,0,0,0,0,
30031,0,0,0,0,0,0,0,0,0,0,0,0,0,0,0,0,0,0,0,0,0,0,0,0,0,0,0,0,0,0,0,0,0,0,0,0,0,0,0,0,0,0,0,0,0,0,0,0,0,0,0,0,0,0,0,0,0,0,0,0,0,0,0,0,0,0,0,0,0,0,0,0,0,0,0,0,0,0,0,0,0,0,0,0,0,0,0,0,0,0,0,0,0,0,0,0,0,0,0,0,0,0,0,0,0,0,0,0,0,0,0,0,0,0,0,0,0,0,0,0,0,0,0,0,0,0,0,0,0,0,0,0,0,0,0,0,0,0,0,0,0,0,0,0,0,0,0,0,0,0,0,0,0,0,0,0,0,0,0,0,0,0,0,0,0,0,0,0,0,0,0,0,0,0,0,0,0,0,0,0,0,0,0,0,0,0,0,0,0,0,0,0,0,0,0,0,0,0,0,0,0,0,0,0,0,0,0,0,0,0,0,0,0,0,0,0,0,0,0,0,0,0,0,0,0,0,0,0,0,0,0,0,0,0,0,0,0,0,0,0,0,0,0,0,0,0,0,0,0,0,0,0,0,0,0,0,0,0,0,0,0,0,0,0,0,0,0,0,0,0,0,0,0,0,0,0,0,0,0,0,0,0,0,0,0,0,0,0,0,0,0,0,0,0,0,0,0,0,0,0,0,0,0,0,0,0,0,0,0,0,0,0,0,0,0,0,0,0,0,0,0,0,0,0,0,0,0,0,0,0,0,0,0,0,0,0,0,0,0,0,0,0,0,0,0,0,0,0,0,0,0,0,0,0,0,0,0,0,0,0,0,0,0,0,0,0,0,0,0,0,0,0,0,0,0,0,0,0,0,0,0,0,0,0,0,0,0,0,0,0,0,0,0,0,0,0,0,0,0,0,0,0,0,0,0,0,0,0,0,0,0,0,0,0,0,0,0,0,0,0,0,0,0,0,0,0,0,0,0,0,0,0,0,0,0,0,0,0,0,0,0,0,0,0,0,0,0,0,0,0,0,0,0,0,0,0,0,0,0,0,0,0,0,0,0,0,0,0,0,0,0,0,0,0,0,0,0,0,0,0,0,0,0,0,0,0,0,0,0,0,0,0,0,0,0,0,0,0,0,0,0,0,0,0,0,0,0,0,0,0,0,0,0,0,0,0,0,0,0,0,0,0,0,0,0,0,0,0,0,0,0,0,0,0,0,0,0,0,0,0,0,0,0,0,0,
30032,0,0,0,0,0,0,0,0,0,0,0,0,0,0,0,0,0,0,0,0,0,0,0,0,0,0,0,0,0,0,0,0,0,0,0,0,0,0,0,0,0,0,0,0,0,0,0,0,0,0,0,0,0,0,0,0,0,0,0,0,0,0,0,0,0,0,0,0,0,0,0,0,0,0,0,0,0,0,0,0,0,0,0,0,0,0,0,0,0,0,0,0,0,0,0,0,0,0,0,0,0,0,0,0,0,0,0,0,0,0,0,0,0,0,0,0,0,0,0,0,0,0,0,0,0,0,0,0,0,0,0,0,0,0,0,0,0,0,0,0,0,0,0,0,0,0,0,0,0,0,0,0,0,0,0,0,0,0,0,0,0,0,0,0,0,0,0,0,0,0,0,0,0,0,0,0,0,0,0,0,0,0,0,0,0,0,0,0,0,0,0,0,0,0,0,0,0,0,0,0,0,0,0,0,0,0,0,0,0,0,0,0,0,0,0,0,0,0,0,0,0,0,0,0,0,0,0,0,0,0,0,0,0,0,0,0,0,0,0,0,0,0,0,0,0,0,0,0,0,0,0,0,0,0,0,0,0,0,0,0,0,0,0,0,0,0,0,0,0,0,0,0,0,0,0,0,0,0,0,0,0,0,0,0,0,0,0,0,0,0,0,0,0,0,0,0,0,0,0,0,0,0,0,0,0,0,0,0,0,0,0,0,0,0,0,0,0,0,0,0,0,0,0,0,0,0,0,0,0,0,0,0,0,0,0,0,0,0,0,0,0,0,0,0,0,0,0,0,0,0,0,0,0,0,0,0,0,0,0,0,0,0,0,0,0,0,0,0,0,0,0,0,0,0,0,0,0,0,0,0,0,0,0,0,0,0,0,0,0,0,0,0,0,0,0,0,0,0,0,0,0,0,0,0,0,0,0,0,0,0,0,0,0,0,0,0,0,0,0,0,0,0,0,0,0,0,0,0,0,0,0,0,0,0,0,0,0,0,0,0,0,0,0,0,0,0,0,0,0,0,0,0,0,0,0,0,0,0,0,0,0,0,0,0,0,0,0,0,0,0,0,0,0,0,0,0,0,0,0,0,0,0,0,0,0,0,0,0,0,0,0,0,0,0,0,0,0,0,0,0,0,0,0,0,0,0,0,0,0,0,0,0,0,0,0,0,0,0,0,0,0,0,0,0,0,0,0,0,0,0,0,0,0,0,0,0,0,0,0,0,0,0,0,0,0,
30033,0,0,0,0,0,0,0,0,0,0,0,0,0,0,0,0,0,0,0,0,0,0,0,0,0,0,0,0,0,0,0,0,0,0,0,0,0,0,0,0,0,0,0,0,0,0,0,0,0,0,0,0,0,0,0,0,0,0,0,0,0,0,0,0,0,0,0,0,0,0,0,0,0,0,0,0,0,0,0,0,0,0,0,0,0,0,0,0,0,0,0,0,0,0,0,0,0,0,0,0,0,0,0,0,0,0,0,0,0,0,0,0,0,0,0,0,0,0,0,0,0,0,0,0,0,0,0,0,0,0,0,0,0,0,0,0,0,0,0,0,0,0,0,0,0,0,0,0,0,0,0,0,0,0,0,0,0,0,0,0,0,0,0,0,0,0,0,0,0,0,0,0,0,0,0,0,0,0,0,0,0,0,0,0,0,0,0,0,0,0,0,0,0,0,0,0,0,0,0,0,0,0,0,0,0,0,0,0,0,0,0,0,0,0,0,0,0,0,0,0,0,0,0,0,0,0,0,0,0,0,0,0,0,0,0,0,0,0,0,0,0,0,0,0,0,0,0,0,0,0,0,0,0,0,0,0,0,0,0,0,0,0,0,0,0,0,0,0,0,0,0,0,0,0,0,0,0,0,0,0,0,0,0,0,0,0,0,0,0,0,0,0,0,0,0,0,0,0,0,0,0,0,0,0,0,0,0,0,0,0,0,0,0,0,0,0,0,0,0,0,0,0,0,0,0,0,0,0,0,0,0,0,0,0,0,0,0,0,0,0,0,0,0,0,0,0,0,0,0,0,0,0,0,0,0,0,0,0,0,0,0,0,0,0,0,0,0,0,0,0,0,0,0,0,0,0,0,0,0,0,0,0,0,0,0,0,0,0,0,0,0,0,0,0,0,0,0,0,0,0,0,0,0,0,0,0,0,0,0,0,0,0,0,0,0,0,0,0,0,0,0,0,0,0,0,0,0,0,0,0,0,0,0,0,0,0,0,0,0,0,0,0,0,0,0,0,0,0,0,0,0,0,0,0,0,0,0,0,0,0,0,0,0,0,0,0,0,0,0,0,0,0,0,0,0,0,0,0,0,0,0,0,0,0,0,0,0,0,0,0,0,0,0,0,0,0,0,0,0,0,0,0,0,0,0,0,0,0,0,0,0,0,0,0,0,0,0,0,0,0,0,0,0,0,0,0,0,0,0,0,0,0,0,0,0,0,0,0,0,0,0,0,0,0,0,
30034,0,0,0,0,0,0,0,0,0,0,0,0,0,0,0,0,0,0,0,0,0,0,0,0,0,0,0,0,0,0,0,0,0,0,0,0,0,0,0,0,0,0,0,0,0,0,0,0,0,0,0,0,0,0,0,0,0,0,0,0,0,0,0,0,0,0,0,0,0,0,0,0,0,0,0,0,0,0,0,0,0,0,0,0,0,0,0,0,0,0,0,0,0,0,0,0,0,0,0,0,0,0,0,0,0,0,0,0,0,0,0,0,0,0,0,0,0,0,0,0,0,0,0,0,0,0,0,0,0,0,0,0,0,0,0,0,0,0,0,0,0,0,0,0,0,0,0,0,0,0,0,0,0,0,0,0,0,0,0,0,0,0,0,0,0,0,0,0,0,0,0,0,0,0,0,0,0,0,0,0,0,0,0,0,0,0,0,0,0,0,0,0,0,0,0,0,0,0,0,0,0,0,0,0,0,0,0,0,0,0,0,0,0,0,0,0,0,0,0,0,0,0,0,0,0,0,0,0,0,0,0,0,0,0,0,0,0,0,0,0,0,0,0,0,0,0,0,0,0,0,0,0,0,0,0,0,0,0,0,0,0,0,0,0,0,0,0,0,0,0,0,0,0,0,0,0,0,0,0,0,0,0,0,0,0,0,0,0,0,0,0,0,0,0,0,0,0,0,0,0,0,0,0,0,0,0,0,0,0,0,0,0,0,0,0,0,0,0,0,0,0,0,0,0,0,0,0,0,0,0,0,0,0,0,0,0,0,0,0,0,0,0,0,0,0,0,0,0,0,0,0,0,0,0,0,0,0,0,0,0,0,0,0,0,0,0,0,0,0,0,0,0,0,0,0,0,0,0,0,0,0,0,0,0,0,0,0,0,0,0,0,0,0,0,0,0,0,0,0,0,0,0,0,0,0,0,0,0,0,0,0,0,0,0,0,0,0,0,0,0,0,0,0,0,0,0,0,0,0,0,0,0,0,0,0,0,0,0,0,0,0,0,0,0,0,0,0,0,0,0,0,0,0,0,0,0,0,0,0,0,0,0,0,0,0,0,0,0,0,0,0,0,0,0,0,0,0,0,0,0,0,0,0,0,0,0,0,0,0,0,0,0,0,0,0,0,0,0,0,0,0,0,0,0,0,0,0,0,0,0,0,0,0,0,0,0,0,0,0,0,0,0,0,0,0,0,0,0,0,0,0,0,0,0,0,0,0,0,0,0,0,0,0,0,0,
30035,0,0,0,0,0,0,0,0,0,0,0,0,0,0,0,0,0,0,0,0,0,0,0,0,0,0,0,0,0,0,0,0,0,0,0,0,0,0,0,0,0,0,0,0,0,0,0,0,0,0,0,0,0,0,0,0,0,0,0,0,0,0,0,0,0,0,0,0,0,0,0,0,0,0,0,0,0,0,0,0,0,0,0,0,0,0,0,0,0,0,0,0,0,0,0,0,0,0,0,0,0,0,0,0,0,0,0,0,0,0,0,0,0,0,0,0,0,0,0,0,0,0,0,0,0,0,0,0,0,0,0,0,0,0,0,0,0,0,0,0,0,0,0,0,0,0,0,0,0,0,0,0,0,0,0,0,0,0,0,0,0,0,0,0,0,0,0,0,0,0,0,0,0,0,0,0,0,0,0,0,0,0,0,0,0,0,0,0,0,0,0,0,0,0,0,0,0,0,0,0,0,0,0,0,0,0,0,0,0,0,0,0,0,0,0,0,0,0,0,0,0,0,0,0,0,0,0,0,0,0,0,0,0,0,0,0,0,0,0,0,0,0,0,0,0,0,0,0,0,0,0,0,0,0,0,0,0,0,0,0,0,0,0,0,0,0,0,0,0,0,0,0,0,0,0,0,0,0,0,0,0,0,0,0,0,0,0,0,0,0,0,0,0,0,0,0,0,0,0,0,0,0,0,0,0,0,0,0,0,0,0,0,0,0,0,0,0,0,0,0,0,0,0,0,0,0,0,0,0,0,0,0,0,0,0,0,0,0,0,0,0,0,0,0,0,0,0,0,0,0,0,0,0,0,0,0,0,0,0,0,0,0,0,0,0,0,0,0,0,0,0,0,0,0,0,0,0,0,0,0,0,0,0,0,0,0,0,0,0,0,0,0,0,0,0,0,0,0,0,0,0,0,0,0,0,0,0,0,0,0,0,0,0,0,0,0,0,0,0,0,0,0,0,0,0,0,0,0,0,0,0,0,0,0,0,0,0,0,0,0,0,0,0,0,0,0,0,0,0,0,0,0,0,0,0,0,0,0,0,0,0,0,0,0,0,0,0,0,0,0,0,0,0,0,0,0,0,0,0,0,0,0,0,0,0,0,0,0,0,0,0,0,0,0,0,0,0,0,0,0,0,0,0,0,0,0,0,0,0,0,0,0,0,0,0,0,0,0,0,0,0,0,0,0,0,0,0,0,0,0,0,0,0,0,0,0,0,0,0,0,0,0,0,0,0,
30036,219,219,219,219,219,219,219,219,219,219,219,219,219,219,219,219,219,219,219,219,219,219,219,219,219,219,219,219,219,219,219,219,219,219,219,219,219,219,219,219,219,219,219,219,219,219,219,219,219,219,219,219,219,219,219,219,219,219,219,219,219,219,219,219,219,219,219,219,219,219,219,219,219,219,219,219,219,219,219,219,219,219,219,219,219,219,219,219,219,219,219,219,219,219,219,219,219,219,219,219,219,219,219,219,219,219,219,219,219,219,219,219,219,219,219,219,219,219,219,219,219,219,219,219,219,219,219,219,219,219,219,219,219,219,219,219,219,219,219,219,219,219,219,219,219,219,219,219,219,219,219,219,219,219,219,219,219,219,219,219,219,219,219,219,219,219,219,219,219,219,219,219,219,219,219,219,219,219,219,219,219,219,219,219,219,219,219,219,219,219,219,219,219,219,219,219,219,219,219,219,219,219,219,219,219,219,219,219,219,219,219,219,219,219,219,219,219,219,219,219,219,219,219,219,219,219,219,219,219,219,219,219,219,219,219,219,219,219,219,219,219,219,219,219,219,219,219,219,219,219,219,219,219,219,219,219,219,219,219,219,219,219,219,219,219,219,219,219,219,219,219,219,219,219,219,219,219,219,219,219,219,219,219,219,219,219,219,219,219,219,219,219,219,219,219,219,219,219,219,219,219,219,219,219,219,219,219,219,219,219,219,219,219,219,219,219,219,219,219,219,219,219,219,219,219,219,219,219,219,219,219,219,219,219,219,219,219,219,219,219,219,219,219,219,219,219,219,219,219,219,219,219,219,219,219,219,219,219,219,219,219,219,219,219,219,219,219,219,219,219,219,219,219,219,219,219,219,219,219,219,219,219,219,219,219,219,219,219,219,219,219,219,219,219,219,219,219,219,219,219,219,219,219,219,219,219,219,219,219,219,219,219,219,219,219,219,219,219,219,219,219,219,219,219,219,219,219,219,219,219,219,219,219,219,219,219,219,219,219,219,219,219,219,219,219,219,219,219,219,219,219,219,219,219,219,219,219,219,219,219,219,219,219,219,219,219,219,219,219,219,219,219,219,219,219,219,219,219,219,219,219,219,219,219,219,219,219,219,219,219,219,219,219,219,219,219,219,219,219,219,219,219,219,219,219,219,219,219,219,219,219,219,219,219,219,219,219,219,219,219,219,219,219,219,219,219,219,219,219,219,219,219,219,219,219,219,219,219,219,219,219,219,219,219,219,
30037,0,0,0,0,0,0,0,0,0,0,0,0,0,0,0,0,0,0,0,0,0,0,0,0,0,0,0,0,0,0,0,0,0,0,0,0,0,0,0,0,0,0,0,0,0,0,0,0,0,0,0,0,0,0,0,0,0,0,0,0,0,0,0,0,0,0,0,0,0,0,0,0,0,0,0,0,0,0,0,0,0,0,0,0,0,0,0,0,0,0,0,0,0,0,0,0,0,0,0,0,0,0,0,0,0,0,0,0,0,0,0,0,0,0,0,0,0,0,0,0,0,0,0,0,0,0,0,0,0,0,0,0,0,0,0,0,0,0,0,0,0,0,0,0,0,0,0,0,0,0,0,0,0,0,0,0,0,0,0,0,0,0,0,0,0,0,0,0,0,0,0,0,0,0,0,0,0,0,0,0,0,0,0,0,0,0,0,0,0,0,0,0,0,0,0,0,0,0,0,0,0,0,0,0,0,0,0,0,0,0,0,0,0,0,0,0,0,0,0,0,0,0,0,0,0,0,0,0,0,0,0,0,0,0,0,0,0,0,0,0,0,0,0,0,0,0,0,0,0,0,0,0,0,0,0,0,0,0,0,0,0,0,0,0,0,0,0,0,0,0,0,0,0,0,0,0,0,0,0,0,0,0,0,0,0,0,0,0,0,0,0,0,0,0,0,0,0,0,0,0,0,0,0,0,0,0,0,0,0,0,0,0,0,0,0,0,0,0,0,0,0,0,0,0,0,0,0,0,0,0,0,0,0,0,0,0,0,0,0,0,0,0,0,0,0,0,0,0,0,0,0,0,0,0,0,0,0,0,0,0,0,0,0,0,0,0,0,0,0,0,0,0,0,0,0,0,0,0,0,0,0,0,0,0,0,0,0,0,0,0,0,0,0,0,0,0,0,0,0,0,0,0,0,0,0,0,0,0,0,0,0,0,0,0,0,0,0,0,0,0,0,0,0,0,0,0,0,0,0,0,0,0,0,0,0,0,0,0,0,0,0,0,0,0,0,0,0,0,0,0,0,0,0,0,0,0,0,0,0,0,0,0,0,0,0,0,0,0,0,0,0,0,0,0,0,0,0,0,0,0,0,0,0,0,0,0,0,0,0,0,0,0,0,0,0,0,0,0,0,0,0,0,0,0,0,0,0,0,0,0,0,0,0,0,0,0,0,0,0,0,0,0,0,0,0,0,0,0,0,0,0,0,0,0,0,0,0,0,0,0,0,0,0,0,0,
30038,0,0,0,0,0,0,0,0,0,0,0,0,0,0,0,0,0,0,0,0,0,0,0,0,0,0,0,0,0,0,0,0,0,0,0,0,0,0,0,0,0,0,0,0,0,0,0,0,0,0,0,0,0,0,0,0,0,0,0,0,0,0,0,0,0,0,0,0,0,0,0,0,0,0,0,0,0,0,0,0,0,0,0,0,0,0,0,0,0,0,0,0,0,0,0,0,0,0,0,0,0,0,0,0,0,0,0,0,0,0,0,0,0,0,0,0,0,0,0,0,0,0,0,0,0,0,0,0,0,0,0,0,0,0,0,0,0,0,0,0,0,0,0,0,0,0,0,0,0,0,0,0,0,0,0,0,0,0,0,0,0,0,0,0,0,0,0,0,0,0,0,0,0,0,0,0,0,0,0,0,0,0,0,0,0,0,0,0,0,0,0,0,0,0,0,0,0,0,0,0,0,0,0,0,0,0,0,0,0,0,0,0,0,0,0,0,0,0,0,0,0,0,0,0,0,0,0,0,0,0,0,0,0,0,0,0,0,0,0,0,0,0,0,0,0,0,0,0,0,0,0,0,0,0,0,0,0,0,0,0,0,0,0,0,0,0,0,0,0,0,0,0,0,0,0,0,0,0,0,0,0,0,0,0,0,0,0,0,0,0,0,0,0,0,0,0,0,0,0,0,0,0,0,0,0,0,0,0,0,0,0,0,0,0,0,0,0,0,0,0,0,0,0,0,0,0,0,0,0,0,0,0,0,0,0,0,0,0,0,0,0,0,0,0,0,0,0,0,0,0,0,0,0,0,0,0,0,0,0,0,0,0,0,0,0,0,0,0,0,0,0,0,0,0,0,0,0,0,0,0,0,0,0,0,0,0,0,0,0,0,0,0,0,0,0,0,0,0,0,0,0,0,0,0,0,0,0,0,0,0,0,0,0,0,0,0,0,0,0,0,0,0,0,0,0,0,0,0,0,0,0,0,0,0,0,0,0,0,0,0,0,0,0,0,0,0,0,0,0,0,0,0,0,0,0,0,0,0,0,0,0,0,0,0,0,0,0,0,0,0,0,0,0,0,0,0,0,0,0,0,0,0,0,0,0,0,0,0,0,0,0,0,0,0,0,0,0,0,0,0,0,0,0,0,0,0,0,0,0,0,0,0,0,0,0,0,0,0,0,0,0,0,0,0,0,0,0,0,0,0,0,0,0,0,0,0,0,0,0,0,0,0,0,0,0,
30039,0,0,0,0,0,0,0,0,0,0,0,0,0,0,0,0,0,0,0,0,0,0,0,0,0,0,0,0,0,0,0,0,0,0,0,0,0,0,0,0,0,0,0,0,0,0,0,0,0,0,0,0,0,0,0,0,0,0,0,0,0,0,0,0,0,0,0,0,0,0,0,0,0,0,0,0,0,0,0,0,0,0,0,0,0,0,0,0,0,0,0,0,0,0,0,0,0,0,0,0,0,0,0,0,0,0,0,0,0,0,0,0,0,0,0,0,0,0,0,0,0,0,0,0,0,0,0,0,0,0,0,0,0,0,0,0,0,0,0,0,0,0,0,0,0,0,0,0,0,0,0,0,0,0,0,0,0,0,0,0,0,0,0,0,0,0,0,0,0,0,0,0,0,0,0,0,0,0,0,0,0,0,0,0,0,0,0,0,0,0,0,0,0,0,0,0,0,0,0,0,0,0,0,0,0,0,0,0,0,0,0,0,0,0,0,0,0,0,0,0,0,0,0,0,0,0,0,0,0,0,0,0,0,0,0,0,0,0,0,0,0,0,0,0,0,0,0,0,0,0,0,0,0,0,0,0,0,0,0,0,0,0,0,0,0,0,0,0,0,0,0,0,0,0,0,0,0,0,0,0,0,0,0,0,0,0,0,0,0,0,0,0,0,0,0,0,0,0,0,0,0,0,0,0,0,0,0,0,0,0,0,0,0,0,0,0,0,0,0,0,0,0,0,0,0,0,0,0,0,0,0,0,0,0,0,0,0,0,0,0,0,0,0,0,0,0,0,0,0,0,0,0,0,0,0,0,0,0,0,0,0,0,0,0,0,0,0,0,0,0,0,0,0,0,0,0,0,0,0,0,0,0,0,0,0,0,0,0,0,0,0,0,0,0,0,0,0,0,0,0,0,0,0,0,0,0,0,0,0,0,0,0,0,0,0,0,0,0,0,0,0,0,0,0,0,0,0,0,0,0,0,0,0,0,0,0,0,0,0,0,0,0,0,0,0,0,0,0,0,0,0,0,0,0,0,0,0,0,0,0,0,0,0,0,0,0,0,0,0,0,0,0,0,0,0,0,0,0,0,0,0,0,0,0,0,0,0,0,0,0,0,0,0,0,0,0,0,0,0,0,0,0,0,0,0,0,0,0,0,0,0,0,0,0,0,0,0,0,0,0,0,0,0,0,0,0,0,0,0,0,0,0,0,0,0,0,0,0,0,0,0,0,0,0,0,
30040,0,0,0,0,0,0,0,0,0,0,0,0,0,0,0,0,0,0,0,0,0,0,0,0,0,0,0,0,0,0,0,0,0,0,0,0,0,0,0,0,0,0,0,0,0,0,0,0,0,0,0,0,0,0,0,0,0,0,0,0,0,0,0,0,0,0,0,0,0,0,0,0,0,0,0,0,0,0,0,0,0,0,0,0,0,0,0,0,0,0,0,0,0,0,0,0,0,0,0,0,0,0,0,0,0,0,0,0,0,0,0,0,0,0,0,0,0,0,0,0,0,0,0,0,0,0,0,0,0,0,0,0,0,0,0,0,0,0,0,0,0,0,0,0,0,0,0,0,0,0,0,0,0,0,0,0,0,0,0,0,0,0,0,0,0,0,0,0,0,0,0,0,0,0,0,0,0,0,0,0,0,0,0,0,0,0,0,0,0,0,0,0,0,0,0,0,0,0,0,0,0,0,0,0,0,0,0,0,0,0,0,0,0,0,0,0,0,0,0,0,0,0,0,0,0,0,0,0,0,0,0,0,0,0,0,0,0,0,0,0,0,0,0,0,0,0,0,0,0,0,0,0,0,0,0,0,0,0,0,0,0,0,0,0,0,0,0,0,0,0,0,0,0,0,0,0,0,0,0,0,0,0,0,0,0,0,0,0,0,0,0,0,0,0,0,0,0,0,0,0,0,0,0,0,0,0,0,0,0,0,0,0,0,0,0,0,0,0,0,0,0,0,0,0,0,0,0,0,0,0,0,0,0,0,0,0,0,0,0,0,0,0,0,0,0,0,0,0,0,0,0,0,0,0,0,0,0,0,0,0,0,0,0,0,0,0,0,0,0,0,0,0,0,0,0,0,0,0,0,0,0,0,0,0,0,0,0,0,0,0,0,0,0,0,0,0,0,0,0,0,0,0,0,0,0,0,0,0,0,0,0,0,0,0,0,0,0,0,0,0,0,0,0,0,0,0,0,0,0,0,0,0,0,0,0,0,0,0,0,0,0,0,0,0,0,0,0,0,0,0,0,0,0,0,0,0,0,0,0,0,0,0,0,0,0,0,0,0,0,0,0,0,0,0,0,0,0,0,0,0,0,0,0,0,0,0,0,0,0,0,0,0,0,0,0,0,0,0,0,0,0,0,0,0,0,0,0,0,0,0,0,0,0,0,0,0,0,0,0,0,0,0,0,0,0,0,0,0,0,0,0,0,0,0,0,0,0,0,0,0,0,0,0,0,0,
30100,5256,5256,5256,5257,5257,5257,5257,5257,5257,5257,5258,5257,5258,5258,5258,5258,5258,5258,5259,5258,5259,5258,5258,5258,5258,5259,5259,5259,5259,5259,5159,5120,5117,5105,5105,5091,5092,5087,5091,5089,5084,5091,5092,5093,5190,5209,5220,5226,5231,5234,5236,5238,5239,5240,5241,5242,5243,5244,5244,5245,5246,5246,5247,5248,5248,5248,5249,5249,5250,5250,5251,5250,5251,5251,5251,5252,5252,5252,5253,5253,5253,5253,5253,5254,5255,5255,5255,5255,5255,5255,5255,5256,5255,5255,5256,5256,5257,5256,5257,5257,5257,5257,5257,5257,5257,5258,5258,5258,5258,5190,5128,5106,5092,5100,5083,5088,5086,5084,5075,5074,5069,5066,5068,5062,5064,5061,5069,5058,5064,5059,5059,5052,5052,5045,5045,5050,5051,5037,5038,5042,5032,5034,5032,5024,5016,5020,5021,5009,5010,5001,4993,4990,4988,4980,4984,4971,4969,4959,4958,4952,4944,5083,5101,5111,5117,5122,5125,5128,5130,5132,5134,5135,5137,5138,5138,5139,5140,5140,5141,5142,5142,5143,5143,5143,5144,5144,5144,5144,5145,5145,5145,5145,5145,5145,5145,5146,5146,5146,5147,5146,5146,5147,5146,5147,5147,5147,5147,5147,5147,5147,5147,5147,5147,5147,5147,5147,5147,5148,5147,5147,5148,5148,5148,5148,5148,5148,5148,5148,5149,5149,5149,5148,5148,5149,5148,5149,5149,5149,5149,5149,5149,5149,5149,5150,5149,5149,5149,5149,5149,5149,5149,5150,5149,5150,5149,5149,5149,5149,5150,5150,5149,5150,5150,5149,5149,5150,5150,5150,5150,5150,5150,5150,5150,5150,5150,5150,5150,5150,5150,5150,5149,5150,5150,5150,5150,5150,5150,5150,5150,5150,5150,5150,5150,5150,5150,5150,5150,5150,5150,5150,5150,5151,5150,5151,5150,5150,5150,5150,5151,5150,5151,5150,5150,5150,5151,5151,5151,5151,5150,5151,5151,5151,5150,5151,5151,5151,5151,5151,5151,5150,5150,5151,5151,5151,5151,5151,5151,5151,5151,5151,5151,5151,5151,5151,5151,5151,5151,5151,5151,5151,5151,5151,5151,5151,5151,5151,5151,5151,5151,5151,5151,5151,5151,5151,5152,5151,5151,5152,5152,5151,5151,5151,5151,5151,5151,5152,5152,5151,5151,5151,5151,5152,5152,5152,5152,5151,5152,5152,5152,5151,5151,5151,5151,5151,5152,5152,5151,5151,5152,5152,5151,5152,5152,5152,5151,5152,5152,5152,5152,5151,5151,5152,5152,5152,5152,5152,5152,5151,5151,5152,5152,5152,5152,5152,5152,5152,5152,5152,5152,5152,5152,5152,5152,5152,5152,5151,5152,5152,5152,5152,5151,5152,5152,5152,5151,5152,5152,5152,5152,5152,5152,5152,5152,5152,5152,5152,5152,5152,5152,5152,5152,5152,5152,5152,5152,5152,5153,5152,5152,5152,5152,5152,5152,5152,5153,5152,5152,5152,5153,5153,5152,5152,5152,5152,5153,5152,5152,5152,5153,5152,5152,5153,5152,5153,5152,5152,5152,5153,5152,5153,5152,5152,5152,5153,5153,5152,5152,5153,5153,5153,5153,5153,5153,5152,5153,5044,5085,5113,5122,5126,5129,5003,4980,4958,5069,5086,5094,5099,5103,5105,4977,4951,4942,4924,4900,4885,4876,4848,5013,5043,5058,5067,5073,5078,5081,
30101,0,0,0,0,0,0,0,0,0,0,0,0,0,0,0,0,0,0,0,0,0,0,0,0,0,0,0,0,0,0,65081,65078,65076,65075,65075,65074,65074,65074,65073,65073,65073,65073,65072,65072,0,0,0,0,0,0,0,0,0,0,0,0,0,0,0,0,0,0,0,0,0,0,0,0,0,0,0,0,0,0,0,0,0,0,0,0,0,0,0,0,0,0,0,0,0,0,0,0,0,0,0,0,0,0,0,0,0,0,0,0,0,0,0,0,0,0,65077,65075,65074,65073,65073,65072,65072,65071,65071,65071,65071,65070,65070,65070,65069,65069,65069,65069,65069,65068,65068,65068,65067,65067,65067,65067,65066,65066,65065,65065,65065,65064,65064,65064,65063,65063,65063,65062,65062,65061,65061,65060,65060,65059,65059,65058,65057,65057,65056,65056,65055,0,0,0,0,0,0,0,0,0,0,0,0,0,0,0,0,0,0,0,0,0,0,0,0,0,0,0,0,0,0,0,0,0,0,0,0,0,0,0,0,0,0,0,0,0,0,0,0,0,0,0,0,0,0,0,0,0,0,0,0,0,0,0,0,0,0,0,0,0,0,0,0,0,0,0,0,0,0,0,0,0,0,0,0,0,0,0,0,0,0,0,0,0,0,0,0,0,0,0,0,0,0,0,0,0,0,0,0,0,0,0,0,0,0,0,0,0,0,0,0,0,0,0,0,0,0,0,0,0,0,0,0,0,0,0,0,0,0,0,0,0,0,0,0,0,0,0,0,0,0,0,0,0,0,0,0,0,0,0,0,0,0,0,0,0,0,0,0,0,0,0,0,0,0,0,0,0,0,0,0,0,0,0,0,0,0,0,0,0,0,0,0,0,0,0,0,0,0,0,0,0,0,0,0,0,0,0,0,0,0,0,0,0,0,0,0,0,0,0,0,0,0,0,0,0,0,0,0,0,0,0,0,0,0,0,0,0,0,0,0,0,0,0,0,0,0,0,0,0,0,0,0,0,0,0,0,0,0,0,0,0,0,0,0,0,0,0,0,0,0,0,0,0,0,0,0,0,0,0,0,0,0,0,0,0,0,0,0,0,0,0,0,0,0,0,0,0,0,0,0,0,0,0,0,0,0,0,0,0,0,0,0,0,0,0,0,0,0,0,0,0,0,0,0,0,0,0,0,0,0,0,0,0,0,0,0,0,0,0,0,0,0,0,0,0,0,0,0,0,0,0,0,0,0,65089,0,0,0,0,0,65083,65080,65078,0,0,0,0,0,0,65080,65077,65075,65074,65072,65070,65068,65066,65535,65535,65535,65535,65535,65535,65535,
30102,3287,3286,3286,3287,3287,3287,3287,3287,3287,3287,3287,3288,3288,3287,3288,3288,3287,3288,3288,3288,3288,3288,3288,3288,3288,3288,3289,3288,3288,3288,3229,3203,3201,3194,3194,3185,3189,3185,3188,3187,3181,3186,3189,3188,3246,3258,3264,3268,3271,3273,3274,3275,3276,3276,3277,3278,3278,3279,3279,3280,3280,3280,3281,3281,3281,3281,3282,3282,3283,3283,3283,3283,3283,3284,3283,3284,3284,3285,3284,3284,3284,3285,3285,3285,3285,3286,3286,3286,3286,3286,3287,3286,3286,3286,3286,3287,3287,3287,3287,3287,3287,3287,3287,3287,3287,3287,3287,3287,3287,3246,3208,3194,3186,3190,3180,3183,3184,3183,3176,3175,3171,3172,3171,3168,3170,3166,3171,3166,3171,3166,3166,3162,3161,3162,3157,3159,3161,3153,3155,3154,3152,3151,3153,3144,3139,3140,3143,3136,3135,3131,3127,3122,3121,3116,3118,3114,3110,3103,3105,3102,3093,3179,3190,3196,3200,3203,3205,3207,3209,3209,3210,3212,3212,3213,3213,3214,3215,3215,3215,3215,3216,3216,3217,3216,3217,3217,3217,3217,3218,3217,3218,3218,3218,3217,3218,3218,3218,3218,3218,3219,3218,3218,3219,3218,3218,3219,3219,3219,3218,3218,3218,3219,3218,3219,3219,3218,3219,3219,3219,3219,3219,3219,3219,3219,3219,3219,3219,3219,3219,3220,3220,3219,3220,3220,3220,3220,3220,3220,3220,3220,3220,3220,3220,3220,3220,3220,3220,3220,3219,3220,3220,3221,3220,3221,3220,3220,3220,3220,3220,3220,3220,3220,3221,3220,3220,3221,3220,3221,3220,3221,3220,3220,3221,3221,3221,3221,3221,3221,3221,3221,3221,3220,3221,3221,3221,3221,3221,3221,3221,3221,3221,3221,3221,3221,3221,3221,3222,3221,3221,3221,3220,3221,3221,3221,3221,3221,3221,3221,3222,3221,3221,3221,3221,3221,3221,3222,3221,3221,3221,3222,3222,3221,3221,3221,3221,3221,3221,3221,3221,3221,3221,3221,3222,3221,3221,3222,3221,3221,3222,3221,3221,3221,3221,3221,3221,3221,3221,3221,3222,3222,3222,3222,3222,3221,3222,3222,3222,3222,3222,3222,3222,3222,3222,3221,3222,3221,3222,3222,3222,3222,3222,3222,3221,3222,3222,3222,3222,3221,3222,3222,3222,3221,3222,3222,3222,3221,3221,3222,3222,3222,3222,3221,3221,3222,3222,3222,3221,3222,3222,3222,3222,3222,3222,3222,3221,3222,3222,3222,3222,3222,3222,3222,3222,3222,3222,3222,3222,3222,3222,3222,3222,3222,3222,3222,3222,3222,3223,3222,3222,3222,3222,3222,3222,3222,3222,3222,3222,3222,3222,3222,3222,3222,3222,3222,3222,3222,3222,3222,3222,3222,3222,3222,3222,3222,3222,3222,3222,3222,3222,3222,3222,3222,3222,3222,3222,3222,3222,3222,3222,3222,3222,3222,3222,3222,3222,3222,3222,3222,3222,3222,3222,3223,3222,3222,3222,3223,3222,3222,3223,3222,3222,3222,3222,3222,3222,3222,3222,3223,3222,3222,3222,3222,3222,3222,3222,3222,3222,3222,3222,3223,3222,3222,3222,3222,3223,3159,3180,3198,3203,3205,3208,3130,3116,3104,3170,3180,3186,3189,3191,3192,3116,3098,3094,3082,3067,3059,3056,3038,3137,3155,3165,3169,3173,3175,3178,
30103,3284,3284,3284,3285,3284,3285,3285,3285,3285,3285,3285,3285,3285,3286,3285,3285,3285,3286,3286,3286,3285,3285,3286,3285,3285,3286,3286,3286,3286,3286,3221,3196,3194,3186,3186,3179,3179,3177,3178,3178,3174,3178,3178,3180,3242,3255,3262,3265,3268,3270,3272,3273,3274,3274,3276,3275,3276,3277,3277,3278,3278,3278,3278,3279,3279,3279,3280,3280,3280,3280,3281,3280,3281,3280,3281,3282,3282,3282,3281,3282,3283,3282,3283,3283,3283,3283,3283,3283,3283,3284,3283,3284,3284,3284,3284,3284,3284,3284,3285,3284,3284,3285,3284,3285,3285,3285,3286,3285,3285,3240,3203,3186,3180,3183,3172,3177,3176,3172,3166,3168,3165,3163,3163,3161,3161,3159,3165,3156,3162,3157,3159,3153,3155,3150,3148,3153,3153,3144,3146,3147,3141,3142,3142,3137,3131,3135,3133,3128,3128,3122,3117,3115,3114,3108,3112,3103,3103,3096,3092,3088,3088,3175,3186,3193,3196,3200,3202,3204,3205,3205,3207,3208,3209,3210,3210,3210,3211,3211,3212,3212,3212,3213,3213,3213,3213,3214,3214,3214,3213,3214,3214,3215,3214,3215,3215,3215,3214,3215,3216,3215,3215,3215,3215,3216,3216,3215,3215,3216,3216,3216,3216,3216,3215,3215,3216,3216,3216,3216,3215,3215,3216,3216,3216,3216,3216,3217,3217,3216,3217,3216,3217,3217,3216,3217,3216,3216,3217,3217,3217,3217,3217,3217,3217,3217,3217,3217,3217,3217,3216,3217,3217,3217,3217,3217,3217,3217,3217,3217,3217,3218,3217,3217,3218,3217,3217,3217,3217,3217,3217,3217,3218,3217,3217,3217,3217,3217,3218,3217,3217,3217,3217,3217,3217,3217,3217,3216,3218,3218,3217,3218,3217,3217,3217,3217,3218,3218,3218,3217,3218,3218,3217,3217,3217,3217,3218,3218,3218,3218,3218,3218,3218,3217,3218,3218,3218,3218,3218,3218,3218,3218,3217,3218,3217,3218,3218,3217,3218,3218,3218,3218,3218,3218,3218,3218,3218,3218,3218,3218,3218,3218,3218,3218,3218,3218,3218,3218,3218,3218,3218,3218,3218,3218,3218,3218,3217,3218,3218,3218,3217,3218,3218,3218,3218,3218,3219,3218,3218,3219,3218,3218,3218,3218,3218,3218,3218,3218,3218,3218,3218,3218,3218,3218,3218,3218,3218,3218,3218,3218,3218,3218,3218,3218,3218,3218,3218,3218,3218,3218,3219,3218,3218,3218,3219,3218,3218,3218,3218,3219,3218,3218,3218,3217,3218,3218,3219,3218,3218,3218,3218,3219,3218,3218,3218,3219,3219,3218,3218,3218,3218,3218,3218,3219,3219,3218,3218,3218,3218,3218,3218,3218,3219,3218,3218,3218,3218,3218,3219,3218,3218,3219,3219,3218,3219,3218,3219,3219,3218,3218,3218,3218,3218,3219,3218,3219,3219,3219,3219,3218,3219,3219,3218,3218,3218,3219,3218,3218,3219,3219,3219,3219,3219,3218,3218,3219,3219,3218,3218,3218,3218,3219,3219,3219,3219,3219,3218,3219,3218,3219,3218,3219,3219,3218,3218,3218,3219,3218,3219,3219,3219,3219,3219,3219,3219,3218,3219,3148,3176,3194,3200,3203,3204,3125,3107,3093,3167,3178,3182,3186,3188,3190,3106,3091,3082,3071,3059,3047,3035,3016,3129,3149,3158,3165,3169,3171,3174,
30104,2610,2610,2610,2600,2600,2610,2600,2600,2600,2600,2610,2600,2600,2600,2600,2600,2600,2610,2600,2600,2600,2610,2600,2600,2600,2600,2600,2610,2610,2600,2610,2610,2620,2630,2640,2640,2650,2660,2670,2670,2670,2680,2700,2690,2700,2680,2680,2670,2670,2670,2660,2670,2670,2670,2670,2670,2670,2660,2660,2670,2670,2670,2670,2670,2670,2670,2670,2670,2670,2680,2670,2680,2680,2680,2680,2680,2680,2680,2680,2680,2680,2680,2680,2680,2690,2690,2680,2680,2690,2680,2680,2680,2690,2690,2690,2690,2690,2690,2690,2690,2690,2690,2690,2690,2690,2700,2690,2700,2690,2700,2700,2700,2710,2710,2720,2730,2740,2750,2760,2760,2780,2790,2800,2800,2810,2820,2830,2850,2850,2860,2880,2890,2900,2910,2920,2930,2940,2960,2970,2980,3000,3010,3020,3040,3060,3070,3090,3100,3110,3130,3140,3160,3180,3200,3220,3230,3250,3270,3280,3300,3320,3310,3310,3310,3310,3310,3310,3310,3310,3310,3310,3310,3310,3310,3310,3310,3310,3310,3310,3310,3310,3310,3310,3300,3310,3300,3300,3300,3300,3300,3300,3310,3300,3300,3300,3290,3300,3300,3290,3300,3300,3300,3290,3290,3290,3290,3290,3290,3290,3290,3290,3280,3290,3280,3280,3280,3280,3280,3280,3280,3280,3280,3270,3270,3270,3270,3270,3270,3260,3260,3270,3260,3260,3260,3260,3260,3260,3250,3250,3250,3250,3250,3250,3250,3250,3250,3250,3240,3240,3240,3240,3240,3240,3240,3230,3240,3230,3230,3230,3230,3230,3230,3220,3220,3220,3220,3220,3220,3220,3210,3210,3210,3210,3210,3210,3210,3210,3200,3200,3210,3200,3200,3200,3200,3200,3200,3190,3190,3190,3190,3190,3180,3190,3180,3180,3190,3180,3180,3180,3180,3180,3170,3180,3170,3170,3170,3170,3170,3160,3170,3170,3160,3160,3160,3160,3160,3150,3160,3150,3150,3150,3150,3150,3150,3150,3140,3140,3140,3140,3140,3140,3130,3140,3130,3130,3130,3130,3120,3120,3120,3120,3120,3120,3110,3110,3120,3110,3110,3110,3110,3110,3110,3100,3100,3100,3100,3100,3100,3090,3090,3100,3100,3090,3090,3090,3090,3080,3080,3080,3080,3080,3080,3080,3080,3080,3080,3070,3070,3070,3070,3070,3070,3060,3070,3060,3060,3060,3060,3060,3060,3050,3050,3050,3050,3050,3050,3050,3040,3040,3040,3040,3040,3040,3040,3040,3030,3030,3030,3030,3030,3030,3030,3020,3030,3020,3020,3020,3020,3010,3020,3020,3010,3020,3010,3010,3010,3010,3010,3010,3000,3010,3000,3000,3000,3000,3000,3000,2990,2990,2990,2990,2990,2990,2990,2990,2990,2990,2980,2990,2980,2980,2980,2980,2980,2980,2980,2980,2970,2970,2970,2970,2970,2970,2970,2970,2970,2960,2960,2960,2960,2960,2960,2960,2960,2960,2950,2950,2950,2950,2950,2950,2950,2950,2950,2940,2940,2940,2940,2940,2940,2940,2940,2940,2930,2940,2930,2930,2940,2930,2930,2930,2930,2930,2920,2930,2920,2920,2920,2920,2920,2920,2920,2910,2920,2920,2920,2940,2930,2930,2930,2920,2930,2950,2970,2970,2960,2960,2960,2950,2950,2960,2980,2990,3010,3020,3040,3050,3070,3070,3060,3060,3060,3060,3050,3060,
30105,2570,2570,2570,2570,2570,2570,2570,2570,2570,2570,2570,2570,2570,2570,2570,2570,2570,2570,2570,2570,2570,2570,2570,2570,2570,2570,2570,2570,2570,2570,2570,2570,2580,2580,2580,2580,2590,2590,2600,2600,2600,2610,2620,2620,2630,2630,2630,2630,2630,2630,2630,2630,2630,2630,2630,2630,2630,2630,2630,2630,2630,2630,2630,2630,2630,2630,2630,2630,2630,2640,2630,2630,2630,2630,2640,2630,2640,2640,2630,2630,2640,2630,2640,2630,2640,2640,2640,2640,2640,2640,2640,2640,2640,2640,2640,2640,2640,2640,2640,2640,2640,2640,2640,2640,2640,2640,2640,2640,2640,2640,2650,2650,2660,2660,2670,2670,2680,2690,2690,2700,2710,2720,2730,2740,2740,2750,2760,2770,2780,2790,2800,2810,2820,2830,2840,2850,2870,2880,2890,2900,2920,2920,2930,2950,2960,2960,2980,2990,3000,3010,3020,3030,3050,3060,3070,3080,3090,3110,3120,3130,3150,3160,3170,3170,3170,3170,3180,3180,3190,3190,3190,3190,3190,3190,3200,3190,3200,3190,3190,3200,3200,3190,3190,3190,3200,3190,3190,3190,3190,3190,3190,3190,3190,3190,3190,3180,3190,3180,3180,3180,3180,3180,3180,3180,3180,3180,3170,3180,3170,3180,3170,3170,3170,3160,3160,3160,3160,3160,3160,3160,3160,3160,3150,3150,3140,3150,3140,3140,3140,3140,3140,3140,3130,3130,3130,3130,3130,3130,3120,3130,3120,3120,3120,3120,3120,3120,3110,3110,3110,3110,3110,3100,3110,3100,3100,3100,3100,3090,3100,3090,3090,3090,3090,3090,3090,3090,3090,3080,3080,3080,3080,3080,3070,3070,3070,3070,3070,3070,3060,3060,3060,3060,3060,3060,3060,3060,3050,3050,3050,3050,3040,3040,3040,3040,3040,3040,3040,3030,3030,3030,3030,3030,3030,3030,3020,3020,3020,3020,3020,3020,3020,3010,3020,3010,3010,3010,3010,3010,3010,3010,3010,3000,3000,3000,3000,3000,2990,2990,2990,2990,2990,2990,2990,2990,2990,2980,2980,2980,2980,2980,2980,2980,2970,2970,2970,2970,2970,2970,2960,2960,2960,2970,2960,2960,2960,2960,2960,2950,2950,2950,2950,2950,2950,2950,2950,2950,2940,2950,2940,2940,2940,2940,2940,2940,2940,2940,2930,2930,2930,2930,2930,2930,2920,2930,2930,2920,2920,2920,2920,2920,2910,2910,2910,2910,2910,2910,2910,2900,2900,2900,2900,2900,2900,2900,2900,2900,2900,2900,2890,2890,2900,2890,2890,2890,2890,2890,2890,2880,2880,2880,2880,2880,2890,2880,2880,2880,2880,2870,2870,2870,2880,2870,2870,2870,2870,2870,2870,2860,2860,2860,2860,2860,2860,2860,2860,2860,2860,2850,2860,2850,2850,2850,2850,2850,2850,2850,2850,2840,2840,2840,2840,2840,2840,2840,2840,2840,2840,2840,2830,2840,2830,2830,2830,2830,2830,2830,2820,2830,2830,2820,2820,2830,2820,2820,2820,2820,2820,2820,2820,2820,2810,2810,2810,2810,2810,2810,2810,2810,2810,2810,2810,2800,2800,2800,2810,2800,2800,2800,2800,2800,2800,2800,2800,2800,2800,2800,2800,2800,2800,2810,2800,2800,2810,2820,2820,2830,2820,2830,2830,2830,2830,2840,2840,2850,2860,2870,2880,2890,2900,2910,2910,2910,2920,2910,2920,
30106,0,0,0,0,0,0,0,0,0,0,0,0,0,0,0,0,0,0,0,0,0,0,0,0,0,0,0,0,0,0,0,0,0,0,0,0,0,0,0,0,0,0,0,0,0,0,0,0,0,0,0,0,0,0,0,0,0,0,0,0,0,0,0,0,0,0,0,0,0,0,0,0,0,0,0,0,0,0,0,0,0,0,0,0,0,0,0,0,0,0,0,0,0,0,0,0,0,0,0,0,0,0,0,0,0,0,0,0,0,0,0,0,0,0,0,0,0,0,0,0,0,0,0,0,0,0,0,0,0,0,0,0,0,0,0,0,0,0,0,0,0,0,0,0,0,0,0,0,0,0,0,0,0,0,0,0,0,0,0,0,0,0,0,0,0,0,0,0,0,0,0,0,0,0,0,0,0,0,0,0,0,0,0,0,0,0,0,0,0,0,0,0,0,0,0,0,0,0,0,0,0,0,0,0,0,0,0,0,0,0,0,0,0,0,0,0,0,0,0,0,0,0,0,0,0,0,0,0,0,0,0,0,0,0,0,0,0,0,0,0,0,0,0,0,0,0,0,0,0,0,0,0,0,0,0,0,0,0,0,0,0,0,0,0,0,0,0,0,0,0,0,0,0,0,0,0,0,0,0,0,0,0,0,0,0,0,0,0,0,0,0,0,0,0,0,0,0,0,0,0,0,0,0,0,0,0,0,0,0,0,0,0,0,0,0,0,0,0,0,0,0,0,0,0,0,0,0,0,0,0,0,0,0,0,0,0,0,0,0,0,0,0,0,0,0,0,0,0,0,0,0,0,0,0,0,0,0,0,0,0,0,0,0,0,0,0,0,0,0,0,0,0,0,0,0,0,0,0,0,0,0,0,0,0,0,0,0,0,0,0,0,0,0,0,0,0,0,0,0,0,0,0,0,0,0,0,0,0,0,0,0,0,0,0,0,0,0,0,0,0,0,0,0,0,0,0,0,0,0,0,0,0,0,0,0,0,0,0,0,0,0,0,0,0,0,0,0,0,0,0,0,0,0,0,0,0,0,0,0,0,0,0,0,0,0,0,0,0,0,0,0,0,0,0,0,0,0,0,0,0,0,0,0,0,0,0,0,0,0,0,0,0,0,0,0,0,0,0,0,0,0,0,0,0,0,0,0,0,0,0,0,0,0,0,0,0,0,0,0,0,0,0,0,0,0,0,0,0,0,0,0,0,0,0,0,0,0,0,0,0,0,0,0,0,0,
30107,342,342,342,341,343,342,342,342,343,342,343,345,342,344,344,344,345,346,346,348,348,347,346,347,347,349,350,349,349,349,351,351,352,354,354,355,354,356,357,357,358,359,362,363,365,366,365,367,367,367,367,368,367,368,367,368,367,368,368,366,368,368,367,367,367,369,368,367,367,369,370,368,369,368,368,369,371,367,369,370,370,369,369,369,369,369,368,369,369,369,368,368,369,370,369,370,369,370,370,370,370,371,369,372,369,370,370,369,369,372,370,371,373,371,371,374,373,376,375,378,377,378,379,382,382,382,384,383,384,385,386,388,387,390,389,390,390,391,394,394,393,394,393,395,398,396,397,398,399,400,399,399,400,402,403,404,403,405,403,406,407,405,405,406,406,406,406,406,405,405,403,403,401,400,401,399,397,396,394,393,392,392,391,389,389,389,387,386,385,384,382,381,381,381,379,378,378,376,375,375,373,372,373,373,372,370,370,371,368,369,369,367,367,366,364,365,364,364,364,364,363,364,361,362,361,361,360,360,361,360,359,360,358,359,359,359,358,359,358,358,358,356,358,356,356,356,355,355,353,355,353,354,354,352,353,353,354,353,353,353,352,352,352,351,351,350,350,350,351,349,349,348,348,348,348,348,348,348,347,347,348,347,348,347,345,346,345,345,346,345,346,345,344,344,344,344,344,344,343,344,344,344,343,342,343,343,343,343,342,342,342,341,342,342,339,340,340,339,340,339,340,339,340,340,338,339,338,338,338,339,338,338,338,337,337,339,337,338,337,337,335,336,335,336,337,336,336,335,335,335,334,335,334,334,333,333,335,334,335,333,333,333,333,333,335,332,333,333,332,332,333,331,333,332,331,332,331,331,332,332,332,332,331,332,331,330,332,330,330,330,331,329,330,330,329,331,329,330,329,330,329,329,331,329,328,328,330,329,329,329,329,329,328,329,329,329,328,328,329,329,330,328,329,328,328,328,329,328,326,328,327,328,326,329,328,326,327,328,326,327,328,328,326,329,328,326,328,327,327,328,326,326,328,327,326,327,325,326,329,327,327,326,326,326,325,326,327,326,325,326,326,328,327,326,325,326,326,326,326,327,325,326,324,325,326,325,326,325,324,326,326,324,324,325,326,325,325,324,324,325,325,324,327,325,325,327,325,326,325,326,327,327,328,327,329,328,329,329,330,332,332,334,334,337,337,336,340,341,342,341,343,344,344,347,349,349,351,351,352,355,354,355,356,358,359,
30108,313,313,313,312,312,311,311,312,312,312,312,311,313,312,313,312,313,313,314,314,315,315,315,315,316,316,318,318,318,317,339,349,359,368,376,383,389,395,402,407,414,419,424,429,431,415,407,402,398,395,393,391,389,387,384,383,381,380,378,376,375,374,373,371,371,369,368,367,366,365,364,363,362,362,360,360,360,359,358,358,357,357,356,356,356,355,354,355,354,355,353,353,353,352,352,352,352,351,351,351,350,351,351,350,350,351,350,349,350,351,376,386,394,401,409,416,422,428,433,439,445,449,453,458,464,467,472,475,480,483,487,490,494,498,501,504,507,510,513,517,518,520,523,526,528,530,533,535,537,540,542,544,546,547,549,551,553,555,557,560,560,548,531,520,511,504,498,491,485,479,473,468,463,458,454,448,443,439,434,430,427,422,418,414,411,408,404,401,397,395,392,389,386,383,380,377,375,373,371,368,366,364,362,359,358,356,354,352,350,349,347,346,343,343,341,340,338,336,336,335,333,331,331,329,328,326,325,324,323,322,320,320,319,319,318,317,316,315,316,314,314,313,312,311,311,310,310,309,309,308,308,306,306,306,305,305,304,304,303,303,303,302,301,301,301,301,299,300,299,299,298,298,298,297,296,296,296,296,295,295,295,294,294,294,294,293,293,293,293,292,292,291,292,291,291,290,290,290,290,289,289,289,289,288,288,288,288,287,288,288,286,286,287,286,285,285,285,285,285,285,285,284,284,285,283,283,283,283,283,283,283,283,283,282,282,281,281,281,282,280,282,281,280,280,280,280,280,280,279,279,279,279,279,279,279,279,278,278,279,278,278,277,277,277,277,277,278,276,277,276,276,276,276,276,276,276,275,275,275,275,275,275,275,275,275,275,275,274,274,274,274,274,273,274,274,273,273,273,273,273,273,272,272,273,272,272,272,272,272,271,272,272,272,271,271,271,272,271,271,270,271,270,271,270,271,271,270,270,270,270,270,270,270,270,270,270,270,269,269,269,269,269,269,269,269,269,268,268,269,269,269,268,269,268,268,268,268,268,268,268,269,268,268,267,268,267,268,268,267,267,267,268,267,268,267,267,267,267,267,267,267,267,267,267,267,266,266,267,266,266,267,266,267,266,266,266,267,266,266,266,266,266,267,267,268,269,269,269,270,270,271,271,272,273,273,305,325,302,296,294,293,316,328,335,338,327,323,321,320,319,349,356,364,373,379,386,393,400,390,380,375,372,368,366,364,
30109,0,0,0,0,0,0,0,0,0,0,0,0,0,0,0,0,0,0,0,0,0,0,0,0,0,0,0,0,0,0,0,0,0,0,0,0,0,0,0,0,0,0,0,0,0,0,0,0,0,0,0,0,0,0,0,0,0,0,0,0,0,0,0,0,0,0,0,0,0,0,0,0,0,0,0,0,0,0,0,0,0,0,0,0,0,0,0,0,0,0,0,0,0,0,0,0,0,0,0,0,0,0,0,0,0,0,0,0,0,0,0,0,0,0,0,0,0,0,0,0,0,0,0,0,0,0,0,0,0,0,0,0,0,0,0,0,0,0,0,0,0,0,0,0,0,0,0,0,0,0,0,0,0,0,0,0,0,0,0,0,0,0,0,0,0,0,0,0,0,0,0,0,0,0,0,0,0,0,0,0,0,0,0,0,0,0,0,0,0,0,0,0,0,0,0,0,0,0,0,0,0,0,0,0,0,0,0,0,0,0,0,0,0,0,0,0,0,0,0,0,0,0,0,0,0,0,0,0,0,0,0,0,0,0,0,0,0,0,0,0,0,0,0,0,0,0,0,0,0,0,0,0,0,0,0,0,0,0,0,0,0,0,0,0,0,0,0,0,0,0,0,0,0,0,0,0,0,0,0,0,0,0,0,0,0,0,0,0,0,0,0,0,0,0,0,0,0,0,0,0,0,0,0,0,0,0,0,0,0,0,0,0,0,0,0,0,0,0,0,0,0,0,0,0,0,0,0,0,0,0,0,0,0,0,0,0,0,0,0,0,0,0,0,0,0,0,0,0,0,0,0,0,0,0,0,0,0,0,0,0,0,0,0,0,0,0,0,0,0,0,0,0,0,0,0,0,0,0,0,0,0,0,0,0,0,0,0,0,0,0,0,0,0,0,0,0,0,0,0,0,0,0,0,0,0,0,0,0,0,0,0,0,0,0,0,0,0,0,0,0,0,0,0,0,0,0,0,0,0,0,0,0,0,0,0,0,0,0,0,0,0,0,0,0,0,0,0,0,0,0,0,0,0,0,0,0,0,0,0,0,0,0,0,0,0,0,0,0,0,0,0,0,0,0,0,0,0,0,0,0,0,0,0,0,0,0,0,0,0,0,0,0,0,0,0,0,0,0,0,0,0,0,0,0,0,0,0,0,0,0,0,0,0,0,0,0,0,0,0,0,0,0,0,0,0,0,0,0,0,0,0,0,0,0,0,0,0,0,0,0,0,0,0,0,0,
30110,0,0,0,0,0,0,0,0,0,0,0,0,0,0,0,0,0,0,0,0,0,0,0,0,0,0,0,0,0,0,0,0,0,0,0,0,0,0,0,0,0,0,0,0,0,0,0,0,0,0,0,0,0,0,0,0,0,0,0,0,0,0,0,0,0,0,0,0,0,0,0,0,0,0,0,0,0,0,0,0,0,0,0,0,0,0,0,0,0,0,0,0,0,0,0,0,0,0,0,0,0,0,0,0,0,0,0,0,0,0,0,0,0,0,0,0,0,0,0,0,0,0,0,0,0,0,0,0,0,0,0,0,0,0,0,0,0,0,0,0,0,0,0,0,0,0,0,0,0,0,0,0,0,0,0,0,0,0,0,0,0,0,0,0,0,0,0,0,0,0,0,0,0,0,0,0,0,0,0,0,0,0,0,0,0,0,0,0,0,0,0,0,0,0,0,0,0,0,0,0,0,0,0,0,0,0,0,0,0,0,0,0,0,0,0,0,0,0,0,0,0,0,0,0,0,0,0,0,0,0,0,0,0,0,0,0,0,0,0,0,0,0,0,0,0,0,0,0,0,0,0,0,0,0,0,0,0,0,0,0,0,0,0,0,0,0,0,0,0,0,0,0,0,0,0,0,0,0,0,0,0,0,0,0,0,0,0,0,0,0,0,0,0,0,0,0,0,0,0,0,0,0,0,0,0,0,0,0,0,0,0,0,0,0,0,0,0,0,0,0,0,0,0,0,0,0,0,0,0,0,0,0,0,0,0,0,0,0,0,0,0,0,0,0,0,0,0,0,0,0,0,0,0,0,0,0,0,0,0,0,0,0,0,0,0,0,0,0,0,0,0,0,0,0,0,0,0,0,0,0,0,0,0,0,0,0,0,0,0,0,0,0,0,0,0,0,0,0,0,0,0,0,0,0,0,0,0,0,0,0,0,0,0,0,0,0,0,0,0,0,0,0,0,0,0,0,0,0,0,0,0,0,0,0,0,0,0,0,0,0,0,0,0,0,0,0,0,0,0,0,0,0,0,0,0,0,0,0,0,0,0,0,0,0,0,0,0,0,0,0,0,0,0,0,0,0,0,0,0,0,0,0,0,0,0,0,0,0,0,0,0,0,0,0,0,0,0,0,0,0,0,0,0,0,0,0,0,0,0,0,0,0,0,0,0,0,0,0,0,0,0,0,0,0,0,0,0,0,0,0,0,0,0,0,0,0,0,0,0,0,0,0,0,0,0,
30200,147,147,147,147,147,147,147,147,147,147,147,147,147,147,147,147,147,147,147,147,147,147,147,147,147,147,147,147,147,147,147,147,147,147,147,147,147,147,147,147,147,147,147,147,147,147,147,147,147,147,147,147,147,147,147,147,147,147,147,147,147,147,147,147,147,147,147,147,147,147,147,147,147,147,147,147,147,147,147,147,147,147,147,147,147,147,147,147,147,147,147,147,147,147,147,147,147,147,147,147,147,147,147,147,147,147,147,147,147,147,147,147,147,147,147,147,147,147,147,147,147,147,147,147,147,147,147,147,147,147,147,147,147,147,147,147,147,147,147,147,147,147,147,147,147,147,147,147,147,147,147,147,147,147,147,147,147,147,147,147,147,147,147,147,147,147,147,147,147,147,147,147,147,147,147,147,147,147,147,147,147,147,147,147,147,147,147,147,147,147,147,147,147,147,147,147,147,147,147,147,147,147,147,147,147,147,147,147,147,147,147,147,147,147,147,147,147,147,147,147,147,147,147,147,147,147,147,147,147,147,147,147,147,147,147,147,147,147,147,147,147,147,147,147,147,147,147,147,147,147,147,147,147,147,147,147,147,147,147,147,147,147,147,147,147,147,147,147,147,147,147,147,147,147,147,147,147,147,147,147,147,147,147,147,147,147,147,147,147,147,147,147,147,147,147,147,147,147,147,147,147,147,147,147,147,147,147,147,147,147,147,147,147,147,147,147,147,147,147,147,147,147,147,147,147,147,147,147,147,147,147,147,147,147,147,147,147,147,147,147,147,147,147,147,147,147,147,147,147,147,147,147,147,147,147,147,147,147,147,147,147,147,147,147,147,147,147,147,147,147,147,147,147,147,147,147,147,147,147,147,147,147,147,147,147,147,147,147,147,147,147,147,147,147,147,147,147,147,147,147,147,147,147,147,147,147,147,147,147,147,147,147,147,147,147,147,147,147,147,147,147,147,147,147,147,147,147,147,147,147,147,147,147,147,147,147,147,147,147,147,147,147,147,147,147,147,147,147,147,147,147,147,147,147,147,147,147,147,147,147,147,147,147,147,147,147,147,147,147,147,147,147,147,147,147,147,147,147,147,147,147,147,147,147,147,147,147,147,147,147,147,147,147,147,147,147,147,147,147,147,147,147,147,147,147,147,147,147,147,147,147,147,147,147,147,147,147,147,147,147,147,147,147,147,147,147,147,147,147,147,147,147,147,147,147,147,147,147,147,147,147,147,147,147,147,
30201,18,18,18,18,18,18,18,18,18,18,18,18,18,18,18,18,18,18,18,18,18,18,18,18,18,18,18,18,18,18,18,18,18,18,18,18,18,18,18,18,18,18,18,18,18,18,18,18,18,18,18,18,18,18,18,18,18,18,18,18,18,18,18,18,18,18,18,18,18,18,18,18,18,18,18,18,18,18,18,18,18,18,18,18,18,18,18,18,18,18,18,18,18,18,18,18,18,18,18,18,18,18,18,18,18,18,18,18,18,18,18,18,18,18,18,18,18,18,18,18,18,18,18,18,18,18,18,18,18,18,18,18,18,18,18,18,18,18,18,18,18,18,18,18,18,18,18,18,18,18,18,18,18,18,18,18,18,18,18,18,18,18,18,18,18,18,18,18,18,18,18,18,18,18,18,18,18,18,18,18,18,18,18,18,18,18,18,18,18,18,18,18,18,18,18,18,18,18,18,18,18,18,18,18,18,18,18,18,18,18,18,18,18,18,18,18,18,18,18,18,18,18,18,18,18,18,18,18,18,18,18,18,18,18,18,18,18,18,18,18,18,18,18,18,18,18,18,18,18,18,18,18,18,18,18,18,18,18,18,18,18,18,18,18,18,18,18,18,18,18,18,18,18,18,18,18,18,18,18,18,18,18,18,18,18,18,18,18,18,18,18,18,18,18,18,18,18,18,18,18,18,18,18,18,18,18,18,18,18,18,18,18,18,18,18,18,18,18,18,18,18,18,18,18,18,18,18,18,18,18,18,18,18,18,18,18,18,18,18,18,18,18,18,18,18,18,18,18,18,18,18,18,18,18,18,18,18,18,18,18,18,18,18,18,18,18,18,18,18,18,18,18,18,18,18,18,18,18,18,18,18,18,18,18,18,18,18,18,18,18,18,18,18,18,18,18,18,18,18,18,18,18,18,18,18,18,18,18,18,18,18,18,18,18,18,18,18,18,18,18,18,18,18,18,18,18,18,18,18,18,18,18,18,18,18,18,18,18,18,18,18,18,18,18,18,18,18,18,18,18,18,18,18,18,18,18,18,18,18,18,18,18,18,18,18,18,18,18,18,18,18,18,18,18,18,18,18,18,18,18,18,18,18,18,18,18,18,18,18,18,18,18,18,18,18,18,18,18,18,18,18,18,18,18,18,18,18,18,18,18,18,18,18,18,18,18,18,18,18,18,18,18,18,18,18,18,18,18,18,18,18,18,18,18,18,18,18,18,18,18,18,18,18,18,18,
30202,115,115,115,115,115,115,115,115,115,115,115,115,115,115,115,115,115,115,115,115,115,115,115,115,115,115,115,115,115,115,115,115,115,115,115,115,115,115,115,115,115,115,115,115,115,115,115,115,115,115,115,115,115,115,115,115,115,115,115,115,115,115,115,115,115,115,115,115,115,115,115,115,115,115,115,115,115,115,115,115,115,115,115,115,115,115,115,115,115,115,115,115,115,115,115,115,115,115,115,115,115,115,115,115,115,115,115,115,115,115,115,115,115,115,115,115,115,115,115,115,115,115,115,115,115,115,115,115,115,115,115,115,115,115,115,115,115,115,115,115,115,115,115,115,115,115,115,115,115,115,115,115,115,115,115,115,115,115,115,115,115,115,115,115,115,115,115,115,115,115,115,115,115,115,115,115,115,115,115,115,115,115,115,115,115,115,115,115,115,115,115,115,115,115,115,115,115,115,115,115,115,115,115,115,115,115,115,115,115,115,115,115,115,115,115,115,115,115,115,115,115,115,115,115,115,115,115,115,115,115,115,115,115,115,115,115,115,115,115,115,115,115,115,115,115,115,115,115,115,115,115,115,115,115,115,115,115,115,115,115,115,115,115,115,115,115,115,115,115,115,115,115,115,115,115,115,115,115,115,115,115,115,115,115,115,115,115,115,115,115,115,115,115,115,115,115,115,115,115,115,115,115,115,115,115,115,115,115,115,115,115,115,115,115,115,115,115,115,115,115,115,115,115,115,115,115,115,115,115,115,115,115,115,115,115,115,115,115,115,115,115,115,115,115,115,115,115,115,115,115,115,115,115,115,115,115,115,115,115,115,115,115,115,115,115,115,115,115,115,115,115,115,115,115,115,115,115,115,115,115,115,115,115,115,115,115,115,115,115,115,115,115,115,115,115,115,115,115,115,115,115,115,115,115,115,115,115,115,115,115,115,115,115,115,115,115,115,115,115,115,115,115,115,115,115,115,115,115,115,115,115,115,115,115,115,115,115,115,115,115,115,115,115,115,115,115,115,115,115,115,115,115,115,115,115,115,115,115,115,115,115,115,115,115,115,115,115,115,115,115,115,115,115,115,115,115,115,115,115,115,115,115,115,115,115,115,115,115,115,115,115,115,115,115,115,115,115,115,115,115,115,115,115,115,115,115,115,115,115,115,115,115,115,115,115,115,115,115,115,115,115,115,115,115,115,115,115,115,115,115,115,115,115,115,115,115,115,115,115,115,115,115,115,115,115,
30203,106,106,106,106,106,106,106,106,106,106,106,106,106,106,106,106,106,106,106,106,106,106,106,106,106,106,106,106,106,106,106,106,106,106,106,106,106,106,106,106,106,106,106,106,106,106,106,106,106,106,106,106,106,106,106,106,106,106,106,106,106,106,106,106,106,106,106,106,106,106,106,106,106,106,106,106,106,106,106,106,106,106,106,106,106,106,106,106,106,106,106,106,106,106,106,106,106,106,106,106,106,106,106,106,106,106,106,106,106,106,106,106,106,106,106,106,106,106,106,106,106,106,106,106,106,106,106,106,106,106,106,106,106,106,106,106,106,106,106,106,106,106,106,106,106,106,106,106,106,106,106,106,106,106,106,106,106,106,106,106,106,106,106,106,106,106,106,106,106,106,106,106,106,106,106,106,106,106,106,106,106,106,106,106,106,106,106,106,106,106,106,106,106,106,106,106,106,106,106,106,106,106,106,106,106,106,106,106,106,106,106,106,106,106,106,106,106,106,106,106,106,106,106,106,106,106,106,106,106,106,106,106,106,106,106,106,106,106,106,106,106,106,106,106,106,106,106,106,106,106,106,106,106,106,106,106,106,106,106,106,106,106,106,106,106,106,106,106,106,106,106,106,106,106,106,106,106,106,106,106,106,106,106,106,106,106,106,106,106,106,106,106,106,106,106,106,106,106,106,106,106,106,106,106,106,106,106,106,106,106,106,106,106,106,106,106,106,106,106,106,106,106,106,106,106,106,106,106,106,106,106,106,106,106,106,106,106,106,106,106,106,106,106,106,106,106,106,106,106,106,106,106,106,106,106,106,106,106,106,106,106,106,106,106,106,106,106,106,106,106,106,106,106,106,106,106,106,106,106,106,106,106,106,106,106,106,106,106,106,106,106,106,106,106,106,106,106,106,106,106,106,106,106,106,106,106,106,106,106,106,106,106,106,106,106,106,106,106,106,106,106,106,106,106,106,106,106,106,106,106,106,106,106,106,106,106,106,106,106,106,106,106,106,106,106,106,106,106,106,106,106,106,106,106,106,106,106,106,106,106,106,106,106,106,106,106,106,106,106,106,106,106,106,106,106,106,106,106,106,106,106,106,106,106,106,106,106,106,106,106,106,106,106,106,106,106,106,106,106,106,106,106,106,106,106,106,106,106,106,106,106,106,106,106,106,106,106,106,106,106,106,106,106,106,106,106,106,106,106,106,106,106,106,106,106,106,106,106,106,106,106,106,106,106,106,
30204,116,116,116,116,116,116,116,116,116,116,116,116,116,116,116,116,116,116,116,116,116,116,116,116,116,116,116,116,116,116,116,116,116,116,116,116,116,116,116,116,116,116,116,116,116,116,116,116,116,116,116,116,116,116,116,116,116,116,116,116,116,116,116,116,116,116,116,116,116,116,116,116,116,116,116,116,116,116,116,116,116,116,116,116,116,116,116,116,116,116,116,116,116,116,116,116,116,116,116,116,116,116,116,116,116,116,116,116,116,116,116,116,116,116,116,116,116,116,116,116,116,116,116,116,116,116,116,116,116,116,116,116,116,116,116,116,116,116,116,116,116,116,116,116,116,116,116,116,116,116,116,116,116,116,116,116,116,116,116,116,116,116,116,116,116,116,116,116,116,116,116,116,116,116,116,116,116,116,116,116,116,116,116,116,116,116,116,116,116,116,116,116,116,116,116,116,116,116,116,116,116,116,116,116,116,116,116,116,116,116,116,116,116,116,116,116,116,116,116,116,116,116,116,116,116,116,116,116,116,116,116,116,116,116,116,116,116,116,116,116,116,116,116,116,116,116,116,116,116,116,116,116,116,116,116,116,116,116,116,116,116,116,116,116,116,116,116,116,116,116,116,116,116,116,116,116,116,116,116,116,116,116,116,116,116,116,116,116,116,116,116,116,116,116,116,116,116,116,116,116,116,116,116,116,116,116,116,116,116,116,116,116,116,116,116,116,116,116,116,116,116,116,116,116,116,116,116,116,116,116,116,116,116,116,116,116,116,116,116,116,116,116,116,116,116,116,116,116,116,116,116,116,116,116,116,116,116,116,116,116,116,116,116,116,116,116,116,116,116,116,116,116,116,116,116,116,116,116,116,116,116,116,116,116,116,116,116,116,116,116,116,116,116,116,116,116,116,116,116,116,116,116,116,116,116,116,116,116,116,116,116,116,116,116,116,116,116,116,116,116,116,116,116,116,116,116,116,116,116,116,116,116,116,116,116,116,116,116,116,116,116,116,116,116,116,116,116,116,116,116,116,116,116,116,116,116,116,116,116,116,116,116,116,116,116,116,116,116,116,116,116,116,116,116,116,116,116,116,116,116,116,116,116,116,116,116,116,116,116,116,116,116,116,116,116,116,116,116,116,116,116,116,116,116,116,116,116,116,116,116,116,116,116,116,116,116,116,116,116,116,116,116,116,116,116,116,116,116,116,116,116,116,116,116,116,116,116,116,116,116,116,116,116,116,116,
30205,104,104,104,104,104,104,104,104,104,104,104,104,104,104,104,104,104,104,104,104,104,104,104,104,104,104,104,104,104,104,104,104,104,104,104,104,104,104,104,104,104,104,104,104,104,104,104,104,104,104,104,104,104,104,104,104,104,104,104,104,104,104,104,104,104,104,104,104,104,104,104,104,104,104,104,104,104,104,104,104,104,104,104,104,104,104,104,104,104,104,104,104,104,104,104,104,104,104,104,104,104,104,104,104,104,104,104,104,104,104,104,104,104,104,104,104,104,104,104,104,104,104,104,104,104,104,104,104,104,104,104,104,104,104,104,104,104,104,104,104,104,104,104,104,104,104,104,104,104,104,104,104,104,104,104,104,104,104,104,104,104,104,104,104,104,104,104,104,104,104,104,104,104,104,104,104,104,104,104,104,104,104,104,104,104,104,104,104,104,104,104,104,104,104,104,104,104,104,104,104,104,104,104,104,104,104,104,104,104,104,104,104,104,104,104,104,104,104,104,104,104,104,104,104,104,104,104,104,104,104,104,104,104,104,104,104,104,104,104,104,104,104,104,104,104,104,104,104,104,104,104,104,104,104,104,104,104,104,104,104,104,104,104,104,104,104,104,104,104,104,104,104,104,104,104,104,104,104,104,104,104,104,104,104,104,104,104,104,104,104,104,104,104,104,104,104,104,104,104,104,104,104,104,104,104,104,104,104,104,104,104,104,104,104,104,104,104,104,104,104,104,104,104,104,104,104,104,104,104,104,104,104,104,104,104,104,104,104,104,104,104,104,104,104,104,104,104,104,104,104,104,104,104,104,104,104,104,104,104,104,104,104,104,104,104,104,104,104,104,104,104,104,104,104,104,104,104,104,104,104,104,104,104,104,104,104,104,104,104,104,104,104,104,104,104,104,104,104,104,104,104,104,104,104,104,104,104,104,104,104,104,104,104,104,104,104,104,104,104,104,104,104,104,104,104,104,104,104,104,104,104,104,104,104,104,104,104,104,104,104,104,104,104,104,104,104,104,104,104,104,104,104,104,104,104,104,104,104,104,104,104,104,104,104,104,104,104,104,104,104,104,104,104,104,104,104,104,104,104,104,104,104,104,104,104,104,104,104,104,104,104,104,104,104,104,104,104,104,104,104,104,104,104,104,104,104,104,104,104,104,104,104,104,104,104,104,104,104,104,104,104,104,104,104,104,104,104,104,104,104,104,104,104,104,104,104,104,104,104,104,104,104,104,104,104,
30210,0,0,0,0,0,0,0,0,0,0,0,0,0,0,0,0,0,0,0,0,0,0,0,0,0,0,0,0,0,0,3,3,3,3,3,3,3,3,3,3,3,3,3,3,0,0,0,0,0,0,0,0,0,0,0,0,0,0,0,0,0,0,0,0,0,0,0,0,0,0,0,0,0,0,0,0,0,0,0,0,0,0,0,0,0,0,0,0,0,0,0,0,0,0,0,0,0,0,0,0,0,0,0,0,0,0,0,0,0,3,3,3,3,3,3,3,3,3,3,3,3,3,3,3,3,3,3,3,3,3,3,3,3,3,3,3,3,3,3,3,3,3,3,3,3,3,3,3,3,3,3,3,3,3,3,3,3,3,3,3,0,0,0,0,0,0,0,0,0,0,0,0,0,0,0,0,0,0,0,0,0,0,0,0,0,0,0,0,0,0,0,0,0,0,0,0,0,0,0,0,0,0,0,0,0,0,0,0,0,0,0,0,0,0,0,0,0,0,0,0,0,0,0,0,0,0,0,0,0,0,0,0,0,0,0,0,0,0,0,0,0,0,0,0,0,0,0,0,0,0,0,0,0,0,0,0,0,0,0,0,0,0,0,0,0,0,0,0,0,0,0,0,0,0,0,0,0,0,0,0,0,0,0,0,0,0,0,0,0,0,0,0,0,0,0,0,0,0,0,0,0,0,0,0,0,0,0,0,0,0,0,0,0,0,0,0,0,0,0,0,0,0,0,0,0,0,0,0,0,0,0,0,0,0,0,0,0,0,0,0,0,0,0,0,0,0,0,0,0,0,0,0,0,0,0,0,0,0,0,0,0,0,0,0,0,0,0,0,0,0,0,0,0,0,0,0,0,0,0,0,0,0,0,0,0,0,0,0,0,0,0,0,0,0,0,0,0,0,0,0,0,0,0,0,0,0,0,0,0,0,0,0,0,0,0,0,0,0,0,0,0,0,0,0,0,0,0,0,0,0,0,0,0,0,0,0,0,0,0,0,0,0,0,0,0,0,0,0,0,0,0,0,0,0,0,0,0,0,0,0,0,0,0,0,0,0,0,0,0,0,0,0,0,0,0,0,0,0,0,0,0,0,0,0,0,0,0,0,0,0,0,0,0,0,0,0,0,0,0,0,0,0,0,0,0,0,0,0,0,0,0,0,0,0,0,3,0,0,0,0,0,3,3,3,0,0,0,0,0,0,3,3,3,3,3,3,3,3,3,3,3,3,3,3,3,
30211,0,0,0,0,0,0,0,0,0,0,0,0,0,0,0,0,0,0,0,0,0,0,0,0,0,0,0,0,0,0,0,0,0,0,0,0,0,0,0,0,0,0,0,0,0,0,0,0,0,0,0,0,0,0,0,0,0,0,0,0,0,0,0,0,0,0,0,0,0,0,0,0,0,0,0,0,0,0,0,0,0,0,0,0,0,0,0,0,0,0,0,0,0,0,0,0,0,0,0,0,0,0,0,0,0,0,0,0,0,0,0,0,0,0,0,0,0,0,0,0,0,0,0,0,0,0,0,0,0,0,0,0,0,0,0,0,0,0,0,0,0,0,0,0,0,0,0,0,0,0,0,0,0,0,0,0,0,0,0,0,0,0,0,0,0,0,0,0,0,0,0,0,0,0,0,0,0,0,0,0,0,0,0,0,0,0,0,0,0,0,0,0,0,0,0,0,0,0,0,0,0,0,0,0,0,0,0,0,0,0,0,0,0,0,0,0,0,0,0,0,0,0,0,0,0,0,0,0,0,0,0,0,0,0,0,0,0,0,0,0,0,0,0,0,0,0,0,0,0,0,0,0,0,0,0,0,0,0,0,0,0,0,0,0,0,0,0,0,0,0,0,0,0,0,0,0,0,0,0,0,0,0,0,0,0,0,0,0,0,0,0,0,0,0,0,0,0,0,0,0,0,0,0,0,0,0,0,0,0,0,0,0,0,0,0,0,0,0,0,0,0,0,0,0,0,0,0,0,0,0,0,0,0,0,0,0,0,0,0,0,0,0,0,0,0,0,0,0,0,0,0,0,0,0,0,0,0,0,0,0,0,0,0,0,0,0,0,0,0,0,0,0,0,0,0,0,0,0,0,0,0,0,0,0,0,0,0,0,0,0,0,0,0,0,0,0,0,0,0,0,0,0,0,0,0,0,0,0,0,0,0,0,0,0,0,0,0,0,0,0,0,0,0,0,0,0,0,0,0,0,0,0,0,0,0,0,0,0,0,0,0,0,0,0,0,0,0,0,0,0,0,0,0,0,0,0,0,0,0,0,0,0,0,0,0,0,0,0,0,0,0,0,0,0,0,0,0,0,0,0,0,0,0,0,0,0,0,0,0,0,0,0,0,0,0,0,0,0,0,0,0,0,0,0,0,0,0,0,0,0,0,0,0,0,0,0,0,0,0,0,0,0,0,0,0,0,0,0,0,0,0,0,0,0,0,0,0,0,0,0,0,0,0,0,0,
30212,5,5,5,5,5,5,5,5,5,5,5,5,5,5,5,5,5,5,5,5,5,5,5,5,5,5,5,5,5,5,5,5,5,5,5,5,5,5,5,5,5,5,5,5,5,5,5,5,5,5,5,5,5,5,5,5,5,5,5,5,5,5,5,5,5,5,5,5,5,5,5,5,5,5,5,5,5,5,5,5,5,5,5,5,5,5,5,5,5,5,5,5,5,5,5,5,5,5,5,5,5,5,5,5,5,5,5,5,5,5,5,5,5,5,5,5,5,5,5,5,5,5,5,5,5,5,5,5,5,5,5,5,5,5,5,5,5,5,5,5,5,5,5,5,5,5,5,5,5,5,5,5,5,5,5,5,5,5,5,5,5,5,5,5,5,5,5,5,5,5,5,5,5,5,5,5,5,5,5,5,5,5,5,5,5,5,5,5,5,5,5,5,5,5,5,5,5,5,5,5,5,5,5,5,5,5,5,5,5,5,5,5,5,5,5,5,5,5,5,5,5,5,5,5,5,5,5,5,5,5,5,5,5,5,5,5,5,5,5,5,5,5,5,5,5,5,5,5,5,5,5,5,5,5,5,5,5,5,5,5,5,5,5,5,5,5,5,5,5,5,5,5,5,5,5,5,5,5,5,5,5,5,5,5,5,5,5,5,5,5,5,5,5,5,5,5,5,5,5,5,5,5,5,5,5,5,5,5,5,5,5,5,5,5,5,5,5,5,5,5,5,5,5,5,5,5,5,5,5,5,5,5,5,5,5,5,5,5,5,5,5,5,5,5,5,5,5,5,5,5,5,5,5,5,5,5,5,5,5,5,5,5,5,5,5,5,5,5,5,5,5,5,5,5,5,5,5,5,5,5,5,5,5,5,5,5,5,5,5,5,5,5,5,5,5,5,5,5,5,5,5,5,5,5,5,5,5,5,5,5,5,5,5,5,5,5,5,5,5,5,5,5,5,5,5,5,5,5,5,5,5,5,5,5,5,5,5,5,5,5,5,5,5,5,5,5,5,5,5,5,5,5,5,5,5,5,5,5,5,5,5,5,5,5,5,5,5,5,5,5,5,5,5,5,5,5,5,5,5,5,5,5,5,5,5,5,5,5,5,5,5,5,5,5,5,5,5,5,5,5,5,5,5,5,5,5,5,5,5,5,5,5,5,5,5,5,5,5,5,5,5,5,5,5,5,5,5,5,5,5,5,5,5,5,5,5,5,5,5,5,5,5,5,5,5,
30213,0,0,0,0,0,0,0,0,0,0,0,0,0,0,0,0,0,0,0,0,0,0,0,0,0,0,0,0,0,0,0,0,0,0,0,0,0,0,0,0,0,0,0,0,0,0,0,0,0,0,0,0,0,0,0,0,0,0,0,0,0,0,0,0,0,0,0,0,0,0,0,0,0,0,0,0,0,0,0,0,0,0,0,0,0,0,0,0,0,0,0,0,0,0,0,0,0,0,0,0,0,0,0,0,0,0,0,0,0,0,0,0,0,0,0,0,0,0,0,0,0,0,0,0,0,0,0,0,0,0,0,0,0,0,0,0,0,0,0,0,0,0,0,0,0,0,0,0,0,0,0,0,0,0,0,0,0,0,0,0,0,0,0,0,0,0,0,0,0,0,0,0,0,0,0,0,0,0,0,0,0,0,0,0,0,0,0,0,0,0,0,0,0,0,0,0,0,0,0,0,0,0,0,0,0,0,0,0,0,0,0,0,0,0,0,0,0,0,0,0,0,0,0,0,0,0,0,0,0,0,0,0,0,0,0,0,0,0,0,0,0,0,0,0,0,0,0,0,0,0,0,0,0,0,0,0,0,0,0,0,0,0,0,0,0,0,0,0,0,0,0,0,0,0,0,0,0,0,0,0,0,0,0,0,0,0,0,0,0,0,0,0,0,0,0,0,0,0,0,0,0,0,0,0,0,0,0,0,0,0,0,0,0,0,0,0,0,0,0,0,0,0,0,0,0,0,0,0,0,0,0,0,0,0,0,0,0,0,0,0,0,0,0,0,0,0,0,0,0,0,0,0,0,0,0,0,0,0,0,0,0,0,0,0,0,0,0,0,0,0,0,0,0,0,0,0,0,0,0,0,0,0,0,0,0,0,0,0,0,0,0,0,0,0,0,0,0,0,0,0,0,0,0,0,0,0,0,0,0,0,0,0,0,0,0,0,0,0,0,0,0,0,0,0,0,0,0,0,0,0,0,0,0,0,0,0,0,0,0,0,0,0,0,0,0,0,0,0,0,0,0,0,0,0,0,0,0,0,0,0,0,0,0,0,0,0,0,0,0,0,0,0,0,0,0,0,0,0,0,0,0,0,0,0,0,0,0,0,0,0,0,0,0,0,0,0,0,0,0,0,0,0,0,0,0,0,0,0,0,0,0,0,0,0,0,0,0,0,0,0,0,0,0,0,0,0,0,0,0,0,0,0,0,0,0,0,0,0,0,0,0,0,0,0,0,
30214,0,0,0,0,0,0,0,0,0,0,0,0,0,0,0,0,0,0,0,0,0,0,0,0,0,0,0,0,0,0,0,0,0,0,0,0,0,0,0,0,0,0,0,0,0,0,0,0,0,0,0,0,0,0,0,0,0,0,0,0,0,0,0,0,0,0,0,0,0,0,0,0,0,0,0,0,0,0,0,0,0,0,0,0,0,0,0,0,0,0,0,0,0,0,0,0,0,0,0,0,0,0,0,0,0,0,0,0,0,0,0,0,0,0,0,0,0,0,0,0,0,0,0,0,0,0,0,0,0,0,0,0,0,0,0,0,0,0,0,0,0,0,0,0,0,0,0,0,0,0,0,0,0,0,0,0,0,0,0,0,0,0,0,0,0,0,0,0,0,0,0,0,0,0,0,0,0,0,0,0,0,0,0,0,0,0,0,0,0,0,0,0,0,0,0,0,0,0,0,0,0,0,0,0,0,0,0,0,0,0,0,0,0,0,0,0,0,0,0,0,0,0,0,0,0,0,0,0,0,0,0,0,0,0,0,0,0,0,0,0,0,0,0,0,0,0,0,0,0,0,0,0,0,0,0,0,0,0,0,0,0,0,0,0,0,0,0,0,0,0,0,0,0,0,0,0,0,0,0,0,0,0,0,0,0,0,0,0,0,0,0,0,0,0,0,0,0,0,0,0,0,0,0,0,0,0,0,0,0,0,0,0,0,0,0,0,0,0,0,0,0,0,0,0,0,0,0,0,0,0,0,0,0,0,0,0,0,0,0,0,0,0,0,0,0,0,0,0,0,0,0,0,0,0,0,0,0,0,0,0,0,0,0,0,0,0,0,0,0,0,0,0,0,0,0,0,0,0,0,0,0,0,0,0,0,0,0,0,0,0,0,0,0,0,0,0,0,0,0,0,0,0,0,0,0,0,0,0,0,0,0,0,0,0,0,0,0,0,0,0,0,0,0,0,0,0,0,0,0,0,0,0,0,0,0,0,0,0,0,0,0,0,0,0,0,0,0,0,0,0,0,0,0,0,0,0,0,0,0,0,0,0,0,0,0,0,0,0,0,0,0,0,0,0,0,0,0,0,0,0,0,0,0,0,0,0,0,0,0,0,0,0,0,0,0,0,0,0,0,0,0,0,0,0,0,0,0,0,0,0,0,0,0,0,0,0,0,0,0,0,0,0,0,0,0,0,0,0,0,0,0,0,0,0,0,0,0,0,0,0,0,0,0,0,0,
30300,1,1,1,1,1,1,1,1,1,1,1,1,1,1,1,1,1,1,1,1,1,1,1,1,1,1,1,1,1,1,1,1,1,1,1,1,1,1,1,1,1,1,1,1,1,1,1,1,1,1,1,1,1,1,1,1,1,1,1,1,1,1,1,1,1,1,1,1,1,1,1,1,1,1,1,1,1,1,1,1,1,1,1,1,1,1,1,1,1,1,1,1,1,1,1,1,1,1,1,1,1,1,1,1,1,1,1,1,1,1,1,1,1,1,1,1,1,1,1,1,1,1,1,1,1,1,1,1,1,1,1,1,1,1,1,1,1,1,1,1,1,1,1,1,1,1,1,1,1,1,1,1,1,1,1,1,1,1,1,1,1,1,1,1,1,1,1,1,1,1,1,1,1,1,1,1,1,1,1,1,1,1,1,1,1,1,1,1,1,1,1,1,1,1,1,1,1,1,1,1,1,1,1,1,1,1,1,1,1,1,1,1,1,1,1,1,1,1,1,1,1,1,1,1,1,1,1,1,1,1,1,1,1,1,1,1,1,1,1,1,1,1,1,1,1,1,1,1,1,1,1,1,1,1,1,1,1,1,1,1,1,1,1,1,1,1,1,1,1,1,1,1,1,1,1,1,1,1,1,1,1,1,1,1,1,1,1,1,1,1,1,1,1,1,1,1,1,1,1,1,1,1,1,1,1,1,1,1,1,1,1,1,1,1,1,1,1,1,1,1,1,1,1,1,1,1,1,1,1,1,1,1,1,1,1,1,1,1,1,1,1,1,1,1,1,1,1,1,1,1,1,1,1,1,1,1,1,1,1,1,1,1,1,1,1,1,1,1,1,1,1,1,1,1,1,1,1,1,1,1,1,1,1,1,1,1,1,1,1,1,1,1,1,1,1,1,1,1,1,1,1,1,1,1,1,1,1,1,1,1,1,1,1,1,1,1,1,1,1,1,1,1,1,1,1,1,1,1,1,1,1,1,1,1,1,1,1,1,1,1,1,1,1,1,1,1,1,1,1,1,1,1,1,1,1,1,1,1,1,1,1,1,1,1,1,1,1,1,1,1,1,1,1,1,1,1,1,1,1,1,1,1,1,1,1,1,1,1,1,1,1,1,1,1,1,1,1,1,1,1,1,1,1,1,1,1,1,1,1,1,1,1,1,1,1,1,1,1,1,1,1,1,1,1,1,1,1,1,1,1,1,1,1,1,1,1,1,1,1,1,1,1,1,1,1,
30301,3,3,3,3,3,3,3,3,3,3,3,3,3,3,3,3,3,3,3,3,3,3,3,3,3,3,3,3,3,3,3,3,3,3,3,3,3,3,3,3,3,3,3,3,3,3,3,3,3,3,3,3,3,3,3,3,3,3,3,3,3,3,3,3,3,3,3,3,3,3,3,3,3,3,3,3,3,3,3,3,3,3,3,3,3,3,3,3,3,3,3,3,3,3,3,3,3,3,3,3,3,3,3,3,3,3,3,3,3,3,3,3,3,3,3,3,3,3,3,3,3,3,3,3,3,3,3,3,3,3,3,3,3,3,3,3,3,3,3,3,3,3,3,3,3,3,3,3,3,3,3,3,3,3,3,3,3,3,3,3,3,3,3,3,3,2,2,2,2,3,3,3,3,3,3,3,2,3,3,3,3,3,3,2,2,2,2,2,2,2,2,2,2,2,2,2,2,2,2,2,2,2,2,2,2,2,2,2,2,2,2,2,2,2,2,2,2,2,3,3,3,2,2,2,3,2,2,3,3,3,3,3,3,3,3,3,3,3,3,3,3,3,3,3,3,3,3,3,3,3,3,3,3,3,3,3,3,3,3,3,3,3,3,3,3,3,3,3,3,3,3,3,3,3,3,3,3,3,3,3,3,3,3,3,3,3,3,3,3,3,3,3,3,3,3,3,3,3,3,3,3,3,3,3,3,3,3,3,3,3,3,3,3,3,3,3,3,3,3,3,3,3,3,3,3,3,3,3,3,3,3,3,3,3,3,3,3,3,3,3,3,3,3,3,3,3,3,3,3,3,3,3,3,3,3,3,3,3,3,3,3,3,3,3,3,3,3,3,3,3,3,3,3,3,3,3,3,3,3,3,3,3,3,3,3,3,3,3,3,3,3,3,3,3,3,3,3,3,3,3,3,3,3,3,3,3,3,3,3,3,3,3,3,3,3,3,3,3,3,3,3,3,3,3,3,3,3,3,3,3,3,3,3,3,3,3,3,3,3,3,3,3,3,3,3,3,3,3,3,3,3,3,3,3,3,3,3,3,3,3,3,3,3,3,3,3,3,3,3,3,3,3,3,3,3,3,3,3,3,3,3,3,3,3,3,3,3,3,3,3,3,3,3,3,3,3,3,2,2,2,3,3,3,3,3,3,3,3,3,3,3,2,2,2,2,2,2,2,2,2,2,2,2,2,2,2,2,2,2,2,2,2,2,2,2,2,2,2,2,3,3,3,3,3,3,
30302,0,0,0,0,0,0,0,0,0,0,0,0,0,0,0,0,0,0,0,0,0,0,0,0,0,0,0,0,0,0,0,0,0,0,0,0,0,0,0,0,0,0,0,0,0,0,0,0,0,0,0,0,0,0,0,0,0,0,0,0,0,0,0,0,0,0,0,0,0,0,0,0,0,0,0,0,0,0,0,0,0,0,0,0,0,0,0,0,0,0,0,0,0,0,0,0,0,0,0,0,0,0,0,0,0,0,0,0,0,0,0,0,0,0,0,0,0,0,0,0,0,0,0,0,0,0,0,0,0,0,0,0,0,0,0,0,0,0,0,0,0,0,0,0,0,0,0,0,0,0,0,0,0,0,0,0,0,0,0,0,0,0,0,0,0,0,0,0,0,0,0,0,0,0,0,0,0,0,0,0,0,0,0,0,0,0,0,0,0,0,0,0,0,0,0,0,0,0,0,0,0,0,0,0,0,0,0,0,0,0,0,0,0,0,0,0,0,0,0,0,0,0,0,0,0,0,0,0,0,0,0,0,0,0,0,0,0,0,0,0,0,0,0,0,0,0,0,0,0,0,0,0,0,0,0,0,0,0,0,0,0,0,0,0,0,0,0,0,0,0,0,0,0,0,0,0,0,0,0,0,0,0,0,0,0,0,0,0,0,0,0,0,0,0,0,0,0,0,0,0,0,0,0,0,0,0,0,0,0,0,0,0,0,0,0,0,0,0,0,0,0,0,0,0,0,0,0,0,0,0,0,0,0,0,0,0,0,0,0,0,0,0,0,0,0,0,0,0,0,0,0,0,0,0,0,0,0,0,0,0,0,0,0,0,0,0,0,0,0,0,0,0,0,0,0,0,0,0,0,0,0,0,0,0,0,0,0,0,0,0,0,0,0,0,0,0,0,0,0,0,0,0,0,0,0,0,0,0,0,0,0,0,0,0,0,0,0,0,0,0,0,0,0,0,0,0,0,0,0,0,0,0,0,0,0,0,0,0,0,0,0,0,0,0,0,0,0,0,0,0,0,0,0,0,0,0,0,0,0,0,0,0,0,0,0,0,0,0,0,0,0,0,0,0,0,0,0,0,0,0,0,0,0,0,0,0,0,0,0,0,0,0,0,0,0,0,0,0,0,0,0,0,0,0,0,0,0,0,0,0,0,0,0,0,0,0,0,0,0,0,0,0,0,0,0,0,0,0,0,0,0,0,0,0,0,0,0,0,0,0,0,0,0,0,0,
30303,51,51,52,52,52,52,52,51,51,51,51,51,51,51,51,51,51,51,51,51,51,51,51,51,51,51,51,51,51,51,52,52,52,51,51,51,51,51,51,51,51,51,51,51,52,52,52,50,50,51,51,51,51,51,51,52,52,52,52,52,52,51,51,51,51,51,51,51,51,52,52,52,52,52,51,51,51,52,52,52,52,52,52,51,51,51,52,52,52,52,52,51,51,51,52,52,52,51,51,51,51,51,51,51,51,52,52,52,52,52,52,51,51,51,52,52,51,51,51,52,52,52,52,52,52,51,51,51,51,51,52,52,52,52,52,52,52,52,52,52,52,52,51,51,52,52,52,51,51,51,51,51,51,52,52,51,51,51,52,52,52,52,52,52,51,52,55,51,58,55,55,55,55,55,55,54,54,54,56,55,55,55,48,49,49,49,49,55,57,53,54,52,54,52,50,58,54,48,49,49,49,49,49,47,49,49,49,49,49,49,49,50,49,50,50,49,50,50,49,49,48,47,48,49,49,50,44,49,48,49,48,48,48,49,49,49,49,49,48,48,48,49,49,49,49,49,49,48,48,47,47,47,49,49,49,48,48,48,48,48,48,48,48,48,48,48,49,49,49,48,48,48,48,48,48,48,48,48,48,48,48,48,48,48,48,48,49,49,49,48,48,48,48,48,48,48,48,48,48,48,48,48,48,48,48,48,48,48,48,48,48,48,48,48,49,49,49,48,48,48,48,48,48,48,48,48,48,48,48,48,48,48,48,48,48,48,49,49,49,48,48,48,48,48,48,48,48,48,48,48,48,48,48,48,48,48,48,48,48,48,48,48,48,48,45,45,45,45,45,45,45,45,45,45,45,45,45,45,45,45,45,45,45,45,44,44,45,45,45,45,45,45,44,44,44,44,44,44,45,45,44,44,44,44,44,44,45,45,45,45,45,45,44,44,45,45,45,45,45,45,45,45,45,45,45,44,44,44,45,45,45,45,45,45,44,44,44,44,44,45,45,45,44,44,44,46,46,46,46,46,46,45,45,45,45,45,45,45,45,45,45,45,45,45,45,46,46,46,46,46,46,46,46,46,46,46,45,45,45,45,45,45,45,45,45,45,45,45,45,45,46,46,46,45,45,46,46,46,45,45,46,46,46,46,46,46,45,45,45,45,45,45,46,45,47,47,48,45,43,45,46,53,46,46,47,48,46,47,50,52,53,49,54,64,69,60,63,61,51,47,47,47,47,47,47,
30304,13880,13880,13880,13880,13880,13880,13880,13880,13880,13880,13880,13880,13880,13880,13880,13880,13880,13880,13880,13880,13880,13880,13880,13880,13880,13880,13880,13880,13880,13880,13880,13880,13880,13880,13880,13880,13880,13880,13880,13880,13880,13880,13880,13880,13880,13880,13880,13880,13880,13880,13880,13880,13880,13880,13880,13880,13880,13880,13880,13880,13880,13880,13880,13880,13880,13880,13880,13880,13880,13880,13880,13880,13880,13880,13880,13880,13880,13880,13880,13880,13880,13880,13880,13880,13880,13880,13880,13880,13880,13880,13880,13880,13880,13880,13880,13880,13880,13880,13880,13880,13880,13880,13880,13880,13880,13880,13880,13880,13880,13880,13880,13880,13880,13880,13880,13880,13880,13880,13880,13880,13880,13880,13880,13880,13880,13880,13880,13880,13880,13880,13880,13880,13880,13880,13880,13880,13880,13880,13880,13880,13880,13880,13880,13880,13880,13880,13880,13880,13880,13880,13880,13880,13880,13880,13880,13880,13880,13880,13880,13880,13880,13880,13880,13880,13880,13880,13880,13880,13880,13880,13880,13880,13880,13880,13880,13880,13880,13880,13880,13880,13880,13880,13880,13880,13880,13880,13880,13880,13880,13880,13880,13880,13880,13880,13880,13880,13880,13880,13880,13880,13880,13880,13880,13880,13880,13880,13880,13880,13880,13880,13880,13880,13880,13880,13880,13880,13880,13880,13880,13880,13880,13880,13880,13880,13880,13880,13880,13880,13880,13880,13880,13880,13880,13880,13880,13880,13880,13880,13880,13880,13880,13880,13880,13880,13880,13880,13880,13880,13880,13880,13880,13880,13880,13880,13880,13880,13880,13880,13880,13880,13880,13880,13880,13880,13880,13880,13880,13880,13880,13880,13880,13880,13880,13880,13880,13880,13880,13880,13880,13880,13880,13880,13880,13880,13880,13880,13880,13880,13880,13880,13880,13880,13880,13880,13880,13880,13880,13880,13880,13880,13880,13880,13880,13880,13880,13880,13880,13880,13880,13880,13880,13880,13880,13880,13880,13880,13880,13880,13880,13880,13880,13880,13880,13880,13880,13880,13880,13880,13880,13880,13880,13880,13880,13880,13880,13880,13880,13880,13880,13880,13880,13880,13880,13880,13880,13880,13880,13880,13880,13880,13880,13880,13880,13880,13880,13880,13880,13880,13880,13880,13880,13880,13880,13880,13880,13880,13880,13880,13880,13880,13880,13880,13880,13880,13880,13880,13880,13880,13880,13880,13880,13880,13880,13880,13880,13880,13880,13880,13880,13880,13880,13880,13880,13880,13880,13880,13880,13880,13880,13880,13880,13880,13880,13880,13880,13880,13880,13880,13880,13880,13880,13880,13880,13880,13880,13880,13880,13880,13880,13880,13880,13880,13880,13880,13880,13880,13880,13880,13880,13880,13880,13880,13880,13880,13880,13880,13880,13880,13880,13880,13880,13880,13880,13880,13880,13880,13880,13880,13880,13880,13880,13880,13880,13880,13880,13880,13880,13880,13880,13880,13880,13880,13880,13880,13880,13880,13880,13880,13880,13880,13880,13880,13880,13880,13880,13880,13880,13880,13880,13880,13880,13880,13880,13880,13880,13880,13880,13880,13880,13880,13880,13880,13880,13880,13880,13880,13880,13880,13880,13880,13880,13880,13880,13880,13880,13880,13880,13880,13880,13880,13880,13880,13880,13880,13880,13880,13880,13880,13880,13880,13880,13880,13880,13880,13880,13880,13880,13880,13880,13880,13880,13880,13880,13880,13880,13880,13880,13880,13880,13880,13880,13880,13880,13880,13880,
30305,12852,12852,12852,12852,12852,12852,12852,12852,12852,12852,12852,12852,12852,12852,12852,12852,12852,12852,12852,12852,12852,12852,12852,12852,12852,12852,12852,12852,12852,12852,12852,12852,12852,12852,12852,12852,12852,12852,12852,12852,12852,12852,12852,12852,12852,12852,12852,12852,12852,12852,12852,12852,12852,12852,12852,12852,12852,12852,12852,12852,12852,12852,12852,12852,12852,12852,12852,12852,12852,12852,12852,12852,12852,12852,12852,12852,12852,12852,12852,12852,12852,12852,12852,12852,12852,12852,12852,12852,12852,12852,12852,12852,12852,12852,12852,12852,12852,12852,12852,12852,12852,12852,12852,12852,12852,12852,12852,12852,12852,12852,12852,12852,12852,12852,12852,12852,12852,12852,12852,12852,12852,12852,12852,12852,12852,12852,12852,12852,12852,12852,12852,12852,12852,12852,12852,12852,12852,12852,12852,12852,12852,12852,12852,12852,12852,12852,12852,12852,12852,12852,12852,12852,12852,12852,12852,12852,12852,12852,12852,12852,12852,12852,12852,12852,12852,12852,12852,12852,12852,12852,12852,12852,12852,12852,12852,12852,12852,12852,12852,12852,12852,12852,12852,12852,12852,12852,12852,12852,12852,12852,12852,12852,12852,12852,12852,12852,12852,12852,12852,12852,12852,12852,12852,12852,12852,12852,12852,12852,12852,12852,12852,12852,12852,12852,12852,12852,12852,12852,12852,12852,12852,12852,12852,12852,12852,12852,12852,12852,12852,12852,12852,12852,12852,12852,12852,12852,12852,12852,12852,12852,12852,12852,12852,12852,12852,12852,12852,12852,12852,12852,12852,12852,12852,12852,12852,12852,12852,12852,12852,12852,12852,12852,12852,12852,12852,12852,12852,12852,12852,12852,12852,12852,12852,12852,12852,12852,12852,12852,12852,12852,12852,12852,12852,12852,12852,12852,12852,12852,12852,12852,12852,12852,12852,12852,12852,12852,12852,12852,12852,12852,12852,12852,12852,12852,12852,12852,12852,12852,12852,12852,12852,12852,12852,12852,12852,12852,12852,12852,12852,12852,12852,12852,12852,12852,12852,12852,12852,12852,12852,12852,12852,12852,12852,12852,12852,12852,12852,12852,12852,12852,12852,12852,12852,12852,12852,12852,12852,12852,12852,12852,12852,12852,12852,12852,12852,12852,12852,12852,12852,12852,12852,12852,12852,12852,12852,12852,12852,12852,12852,12852,12852,12852,12852,12852,12852,12852,12852,12852,12852,12852,12852,12852,12852,12852,12852,12852,12852,12852,12852,12852,12852,12852,12852,12852,12852,12852,12852,12852,12852,12852,12852,12852,12852,12852,12852,12852,12852,12852,12852,12852,12852,12852,12852,12852,12852,12852,12852,12852,12852,12852,12852,12852,12852,12852,12852,12852,12852,12852,12852,12852,12852,12852,12852,12852,12852,12852,12852,12852,12852,12852,12852,12852,12852,12852,12852,12852,12852,12852,12852,12852,12852,12852,12852,12852,12852,12852,12852,12852,12852,12852,12852,12852,12852,12852,12852,12852,12852,12852,12852,12852,12852,12852,12852,12852,12852,12852,12852,12852,12852,12852,12852,12852,12852,12852,12852,12852,12852,12852,12852,12852,12852,12852,12852,12852,12852,12852,12852,12852,12852,12852,12852,12852,12852,12852,12852,12852,12852,12852,12852,12852,12852,12852,12852,12852,12852,12852,12852,12852,12852,12852,12852,12852,12852,12852,12852,12852,12852,12852,12852,12852,12852,12852,12852,12852,12852,12852,12852,12852,12852,12852,12852,12852,12852,12852,12852,
30306,14649,14649,14649,14649,14649,14649,14649,14649,14649,14649,14649,14649,14649,14649,14649,14649,14649,14649,14649,14649,14649,14649,14649,14649,14649,14649,14649,14649,14649,14649,14649,14649,14649,14649,14649,14649,14649,14649,14649,14649,14649,14649,14649,14649,14649,14649,14649,14649,14649,14649,14649,14649,14649,14649,14649,14649,14649,14649,14649,14649,14649,14649,14649,14649,14649,14649,14649,14649,14649,14649,14649,14649,14649,14649,14649,14649,14649,14649,14649,14649,14649,14649,14649,14649,14649,14649,14649,14649,14649,14649,14649,14649,14649,14649,14649,14649,14649,14649,14649,14649,14649,14649,14649,14649,14649,14649,14649,14649,14649,14649,14649,14649,14649,14649,14649,14649,14649,14649,14649,14649,14649,14649,14649,14649,14649,14649,14649,14649,14649,14649,14649,14649,14649,14649,14649,14649,14649,14649,14649,14649,14649,14649,14649,14649,14649,14649,14649,14649,14649,14649,14649,14649,14649,14649,14649,14649,14649,14649,14649,14649,14649,14649,14649,14649,14649,14649,14649,14649,14649,14649,14649,14649,14649,14649,14649,14649,14649,14649,14649,14649,14649,14649,14649,14649,14649,14649,14649,14649,14649,14649,14649,14649,14649,14649,14649,14649,14649,14649,14649,14649,14649,14649,14649,14649,14649,14649,14649,14649,14649,14649,14649,14649,14649,14649,14649,14649,14649,14649,14649,14649,14649,14649,14649,14649,14649,14649,14649,14649,14649,14649,14649,14649,14649,14649,14649,14649,14649,14649,14649,14649,14649,14649,14649,14649,14649,14649,14649,14649,14649,14649,14649,14649,14649,14649,14649,14649,14649,14649,14649,14649,14649,14649,14649,14649,14649,14649,14649,14649,14649,14649,14649,14649,14649,14649,14649,14649,14649,14649,14649,14649,14649,14649,14649,14649,14649,14649,14649,14649,14649,14649,14649,14649,14649,14649,14649,14649,14649,14649,14649,14649,14649,14649,14649,14649,14649,14649,14649,14649,14649,14649,14649,14649,14649,14649,14649,14649,14649,14649,14649,14649,14649,14649,14649,14649,14649,14649,14649,14649,14649,14649,14649,14649,14649,14649,14649,14649,14649,14649,14649,14649,14649,14649,14649,14649,14649,14649,14649,14649,14649,14649,14649,14649,14649,14649,14649,14649,14649,14649,14649,14649,14649,14649,14649,14649,14649,14649,14649,14649,14649,14649,14649,14649,14649,14649,14649,14649,14649,14649,14649,14649,14649,14649,14649,14649,14649,14649,14649,14649,14649,14649,14649,14649,14649,14649,14649,14649,14649,14649,14649,14649,14649,14649,14649,14649,14649,14649,14649,14649,14649,14649,14649,14649,14649,14649,14649,14649,14649,14649,14649,14649,14649,14649,14649,14649,14649,14649,14649,14649,14649,14649,14649,14649,14649,14649,14649,14649,14649,14649,14649,14649,14649,14649,14649,14649,14649,14649,14649,14649,14649,14649,14649,14649,14649,14649,14649,14649,14649,14649,14649,14649,14649,14649,14649,14649,14649,14649,14649,14649,14649,14649,14649,14649,14649,14649,14649,14649,14649,14649,14649,14649,14649,14649,14649,14649,14649,14649,14649,14649,14649,14649,14649,14649,14649,14649,14649,14649,14649,14649,14649,14649,14649,14649,14649,14649,14649,14649,14649,14649,14649,14649,14649,14649,14649,14649,14649,14649,14649,14649,14649,14649,14649,14649,14649,14649,14649,14649,14649,14649,14649,14649,14649,14649,14649,14649,14649,14649,14649,14649,14649,14649,14649,14649,14649,14649,14649,
30307,17733,17733,17733,17733,17733,17733,17733,17733,17733,17733,17733,17733,17733,17733,17733,17733,17733,17733,17733,17733,17733,17733,17733,17733,17733,17733,17733,17733,17733,17733,17733,17733,17733,17733,17733,17733,17733,17733,17733,17733,17733,17733,17733,17733,17733,17733,17733,17733,17733,17733,17733,17733,17733,17733,17733,17733,17733,17733,17733,17733,17733,17733,17733,17733,17733,17733,17733,17733,17733,17733,17733,17733,17733,17733,17733,17733,17733,17733,17733,17733,17733,17733,17733,17733,17733,17733,17733,17733,17733,17733,17733,17733,17733,17733,17733,17733,17733,17733,17733,17733,17733,17733,17733,17733,17733,17733,17733,17733,17733,17733,17733,17733,17733,17733,17733,17733,17733,17733,17733,17733,17733,17733,17733,17733,17733,17733,17733,17733,17733,17733,17733,17733,17733,17733,17733,17733,17733,17733,17733,17733,17733,17733,17733,17733,17733,17733,17733,17733,17733,17733,17733,17733,17733,17733,17733,17733,17733,17733,17733,17733,17733,17733,17733,17733,17733,17733,17733,17733,17733,17733,17733,17733,17733,17733,17733,17733,17733,17733,17733,17733,17733,17733,17733,17733,17733,17733,17733,17733,17733,17733,17733,17733,17733,17733,17733,17733,17733,17733,17733,17733,17733,17733,17733,17733,17733,17733,17733,17733,17733,17733,17733,17733,17733,17733,17733,17733,17733,17733,17733,17733,17733,17733,17733,17733,17733,17733,17733,17733,17733,17733,17733,17733,17733,17733,17733,17733,17733,17733,17733,17733,17733,17733,17733,17733,17733,17733,17733,17733,17733,17733,17733,17733,17733,17733,17733,17733,17733,17733,17733,17733,17733,17733,17733,17733,17733,17733,17733,17733,17733,17733,17733,17733,17733,17733,17733,17733,17733,17733,17733,17733,17733,17733,17733,17733,17733,17733,17733,17733,17733,17733,17733,17733,17733,17733,17733,17733,17733,17733,17733,17733,17733,17733,17733,17733,17733,17733,17733,17733,17733,17733,17733,17733,17733,17733,17733,17733,17733,17733,17733,17733,17733,17733,17733,17733,17733,17733,17733,17733,17733,17733,17733,17733,17733,17733,17733,17733,17733,17733,17733,17733,17733,17733,17733,17733,17733,17733,17733,17733,17733,17733,17733,17733,17733,17733,17733,17733,17733,17733,17733,17733,17733,17733,17733,17733,17733,17733,17733,17733,17733,17733,17733,17733,17733,17733,17733,17733,17733,17733,17733,17733,17733,17733,17733,17733,17733,17733,17733,17733,17733,17733,17733,17733,17733,17733,17733,17733,17733,17733,17733,17733,17733,17733,17733,17733,17733,17733,17733,17733,17733,17733,17733,17733,17733,17733,17733,17733,17733,17733,17733,17733,17733,17733,17733,17733,17733,17733,17733,17733,17733,17733,17733,17733,17733,17733,17733,17733,17733,17733,17733,17733,17733,17733,17733,17733,17733,17733,17733,17733,17733,17733,17733,17733,17733,17733,17733,17733,17733,17733,17733,17733,17733,17733,17733,17733,17733,17733,17733,17733,17733,17733,17733,17733,17733,17733,17733,17733,17733,17733,17733,17733,17733,17733,17733,17733,17733,17733,17733,17733,17733,17733,17733,17733,17733,17733,17733,17733,17733,17733,17733,17733,17733,17733,17733,17733,17733,17733,17733,17733,17733,17733,17733,17733,17733,17733,17733,17733,17733,17733,17733,17733,17733,17733,17733,17733,17733,17733,17733,17733,17733,17733,17733,17733,17733,17733,17733,17733,17733,17733,17733,17733,17733,17733,17733,17733,17733,
30308,17975,17975,17975,17975,17975,17975,17975,17975,17975,17975,17975,17975,17975,17975,17975,17975,17975,17975,17975,17975,17975,17975,17975,17975,17975,17975,17975,17975,17975,17975,17975,17975,17975,17975,17975,17975,17975,17975,17975,17975,17975,17975,17975,17975,17975,17975,17975,17975,17975,17975,17975,17975,17975,17975,17975,17975,17975,17975,17975,17975,17975,17975,17975,17975,17975,17975,17975,17975,17975,17975,17975,17975,17975,17975,17975,17975,17975,17975,17975,17975,17975,17975,17975,17975,17975,17975,17975,17975,17975,17975,17975,17975,17975,17975,17975,17975,17975,17975,17975,17975,17975,17975,17975,17975,17975,17975,17975,17975,17975,17975,17975,17975,17975,17975,17975,17975,17975,17975,17975,17975,17975,17975,17975,17975,17975,17975,17975,17975,17975,17975,17975,17975,17975,17975,17975,17975,17975,17975,17975,17975,17975,17975,17975,17975,17975,17975,17975,17975,17975,17975,17975,17975,17975,17975,17975,17975,17975,17975,17975,17975,17975,17975,17975,17975,17975,17975,17975,17975,17975,17975,17975,17975,17975,17975,17975,17975,17975,17975,17975,17975,17975,17975,17975,17975,17975,17975,17975,17975,17975,17975,17975,17975,17975,17975,17975,17975,17975,17975,17975,17975,17975,17975,17975,17975,17975,17975,17975,17975,17975,17975,17975,17975,17975,17975,17975,17975,17975,17975,17975,17975,17975,17975,17975,17975,17975,17975,17975,17975,17975,17975,17975,17975,17975,17975,17975,17975,17975,17975,17975,17975,17975,17975,17975,17975,17975,17975,17975,17975,17975,17975,17975,17975,17975,17975,17975,17975,17975,17975,17975,17975,17975,17975,17975,17975,17975,17975,17975,17975,17975,17975,17975,17975,17975,17975,17975,17975,17975,17975,17975,17975,17975,17975,17975,17975,17975,17975,17975,17975,17975,17975,17975,17975,17975,17975,17975,17975,17975,17975,17975,17975,17975,17975,17975,17975,17975,17975,17975,17975,17975,17975,17975,17975,17975,17975,17975,17975,17975,17975,17975,17975,17975,17975,17975,17975,17975,17975,17975,17975,17975,17975,17975,17975,17975,17975,17975,17975,17975,17975,17975,17975,17975,17975,17975,17975,17975,17975,17975,17975,17975,17975,17975,17975,17975,17975,17975,17975,17975,17975,17975,17975,17975,17975,17975,17975,17975,17975,17975,17975,17975,17975,17975,17975,17975,17975,17975,17975,17975,17975,17975,17975,17975,17975,17975,17975,17975,17975,17975,17975,17975,17975,17975,17975,17975,17975,17975,17975,17975,17975,17975,17975,17975,17975,17975,17975,17975,17975,17975,17975,17975,17975,17975,17975,17975,17975,17975,17975,17975,17975,17975,17975,17975,17975,17975,17975,17975,17975,17975,17975,17975,17975,17975,17975,17975,17975,17975,17975,17975,17975,17975,17975,17975,17975,17975,17975,17975,17975,17975,17975,17975,17975,17975,17975,17975,17975,17975,17975,17975,17975,17975,17975,17975,17975,17975,17975,17975,17975,17975,17975,17975,17975,17975,17975,17975,17975,17975,17975,17975,17975,17975,17975,17975,17975,17975,17975,17975,17975,17975,17975,17975,17975,17975,17975,17975,17975,17975,17975,17975,17975,17975,17975,17975,17975,17975,17975,17975,17975,17975,17975,17975,17975,17975,17975,17975,17975,17975,17975,17975,17975,17975,17975,17975,17975,17975,17975,17975,17975,17975,17975,17975,17975,17975,17975,17975,17975,17975,17975,17975,17975,17975,17975,17975,17975,17975,17975,17975,
30309,13635,13635,13635,13635,13635,13635,13635,13635,13635,13635,13635,13635,13635,13635,13635,13635,13635,13635,13635,13635,13635,13635,13635,13635,13635,13635,13635,13635,13635,13635,13635,13635,13635,13635,13635,13635,13635,13635,13635,13635,13635,13635,13635,13635,13635,13635,13635,13635,13635,13635,13635,13635,13635,13635,13635,13635,13635,13635,13635,13635,13635,13635,13635,13635,13635,13635,13635,13635,13635,13635,13635,13635,13635,13635,13635,13635,13635,13635,13635,13635,13635,13635,13635,13635,13635,13635,13635,13635,13635,13635,13635,13635,13635,13635,13635,13635,13635,13635,13635,13635,13635,13635,13635,13635,13635,13635,13635,13635,13635,13635,13635,13635,13635,13635,13635,13635,13635,13635,13635,13635,13635,13635,13635,13635,13635,13635,13635,13635,13635,13635,13635,13635,13635,13635,13635,13635,13635,13635,13635,13635,13635,13635,13635,13635,13635,13635,13635,13635,13635,13635,13635,13635,13635,13635,13635,13635,13635,13635,13635,13635,13635,13635,13635,13635,13635,13635,13635,13635,13635,13635,13635,13635,13635,13635,13635,13635,13635,13635,13635,13635,13635,13635,13635,13635,13635,13635,13635,13635,13635,13635,13635,13635,13635,13635,13635,13635,13635,13635,13635,13635,13635,13635,13635,13635,13635,13635,13635,13635,13635,13635,13635,13635,13635,13635,13635,13635,13635,13635,13635,13635,13635,13635,13635,13635,13635,13635,13635,13635,13635,13635,13635,13635,13635,13635,13635,13635,13635,13635,13635,13635,13635,13635,13635,13635,13635,13635,13635,13635,13635,13635,13635,13635,13635,13635,13635,13635,13635,13635,13635,13635,13635,13635,13635,13635,13635,13635,13635,13635,13635,13635,13635,13635,13635,13635,13635,13635,13635,13635,13635,13635,13635,13635,13635,13635,13635,13635,13635,13635,13635,13635,13635,13635,13635,13635,13635,13635,13635,13635,13635,13635,13635,13635,13635,13635,13635,13635,13635,13635,13635,13635,13635,13635,13635,13635,13635,13635,13635,13635,13635,13635,13635,13635,13635,13635,13635,13635,13635,13635,13635,13635,13635,13635,13635,13635,13635,13635,13635,13635,13635,13635,13635,13635,13635,13635,13635,13635,13635,13635,13635,13635,13635,13635,13635,13635,13635,13635,13635,13635,13635,13635,13635,13635,13635,13635,13635,13635,13635,13635,13635,13635,13635,13635,13635,13635,13635,13635,13635,13635,13635,13635,13635,13635,13635,13635,13635,13635,13635,13635,13635,13635,13635,13635,13635,13635,13635,13635,13635,13635,13635,13635,13635,13635,13635,13635,13635,13635,13635,13635,13635,13635,13635,13635,13635,13635,13635,13635,13635,13635,13635,13635,13635,13635,13635,13635,13635,13635,13635,13635,13635,13635,13635,13635,13635,13635,13635,13635,13635,13635,13635,13635,13635,13635,13635,13635,13635,13635,13635,13635,13635,13635,13635,13635,13635,13635,13635,13635,13635,13635,13635,13635,13635,13635,13635,13635,13635,13635,13635,13635,13635,13635,13635,13635,13635,13635,13635,13635,13635,13635,13635,13635,13635,13635,13635,13635,13635,13635,13635,13635,13635,13635,13635,13635,13635,13635,13635,13635,13635,13635,13635,13635,13635,13635,13635,13635,13635,13635,13635,13635,13635,13635,13635,13635,13635,13635,13635,13635,13635,13635,13635,13635,13635,13635,13635,13635,13635,13635,13635,13635,13635,13635,13635,13635,13635,13635,13635,13635,13635,13635,13635,13635,13635,13635,13635,13635,13635,
30350,12848,12848,12848,12848,12848,12848,12848,12848,12848,12848,12848,12848,12848,12848,12848,12848,12848,12848,12848,12848,12848,12848,12848,12848,12848,12848,12848,12848,12848,12848,12848,12848,12848,12848,12848,12848,12848,12848,12848,12848,12848,12848,12848,12848,12848,12848,12848,12848,12848,12848,12848,12848,12848,12848,12848,12848,12848,12848,12848,12848,12848,12848,12848,12848,12848,12848,12848,12848,12848,12848,12848,12848,12848,12848,12848,12848,12848,12848,12848,12848,12848,12848,12848,12848,12848,12848,12848,12848,12848,12848,12848,12848,12848,12848,12848,12848,12848,12848,12848,12848,12848,12848,12848,12848,12848,12848,12848,12848,12848,12848,12848,12848,12848,12848,12848,12848,12848,12848,12848,12848,12848,12848,12848,12848,12848,12848,12848,12848,12848,12848,12848,12848,12848,12848,12848,12848,12848,12848,12848,12848,12848,12848,12848,12848,12848,12848,12848,12848,12848,12848,12848,12848,12848,12848,12848,12848,12848,12848,12848,12848,12848,12848,12848,12848,12848,12848,12848,12848,12848,12848,12848,12848,12848,12848,12848,12848,12848,12848,12848,12848,12848,12848,12848,12848,12848,12848,12848,12848,12848,12848,12848,12848,12848,12848,12848,12848,12848,12848,12848,12848,12848,12848,12848,12848,12848,12848,12848,12848,12848,12848,12848,12848,12848,12848,12848,12848,12848,12848,12848,12848,12848,12848,12848,12848,12848,12848,12848,12848,12848,12848,12848,12848,12848,12848,12848,12848,12848,12848,12848,12848,12848,12848,12848,12848,12848,12848,12848,12848,12848,12848,12848,12848,12848,12848,12848,12848,12848,12848,12848,12848,12848,12848,12848,12848,12848,12848,12848,12848,12848,12848,12848,12848,12848,12848,12848,12848,12848,12848,12848,12848,12848,12848,12848,12848,12848,12848,12848,12848,12848,12848,12848,12848,12848,12848,12848,12848,12848,12848,12848,12848,12848,12848,12848,12848,12848,12848,12848,12848,12848,12848,12848,12848,12848,12848,12848,12848,12848,12848,12848,12848,12848,12848,12848,12848,12848,12848,12848,12848,12848,12848,12848,12848,12848,12848,12848,12848,12848,12848,12848,12848,12848,12848,12848,12848,12848,12848,12848,12848,12848,12848,12848,12848,12848,12848,12848,12848,12848,12848,12848,12848,12848,12848,12848,12848,12848,12848,12848,12848,12848,12848,12848,12848,12848,12848,12848,12848,12848,12848,12848,12848,12848,12848,12848,12848,12848,12848,12848,12848,12848,12848,12848,12848,12848,12848,12848,12848,12848,12848,12848,12848,12848,12848,12848,12848,12848,12848,12848,12848,12848,12848,12848,12848,12848,12848,12848,12848,12848,12848,12848,12848,12848,12848,12848,12848,12848,12848,12848,12848,12848,12848,12848,12848,12848,12848,12848,12848,12848,12848,12848,12848,12848,12848,12848,12848,12848,12848,12848,12848,12848,12848,12848,12848,12848,12848,12848,12848,12848,12848,12848,12848,12848,12848,12848,12848,12848,12848,12848,12848,12848,12848,12848,12848,12848,12848,12848,12848,12848,12848,12848,12848,12848,12848,12848,12848,12848,12848,12848,12848,12848,12848,12848,12848,12848,12848,12848,12848,12848,12848,12848,12848,12848,12848,12848,12848,12848,12848,12848,12848,12848,12848,12848,12848,12848,12848,12848,12848,12848,12848,12848,12848,12848,12848,12848,12848,12848,12848,12848,12848,12848,12848,12848,12848,12848,12848,12848,12848,12848,12848,12848,12848,12848,12848,12848,12848,12848,
30351,12852,12852,12852,12852,12852,12852,12852,12852,12852,12852,12852,12852,12852,12852,12852,12852,12852,12852,12852,12852,12852,12852,12852,12852,12852,12852,12852,12852,12852,12852,12852,12852,12852,12852,12852,12852,12852,12852,12852,12852,12852,12852,12852,12852,12852,12852,12852,12852,12852,12852,12852,12852,12852,12852,12852,12852,12852,12852,12852,12852,12852,12852,12852,12852,12852,12852,12852,12852,12852,12852,12852,12852,12852,12852,12852,12852,12852,12852,12852,12852,12852,12852,12852,12852,12852,12852,12852,12852,12852,12852,12852,12852,12852,12852,12852,12852,12852,12852,12852,12852,12852,12852,12852,12852,12852,12852,12852,12852,12852,12852,12852,12852,12852,12852,12852,12852,12852,12852,12852,12852,12852,12852,12852,12852,12852,12852,12852,12852,12852,12852,12852,12852,12852,12852,12852,12852,12852,12852,12852,12852,12852,12852,12852,12852,12852,12852,12852,12852,12852,12852,12852,12852,12852,12852,12852,12852,12852,12852,12852,12852,12852,12852,12852,12852,12852,12852,12852,12852,12852,12852,12852,12852,12852,12852,12852,12852,12852,12852,12852,12852,12852,12852,12852,12852,12852,12852,12852,12852,12852,12852,12852,12852,12852,12852,12852,12852,12852,12852,12852,12852,12852,12852,12852,12852,12852,12852,12852,12852,12852,12852,12852,12852,12852,12852,12852,12852,12852,12852,12852,12852,12852,12852,12852,12852,12852,12852,12852,12852,12852,12852,12852,12852,12852,12852,12852,12852,12852,12852,12852,12852,12852,12852,12852,12852,12852,12852,12852,12852,12852,12852,12852,12852,12852,12852,12852,12852,12852,12852,12852,12852,12852,12852,12852,12852,12852,12852,12852,12852,12852,12852,12852,12852,12852,12852,12852,12852,12852,12852,12852,12852,12852,12852,12852,12852,12852,12852,12852,12852,12852,12852,12852,12852,12852,12852,12852,12852,12852,12852,12852,12852,12852,12852,12852,12852,12852,12852,12852,12852,12852,12852,12852,12852,12852,12852,12852,12852,12852,12852,12852,12852,12852,12852,12852,12852,12852,12852,12852,12852,12852,12852,12852,12852,12852,12852,12852,12852,12852,12852,12852,12852,12852,12852,12852,12852,12852,12852,12852,12852,12852,12852,12852,12852,12852,12852,12852,12852,12852,12852,12852,12852,12852,12852,12852,12852,12852,12852,12852,12852,12852,12852,12852,12852,12852,12852,12852,12852,12852,12852,12852,12852,12852,12852,12852,12852,12852,12852,12852,12852,12852,12852,12852,12852,12852,12852,12852,12852,12852,12852,12852,12852,12852,12852,12852,12852,12852,12852,12852,12852,12852,12852,12852,12852,12852,12852,12852,12852,12852,12852,12852,12852,12852,12852,12852,12852,12852,12852,12852,12852,12852,12852,12852,12852,12852,12852,12852,12852,12852,12852,12852,12852,12852,12852,12852,12852,12852,12852,12852,12852,12852,12852,12852,12852,12852,12852,12852,12852,12852,12852,12852,12852,12852,12852,12852,12852,12852,12852,12852,12852,12852,12852,12852,12852,12852,12852,12852,12852,12852,12852,12852,12852,12852,12852,12852,12852,12852,12852,12852,12852,12852,12852,12852,12852,12852,12852,12852,12852,12852,12852,12852,12852,12852,12852,12852,12852,12852,12852,12852,12852,12852,12852,12852,12852,12852,12852,12852,12852,12852,12852,12852,12852,12852,12852,12852,12852,12852,12852,12852,12852,12852,12852,12852,12852,12852,12852,12852,12852,12852,12852,12852,12852,12852,12852,12852,12852,12852,
30352,12345,12345,12345,12345,12345,12345,12345,12345,12345,12345,12345,12345,12345,12345,12345,12345,12345,12345,12345,12345,12345,12345,12345,12345,12345,12345,12345,12345,12345,12345,12345,12345,12345,12345,12345,12345,12345,12345,12345,12345,12345,12345,12345,12345,12345,12345,12345,12345,12345,12345,12345,12345,12345,12345,12345,12345,12345,12345,12345,12345,12345,12345,12345,12345,12345,12345,12345,12345,12345,12345,12345,12345,12345,12345,12345,12345,12345,12345,12345,12345,12345,12345,12345,12345,12345,12345,12345,12345,12345,12345,12345,12345,12345,12345,12345,12345,12345,12345,12345,12345,12345,12345,12345,12345,12345,12345,12345,12345,12345,12345,12345,12345,12345,12345,12345,12345,12345,12345,12345,12345,12345,12345,12345,12345,12345,12345,12345,12345,12345,12345,12345,12345,12345,12345,12345,12345,12345,12345,12345,12345,12345,12345,12345,12345,12345,12345,12345,12345,12345,12345,12345,12345,12345,12345,12345,12345,12345,12345,12345,12345,12345,12345,12345,12345,12345,12345,12345,12345,12345,12345,12345,12345,12345,12345,12345,12345,12345,12345,12345,12345,12345,12345,12345,12345,12345,12345,12345,12345,12345,12345,12345,12345,12345,12345,12345,12345,12345,12345,12345,12345,12345,12345,12345,12345,12345,12345,12345,12345,12345,12345,12345,12345,12345,12345,12345,12345,12345,12345,12345,12345,12345,12345,12345,12345,12345,12345,12345,12345,12345,12345,12345,12345,12345,12345,12345,12345,12345,12345,12345,12345,12345,12345,12345,12345,12345,12345,12345,12345,12345,12345,12345,12345,12345,12345,12345,12345,12345,12345,12345,12345,12345,12345,12345,12345,12345,12345,12345,12345,12345,12345,12345,12345,12345,12345,12345,12345,12345,12345,12345,12345,12345,12345,12345,12345,12345,12345,12345,12345,12345,12345,12345,12345,12345,12345,12345,12345,12345,12345,12345,12345,12345,12345,12345,12345,12345,12345,12345,12345,12345,12345,12345,12345,12345,12345,12345,12345,12345,12345,12345,12345,12345,12345,12345,12345,12345,12345,12345,12345,12345,12345,12345,12345,12345,12345,12345,12345,12345,12345,12345,12345,12345,12345,12345,12345,12345,12345,12345,12345,12345,12345,12345,12345,12345,12345,12345,12345,12345,12345,12345,12345,12345,12345,12345,12345,12345,12345,12345,12345,12345,12345,12345,12345,12345,12345,12345,12345,12345,12345,12345,12345,12345,12345,12345,12345,12345,12345,12345,12345,12345,12345,12345,12345,12345,12345,12345,12345,12345,12345,12345,12345,12345,12345,12345,12345,12345,12345,12345,12345,12345,12345,12345,12345,12345,12345,12345,12345,12345,12345,12345,12345,12345,12345,12345,12345,12345,12345,12345,12345,12345,12345,12345,12345,12345,12345,12345,12345,12345,12345,12345,12345,12345,12345,12345,12345,12345,12345,12345,12345,12345,12345,12345,12345,12345,12345,12345,12345,12345,12345,12345,12345,12345,12345,12345,12345,12345,12345,12345,12345,12345,12345,12345,12345,12345,12345,12345,12345,12345,12345,12345,12345,12345,12345,12345,12345,12345,12345,12345,12345,12345,12345,12345,12345,12345,12345,12345,12345,12345,12345,12345,12345,12345,12345,12345,12345,12345,12345,12345,12345,12345,12345,12345,12345,12345,12345,12345,12345,12345,12345,12345,12345,12345,12345,12345,12345,12345,12345,12345,12345,12345,12345,12345,12345,12345,12345,12345,12345,12345,12345,12345,12345,12345,12345,12345,12345,12345,
30353,12345,12345,12345,12345,12345,12345,12345,12345,12345,12345,12345,12345,12345,12345,12345,12345,12345,12345,12345,12345,12345,12345,12345,12345,12345,12345,12345,12345,12345,12345,12345,12345,12345,12345,12345,12345,12345,12345,12345,12345,12345,12345,12345,12345,12345,12345,12345,12345,12345,12345,12345,12345,12345,12345,12345,12345,12345,12345,12345,12345,12345,12345,12345,12345,12345,12345,12345,12345,12345,12345,12345,12345,12345,12345,12345,12345,12345,12345,12345,12345,12345,12345,12345,12345,12345,12345,12345,12345,12345,12345,12345,12345,12345,12345,12345,12345,12345,12345,12345,12345,12345,12345,12345,12345,12345,12345,12345,12345,12345,12345,12345,12345,12345,12345,12345,12345,12345,12345,12345,12345,12345,12345,12345,12345,12345,12345,12345,12345,12345,12345,12345,12345,12345,12345,12345,12345,12345,12345,12345,12345,12345,12345,12345,12345,12345,12345,12345,12345,12345,12345,12345,12345,12345,12345,12345,12345,12345,12345,12345,12345,12345,12345,12345,12345,12345,12345,12345,12345,12345,12345,12345,12345,12345,12345,12345,12345,12345,12345,12345,12345,12345,12345,12345,12345,12345,12345,12345,12345,12345,12345,12345,12345,12345,12345,12345,12345,12345,12345,12345,12345,12345,12345,12345,12345,12345,12345,12345,12345,12345,12345,12345,12345,12345,12345,12345,12345,12345,12345,12345,12345,12345,12345,12345,12345,12345,12345,12345,12345,12345,12345,12345,12345,12345,12345,12345,12345,12345,12345,12345,12345,12345,12345,12345,12345,12345,12345,12345,12345,12345,12345,12345,12345,12345,12345,12345,12345,12345,12345,12345,12345,12345,12345,12345,12345,12345,12345,12345,12345,12345,12345,12345,12345,12345,12345,12345,12345,12345,12345,12345,12345,12345,12345,12345,12345,12345,12345,12345,12345,12345,12345,12345,12345,12345,12345,12345,12345,12345,12345,12345,12345,12345,12345,12345,12345,12345,12345,12345,12345,12345,12345,12345,12345,12345,12345,12345,12345,12345,12345,12345,12345,12345,12345,12345,12345,12345,12345,12345,12345,12345,12345,12345,12345,12345,12345,12345,12345,12345,12345,12345,12345,12345,12345,12345,12345,12345,12345,12345,12345,12345,12345,12345,12345,12345,12345,12345,12345,12345,12345,12345,12345,12345,12345,12345,12345,12345,12345,12345,12345,12345,12345,12345,12345,12345,12345,12345,12345,12345,12345,12345,12345,12345,12345,12345,12345,12345,12345,12345,12345,12345,12345,12345,12345,12345,12345,12345,12345,12345,12345,12345,12345,12345,12345,12345,12345,12345,12345,12345,12345,12345,12345,12345,12345,12345,12345,12345,12345,12345,12345,12345,12345,12345,12345,12345,12345,12345,12345,12345,12345,12345,12345,12345,12345,12345,12345,12345,12345,12345,12345,12345,12345,12345,12345,12345,12345,12345,12345,12345,12345,12345,12345,12345,12345,12345,12345,12345,12345,12345,12345,12345,12345,12345,12345,12345,12345,12345,12345,12345,12345,12345,12345,12345,12345,12345,12345,12345,12345,12345,12345,12345,12345,12345,12345,12345,12345,12345,12345,12345,12345,12345,12345,12345,12345,12345,12345,12345,12345,12345,12345,12345,12345,12345,12345,12345,12345,12345,12345,12345,12345,12345,12345,12345,12345,12345,12345,12345,12345,12345,12345,12345,12345,12345,12345,12345,12345,12345,12345,12345,12345,12345,12345,12345,12345,12345,12345,12345,12345,12345,12345,12345,12345,12345,12345,12345,12345,12345,
30354,12337,12337,12337,12337,12337,12337,12337,12337,12337,12337,12337,12337,12337,12337,12337,12337,12337,12337,12337,12337,12337,12337,12337,12337,12337,12337,12337,12337,12337,12337,12337,12337,12337,12337,12337,12337,12337,12337,12337,12337,12337,12337,12337,12337,12337,12337,12337,12337,12337,12337,12337,12337,12337,12337,12337,12337,12337,12337,12337,12337,12337,12337,12337,12337,12337,12337,12337,12337,12337,12337,12337,12337,12337,12337,12337,12337,12337,12337,12337,12337,12337,12337,12337,12337,12337,12337,12337,12337,12337,12337,12337,12337,12337,12337,12337,12337,12337,12337,12337,12337,12337,12337,12337,12337,12337,12337,12337,12337,12337,12337,12337,12337,12337,12337,12337,12337,12337,12337,12337,12337,12337,12337,12337,12337,12337,12337,12337,12337,12337,12337,12337,12337,12337,12337,12337,12337,12337,12337,12337,12337,12337,12337,12337,12337,12337,12337,12337,12337,12337,12337,12337,12337,12337,12337,12337,12337,12337,12337,12337,12337,12337,12337,12337,12337,12337,12337,12337,12337,12337,12337,12337,12337,12337,12337,12337,12337,12337,12337,12337,12337,12337,12337,12337,12337,12337,12337,12337,12337,12337,12337,12337,12337,12337,12337,12337,12337,12337,12337,12337,12337,12337,12337,12337,12337,12337,12337,12337,12337,12337,12337,12337,12337,12337,12337,12337,12337,12337,12337,12337,12337,12337,12337,12337,12337,12337,12337,12337,12337,12337,12337,12337,12337,12337,12337,12337,12337,12337,12337,12337,12337,12337,12337,12337,12337,12337,12337,12337,12337,12337,12337,12337,12337,12337,12337,12337,12337,12337,12337,12337,12337,12337,12337,12337,12337,12337,12337,12337,12337,12337,12337,12337,12337,12337,12337,12337,12337,12337,12337,12337,12337,12337,12337,12337,12337,12337,12337,12337,12337,12337,12337,12337,12337,12337,12337,12337,12337,12337,12337,12337,12337,12337,12337,12337,12337,12337,12337,12337,12337,12337,12337,12337,12337,12337,12337,12337,12337,12337,12337,12337,12337,12337,12337,12337,12337,12337,12337,12337,12337,12337,12337,12337,12337,12337,12337,12337,12337,12337,12337,12337,12337,12337,12337,12337,12337,12337,12337,12337,12337,12337,12337,12337,12337,12337,12337,12337,12337,12337,12337,12337,12337,12337,12337,12337,12337,12337,12337,12337,12337,12337,12337,12337,12337,12337,12337,12337,12337,12337,12337,12337,12337,12337,12337,12337,12337,12337,12337,12337,12337,12337,12337,12337,12337,12337,12337,12337,12337,12337,12337,12337,12337,12337,12337,12337,12337,12337,12337,12337,12337,12337,12337,12337,12337,12337,12337,12337,12337,12337,12337,12337,12337,12337,12337,12337,12337,12337,12337,12337,12337,12337,12337,12337,12337,12337,12337,12337,12337,12337,12337,12337,12337,12337,12337,12337,12337,12337,12337,12337,12337,12337,12337,12337,12337,12337,12337,12337,12337,12337,12337,12337,12337,12337,12337,12337,12337,12337,12337,12337,12337,12337,12337,12337,12337,12337,12337,12337,12337,12337,12337,12337,12337,12337,12337,12337,12337,12337,12337,12337,12337,12337,12337,12337,12337,12337,12337,12337,12337,12337,12337,12337,12337,12337,12337,12337,12337,12337,12337,12337,12337,12337,12337,12337,12337,12337,12337,12337,12337,12337,12337,12337,12337,12337,12337,12337,12337,12337,12337,12337,12337,12337,12337,12337,12337,12337,12337,12337,12337,12337,12337,12337,12337,12337,12337,12337,12337,12337,
30355,13625,13625,13625,13625,13625,13625,13625,13625,13625,13625,13625,13625,13625,13625,13625,13625,13625,13625,13625,13625,13625,13625,13625,13625,13625,13625,13625,13625,13625,13625,13625,13625,13625,13625,13625,13625,13625,13625,13625,13625,13625,13625,13625,13625,13625,13625,13625,13625,13625,13625,13625,13625,13625,13625,13625,13625,13625,13625,13625,13625,13625,13625,13625,13625,13625,13625,13625,13625,13625,13625,13625,13625,13625,13625,13625,13625,13625,13625,13625,13625,13625,13625,13625,13625,13625,13625,13625,13625,13625,13625,13625,13625,13625,13625,13625,13625,13625,13625,13625,13625,13625,13625,13625,13625,13625,13625,13625,13625,13625,13625,13625,13625,13625,13625,13625,13625,13625,13625,13625,13625,13625,13625,13625,13625,13625,13625,13625,13625,13625,13625,13625,13625,13625,13625,13625,13625,13625,13625,13625,13625,13625,13625,13625,13625,13625,13625,13625,13625,13625,13625,13625,13625,13625,13625,13625,13625,13625,13625,13625,13625,13625,13625,13625,13625,13625,13625,13625,13625,13625,13625,13625,13625,13625,13625,13625,13625,13625,13625,13625,13625,13625,13625,13625,13625,13625,13625,13625,13625,13625,13625,13625,13625,13625,13625,13625,13625,13625,13625,13625,13625,13625,13625,13625,13625,13625,13625,13625,13625,13625,13625,13625,13625,13625,13625,13625,13625,13625,13625,13625,13625,13625,13625,13625,13625,13625,13625,13625,13625,13625,13625,13625,13625,13625,13625,13625,13625,13625,13625,13625,13625,13625,13625,13625,13625,13625,13625,13625,13625,13625,13625,13625,13625,13625,13625,13625,13625,13625,13625,13625,13625,13625,13625,13625,13625,13625,13625,13625,13625,13625,13625,13625,13625,13625,13625,13625,13625,13625,13625,13625,13625,13625,13625,13625,13625,13625,13625,13625,13625,13625,13625,13625,13625,13625,13625,13625,13625,13625,13625,13625,13625,13625,13625,13625,13625,13625,13625,13625,13625,13625,13625,13625,13625,13625,13625,13625,13625,13625,13625,13625,13625,13625,13625,13625,13625,13625,13625,13625,13625,13625,13625,13625,13625,13625,13625,13625,13625,13625,13625,13625,13625,13625,13625,13625,13625,13625,13625,13625,13625,13625,13625,13625,13625,13625,13625,13625,13625,13625,13625,13625,13625,13625,13625,13625,13625,13625,13625,13625,13625,13625,13625,13625,13625,13625,13625,13625,13625,13625,13625,13625,13625,13625,13625,13625,13625,13625,13625,13625,13625,13625,13625,13625,13625,13625,13625,13625,13625,13625,13625,13625,13625,13625,13625,13625,13625,13625,13625,13625,13625,13625,13625,13625,13625,13625,13625,13625,13625,13625,13625,13625,13625,13625,13625,13625,13625,13625,13625,13625,13625,13625,13625,13625,13625,13625,13625,13625,13625,13625,13625,13625,13625,13625,13625,13625,13625,13625,13625,13625,13625,13625,13625,13625,13625,13625,13625,13625,13625,13625,13625,13625,13625,13625,13625,13625,13625,13625,13625,13625,13625,13625,13625,13625,13625,13625,13625,13625,13625,13625,13625,13625,13625,13625,13625,13625,13625,13625,13625,13625,13625,13625,13625,13625,13625,13625,13625,13625,13625,13625,13625,13625,13625,13625,13625,13625,13625,13625,13625,13625,13625,13625,13625,13625,13625,13625,13625,13625,13625,13625,13625,13625,13625,13625,13625,13625,13625,13625,13625,13625,13625,13625,13625,13625,13625,13625,13625,13625,13625,13625,13625,13625,13625,13625,13625,13625,13625,13625,
30400,49320,49320,49320,49320,49320,49320,49320,49320,49320,49320,49320,49320,49320,49320,49320,49320,49320,49320,49320,49320,49320,49320,49320,49320,49320,49320,49320,49320,49320,49320,49320,49320,49320,49320,49320,49320,49320,49320,49320,49320,49320,49320,49320,49320,49320,49320,49320,49320,49320,49320,49320,49320,49320,49320,49320,49320,49320,49320,49320,49320,49320,49320,49320,49320,49320,49320,49320,49320,49320,49320,49320,49320,49320,49320,49320,49320,49320,49320,49320,49320,49320,49320,49320,49320,49320,49320,49320,49320,49320,49320,49320,49320,49320,49320,49320,49320,49320,49320,49320,49320,49320,49320,49320,49320,49320,49320,49320,49320,49320,49320,49320,49320,49320,49320,49320,49320,49320,49320,49320,49320,49320,49320,49320,49320,49320,49320,49320,49320,49320,49320,49320,49320,49320,49320,49320,49320,49320,49320,49320,49320,49320,49320,49320,49320,49320,49320,49320,49320,49320,49320,49320,49320,49320,49320,49320,49320,49320,49320,49320,49320,49320,49320,49320,49320,49320,49320,49320,49320,49320,49320,49320,49320,49320,49320,49320,49320,49320,49320,49320,49320,49320,49320,49320,49320,49320,49320,49320,49320,49320,49320,49320,49320,49320,49320,49320,49320,49320,49320,49320,49320,49320,49320,49320,49320,49320,49320,49320,49320,49320,49320,49320,49320,49320,49320,49320,49320,49320,49320,49320,49320,49320,49320,49320,49320,49320,49320,49320,49320,49320,49320,49320,49320,49320,49320,49320,49320,49320,49320,49320,49320,49320,49320,49320,49320,49320,49320,49320,49320,49320,49320,49320,49320,49320,49320,49320,49320,49320,49320,49320,49320,49320,49320,49320,49320,49320,49320,49320,49320,49320,49320,49320,49320,49320,49320,49320,49320,49320,49320,49320,49320,49320,49320,49320,49320,49320,49320,49320,49320,49320,49320,49320,49320,49320,49320,49320,49320,49320,49320,49320,49320,49320,49320,49320,49320,49320,49320,49320,49320,49320,49320,49320,49320,49320,49320,49320,49320,49320,49320,49320,49320,49320,49320,49320,49320,49320,49320,49320,49320,49320,49320,49320,49320,49320,49320,49320,49320,49320,49320,49320,49320,49320,49320,49320,49320,49320,49320,49320,49320,49320,49320,49320,49320,49320,49320,49320,49320,49320,49320,49320,49320,49320,49320,49320,49320,49320,49320,49320,49320,49320,49320,49320,49320,49320,49320,49320,49320,49320,49320,49320,49320,49320,49320,49320,49320,49320,49320,49320,49320,49320,49320,49320,49320,49320,49320,49320,49320,49320,49320,49320,49320,49320,49320,49320,49320,49320,49320,49320,49320,49320,49320,49320,49320,49320,49320,49320,49320,49320,49320,49320,49320,49320,49320,49320,49320,49320,49320,49320,49320,49320,49320,49320,49320,49320,49320,49320,49320,49320,49320,49320,49320,49320,49320,49320,49320,49320,49320,49320,49320,49320,49320,49320,49320,49320,49320,49320,49320,49320,49320,49320,49320,49320,49320,49320,49320,49320,49320,49320,49320,49320,49320,49320,49320,49320,49320,49320,49320,49320,49320,49320,49320,49320,49320,49320,49320,49320,49320,49320,49320,49320,49320,49320,49320,49320,49320,49320,49320,49320,49320,49320,49320,49320,49320,49320,49320,49320,49320,49320,49320,49320,49320,49320,49320,49320,49320,49320,49320,49320,49320,49320,49320,49320,49320,49320,49320,49320,49320,49320,49320,49320,49320,49320,49320,49320,49320,49320,49320,49320,49320,49320,49320,49320,49320,49320,49320,49320,
30401,46490,46490,46490,46490,46490,46490,46490,46490,46490,46490,46490,46490,46490,46490,46490,46490,46490,46490,46490,46490,46490,46490,46490,46490,46490,46490,46490,46490,46490,46490,46490,46490,46490,46490,46490,46490,46490,46490,46490,46490,46490,46490,46490,46490,46490,46490,46490,46490,46490,46490,46490,46490,46490,46490,46490,46490,46490,46490,46490,46490,46490,46490,46490,46490,46490,46490,46490,46490,46490,46490,46490,46490,46490,46490,46490,46490,46490,46490,46490,46490,46490,46490,46490,46490,46490,46490,46490,46490,46490,46490,46490,46490,46490,46490,46490,46490,46490,46490,46490,46490,46490,46490,46490,46490,46490,46490,46490,46490,46490,46490,46490,46490,46490,46490,46490,46490,46490,46490,46490,46490,46490,46490,46490,46490,46490,46490,46490,46490,46490,46490,46490,46490,46490,46490,46490,46490,46490,46490,46490,46490,46490,46490,46490,46490,46490,46490,46490,46490,46490,46490,46490,46490,46490,46490,46490,46490,46490,46490,46490,46490,46490,46490,46490,46490,46490,46490,46490,46490,46490,46490,46490,46490,46490,46490,46490,46490,46490,46490,46490,46490,46490,46490,46490,46490,46490,46490,46490,46490,46490,46490,46490,46490,46490,46490,46490,46490,46490,46490,46490,46490,46490,46490,46490,46490,46490,46490,46490,46490,46490,46490,46490,46490,46490,46490,46490,46490,46490,46490,46490,46490,46490,46490,46490,46490,46490,46490,46490,46490,46490,46490,46490,46490,46490,46490,46490,46490,46490,46490,46490,46490,46490,46490,46490,46490,46490,46490,46490,46490,46490,46490,46490,46490,46490,46490,46490,46490,46490,46490,46490,46490,46490,46490,46490,46490,46490,46490,46490,46490,46490,46490,46490,46490,46490,46490,46490,46490,46490,46490,46490,46490,46490,46490,46490,46490,46490,46490,46490,46490,46490,46490,46490,46490,46490,46490,46490,46490,46490,46490,46490,46490,46490,46490,46490,46490,46490,46490,46490,46490,46490,46490,46490,46490,46490,46490,46490,46490,46490,46490,46490,46490,46490,46490,46490,46490,46490,46490,46490,46490,46490,46490,46490,46490,46490,46490,46490,46490,46490,46490,46490,46490,46490,46490,46490,46490,46490,46490,46490,46490,46490,46490,46490,46490,46490,46490,46490,46490,46490,46490,46490,46490,46490,46490,46490,46490,46490,46490,46490,46490,46490,46490,46490,46490,46490,46490,46490,46490,46490,46490,46490,46490,46490,46490,46490,46490,46490,46490,46490,46490,46490,46490,46490,46490,46490,46490,46490,46490,46490,46490,46490,46490,46490,46490,46490,46490,46490,46490,46490,46490,46490,46490,46490,46490,46490,46490,46490,46490,46490,46490,46490,46490,46490,46490,46490,46490,46490,46490,46490,46490,46490,46490,46490,46490,46490,46490,46490,46490,46490,46490,46490,46490,46490,46490,46490,46490,46490,46490,46490,46490,46490,46490,46490,46490,46490,46490,46490,46490,46490,46490,46490,46490,46490,46490,46490,46490,46490,46490,46490,46490,46490,46490,46490,46490,46490,46490,46490,46490,46490,46490,46490,46490,46490,46490,46490,46490,46490,46490,46490,46490,46490,46490,46490,46490,46490,46490,46490,46490,46490,46490,46490,46490,46490,46490,46490,46490,46490,46490,46490,46490,46490,46490,46490,46490,46490,46490,46490,46490,46490,46490,46490,46490,46490,46490,46490,46490,46490,46490,46490,46490,46490,46490,46490,46490,46490,46490,46490,46490,46490,46490,46490,46490,46490,46490,46490,46490,46490,
30402,49320,49320,49320,49320,49320,49320,49320,49320,49320,49320,49320,49320,49320,49320,49320,49320,49320,49320,49320,49320,49320,49320,49320,49320,49320,49320,49320,49320,49320,49320,49320,49320,49320,49320,49320,49320,49320,49320,49320,49320,49320,49320,49320,49320,49320,49320,49320,49320,49320,49320,49320,49320,49320,49320,49320,49320,49320,49320,49320,49320,49320,49320,49320,49320,49320,49320,49320,49320,49320,49320,49320,49320,49320,49320,49320,49320,49320,49320,49320,49320,49320,49320,49320,49320,49320,49320,49320,49320,49320,49320,49320,49320,49320,49320,49320,49320,49320,49320,49320,49320,49320,49320,49320,49320,49320,49320,49320,49320,49320,49320,49320,49320,49320,49320,49320,49320,49320,49320,49320,49320,49320,49320,49320,49320,49320,49320,49320,49320,49320,49320,49320,49320,49320,49320,49320,49320,49320,49320,49320,49320,49320,49320,49320,49320,49320,49320,49320,49320,49320,49320,49320,49320,49320,49320,49320,49320,49320,49320,49320,49320,49320,49320,49320,49320,49320,49320,49320,49320,49320,49320,49320,49320,49320,49320,49320,49320,49320,49320,49320,49320,49320,49320,49320,49320,49320,49320,49320,49320,49320,49320,49320,49320,49320,49320,49320,49320,49320,49320,49320,49320,49320,49320,49320,49320,49320,49320,49320,49320,49320,49320,49320,49320,49320,49320,49320,49320,49320,49320,49320,49320,49320,49320,49320,49320,49320,49320,49320,49320,49320,49320,49320,49320,49320,49320,49320,49320,49320,49320,49320,49320,49320,49320,49320,49320,49320,49320,49320,49320,49320,49320,49320,49320,49320,49320,49320,49320,49320,49320,49320,49320,49320,49320,49320,49320,49320,49320,49320,49320,49320,49320,49320,49320,49320,49320,49320,49320,49320,49320,49320,49320,49320,49320,49320,49320,49320,49320,49320,49320,49320,49320,49320,49320,49320,49320,49320,49320,49320,49320,49320,49320,49320,49320,49320,49320,49320,49320,49320,49320,49320,49320,49320,49320,49320,49320,49320,49320,49320,49320,49320,49320,49320,49320,49320,49320,49320,49320,49320,49320,49320,49320,49320,49320,49320,49320,49320,49320,49320,49320,49320,49320,49320,49320,49320,49320,49320,49320,49320,49320,49320,49320,49320,49320,49320,49320,49320,49320,49320,49320,49320,49320,49320,49320,49320,49320,49320,49320,49320,49320,49320,49320,49320,49320,49320,49320,49320,49320,49320,49320,49320,49320,49320,49320,49320,49320,49320,49320,49320,49320,49320,49320,49320,49320,49320,49320,49320,49320,49320,49320,49320,49320,49320,49320,49320,49320,49320,49320,49320,49320,49320,49320,49320,49320,49320,49320,49320,49320,49320,49320,49320,49320,49320,49320,49320,49320,49320,49320,49320,49320,49320,49320,49320,49320,49320,49320,49320,49320,49320,49320,49320,49320,49320,49320,49320,49320,49320,49320,49320,49320,49320,49320,49320,49320,49320,49320,49320,49320,49320,49320,49320,49320,49320,49320,49320,49320,49320,49320,49320,49320,49320,49320,49320,49320,49320,49320,49320,49320,49320,49320,49320,49320,49320,49320,49320,49320,49320,49320,49320,49320,49320,49320,49320,49320,49320,49320,49320,49320,49320,49320,49320,49320,49320,49320,49320,49320,49320,49320,49320,49320,49320,49320,49320,49320,49320,49320,49320,49320,49320,49320,49320,49320,49320,49320,49320,49320,49320,49320,49320,49320,49320,49320,49320,49320,49320,49320,49320,49320,49320,49320,49320,49320,49320,49320,49320,49320,49320,
30403,46337,46337,46337,46337,46337,46337,46337,46337,46337,46337,46337,46337,46337,46337,46337,46337,46337,46337,46337,46337,46337,46337,46337,46337,46337,46337,46337,46337,46337,46337,46337,46337,46337,46337,46337,46337,46337,46337,46337,46337,46337,46337,46337,46337,46337,46337,46337,46337,46337,46337,46337,46337,46337,46337,46337,46337,46337,46337,46337,46337,46337,46337,46337,46337,46337,46337,46337,46337,46337,46337,46337,46337,46337,46337,46337,46337,46337,46337,46337,46337,46337,46337,46337,46337,46337,46337,46337,46337,46337,46337,46337,46337,46337,46337,46337,46337,46337,46337,46337,46337,46337,46337,46337,46337,46337,46337,46337,46337,46337,46337,46337,46337,46337,46337,46337,46337,46337,46337,46337,46337,46337,46337,46337,46337,46337,46337,46337,46337,46337,46337,46337,46337,46337,46337,46337,46337,46337,46337,46337,46337,46337,46337,46337,46337,46337,46337,46337,46337,46337,46337,46337,46337,46337,46337,46337,46337,46337,46337,46337,46337,46337,46337,46337,46337,46337,46337,46337,46337,46337,46337,46337,46337,46337,46337,46337,46337,46337,46337,46337,46337,46337,46337,46337,46337,46337,46337,46337,46337,46337,46337,46337,46337,46337,46337,46337,46337,46337,46337,46337,46337,46337,46337,46337,46337,46337,46337,46337,46337,46337,46337,46337,46337,46337,46337,46337,46337,46337,46337,46337,46337,46337,46337,46337,46337,46337,46337,46337,46337,46337,46337,46337,46337,46337,46337,46337,46337,46337,46337,46337,46337,46337,46337,46337,46337,46337,46337,46337,46337,46337,46337,46337,46337,46337,46337,46337,46337,46337,46337,46337,46337,46337,46337,46337,46337,46337,46337,46337,46337,46337,46337,46337,46337,46337,46337,46337,46337,46337,46337,46337,46337,46337,46337,46337,46337,46337,46337,46337,46337,46337,46337,46337,46337,46337,46337,46337,46337,46337,46337,46337,46337,46337,46337,46337,46337,46337,46337,46337,46337,46337,46337,46337,46337,46337,46337,46337,46337,46337,46337,46337,46337,46337,46337,46337,46337,46337,46337,46337,46337,46337,46337,46337,46337,46337,46337,46337,46337,46337,46337,46337,46337,46337,46337,46337,46337,46337,46337,46337,46337,46337,46337,46337,46337,46337,46337,46337,46337,46337,46337,46337,46337,46337,46337,46337,46337,46337,46337,46337,46337,46337,46337,46337,46337,46337,46337,46337,46337,46337,46337,46337,46337,46337,46337,46337,46337,46337,46337,46337,46337,46337,46337,46337,46337,46337,46337,46337,46337,46337,46337,46337,46337,46337,46337,46337,46337,46337,46337,46337,46337,46337,46337,46337,46337,46337,46337,46337,46337,46337,46337,46337,46337,46337,46337,46337,46337,46337,46337,46337,46337,46337,46337,46337,46337,46337,46337,46337,46337,46337,46337,46337,46337,46337,46337,46337,46337,46337,46337,46337,46337,46337,46337,46337,46337,46337,46337,46337,46337,46337,46337,46337,46337,46337,46337,46337,46337,46337,46337,46337,46337,46337,46337,46337,46337,46337,46337,46337,46337,46337,46337,46337,46337,46337,46337,46337,46337,46337,46337,46337,46337,46337,46337,46337,46337,46337,46337,46337,46337,46337,46337,46337,46337,46337,46337,46337,46337,46337,46337,46337,46337,46337,46337,46337,46337,46337,46337,46337,46337,46337,46337,46337,46337,46337,46337,46337,46337,46337,46337,46337,46337,46337,46337,46337,46337,46337,46337,46337,46337,46337,46337,46337,46337,46337,46337,46337,46337,46337,
31000,22094,22094,22094,22094,22094,22094,22094,22094,22094,22094,22094,22094,22094,22094,22094,22094,22094,22094,22094,22094,22094,22094,22094,22094,22094,22094,22094,22094,22094,22094,22094,22094,22094,22094,22094,22094,22094,22094,22094,22094,22094,22094,22094,22094,22094,22094,22094,22094,22094,22094,22094,22094,22094,22094,22094,22094,22094,22094,22094,22094,22094,22094,22094,22094,22094,22094,22094,22094,22094,22094,22094,22094,22094,22094,22094,22094,22094,22094,22094,22094,22094,22094,22094,22094,22094,22094,22094,22094,22094,22094,22094,22094,22094,22094,22094,22094,22094,22094,22094,22094,22094,22094,22094,22094,22094,22094,22094,22094,22094,22094,22094,22094,22094,22094,22094,22094,22094,22094,22094,22094,22094,22094,22094,22094,22094,22094,22094,22094,22094,22094,22094,22094,22094,22094,22094,22094,22094,22094,22094,22094,22094,22094,22094,22094,22094,22094,22094,22094,22094,22094,22094,22094,22094,22094,22094,22094,22094,22094,22094,22094,22094,22094,22094,22094,22094,22094,22094,22094,22094,22094,22094,22094,22094,22094,22094,22094,22094,22094,22094,22094,22094,22094,22094,22094,22094,22094,22094,22094,22094,22094,22094,22094,22094,22094,22094,22094,22094,22094,22094,22094,22094,22094,22094,22094,22094,22094,22094,22094,22094,22094,22094,22094,22094,22094,22094,22094,22094,22094,22094,22094,22094,22094,22094,22094,22094,22094,22094,22094,22094,22094,22094,22094,22094,22094,22094,22094,22094,22094,22094,22094,22094,22094,22094,22094,22094,22094,22094,22094,22094,22094,22094,22094,22094,22094,22094,22094,22094,22094,22094,22094,22094,22094,22094,22094,22094,22094,22094,22094,22094,22094,22094,22094,22094,22094,22094,22094,22094,22094,22094,22094,22094,22094,22094,22094,22094,22094,22094,22094,22094,22094,22094,22094,22094,22094,22094,22094,22094,22094,22094,22094,22094,22094,22094,22094,22094,22094,22094,22094,22094,22094,22094,22094,22094,22094,22094,22094,22094,22094,22094,22094,22094,22094,22094,22094,22094,22094,22094,22094,22094,22094,22094,22094,22094,22094,22094,22094,22094,22094,22094,22094,22094,22094,22094,22094,22094,22094,22094,22094,22094,22094,22094,22094,22094,22094,22094,22094,22094,22094,22094,22094,22094,22094,22094,22094,22094,22094,22094,22094,22094,22094,22094,22094,22094,22094,22094,22094,22094,22094,22094,22094,22094,22094,22094,22094,22094,22094,22094,22094,22094,22094,22094,22094,22094,22094,22094,22094,22094,22094,22094,22094,22094,22094,22094,22094,22094,22094,22094,22094,22094,22094,22094,22094,22094,22094,22094,22094,22094,22094,22094,22094,22094,22094,22094,22094,22094,22094,22094,22094,22094,22094,22094,22094,22094,22094,22094,22094,22094,22094,22094,22094,22094,22094,22094,22094,22094,22094,22094,22094,22094,22094,22094,22094,22094,22094,22094,22094,22094,22094,22094,22094,22094,22094,22094,22094,22094,22094,22094,22094,22094,22094,22094,22094,22094,22094,22094,22094,22094,22094,22094,22094,22094,22094,22094,22094,22094,22094,22094,22094,22094,22094,22094,22094,22094,22094,22094,22094,22094,22094,22094,22094,22094,22094,22094,22094,22094,22094,22094,22094,22094,22094,22094,22094,22094,22094,22094,22094,22094,22094,22094,22094,22094,22094,22094,22094,22094,22094,22094,22094,22094,22094,22094,22094,22094,22094,22094,22094,22094,22094,22094,22094,22094,22094,22094,22094,22094,
31001,21316,21316,21316,21316,21316,21316,21316,21316,21316,21316,21316,21316,21316,21316,21316,21316,21316,21316,21316,21316,21316,21316,21316,21316,21316,21316,21316,21316,21316,21316,21316,21316,21316,21316,21316,21316,21316,21316,21316,21316,21316,21316,21316,21316,21316,21316,21316,21316,21316,21316,21316,21316,21316,21316,21316,21316,21316,21316,21316,21316,21316,21316,21316,21316,21316,21316,21316,21316,21316,21316,21316,21316,21316,21316,21316,21316,21316,21316,21316,21316,21316,21316,21316,21316,21316,21316,21316,21316,21316,21316,21316,21316,21316,21316,21316,21316,21316,21316,21316,21316,21316,21316,21316,21316,21316,21316,21316,21316,21316,21316,21316,21316,21316,21316,21316,21316,21316,21316,21316,21316,21316,21316,21316,21316,21316,21316,21316,21316,21316,21316,21316,21316,21316,21316,21316,21316,21316,21316,21316,21316,21316,21316,21316,21316,21316,21316,21316,21316,21316,21316,21316,21316,21316,21316,21316,21316,21316,21316,21316,21316,21316,21316,21316,21316,21316,21316,21316,21316,21316,21316,21316,21316,21316,21316,21316,21316,21316,21316,21316,21316,21316,21316,21316,21316,21316,21316,21316,21316,21316,21316,21316,21316,21316,21316,21316,21316,21316,21316,21316,21316,21316,21316,21316,21316,21316,21316,21316,21316,21316,21316,21316,21316,21316,21316,21316,21316,21316,21316,21316,21316,21316,21316,21316,21316,21316,21316,21316,21316,21316,21316,21316,21316,21316,21316,21316,21316,21316,21316,21316,21316,21316,21316,21316,21316,21316,21316,21316,21316,21316,21316,21316,21316,21316,21316,21316,21316,21316,21316,21316,21316,21316,21316,21316,21316,21316,21316,21316,21316,21316,21316,21316,21316,21316,21316,21316,21316,21316,21316,21316,21316,21316,21316,21316,21316,21316,21316,21316,21316,21316,21316,21316,21316,21316,21316,21316,21316,21316,21316,21316,21316,21316,21316,21316,21316,21316,21316,21316,21316,21316,21316,21316,21316,21316,21316,21316,21316,21316,21316,21316,21316,21316,21316,21316,21316,21316,21316,21316,21316,21316,21316,21316,21316,21316,21316,21316,21316,21316,21316,21316,21316,21316,21316,21316,21316,21316,21316,21316,21316,21316,21316,21316,21316,21316,21316,21316,21316,21316,21316,21316,21316,21316,21316,21316,21316,21316,21316,21316,21316,21316,21316,21316,21316,21316,21316,21316,21316,21316,21316,21316,21316,21316,21316,21316,21316,21316,21316,21316,21316,21316,21316,21316,21316,21316,21316,21316,21316,21316,21316,21316,21316,21316,21316,21316,21316,21316,21316,21316,21316,21316,21316,21316,21316,21316,21316,21316,21316,21316,21316,21316,21316,21316,21316,21316,21316,21316,21316,21316,21316,21316,21316,21316,21316,21316,21316,21316,21316,21316,21316,21316,21316,21316,21316,21316,21316,21316,21316,21316,21316,21316,21316,21316,21316,21316,21316,21316,21316,21316,21316,21316,21316,21316,21316,21316,21316,21316,21316,21316,21316,21316,21316,21316,21316,21316,21316,21316,21316,21316,21316,21316,21316,21316,21316,21316,21316,21316,21316,21316,21316,21316,21316,21316,21316,21316,21316,21316,21316,21316,21316,21316,21316,21316,21316,21316,21316,21316,21316,21316,21316,21316,21316,21316,21316,21316,21316,21316,21316,21316,21316,21316,21316,21316,21316,21316,21316,21316,21316,21316,21316,21316,21316,21316,21316,21316,21316,21316,21316,21316,21316,21316,21316,21316,21316,21316,21316,21316,
31002,11568,11568,11568,11568,11568,11568,11568,11568,11568,11568,11568,11568,11568,11568,11568,11568,11568,11568,11568,11568,11568,11568,11568,11568,11568,11568,11568,11568,11568,11568,11568,11568,11568,11568,11568,11568,11568,11568,11568,11568,11568,11568,11568,11568,11568,11568,11568,11568,11568,11568,11568,11568,11568,11568,11568,11568,11568,11568,11568,11568,11568,11568,11568,11568,11568,11568,11568,11568,11568,11568,11568,11568,11568,11568,11568,11568,11568,11568,11568,11568,11568,11568,11568,11568,11568,11568,11568,11568,11568,11568,11568,11568,11568,11568,11568,11568,11568,11568,11568,11568,11568,11568,11568,11568,11568,11568,11568,11568,11568,11568,11568,11568,11568,11568,11568,11568,11568,11568,11568,11568,11568,11568,11568,11568,11568,11568,11568,11568,11568,11568,11568,11568,11568,11568,11568,11568,11568,11568,11568,11568,11568,11568,11568,11568,11568,11568,11568,11568,11568,11568,11568,11568,11568,11568,11568,11568,11568,11568,11568,11568,11568,11568,11568,11568,11568,11568,11568,11568,11568,11568,11568,11568,11568,11568,11568,11568,11568,11568,11568,11568,11568,11568,11568,11568,11568,11568,11568,11568,11568,11568,11568,11568,11568,11568,11568,11568,11568,11568,11568,11568,11568,11568,11568,11568,11568,11568,11568,11568,11568,11568,11568,11568,11568,11568,11568,11568,11568,11568,11568,11568,11568,11568,11568,11568,11568,11568,11568,11568,11568,11568,11568,11568,11568,11568,11568,11568,11568,11568,11568,11568,11568,11568,11568,11568,11568,11568,11568,11568,11568,11568,11568,11568,11568,11568,11568,11568,11568,11568,11568,11568,11568,11568,11568,11568,11568,11568,11568,11568,11568,11568,11568,11568,11568,11568,11568,11568,11568,11568,11568,11568,11568,11568,11568,11568,11568,11568,11568,11568,11568,11568,11568,11568,11568,11568,11568,11568,11568,11568,11568,11568,11568,11568,11568,11568,11568,11568,11568,11568,11568,11568,11568,11568,11568,11568,11568,11568,11568,11568,11568,11568,11568,11568,11568,11568,11568,11568,11568,11568,11568,11568,11568,11568,11568,11568,11568,11568,11568,11568,11568,11568,11568,11568,11568,11568,11568,11568,11568,11568,11568,11568,11568,11568,11568,11568,11568,11568,11568,11568,11568,11568,11568,11568,11568,11568,11568,11568,11568,11568,11568,11568,11568,11568,11568,11568,11568,11568,11568,11568,11568,11568,11568,11568,11568,11568,11568,11568,11568,11568,11568,11568,11568,11568,11568,11568,11568,11568,11568,11568,11568,11568,11568,11568,11568,11568,11568,11568,11568,11568,11568,11568,11568,11568,11568,11568,11568,11568,11568,11568,11568,11568,11568,11568,11568,11568,11568,11568,11568,11568,11568,11568,11568,11568,11568,11568,11568,11568,11568,11568,11568,11568,11568,11568,11568,11568,11568,11568,11568,11568,11568,11568,11568,11568,11568,11568,11568,11568,11568,11568,11568,11568,11568,11568,11568,11568,11568,11568,11568,11568,11568,11568,11568,11568,11568,11568,11568,11568,11568,11568,11568,11568,11568,11568,11568,11568,11568,11568,11568,11568,11568,11568,11568,11568,11568,11568,11568,11568,11568,11568,11568,11568,11568,11568,11568,11568,11568,11568,11568,11568,11568,11568,11568,11568,11568,11568,11568,11568,11568,11568,11568,11568,11568,11568,11568,11568,11568,11568,11568,11568,11568,11568,11568,11568,11568,11568,11568,11568,11568,11568,11568,11568,11568,11568,11568,11568,11568,
31003,5,5,5,5,5,5,5,5,5,5,5,5,5,5,5,5,5,5,5,5,5,5,5,5,5,5,5,5,5,5,5,5,5,5,5,5,5,5,5,5,5,5,5,5,5,5,5,5,5,5,5,5,5,5,5,5,5,5,5,5,5,5,5,5,5,5,5,5,5,5,5,5,5,5,5,5,5,5,5,5,5,5,5,5,5,5,5,5,5,5,5,5,5,5,5,5,5,5,5,5,5,5,5,5,5,5,5,5,5,5,5,5,5,5,5,5,5,5,5,5,5,5,5,5,5,5,5,5,5,5,5,5,5,5,5,5,5,5,5,5,5,5,5,5,5,5,5,5,5,5,5,5,5,5,5,5,5,5,5,5,5,5,5,5,5,5,5,5,5,5,5,5,5,5,5,5,5,5,5,5,5,5,5,5,5,5,5,5,5,5,5,5,5,5,5,5,5,5,5,5,5,5,5,5,5,5,5,5,5,5,5,5,5,5,5,5,5,5,5,5,5,5,5,5,5,5,5,5,5,5,5,5,5,5,5,5,5,5,5,5,5,5,5,5,5,5,5,5,5,5,5,5,5,5,5,5,5,5,5,5,5,5,5,5,5,5,5,5,5,5,5,5,5,5,5,5,5,5,5,5,5,5,5,5,5,5,5,5,5,5,5,5,5,5,5,5,5,5,5,5,5,5,5,5,5,5,5,5,5,5,5,5,5,5,5,5,5,5,5,5,5,5,5,5,5,5,5,5,5,5,5,5,5,5,5,5,5,5,5,5,5,5,5,5,5,5,5,5,5,5,5,5,5,5,5,5,5,5,5,5,5,5,5,5,5,5,5,5,5,5,5,5,5,5,5,5,5,5,5,5,5,5,5,5,5,5,5,5,5,5,5,5,5,5,5,5,5,5,5,5,5,5,5,5,5,5,5,5,5,5,5,5,5,5,5,5,5,5,5,5,5,5,5,5,5,5,5,5,5,5,5,5,5,5,5,5,5,5,5,5,5,5,5,5,5,5,5,5,5,5,5,5,5,5,5,5,5,5,5,5,5,5,5,5,5,5,5,5,5,5,5,5,5,5,5,5,5,5,5,5,5,5,5,5,5,5,5,5,5,5,5,5,5,5,5,5,5,5,5,5,5,5,5,5,5,5,5,5,5,5,5,5,5,5,5,5,5,5,5,5,5,5,5,5,5,5,5,5,5,5,5,5,5,5,5,5,5,5,5,5,5,5,5,5,5,
31004,1543,1543,1543,1543,1543,1543,1543,1543,1543,1543,1543,1543,1543,1543,1543,1543,1543,1543,1543,1543,1543,1543,1543,1543,1543,1543,1543,1543,1543,1543,1543,1543,1543,1543,1543,1543,1543,1543,1543,1543,1543,1543,1543,1543,1543,1543,1543,1543,1543,1543,1543,1543,1543,1543,1543,1543,1543,1543,1543,1543,1543,1543,1543,1543,1543,1543,1543,1543,1543,1543,1543,1543,1543,1543,1543,1543,1543,1543,1543,1543,1543,1543,1543,1543,1543,1543,1543,1543,1543,1543,1543,1543,1543,1543,1543,1543,1543,1543,1543,1543,1543,1543,1543,1543,1543,1543,1543,1543,1543,1543,1543,1543,1543,1543,1543,1543,1543,1543,1543,1543,1543,1543,1543,1543,1543,1543,1543,1543,1543,1543,1543,1543,1543,1543,1543,1543,1543,1543,1543,1543,1543,1543,1543,1543,1543,1543,1543,1543,1543,1543,1543,1543,1543,1543,1543,1543,1543,1543,1543,1543,1543,1543,1543,1543,1543,1543,1543,1543,1543,1543,1543,1543,1543,1543,1543,1543,1543,1543,1543,1543,1543,1543,1543,1543,1543,1543,1543,1543,1543,1543,1543,1543,1543,1543,1543,1543,1543,1543,1543,1543,1543,1543,1543,1543,1543,1543,1543,1543,1543,1543,1543,1543,1543,1543,1543,1543,1543,1543,1543,1543,1543,1543,1543,1543,1543,1543,1543,1543,1543,1543,1543,1543,1543,1543,1543,1543,1543,1543,1543,1543,1543,1543,1543,1543,1543,1543,1543,1543,1543,1543,1543,1543,1543,1543,1543,1543,1543,1543,1543,1543,1543,1543,1543,1543,1543,1543,1543,1543,1543,1543,1543,1543,1543,1543,1543,1543,1543,1543,1543,1543,1543,1543,1543,1543,1543,1543,1543,1543,1543,1543,1543,1543,1543,1543,1543,1543,1543,1543,1543,1543,1543,1543,1543,1543,1543,1543,1543,1543,1543,1543,1543,1543,1543,1543,1543,1543,1543,1543,1543,1543,1543,1543,1543,1543,1543,1543,1543,1543,1543,1543,1543,1543,1543,1543,1543,1543,1543,1543,1543,1543,1543,1543,1543,1543,1543,1543,1543,1543,1543,1543,1543,1543,1543,1543,1543,1543,1543,1543,1543,1543,1543,1543,1543,1543,1543,1543,1543,1543,1543,1543,1543,1543,1543,1543,1543,1543,1543,1543,1543,1543,1543,1543,1543,1543,1543,1543,1543,1543,1543,1543,1543,1543,1543,1543,1543,1543,1543,1543,1543,1543,1543,1543,1543,1543,1543,1543,1543,1543,1543,1543,1543,1543,1543,1543,1543,1543,1543,1543,1543,1543,1543,1543,1543,1543,1543,1543,1543,1543,1543,1543,1543,1543,1543,1543,1543,1543,1543,1543,1543,1543,1543,1543,1543,1543,1543,1543,1543,1543,1543,1543,1543,1543,1543,1543,1543,1543,1543,1543,1543,1543,1543,1543,1543,1543,1543,1543,1543,1543,1543,1543,1543,1543,1543,1543,1543,1543,1543,1543,1543,1543,1543,1543,1543,1543,1543,1543,1543,1543,1543,1543,1543,1543,1543,1543,1543,1543,1543,1543,1543,1543,1543,1543,1543,1543,1543,1543,1543,1543,1543,1543,1543,1543,1543,1543,1543,1543,1543,1543,1543,1543,1543,1543,1543,1543,1543,1543,1543,1543,1543,1543,1543,1543,1543,1543,1543,1543,1543,1543,1543,1543,1543,1543,1543,1543,1543,
31005,0,0,0,0,0,0,0,0,0,0,0,0,0,0,0,0,0,0,0,0,0,0,0,0,0,0,0,0,0,0,0,0,0,0,0,0,0,0,0,0,0,0,0,0,0,0,0,0,0,0,0,0,0,0,0,0,0,0,0,0,0,0,0,0,0,0,0,0,0,0,0,0,0,0,0,0,0,0,0,0,0,0,0,0,0,0,0,0,0,0,0,0,0,0,0,0,0,0,0,0,0,0,0,0,0,0,0,0,0,0,0,0,0,0,0,0,0,0,0,0,0,0,0,0,0,0,0,0,0,0,0,0,0,0,0,0,0,0,0,0,0,0,0,0,0,0,0,0,0,0,0,0,0,0,0,0,0,0,0,0,0,0,0,0,0,0,0,0,0,0,0,0,0,0,0,0,0,0,0,0,0,0,0,0,0,0,0,0,0,0,0,0,0,0,0,0,0,0,0,0,0,0,0,0,0,0,0,0,0,0,0,0,0,0,0,0,0,0,0,0,0,0,0,0,0,0,0,0,0,0,0,0,0,0,0,0,0,0,0,0,0,0,0,0,0,0,0,0,0,0,0,0,0,0,0,0,0,0,0,0,0,0,0,0,0,0,0,0,0,0,0,0,0,0,0,0,0,0,0,0,0,0,0,0,0,0,0,0,0,0,0,0,0,0,0,0,0,0,0,0,0,0,0,0,0,0,0,0,0,0,0,0,0,0,0,0,0,0,0,0,0,0,0,0,0,0,0,0,0,0,0,0,0,0,0,0,0,0,0,0,0,0,0,0,0,0,0,0,0,0,0,0,0,0,0,0,0,0,0,0,0,0,0,0,0,0,0,0,0,0,0,0,0,0,0,0,0,0,0,0,0,0,0,0,0,0,0,0,0,0,0,0,0,0,0,0,0,0,0,0,0,0,0,0,0,0,0,0,0,0,0,0,0,0,0,0,0,0,0,0,0,0,0,0,0,0,0,0,0,0,0,0,0,0,0,0,0,0,0,0,0,0,0,0,0,0,0,0,0,0,0,0,0,0,0,0,0,0,0,0,0,0,0,0,0,0,0,0,0,0,0,0,0,0,0,0,0,0,0,0,0,0,0,0,0,0,0,0,0,0,0,0,0,0,0,0,0,0,0,0,0,0,0,0,0,0,0,0,0,0,0,0,0,0,0,0,0,0,0,0,0,0,0,0,0,0,0,0,0,0,0,0,0,0,0,0,0,0,0,0,0,0,0,0,0,
31006,0,0,0,0,0,0,0,0,0,0,0,0,0,0,0,0,0,0,0,0,0,0,0,0,0,0,0,0,0,0,0,0,0,0,0,0,0,0,0,0,0,0,0,0,0,0,0,0,0,0,0,0,0,0,0,0,0,0,0,0,0,0,0,0,0,0,0,0,0,0,0,0,0,0,0,0,0,0,0,0,0,0,0,0,0,0,0,0,0,0,0,0,0,0,0,0,0,0,0,0,0,0,0,0,0,0,0,0,0,0,0,0,0,0,0,0,0,0,0,0,0,0,0,0,0,0,0,0,0,0,0,0,0,0,0,0,0,0,0,0,0,0,0,0,0,0,0,0,0,0,0,0,0,0,0,0,0,0,0,0,0,0,0,0,0,0,0,0,0,0,0,0,0,0,0,0,0,0,0,0,0,0,0,0,0,0,0,0,0,0,0,0,0,0,0,0,0,0,0,0,0,0,0,0,0,0,0,0,0,0,0,0,0,0,0,0,0,0,0,0,0,0,0,0,0,0,0,0,0,0,0,0,0,0,0,0,0,0,0,0,0,0,0,0,0,0,0,0,0,0,0,0,0,0,0,0,0,0,0,0,0,0,0,0,0,0,0,0,0,0,0,0,0,0,0,0,0,0,0,0,0,0,0,0,0,0,0,0,0,0,0,0,0,0,0,0,0,0,0,0,0,0,0,0,0,0,0,0,0,0,0,0,0,0,0,0,0,0,0,0,0,0,0,0,0,0,0,0,0,0,0,0,0,0,0,0,0,0,0,0,0,0,0,0,0,0,0,0,0,0,0,0,0,0,0,0,0,0,0,0,0,0,0,0,0,0,0,0,0,0,0,0,0,0,0,0,0,0,0,0,0,0,0,0,0,0,0,0,0,0,0,0,0,0,0,0,0,0,0,0,0,0,0,0,0,0,0,0,0,0,0,0,0,0,0,0,0,0,0,0,0,0,0,0,0,0,0,0,0,0,0,0,0,0,0,0,0,0,0,0,0,0,0,0,0,0,0,0,0,0,0,0,0,0,0,0,0,0,0,0,0,0,0,0,0,0,0,0,0,0,0,0,0,0,0,0,0,0,0,0,0,0,0,0,0,0,0,0,0,0,0,0,0,0,0,0,0,0,0,0,0,0,0,0,0,0,0,0,0,0,0,0,0,0,0,0,0,0,0,0,0,0,0,0,0,0,0,0,0,0,0,0,0,0,0,0,0,0,0,0,0,0,0,0,0,
31007,0,0,0,0,0,0,0,0,0,0,0,0,0,0,0,0,0,0,0,0,0,0,0,0,0,0,0,0,0,0,0,0,0,0,0,0,0,0,0,0,0,0,0,0,0,0,0,0,0,0,0,0,0,0,0,0,0,0,0,0,0,0,0,0,0,0,0,0,0,0,0,0,0,0,0,0,0,0,0,0,0,0,0,0,0,0,0,0,0,0,0,0,0,0,0,0,0,0,0,0,0,0,0,0,0,0,0,0,0,0,0,0,0,0,0,0,0,0,0,0,0,0,0,0,0,0,0,0,0,0,0,0,0,0,0,0,0,0,0,0,0,0,0,0,0,0,0,0,0,0,0,0,0,0,0,0,0,0,0,0,0,0,0,0,0,0,0,0,0,0,0,0,0,0,0,0,0,0,0,0,0,0,0,0,0,0,0,0,0,0,0,0,0,0,0,0,0,0,0,0,0,0,0,0,0,0,0,0,0,0,0,0,0,0,0,0,0,0,0,0,0,0,0,0,0,0,0,0,0,0,0,0,0,0,0,0,0,0,0,0,0,0,0,0,0,0,0,0,0,0,0,0,0,0,0,0,0,0,0,0,0,0,0,0,0,0,0,0,0,0,0,0,0,0,0,0,0,0,0,0,0,0,0,0,0,0,0,0,0,0,0,0,0,0,0,0,0,0,0,0,0,0,0,0,0,0,0,0,0,0,0,0,0,0,0,0,0,0,0,0,0,0,0,0,0,0,0,0,0,0,0,0,0,0,0,0,0,0,0,0,0,0,0,0,0,0,0,0,0,0,0,0,0,0,0,0,0,0,0,0,0,0,0,0,0,0,0,0,0,0,0,0,0,0,0,0,0,0,0,0,0,0,0,0,0,0,0,0,0,0,0,0,0,0,0,0,0,0,0,0,0,0,0,0,0,0,0,0,0,0,0,0,0,0,0,0,0,0,0,0,0,0,0,0,0,0,0,0,0,0,0,0,0,0,0,0,0,0,0,0,0,0,0,0,0,0,0,0,0,0,0,0,0,0,0,0,0,0,0,0,0,0,0,0,0,0,0,0,0,0,0,0,0,0,0,0,0,0,0,0,0,0,0,0,0,0,0,0,0,0,0,0,0,0,0,0,0,0,0,0,0,0,0,0,0,0,0,0,0,0,0,0,0,0,0,0,0,0,0,0,0,0,0,0,0,0,0,0,0,0,0,0,0,0,0,0,0,0,0,0,0,0,0,0,0,
31008,0,0,0,0,0,0,0,0,0,0,0,0,0,0,0,0,0,0,0,0,0,0,0,0,0,0,0,0,0,0,0,0,0,0,0,0,0,0,0,0,0,0,0,0,0,0,0,0,0,0,0,0,0,0,0,0,0,0,0,0,0,0,0,0,0,0,0,0,0,0,0,0,0,0,0,0,0,0,0,0,0,0,0,0,0,0,0,0,0,0,0,0,0,0,0,0,0,0,0,0,0,0,0,0,0,0,0,0,0,0,0,0,0,0,0,0,0,0,0,0,0,0,0,0,0,0,0,0,0,0,0,0,0,0,0,0,0,0,0,0,0,0,0,0,0,0,0,0,0,0,0,0,0,0,0,0,0,0,0,0,0,0,0,0,0,0,0,0,0,0,0,0,0,0,0,0,0,0,0,0,0,0,0,0,0,0,0,0,0,0,0,0,0,0,0,0,0,0,0,0,0,0,0,0,0,0,0,0,0,0,0,0,0,0,0,0,0,0,0,0,0,0,0,0,0,0,0,0,0,0,0,0,0,0,0,0,0,0,0,0,0,0,0,0,0,0,0,0,0,0,0,0,0,0,0,0,0,0,0,0,0,0,0,0,0,0,0,0,0,0,0,0,0,0,0,0,0,0,0,0,0,0,0,0,0,0,0,0,0,0,0,0,0,0,0,0,0,0,0,0,0,0,0,0,0,0,0,0,0,0,0,0,0,0,0,0,0,0,0,0,0,0,0,0,0,0,0,0,0,0,0,0,0,0,0,0,0,0,0,0,0,0,0,0,0,0,0,0,0,0,0,0,0,0,0,0,0,0,0,0,0,0,0,0,0,0,0,0,0,0,0,0,0,0,0,0,0,0,0,0,0,0,0,0,0,0,0,0,0,0,0,0,0,0,0,0,0,0,0,0,0,0,0,0,0,0,0,0,0,0,0,0,0,0,0,0,0,0,0,0,0,0,0,0,0,0,0,0,0,0,0,0,0,0,0,0,0,0,0,0,0,0,0,0,0,0,0,0,0,0,0,0,0,0,0,0,0,0,0,0,0,0,0,0,0,0,0,0,0,0,0,0,0,0,0,0,0,0,0,0,0,0,0,0,0,0,0,0,0,0,0,0,0,0,0,0,0,0,0,0,0,0,0,0,0,0,0,0,0,0,0,0,0,0,0,0,0,0,0,0,0,0,0,0,0,0,0,0,0,0,0,0,0,0,0,0,0,0,0,0,0,0,0,0,0,
31009,0,0,0,0,0,0,0,0,0,0,0,0,0,0,0,0,0,0,0,0,0,0,0,0,0,0,0,0,0,0,0,0,0,0,0,0,0,0,0,0,0,0,0,0,0,0,0,0,0,0,0,0,0,0,0,0,0,0,0,0,0,0,0,0,0,0,0,0,0,0,0,0,0,0,0,0,0,0,0,0,0,0,0,0,0,0,0,0,0,0,0,0,0,0,0,0,0,0,0,0,0,0,0,0,0,0,0,0,0,0,0,0,0,0,0,0,0,0,0,0,0,0,0,0,0,0,0,0,0,0,0,0,0,0,0,0,0,0,0,0,0,0,0,0,0,0,0,0,0,0,0,0,0,0,0,0,0,0,0,0,0,0,0,0,0,0,0,0,0,0,0,0,0,0,0,0,0,0,0,0,0,0,0,0,0,0,0,0,0,0,0,0,0,0,0,0,0,0,0,0,0,0,0,0,0,0,0,0,0,0,0,0,0,0,0,0,0,0,0,0,0,0,0,0,0,0,0,0,0,0,0,0,0,0,0,0,0,0,0,0,0,0,0,0,0,0,0,0,0,0,0,0,0,0,0,0,0,0,0,0,0,0,0,0,0,0,0,0,0,0,0,0,0,0,0,0,0,0,0,0,0,0,0,0,0,0,0,0,0,0,0,0,0,0,0,0,0,0,0,0,0,0,0,0,0,0,0,0,0,0,0,0,0,0,0,0,0,0,0,0,0,0,0,0,0,0,0,0,0,0,0,0,0,0,0,0,0,0,0,0,0,0,0,0,0,0,0,0,0,0,0,0,0,0,0,0,0,0,0,0,0,0,0,0,0,0,0,0,0,0,0,0,0,0,0,0,0,0,0,0,0,0,0,0,0,0,0,0,0,0,0,0,0,0,0,0,0,0,0,0,0,0,0,0,0,0,0,0,0,0,0,0,0,0,0,0,0,0,0,0,0,0,0,0,0,0,0,0,0,0,0,0,0,0,0,0,0,0,0,0,0,0,0,0,0,0,0,0,0,0,0,0,0,0,0,0,0,0,0,0,0,0,0,0,0,0,0,0,0,0,0,0,0,0,0,0,0,0,0,0,0,0,0,0,0,0,0,0,0,0,0,0,0,0,0,0,0,0,0,0,0,0,0,0,0,0,0,0,0,0,0,0,0,0,0,0,0,0,0,0,0,0,0,0,0,0,0,0,0,0,0,0,0,0,0,0,0,0,0,0,0,0,0,0,0,
32105,10240,10240,10240,10240,10240,10240,10240,10240,10240,10240,10240,10240,10240,10240,10240,10240,10240,10240,10240,10240,10240,10240,10240,10240,10240,10240,10240,10240,10240,10240,10240,10240,10240,10240,10240,10240,10240,10240,10240,10240,10240,10240,10240,10240,10240,10240,10240,10240,10240,10240,10240,10240,10240,10240,10240,10240,10240,10240,10240,10240,10240,10240,10240,10240,10240,10240,10240,10240,10240,10240,10240,10240,10240,10240,10240,10240,10240,10240,10240,10240,10240,10240,10240,10240,10240,10240,10240,10240,10240,10240,10240,10240,10240,10240,10240,10240,10240,10240,10240,10240,10240,10240,10240,10240,10240,10240,10240,10240,10240,10240,10240,10240,10240,10240,10240,10240,10240,10240,10240,10240,10240,10240,10240,10240,10240,10240,10240,10240,10240,10240,10240,10240,10240,10240,10240,10240,10240,10240,10240,10240,10240,10240,10240,10240,10240,10240,10240,10240,10240,10240,10240,10240,10240,10240,10240,10240,10240,10240,10240,10240,10240,10240,10240,10240,10240,10240,10240,10240,10240,10240,10240,10240,10240,10240,10240,10240,10240,10240,10240,10240,10240,10240,10240,10240,10240,10240,10240,10240,10240,10240,10240,10240,10240,10240,10240,10240,10240,10240,10240,10240,10240,10240,10240,10240,10240,10240,10240,10240,10240,10240,10240,10240,10240,10240,10240,10240,10240,10240,10240,10240,10240,10240,10240,10240,10240,10240,10240,10240,10240,10240,10240,10240,10240,10240,10240,10240,10240,10240,10240,10240,10240,10240,10240,10240,10240,10240,10240,10240,10240,10240,10240,10240,10240,10240,10240,10240,10240,10240,10240,10240,10240,10240,10240,10240,10240,10240,10240,10240,10240,10240,10240,10240,10240,10240,10240,10240,10240,10240,10240,10240,10240,10240,10240,10240,10240,10240,10240,10240,10240,10240,10240,10240,10240,10240,10240,10240,10240,10240,10240,10240,10240,10240,10240,10240,10240,10240,10240,10240,10240,10240,10240,10240,10240,10240,10240,10240,10240,10240,10240,10240,10240,10240,10240,10240,10240,10240,10240,10240,10240,10240,10240,10240,10240,10240,10240,10240,10240,10240,10240,10240,10240,10240,10240,10240,10240,10240,10240,10240,10240,10240,10240,10240,10240,10240,10240,10240,10240,10240,10240,10240,10240,10240,10240,10240,10240,10240,10240,10240,10240,10240,10240,10240,10240,10240,10240,10240,10240,10240,10240,10240,10240,10240,10240,10240,10240,10240,10240,10240,10240,10240,10240,10240,10240,10240,10240,10240,10240,10240,10240,10240,10240,10240,10240,10240,10240,10240,10240,10240,10240,10240,10240,10240,10240,10240,10240,10240,10240,10240,10240,10240,10240,10240,10240,10240,10240,10240,10240,10240,10240,10240,10240,10240,10240,10240,10240,10240,10240,10240,10240,10240,10240,10240,10240,10240,10240,10240,10240,10240,10240,10240,10240,10240,10240,10240,10240,10240,10240,10240,10240,10240,10240,10240,10240,10240,10240,10240,10240,10240,10240,10240,10240,10240,10240,10240,10240,10240,10240,10240,10240,10240,10240,10240,10240,10240,10240,10240,10240,10240,10240,10240,10240,10240,10240,10240,10240,10240,10240,10240,10240,10240,10240,10240,10240,10240,10240,10240,10240,10240,10240,10240,10240,10240,10240,10240,10240,10240,10240,10240,10240,10240,10240,10240,10240,10240,10240,10240,10240,10240,10240,10240,10240,10240,10240,10240,10240,10240,10240,10240,10240,10240,10240,10240,10240,10240,10240,
32200,2431,2433,2439,2432,2430,2432,2431,2431,2432,2440,2439,2444,2447,2447,2444,2445,2444,2452,2452,2452,2447,2448,2460,2457,2456,2449,2454,2457,2457,2456,2460,2442,2450,2451,2452,2452,2446,2452,2448,2448,2447,2446,2445,2444,2446,2448,2450,2450,2447,2450,2445,2456,2452,2452,2449,2449,2450,2449,2439,2451,2451,2453,2451,2445,2441,2438,2440,2441,2436,2434,2435,2445,2445,2446,2445,2447,2443,2443,2444,2439,2436,2435,2435,2441,2439,2441,2435,2429,2431,2429,2437,2429,2433,2435,2432,2433,2430,2427,2428,2429,2432,2431,2439,2442,2440,2432,2446,2448,2438,2435,2436,2435,2428,2429,2426,2427,2426,2426,2423,2415,2421,2422,2423,2422,2421,2421,2428,2423,2424,2425,2424,2432,2429,2429,2434,2432,2433,2432,2434,2435,2434,2434,2435,2436,2435,2430,2432,2431,2431,2438,2436,2428,2428,2428,2432,2432,2427,2428,2425,2426,2428,2430,2393,2392,2391,2389,2377,2378,2378,2387,2387,2382,2378,2373,2378,2377,2383,2382,2377,2379,2376,2377,2378,2382,2382,2384,2388,2382,2389,2388,2389,2388,2393,2385,2389,2381,2384,2384,2385,2374,2379,2372,2388,2388,2389,2391,2391,2385,2386,2386,2385,2384,2393,2391,2393,2391,2393,2391,2384,2386,2400,100,100,20,2409,2417,100,100,20,20,20,20,21,20,20,20,21,20,20,20,20,20,21,21,20,20,21,20,20,21,20,20,20,21,20,21,21,21,20,21,21,20,20,20,20,21,20,20,21,21,21,21,20,21,21,21,21,21,21,21,20,21,21,20,20,21,20,21,21,21,20,20,21,21,21,20,20,20,21,21,20,20,21,21,21,21,20,21,21,21,20,21,20,21,21,21,21,21,20,21,20,20,20,21,21,21,21,21,21,21,21,21,20,20,21,21,20,21,20,21,21,21,21,21,21,20,21,21,21,20,21,20,21,20,21,21,21,20,21,20,21,21,21,20,20,21,20,21,21,21,21,20,20,21,21,21,20,21,20,21,20,21,20,21,20,21,21,21,22,20,20,20,21,21,21,20,21,20,21,21,22,20,21,21,20,20,21,21,21,20,20,21,20,21,21,21,21,20,21,20,21,20,20,21,20,21,21,21,21,20,21,21,21,21,20,21,21,20,20,21,21,21,21,20,21,21,21,20,21,21,21,21,20,21,21,20,21,20,21,21,20,21,20,20,20,20,21,20,20,21,21,21,21,20,22,21,21,21,21,20,21,21,21,22,21,21,21,21,21,20,21,21,21,21,21,21,20,21,21,20,20,20,21,21,21,21,21,21,21,20,20,21,20,21,21,21,21,21,20,20,21,21,21,20,20,20,21,21,20,21,20,21,20,20,20,20,21,20,19,19,19,19,100,100,100,
32204,500,500,500,500,500,500,500,500,500,500,500,500,500,500,500,500,500,500,499,499,499,499,499,499,499,499,499,499,499,499,499,499,499,499,499,499,500,500,500,500,500,500,500,500,500,500,500,500,500,500,500,500,500,500,500,500,500,500,500,500,500,499,499,499,499,499,499,500,499,499,499,500,499,500,500,500,500,500,500,500,500,500,500,500,500,500,500,500,500,500,500,500,500,500,500,500,500,500,500,500,500,500,499,499,499,499,499,499,499,499,499,499,499,500,499,499,499,500,499,500,499,499,499,500,500,500,500,500,500,500,500,500,500,500,500,500,500,500,500,500,500,500,500,500,499,499,499,499,499,499,499,499,499,499,499,499,499,499,499,499,499,499,499,499,499,500,499,500,500,500,500,500,500,500,500,500,500,500,500,500,500,500,499,500,500,500,500,499,499,499,499,499,499,499,499,499,499,499,499,499,499,500,500,499,499,499,500,500,500,500,500,500,500,500,500,500,500,500,499,500,500,10,10,10,499,499,10,10,10,10,10,10,10,10,10,10,10,10,10,10,10,10,10,10,10,10,10,10,10,10,10,10,10,10,10,10,10,10,10,10,10,10,10,10,10,10,10,10,10,10,10,10,10,10,10,10,10,10,10,10,10,10,10,10,10,10,10,10,10,10,10,10,10,10,10,10,10,10,10,10,10,10,10,10,10,10,10,10,10,10,10,10,10,10,10,10,10,10,10,10,10,10,10,10,10,10,10,10,10,10,10,10,10,10,10,10,10,10,10,10,10,10,10,10,10,10,10,10,10,10,10,10,10,10,10,10,10,10,10,10,10,10,10,10,10,10,10,10,10,10,10,10,10,10,10,10,10,10,10,10,10,10,10,10,10,10,10,10,10,10,10,10,10,10,10,10,10,10,10,10,10,10,10,10,10,10,10,10,10,10,10,10,10,10,10,10,10,10,10,10,10,10,10,10,10,10,10,10,10,10,10,10,10,10,10,10,10,10,10,10,10,10,10,10,10,10,10,10,10,10,10,10,10,10,10,10,10,10,10,10,10,10,10,10,10,10,10,10,10,10,10,10,10,10,10,10,10,10,10,10,10,10,10,10,10,10,10,10,10,10,10,10,10,10,10,10,10,10,10,10,10,10,10,10,10,10,10,10,10,10,10,10,10,10,10,10,10,10,10,10,10,10,10,10,10,10,10,10,10,10,10,10,10,10,10,10,10,10,10,10,10,10,10,10,10,
32300,2416,2421,2416,2414,2414,2413,2415,2408,2416,2427,2419,2424,2427,2434,2426,2426,2425,2432,2435,2435,2430,2428,2443,2435,2437,2428,2430,2435,2437,2438,2442,2425,2431,2437,2432,2436,2432,2437,2432,2428,2429,2430,2427,2424,2425,2427,2429,2432,2430,2431,2424,2433,2435,2435,2428,2428,2435,2427,2418,2434,2432,2437,2433,2428,2422,2420,2420,2419,2411,2413,2419,2428,2431,2425,2429,2430,2426,2425,2427,2422,2414,2420,2422,2420,2421,2423,2416,2416,2409,2408,2420,2414,2413,2419,2414,2415,2413,2413,2408,2410,2407,2414,2420,2424,2423,2407,2431,2432,2417,2417,2415,2415,2410,2412,2409,2409,2407,2407,2400,2399,2402,2401,2405,2403,2403,2406,2408,2404,2412,2407,2408,2407,2412,2412,2415,2411,2417,2410,2419,2415,2412,2421,2416,2417,2420,2408,2412,2410,2414,2418,2416,2408,2414,2411,2416,2416,2407,2414,2410,2408,2409,2413,2380,2383,2376,2376,2363,2367,2361,2378,2374,2372,2367,2362,2363,2364,2366,2368,2369,2364,2364,2362,2367,2367,2364,2370,2378,2373,2371,2381,2380,2379,2382,2368,2378,2368,2367,2369,2374,2359,2367,2359,2375,2378,2377,2379,2377,2372,2375,2381,2373,2372,2380,2379,2382,2376,2379,2375,2374,2376,2385,2269,2304,2292,4,6,2303,2304,2304,2304,2306,2305,2305,2308,2306,2304,2305,2305,2302,2307,2303,2307,2305,2309,2303,2304,2307,2305,2303,2305,2305,2304,2292,2290,2291,2291,2291,2292,2291,2291,2289,2293,2290,2293,2292,2293,2293,2290,2289,2290,2293,2289,2292,2291,2292,2293,2289,2291,2289,2292,2292,2291,2290,2291,2291,2292,2291,2290,2291,2288,2292,2293,2289,2291,2292,2290,2292,2291,2290,2290,2291,2289,2291,2294,2289,2293,2289,2291,2291,2298,2290,2292,2291,2288,2291,2293,2289,2293,2294,2287,2291,2293,2290,2293,2292,2288,2290,2291,2292,2293,2290,2291,2291,2291,2289,2292,2292,2288,2292,2291,2288,2295,2292,2286,2293,2289,2290,2293,2291,2293,2293,2292,2291,2293,2291,2289,2294,2292,2290,2291,2288,2290,2293,2290,2291,2293,2290,2288,2295,2291,2290,2293,2289,2289,2292,2288,2290,2291,2290,2290,2291,2288,2291,2293,2291,2290,2293,2291,2288,2290,2289,2291,2292,2290,2290,2291,2288,2290,2292,2289,2289,2290,2292,2291,2292,2290,2288,2292,2290,2289,2291,2288,2290,2290,2292,2291,2291,2290,2290,2292,2290,2291,2292,2288,2291,2292,2294,2292,2292,2291,2291,2293,2290,2290,2293,2292,2291,2290,2290,2289,2294,2292,2288,2288,2292,2290,2291,2289,2289,2292,2291,2291,2291,2290,2291,2290,2290,2290,2292,2292,2291,2290,2289,2290,2291,2290,2288,2291,2289,2289,2294,2291,2287,2291,2289,2290,2291,2291,2290,2292,2290,2289,2290,2291,2290,2293,2291,2292,2291,2290,2291,2289,2290,2290,2291,2289,2291,2289,2285,2288,2288,2286,2286,2288,2287,2286,2288,2286,2289,2287,2286,2286,2286,2284,2283,2283,2287,2285,2289,2284,2285,2285,2284,2286,2286,2283,2284,2283,2284,2286,2283,2286,2284,2284,2284,2284,2283,2282,5,5,6,4,4,6,8,
32301,2416,2421,2416,2414,2414,2413,2415,2408,2416,2427,2419,2424,2427,2434,2426,2426,2425,2432,2435,2435,2430,2428,2443,2435,2437,2428,2430,2435,2437,2438,2442,2425,2431,2437,2432,2436,2432,2437,2432,2428,2429,2430,2427,2424,2425,2427,2429,2432,2430,2431,2424,2433,2435,2435,2428,2428,2435,2427,2418,2434,2432,2437,2433,2428,2422,2420,2420,2419,2411,2413,2419,2428,2431,2425,2429,2430,2426,2425,2427,2422,2414,2420,2422,2420,2421,2423,2416,2416,2409,2408,2420,2414,2413,2419,2414,2415,2413,2413,2408,2410,2407,2414,2420,2424,2423,2407,2431,2432,2417,2417,2415,2415,2410,2412,2409,2409,2407,2407,2400,2399,2402,2401,2405,2403,2403,2406,2408,2404,2412,2407,2408,2407,2412,2412,2415,2411,2417,2410,2419,2415,2412,2421,2416,2417,2420,2408,2412,2410,2414,2418,2416,2408,2414,2411,2416,2416,2407,2414,2410,2408,2409,2413,2380,2383,2376,2376,2363,2367,2361,2378,2374,2372,2367,2362,2363,2364,2366,2368,2369,2364,2364,2362,2367,2367,2364,2370,2378,2373,2371,2381,2380,2379,2382,2368,2378,2368,2367,2369,2374,2359,2367,2359,2375,2378,2377,2379,2377,2372,2375,2381,2373,2372,2380,2379,2382,2376,2379,2375,2374,2376,2385,2269,2304,2292,4,6,2303,2304,2304,2304,2306,2305,2305,2308,2306,2304,2305,2305,2302,2307,2303,2307,2305,2309,2303,2304,2307,2305,2303,2305,2305,2304,2292,2290,2291,2291,2291,2292,2291,2291,2289,2293,2290,2293,2292,2293,2293,2290,2289,2290,2293,2289,2292,2291,2292,2293,2289,2291,2289,2292,2292,2291,2290,2291,2291,2292,2291,2290,2291,2288,2292,2293,2289,2291,2292,2290,2292,2291,2290,2290,2291,2289,2291,2294,2289,2293,2289,2291,2291,2298,2290,2292,2291,2288,2291,2293,2289,2293,2294,2287,2291,2293,2290,2293,2292,2288,2290,2291,2292,2293,2290,2291,2291,2291,2289,2292,2292,2288,2292,2291,2288,2295,2292,2286,2293,2289,2290,2293,2291,2293,2293,2292,2291,2293,2291,2289,2294,2292,2290,2291,2288,2290,2293,2290,2291,2293,2290,2288,2295,2291,2290,2293,2289,2289,2292,2288,2290,2291,2290,2290,2291,2288,2291,2293,2291,2290,2293,2291,2288,2290,2289,2291,2292,2290,2290,2291,2288,2290,2292,2289,2289,2290,2292,2291,2292,2290,2288,2292,2290,2289,2291,2288,2290,2290,2292,2291,2291,2290,2290,2292,2290,2291,2292,2288,2291,2292,2294,2292,2292,2291,2291,2293,2290,2290,2293,2292,2291,2290,2290,2289,2294,2292,2288,2288,2292,2290,2291,2289,2289,2292,2291,2291,2291,2290,2291,2290,2290,2290,2292,2292,2291,2290,2289,2290,2291,2290,2288,2291,2289,2289,2294,2291,2287,2291,2289,2290,2291,2291,2290,2292,2290,2289,2290,2291,2290,2293,2291,2292,2291,2290,2291,2289,2290,2290,2291,2289,2291,2289,2285,2288,2288,2286,2286,2288,2287,2286,2288,2286,2289,2287,2286,2286,2286,2284,2283,2283,2287,2285,2289,2284,2285,2285,2284,2286,2286,2283,2284,2283,2284,2286,2283,2286,2284,2284,2284,2284,2283,2282,5,5,6,4,4,6,8,
32302,362,362,363,361,360,359,360,359,360,360,361,363,364,364,364,364,365,365,367,366,365,366,368,367,367,365,369,367,368,367,371,370,369,368,368,366,367,367,366,367,365,365,365,367,368,369,367,365,367,366,368,369,366,366,367,369,368,367,365,368,367,367,367,366,365,366,363,366,366,366,365,368,366,368,366,367,366,370,364,366,366,367,364,361,365,368,366,365,365,358,366,365,362,363,372,363,362,364,358,361,361,361,366,366,365,360,368,366,364,366,367,367,363,363,362,364,361,363,361,365,369,362,363,361,361,361,360,361,363,361,362,364,363,365,363,365,366,364,364,365,363,363,365,363,365,363,362,362,365,364,364,364,362,362,363,363,364,361,362,359,364,364,350,350,686,686,1069,1921,1918,1930,1934,1930,1919,1910,1917,1913,1926,1925,1920,1916,1913,1921,1917,1926,1920,1931,1927,1928,1934,1934,1933,1934,1946,1923,1932,1922,1925,1923,1930,1910,1919,1918,1935,1937,1936,1940,1943,1931,1932,1933,1933,1929,1940,1943,1940,1941,1946,1938,1933,1929,368,1404,391,1874,0,0,86,87,86,86,86,85,86,87,85,86,85,85,85,86,84,85,85,119,118,120,118,119,120,118,119,119,347,343,342,340,340,339,337,338,337,335,337,335,335,336,336,334,336,334,334,335,334,333,334,334,332,334,332,332,334,332,332,334,332,332,333,332,331,333,332,330,333,332,332,333,332,332,334,332,331,333,332,331,333,330,332,333,331,331,333,331,331,332,332,331,333,331,331,332,331,331,333,331,330,332,331,331,332,331,332,333,331,331,333,332,331,333,331,332,333,331,331,333,331,330,333,331,331,332,331,330,332,330,331,332,331,330,332,330,331,332,331,331,332,330,332,332,331,330,332,331,331,332,331,331,332,331,331,334,331,331,332,331,330,332,330,332,331,330,331,333,330,331,333,331,332,333,332,331,333,331,332,333,332,331,333,331,332,333,332,332,334,332,332,333,332,332,334,332,332,333,331,333,334,332,332,333,332,332,333,332,331,333,332,333,333,331,332,334,331,332,333,331,332,332,331,331,333,330,332,332,331,331,333,331,332,333,330,331,333,330,333,333,330,333,332,331,331,332,330,332,332,330,332,332,331,331,332,331,332,331,330,332,332,329,330,331,329,331,331,330,331,331,329,331,331,1575,1578,1574,1577,1574,1575,1576,1579,1575,1577,1576,1577,1577,1578,2043,2044,2045,2041,2044,2043,2043,2043,2044,2042,2045,2042,2045,2041,2045,2041,2044,2042,2044,2042,2045,2042,2042,2041,2041,2042,2040,0,0,0,0,0,0,0,
33000,0,0,0,0,0,0,0,0,0,0,0,0,0,0,0,0,0,0,0,0,0,0,0,0,0,0,0,0,0,0,0,0,0,0,0,0,0,0,0,0,0,0,0,0,0,0,0,0,0,0,0,0,0,0,0,0,0,0,0,0,0,0,0,0,0,0,0,0,0,0,0,0,0,0,0,0,0,0,0,0,0,0,0,0,0,0,0,0,0,0,0,0,0,0,0,0,0,0,0,0,0,0,0,0,0,0,0,0,0,0,0,0,0,0,0,0,0,0,0,0,0,0,0,0,0,0,0,0,0,0,0,0,0,0,0,0,0,0,0,0,0,0,0,0,0,0,0,0,0,0,0,0,0,0,0,0,0,0,0,0,0,0,0,0,0,0,0,0,0,0,0,0,0,0,0,0,0,0,0,0,0,0,0,0,0,0,0,0,0,0,0,0,0,0,0,0,0,0,0,0,0,0,0,0,0,0,0,0,0,0,0,0,0,0,0,0,0,0,0,0,0,0,0,0,0,0,0,0,0,0,0,0,0,0,0,0,0,0,0,0,0,0,0,0,0,0,0,0,0,0,0,0,0,0,0,0,0,0,0,0,0,0,0,0,0,0,0,0,0,0,0,0,0,0,0,0,0,0,0,0,0,0,0,0,0,0,0,0,0,0,0,0,0,0,0,0,0,0,0,0,0,0,0,0,0,0,0,0,0,0,0,0,0,0,0,0,0,0,0,0,0,0,0,0,0,0,0,0,0,0,0,0,0,0,0,0,0,0,0,0,0,0,0,0,0,0,0,0,0,0,0,0,0,0,0,0,0,0,0,0,0,0,0,0,0,0,0,0,0,0,0,0,0,0,0,0,0,0,0,0,0,0,0,0,0,0,0,0,0,0,0,0,0,0,0,0,0,0,0,0,0,0,0,0,0,0,0,0,0,0,0,0,0,0,0,0,0,0,0,0,0,0,0,0,0,0,0,0,0,0,0,0,0,0,0,0,0,0,0,0,0,0,0,0,0,0,0,0,0,0,0,0,0,0,0,0,0,0,0,0,0,0,0,0,0,0,0,0,0,0,0,0,0,0,0,0,0,0,0,0,0,0,0,0,0,0,0,0,0,0,0,0,0,0,0,0,0,0,0,0,0,0,0,0,0,0,0,0,0,0,0,0,0,0,0,0,0,0,0,0,0,0,0,0,0,0,0,0,0,0,0,0,0,0,0,0,0,0,0,0,0,0,0,0,0,
33001,30296,30296,30296,30296,30296,30296,30296,30296,30296,30296,30296,30296,30296,30296,30296,30296,30296,30296,30296,30296,30296,30296,30296,30296,30296,30296,30296,30296,30296,30296,30296,30296,30296,30296,30296,30296,30296,30296,30296,30296,30296,30296,30296,30296,30296,30296,30296,30296,30296,30296,30296,30296,30296,30296,30296,30296,30296,30296,30296,30296,30296,30296,30296,30296,30296,30296,30296,30296,30296,30296,30296,30296,30296,30296,30296,30296,30296,30296,30296,30296,30296,30296,30296,30296,30296,30296,30296,30296,30296,30296,30296,30296,30296,30296,30296,30296,30296,30296,30296,30296,30296,30296,30296,30296,30296,30296,30296,30296,30296,30296,30296,30296,30296,30296,30296,30296,30296,30296,30296,30296,30296,30296,30296,30296,30296,30296,30296,30296,30296,30296,30296,30296,30296,30296,30296,30296,30296,30296,30296,30296,30296,30296,30296,30296,30296,30296,30296,30296,30296,30296,30296,30296,30296,30296,30296,30296,30296,30296,30296,30296,30296,30296,30296,30296,30296,30296,30296,30296,30296,30296,30296,30296,30296,30296,30296,30296,30296,30296,30296,30296,30296,30296,30296,30296,30296,30296,30296,30296,30296,30296,30296,30296,30296,30296,30296,30296,30296,30296,30296,30296,30296,30296,30296,30296,30296,30296,30296,30296,30296,30296,30296,30296,30296,30296,30296,30296,30296,30296,30296,30296,30296,30296,30296,30296,30296,30296,30296,30296,30296,30296,30296,30296,30296,30296,30296,30296,30296,30296,30296,30296,30296,30296,30296,30296,30296,30296,30296,30296,30296,30296,30296,30296,30296,30296,30296,30296,30296,30296,30296,30296,30296,30296,30296,30296,30296,30296,30296,30296,30296,30296,30296,30296,30296,30296,30296,30296,30296,30296,30296,30296,30296,30296,30296,30296,30296,30296,30296,30296,30296,30296,30296,30296,30296,30296,30296,30296,30296,30296,30296,30296,30296,30296,30296,30296,30296,30296,30296,30296,30296,30296,30296,30296,30296,30296,30296,30296,30296,30296,30296,30296,30296,30296,30296,30296,30296,30296,30296,30296,30296,30296,30296,30296,30296,30296,30296,30296,30296,30296,30296,30296,30296,30296,30296,30296,30296,30296,30296,30296,30296,30296,30296,30296,30296,30296,30296,30296,30296,30296,30296,30296,30296,30296,30296,30296,30296,30296,30296,30296,30296,30296,30296,30296,30296,30296,30296,30296,30296,30296,30296,30296,30296,30296,30296,30296,30296,30296,30296,30296,30296,30296,30296,30296,30296,30296,30296,30296,30296,30296,30296,30296,30296,30296,30296,30296,30296,30296,30296,30296,30296,30296,30296,30296,30296,30296,30296,30296,30296,30296,30296,30296,30296,30296,30296,30296,30296,30296,30296,30296,30296,30296,30296,30296,30296,30296,30296,30296,30296,30296,30296,30296,30296,30296,30296,30296,30296,30296,30296,30296,30296,30296,30296,30296,30296,30296,30296,30296,30296,30296,30296,30296,30296,30296,30296,30296,30296,30296,30296,30296,30296,30296,30296,30296,30296,30296,30296,30296,30296,30296,30296,30296,30296,30296,30296,30296,30296,30296,30296,30296,30296,30296,30296,30296,30296,30296,30296,30296,30296,30296,30296,30296,30296,30296,30296,30296,30296,30296,30296,30296,30296,30296,30296,30296,30296,30296,30296,30296,30296,30296,30296,30296,30296,30296,30296,30296,30296,30296,30296,30296,30296,30296,30296,30296,30296,30296,30296,30296,30296,30296,30296,30296,30296,30296,30296,30296,30296,
33002,0,0,0,0,0,0,0,0,0,0,0,0,0,0,0,0,0,0,0,0,0,0,0,0,0,0,0,0,0,0,0,0,0,0,0,0,0,0,0,0,0,0,0,0,0,0,0,0,0,0,0,0,0,0,0,0,0,0,0,0,0,0,0,0,0,0,0,0,0,0,0,0,0,0,0,0,0,0,0,0,0,0,0,0,0,0,0,0,0,0,0,0,0,0,0,0,0,0,0,0,0,0,0,0,0,0,0,0,0,0,0,0,0,0,0,0,0,0,0,0,0,0,0,0,0,0,0,0,0,0,0,0,0,0,0,0,0,0,0,0,0,0,0,0,0,0,0,0,0,0,0,0,0,0,0,0,0,0,0,0,0,0,0,0,0,0,0,0,0,0,0,0,0,0,0,0,0,0,0,0,0,0,0,0,0,0,0,0,0,0,0,0,0,0,0,0,0,0,0,0,0,0,0,0,0,0,0,0,0,0,0,0,0,0,0,0,0,0,0,0,0,0,0,0,0,0,0,0,0,0,0,0,0,0,0,0,0,0,0,0,0,0,0,0,0,0,0,0,0,0,0,0,0,0,0,0,0,0,0,0,0,0,0,0,0,0,0,0,0,0,0,0,0,0,0,0,0,0,0,0,0,0,0,0,0,0,0,0,0,0,0,0,0,0,0,0,0,0,0,0,0,0,0,0,0,0,0,0,0,0,0,0,0,0,0,0,0,0,0,0,0,0,0,0,0,0,0,0,0,0,0,0,0,0,0,0,0,0,0,0,0,0,0,0,0,0,0,0,0,0,0,0,0,0,0,0,0,0,0,0,0,0,0,0,0,0,0,0,0,0,0,0,0,0,0,0,0,0,0,0,0,0,0,0,0,0,0,0,0,0,0,0,0,0,0,0,0,0,0,0,0,0,0,0,0,0,0,0,0,0,0,0,0,0,0,0,0,0,0,0,0,0,0,0,0,0,0,0,0,0,0,0,0,0,0,0,0,0,0,0,0,0,0,0,0,0,0,0,0,0,0,0,0,0,0,0,0,0,0,0,0,0,0,0,0,0,0,0,0,0,0,0,0,0,0,0,0,0,0,0,0,0,0,0,0,0,0,0,0,0,0,0,0,0,0,0,0,0,0,0,0,0,0,0,0,0,0,0,0,0,0,0,0,0,0,0,0,0,0,0,0,0,0,0,0,0,0,0,0,0,0,0,0,0,0,0,0,0,0,0,0,0,0,0,0,
33003,24918,24919,24921,24922,24923,24924,24926,24927,24928,24930,24931,24932,24934,24935,24936,24938,24939,24940,24941,24943,24944,24945,24947,24948,24949,24951,24952,24953,24955,24956,24957,24959,24960,24961,24963,24964,24965,24966,24968,24969,24970,24972,24973,24974,24976,24977,24978,24980,24981,24982,24984,24985,24986,24987,24989,24990,24991,24993,24994,24995,24997,24998,24999,25001,25002,25003,25005,25006,25007,25008,25010,25011,25012,25014,25015,25016,25018,25019,25020,25022,25023,25024,25026,25027,25028,25029,25031,25032,25033,25035,25036,25037,25039,25040,25041,25043,25044,25045,25047,25048,25049,25050,25052,25053,25054,25056,25057,25058,25060,25061,25062,25064,25065,25066,25068,25069,25070,25071,25073,25074,25075,25077,25078,25079,25081,25082,25083,25085,25086,25087,25089,25090,25091,25092,25094,25095,25096,25098,25099,25100,25102,25103,25104,25106,25107,25108,25110,25111,25112,25114,25115,25116,25118,25119,25120,25121,25123,25124,25125,25127,25128,25129,25130,25130,25130,25130,25130,25130,25130,25130,25130,25130,25130,25130,25130,25130,25130,25130,25130,25130,25130,25130,25130,25130,25130,25130,25130,25130,25130,25130,25130,25130,25130,25130,25130,25130,25130,25130,25130,25130,25130,25130,25130,25130,25130,25130,25130,25130,25130,25130,25130,25130,25130,25130,25130,25130,25130,25130,25130,25130,25130,25130,25130,25130,25130,25130,25130,25130,25130,25130,25130,25130,25130,25130,25130,25130,25130,25130,25130,25130,25130,25130,25130,25130,25130,25130,25130,25130,25130,25130,25130,25130,25130,25130,25130,25130,25130,25130,25130,25130,25130,25130,25130,25130,25130,25130,25130,25130,25130,25130,25130,25130,25130,25130,25130,25130,25130,25130,25130,25130,25130,25130,25130,25130,25130,25130,25130,25130,25130,25130,25130,25130,25130,25130,25130,25130,25130,25130,25130,25130,25130,25130,25130,25130,25130,25130,25130,25130,25130,25130,25130,25130,25130,25130,25130,25130,25130,25130,25130,25130,25130,25130,25130,25130,25130,25130,25130,25130,25130,25130,25130,25130,25130,25130,25130,25130,25130,25130,25130,25130,25130,25130,25130,25130,25130,25130,25130,25130,25130,25130,25130,25130,25130,25130,25130,25130,25130,25130,25130,25130,25130,25130,25130,25130,25130,25130,25130,25130,25130,25130,25130,25130,25130,25130,25130,25130,25130,25130,25130,25130,25130,25130,25130,25130,25130,25130,25130,25130,25130,25130,25130,25130,25130,25130,25130,25130,25130,25130,25130,25130,25130,25130,25130,25130,25130,25130,25130,25130,25130,25130,25130,25130,25130,25130,25130,25130,25130,25130,25130,25130,25130,25130,25130,25130,25130,25130,25130,25130,25130,25130,25130,25130,25130,25130,25130,25130,25130,25130,25130,25130,25130,25130,25130,25130,25130,25130,25130,25130,25130,25130,25130,25130,25130,25130,25130,25130,25130,25130,25130,25130,25130,25130,25130,25130,25130,25130,25130,25130,25130,25130,25130,25130,25130,25130,25130,25130,25130,25130,25130,25130,25130,25130,25130,25130,25130,25130,25130,25130,25130,25130,25130,25130,25130,25130,25130,25130,25130,25130,25130,25130,25130,25130,25130,25130,25130,25130,25130,25130,25130,25130,25130,25130,25130,25130,25130,25130,25130,25130,25130,25130,25130,25130,25130,25130,25130,25130,25130,25130,25130,25130,25130,25130,25130,25130,25130,25130,25130,25130,25130,25130,25130,25130,25130,25130,25130,
33004,0,0,0,0,0,0,0,0,0,0,0,0,0,0,0,0,0,0,0,0,0,0,0,0,0,0,0,0,0,0,0,0,0,0,0,0,0,0,0,0,0,0,0,0,0,0,0,0,0,0,0,0,0,0,0,0,0,0,0,0,0,0,0,0,0,0,0,0,0,0,0,0,0,0,0,0,0,0,0,0,0,0,0,0,0,0,0,0,0,0,0,0,0,0,0,0,0,0,0,0,0,0,0,0,0,0,0,0,0,0,0,0,0,0,0,0,0,0,0,0,0,0,0,0,0,0,0,0,0,0,0,0,0,0,0,0,0,0,0,0,0,0,0,0,0,0,0,0,0,0,0,0,0,0,0,0,0,0,0,0,0,0,0,0,0,0,0,0,0,0,0,0,0,0,0,0,0,0,0,0,0,0,0,0,0,0,0,0,0,0,0,0,0,0,0,0,0,0,0,0,0,0,0,0,0,0,0,0,0,0,0,0,0,0,0,0,0,0,0,0,0,0,0,0,0,0,0,0,0,0,0,0,0,0,0,0,0,0,0,0,0,0,0,0,0,0,0,0,0,0,0,0,0,0,0,0,0,0,0,0,0,0,0,0,0,0,0,0,0,0,0,0,0,0,0,0,0,0,0,0,0,0,0,0,0,0,0,0,0,0,0,0,0,0,0,0,0,0,0,0,0,0,0,0,0,0,0,0,0,0,0,0,0,0,0,0,0,0,0,0,0,0,0,0,0,0,0,0,0,0,0,0,0,0,0,0,0,0,0,0,0,0,0,0,0,0,0,0,0,0,0,0,0,0,0,0,0,0,0,0,0,0,0,0,0,0,0,0,0,0,0,0,0,0,0,0,0,0,0,0,0,0,0,0,0,0,0,0,0,0,0,0,0,0,0,0,0,0,0,0,0,0,0,0,0,0,0,0,0,0,0,0,0,0,0,0,0,0,0,0,0,0,0,0,0,0,0,0,0,0,0,0,0,0,0,0,0,0,0,0,0,0,0,0,0,0,0,0,0,0,0,0,0,0,0,0,0,0,0,0,0,0,0,0,0,0,0,0,0,0,0,0,0,0,0,0,0,0,0,0,0,0,0,0,0,0,0,0,0,0,0,0,0,0,0,0,0,0,0,0,0,0,0,0,0,0,0,0,0,0,0,0,0,0,0,0,0,0,0,0,0,0,0,0,0,0,0,0,0,0,0,0,0,0,0,0,0,0,0,0,0,0,0,0,0,
33005,0,0,0,0,0,0,0,0,0,0,0,0,0,0,0,0,0,0,0,0,0,0,0,0,0,0,0,0,0,0,0,0,0,0,0,0,0,0,0,0,0,0,0,0,0,0,0,0,0,0,0,0,0,0,0,0,0,0,0,0,0,0,0,0,0,0,0,0,0,0,0,0,0,0,0,0,0,0,0,0,0,0,0,0,0,0,0,0,0,0,0,0,0,0,0,0,0,0,0,0,0,0,0,0,0,0,0,0,0,0,0,0,0,0,0,0,0,0,0,0,0,0,0,0,0,0,0,0,0,0,0,0,0,0,0,0,0,0,0,0,0,0,0,0,0,0,0,0,0,0,0,0,0,0,0,0,0,0,0,0,0,0,0,0,0,0,0,0,0,0,0,0,0,0,0,0,0,0,0,0,0,0,0,0,0,0,0,0,0,0,0,0,0,0,0,0,0,0,0,0,0,0,0,0,0,0,0,0,0,0,0,0,0,0,0,0,0,0,0,0,0,0,0,0,0,0,0,0,0,0,0,0,0,0,0,0,0,0,0,0,0,0,0,0,0,0,0,0,0,0,0,0,0,0,0,0,0,0,0,0,0,0,0,0,0,0,0,0,0,0,0,0,0,0,0,0,0,0,0,0,0,0,0,0,0,0,0,0,0,0,0,0,0,0,0,0,0,0,0,0,0,0,0,0,0,0,0,0,0,0,0,0,0,0,0,0,0,0,0,0,0,0,0,0,0,0,0,0,0,0,0,0,0,0,0,0,0,0,0,0,0,0,0,0,0,0,0,0,0,0,0,0,0,0,0,0,0,0,0,0,0,0,0,0,0,0,0,0,0,0,0,0,0,0,0,0,0,0,0,0,0,0,0,0,0,0,0,0,0,0,0,0,0,0,0,0,0,0,0,0,0,0,0,0,0,0,0,0,0,0,0,0,0,0,0,0,0,0,0,0,0,0,0,0,0,0,0,0,0,0,0,0,0,0,0,0,0,0,0,0,0,0,0,0,0,0,0,0,0,0,0,0,0,0,0,0,0,0,0,0,0,0,0,0,0,0,0,0,0,0,0,0,0,0,0,0,0,0,0,0,0,0,0,0,0,0,0,0,0,0,0,0,0,0,0,0,0,0,0,0,0,0,0,0,0,0,0,0,0,0,0,0,0,0,0,0,0,0,0,0,0,0,0,0,0,0,0,0,0,0,0,0,0,0,0,0,0,0,0,0,0,0,0,0,0,
33006,0,0,0,0,0,0,0,0,0,0,0,0,0,0,0,0,0,0,0,0,0,0,0,0,0,0,0,0,0,0,0,0,0,0,0,0,0,0,0,0,0,0,0,0,0,0,0,0,0,0,0,0,0,0,0,0,0,0,0,0,0,0,0,0,0,0,0,0,0,0,0,0,0,0,0,0,0,0,0,0,0,0,0,0,0,0,0,0,0,0,0,0,0,0,0,0,0,0,0,0,0,0,0,0,0,0,0,0,0,0,0,0,0,0,0,0,0,0,0,0,0,0,0,0,0,0,0,0,0,0,0,0,0,0,0,0,0,0,0,0,0,0,0,0,0,0,0,0,0,0,0,0,0,0,0,0,0,0,0,0,0,0,0,0,0,0,0,0,0,0,0,0,0,0,0,0,0,0,0,0,0,0,0,0,0,0,0,0,0,0,0,0,0,0,0,0,0,0,0,0,0,0,0,0,0,0,0,0,0,0,0,0,0,0,0,0,0,0,0,0,0,0,0,0,0,0,0,0,0,0,0,0,0,0,0,0,0,0,0,0,0,0,0,0,0,0,0,0,0,0,0,0,0,0,0,0,0,0,0,0,0,0,0,0,0,0,0,0,0,0,0,0,0,0,0,0,0,0,0,0,0,0,0,0,0,0,0,0,0,0,0,0,0,0,0,0,0,0,0,0,0,0,0,0,0,0,0,0,0,0,0,0,0,0,0,0,0,0,0,0,0,0,0,0,0,0,0,0,0,0,0,0,0,0,0,0,0,0,0,0,0,0,0,0,0,0,0,0,0,0,0,0,0,0,0,0,0,0,0,0,0,0,0,0,0,0,0,0,0,0,0,0,0,0,0,0,0,0,0,0,0,0,0,0,0,0,0,0,0,0,0,0,0,0,0,0,0,0,0,0,0,0,0,0,0,0,0,0,0,0,0,0,0,0,0,0,0,0,0,0,0,0,0,0,0,0,0,0,0,0,0,0,0,0,0,0,0,0,0,0,0,0,0,0,0,0,0,0,0,0,0,0,0,0,0,0,0,0,0,0,0,0,0,0,0,0,0,0,0,0,0,0,0,0,0,0,0,0,0,0,0,0,0,0,0,0,0,0,0,0,0,0,0,0,0,0,0,0,0,0,0,0,0,0,0,0,0,0,0,0,0,0,0,0,0,0,0,0,0,0,0,0,0,0,0,0,0,0,0,0,0,0,0,0,0,0,0,0,0,0,0,0,0,0,0,
33007,470,471,473,474,475,476,478,479,480,482,483,484,486,487,488,490,491,492,493,495,496,497,499,500,501,503,504,505,507,508,509,511,512,513,515,516,517,518,520,521,522,524,525,526,528,529,530,532,533,534,536,537,538,539,541,542,543,545,546,547,549,550,551,553,554,555,557,558,559,560,562,563,564,566,567,568,570,571,572,574,575,576,578,579,580,581,583,584,585,587,588,589,591,592,593,595,596,597,599,600,601,602,604,605,606,608,609,610,612,613,614,616,617,618,620,621,622,623,625,626,627,629,630,631,633,634,635,637,638,639,641,642,643,644,646,647,648,650,651,652,654,655,656,658,659,660,662,663,664,666,667,668,670,671,672,673,675,676,677,679,680,681,682,682,682,682,682,682,682,682,682,682,682,682,682,682,682,682,682,682,682,682,682,682,682,682,682,682,682,682,682,682,682,682,682,682,682,682,682,682,682,682,682,682,682,682,682,682,682,682,682,682,682,682,682,682,682,682,682,682,682,682,682,682,682,682,682,682,682,682,682,682,682,682,682,682,682,682,682,682,682,682,682,682,682,682,682,682,682,682,682,682,682,682,682,682,682,682,682,682,682,682,682,682,682,682,682,682,682,682,682,682,682,682,682,682,682,682,682,682,682,682,682,682,682,682,682,682,682,682,682,682,682,682,682,682,682,682,682,682,682,682,682,682,682,682,682,682,682,682,682,682,682,682,682,682,682,682,682,682,682,682,682,682,682,682,682,682,682,682,682,682,682,682,682,682,682,682,682,682,682,682,682,682,682,682,682,682,682,682,682,682,682,682,682,682,682,682,682,682,682,682,682,682,682,682,682,682,682,682,682,682,682,682,682,682,682,682,682,682,682,682,682,682,682,682,682,682,682,682,682,682,682,682,682,682,682,682,682,682,682,682,682,682,682,682,682,682,682,682,682,682,682,682,682,682,682,682,682,682,682,682,682,682,682,682,682,682,682,682,682,682,682,682,682,682,682,682,682,682,682,682,682,682,682,682,682,682,682,682,682,682,682,682,682,682,682,682,682,682,682,682,682,682,682,682,682,682,682,682,682,682,682,682,682,682,682,682,682,682,682,682,682,682,682,682,682,682,682,682,682,682,682,682,682,682,682,682,682,682,682,682,682,682,682,682,682,682,682,682,682,682,682,682,682,682,682,682,682,682,682,682,682,682,682,682,682,682,682,682,682,682,682,682,682,682,682,682,682,682,682,682,682,682,682,
33008,0,0,0,0,0,0,0,0,0,0,0,0,0,0,0,0,0,0,0,0,0,0,0,0,0,0,0,0,0,0,0,0,0,0,0,0,0,0,0,0,0,0,0,0,0,0,0,0,0,0,0,0,0,0,0,0,0,0,0,0,0,0,0,0,0,0,0,0,0,0,0,0,0,0,0,0,0,0,0,0,0,0,0,0,0,0,0,0,0,0,0,0,0,0,0,0,0,0,0,0,0,0,0,0,0,0,0,0,0,0,0,0,0,0,0,0,0,0,0,0,0,0,0,0,0,0,0,0,0,0,0,0,0,0,0,0,0,0,0,0,0,0,0,0,0,0,0,0,0,0,0,0,0,0,0,0,0,0,0,0,0,0,0,0,0,0,0,0,0,0,0,0,0,0,0,0,0,0,0,0,0,0,0,0,0,0,0,0,0,0,0,0,0,0,0,0,0,0,0,0,0,0,0,0,0,0,0,0,0,0,0,0,0,0,0,0,0,0,0,0,0,0,0,0,0,0,0,0,0,0,0,0,0,0,0,0,0,0,0,0,0,0,0,0,0,0,0,0,0,0,0,0,0,0,0,0,0,0,0,0,0,0,0,0,0,0,0,0,0,0,0,0,0,0,0,0,0,0,0,0,0,0,0,0,0,0,0,0,0,0,0,0,0,0,0,0,0,0,0,0,0,0,0,0,0,0,0,0,0,0,0,0,0,0,0,0,0,0,0,0,0,0,0,0,0,0,0,0,0,0,0,0,0,0,0,0,0,0,0,0,0,0,0,0,0,0,0,0,0,0,0,0,0,0,0,0,0,0,0,0,0,0,0,0,0,0,0,0,0,0,0,0,0,0,0,0,0,0,0,0,0,0,0,0,0,0,0,0,0,0,0,0,0,0,0,0,0,0,0,0,0,0,0,0,0,0,0,0,0,0,0,0,0,0,0,0,0,0,0,0,0,0,0,0,0,0,0,0,0,0,0,0,0,0,0,0,0,0,0,0,0,0,0,0,0,0,0,0,0,0,0,0,0,0,0,0,0,0,0,0,0,0,0,0,0,0,0,0,0,0,0,0,0,0,0,0,0,0,0,0,0,0,0,0,0,0,0,0,0,0,0,0,0,0,0,0,0,0,0,0,0,0,0,0,0,0,0,0,0,0,0,0,0,0,0,0,0,0,0,0,0,0,0,0,0,0,0,0,0,0,0,0,0,0,0,0,0,0,0,0,0,0,0,0,0,
33009,1715,1715,1715,1715,1715,1715,1715,1715,1715,1715,1715,1715,1715,1715,1715,1715,1715,1715,1715,1715,1715,1715,1715,1715,1715,1715,1715,1715,1715,1715,1715,1715,1715,1715,1715,1715,1715,1715,1715,1715,1715,1715,1715,1715,1715,1715,1715,1715,1715,1715,1715,1715,1715,1715,1715,1715,1715,1715,1715,1715,1715,1715,1715,1715,1715,1715,1715,1715,1715,1715,1715,1715,1715,1715,1715,1715,1715,1715,1715,1715,1715,1715,1715,1715,1715,1715,1715,1715,1715,1715,1715,1715,1715,1715,1715,1715,1715,1715,1715,1715,1715,1715,1715,1715,1715,1715,1715,1715,1715,1715,1715,1715,1715,1715,1715,1715,1715,1715,1715,1715,1715,1715,1715,1715,1715,1715,1715,1715,1715,1715,1715,1715,1715,1715,1715,1715,1715,1715,1715,1715,1715,1715,1715,1715,1715,1715,1715,1715,1715,1715,1715,1715,1715,1715,1715,1715,1715,1715,1715,1715,1715,1715,1715,1715,1715,1715,1715,1715,1715,1715,1715,1715,1715,1715,1715,1715,1715,1715,1715,1715,1715,1715,1715,1715,1715,1715,1715,1715,1715,1715,1715,1715,1715,1715,1715,1715,1715,1715,1715,1715,1715,1715,1715,1715,1715,1715,1715,1715,1715,1715,1715,1715,1715,1715,1715,1715,1715,1715,1715,1715,1715,1715,1715,1715,1715,1715,1715,1715,1715,1715,1715,1715,1715,1715,1715,1715,1715,1715,1715,1715,1715,1715,1715,1715,1715,1715,1715,1715,1715,1715,1715,1715,1715,1715,1715,1715,1715,1715,1715,1715,1715,1715,1715,1715,1715,1715,1715,1715,1715,1715,1715,1715,1715,1715,1715,1715,1715,1715,1715,1715,1715,1715,1715,1715,1715,1715,1715,1715,1715,1715,1715,1715,1715,1715,1715,1715,1715,1715,1715,1715,1715,1715,1715,1715,1715,1715,1715,1715,1715,1715,1715,1715,1715,1715,1715,1715,1715,1715,1715,1715,1715,1715,1715,1715,1715,1715,1715,1715,1715,1715,1715,1715,1715,1715,1715,1715,1715,1715,1715,1715,1715,1715,1715,1715,1715,1715,1715,1715,1715,1715,1715,1715,1715,1715,1715,1715,1715,1715,1715,1715,1715,1715,1715,1715,1715,1715,1715,1715,1715,1715,1715,1715,1715,1715,1715,1715,1715,1715,1715,1715,1715,1715,1715,1715,1715,1715,1715,1715,1715,1715,1715,1715,1715,1715,1715,1715,1715,1715,1715,1715,1715,1715,1715,1715,1715,1715,1715,1715,1715,1715,1715,1715,1715,1715,1715,1715,1715,1715,1715,1715,1715,1715,1715,1715,1715,1715,1715,1715,1715,1715,1715,1715,1715,1715,1715,1715,1715,1715,1715,1715,1715,1715,1715,1715,1715,1715,1715,1715,1715,1715,1715,1715,1715,1715,1715,1715,1715,1715,1715,1715,1715,1715,1715,1715,1715,1715,1715,1715,1715,1715,1715,1715,1715,1715,1715,1715,1715,1715,1715,1715,1715,1715,1715,1715,1715,1715,1715,1715,1715,1715,1715,1715,1715,1715,1715,1715,1715,1715,1715,1715,1715,1715,1715,1715,1715,1715,1715,1715,1715,1715,1715,1715,1715,1715,1715,1715,1715,1715,1715,1715,1715,1715,1715,1715,1715,1715,1715,1715,1715,1715,1715,1715,1715,1715,1715,1715,1715,1715,1715,1715,1715,1715,1715,1715,1715,
33010,0,0,0,0,0,0,0,0,0,0,0,0,0,0,0,0,0,0,0,0,0,0,0,0,0,0,0,0,0,0,0,0,0,0,0,0,0,0,0,0,0,0,0,0,0,0,0,0,0,0,0,0,0,0,0,0,0,0,0,0,0,0,0,0,0,0,0,0,0,0,0,0,0,0,0,0,0,0,0,0,0,0,0,0,0,0,0,0,0,0,0,0,0,0,0,0,0,0,0,0,0,0,0,0,0,0,0,0,0,0,0,0,0,0,0,0,0,0,0,0,0,0,0,0,0,0,0,0,0,0,0,0,0,0,0,0,0,0,0,0,0,0,0,0,0,0,0,0,0,0,0,0,0,0,0,0,0,0,0,0,0,0,0,0,0,0,0,0,0,0,0,0,0,0,0,0,0,0,0,0,0,0,0,0,0,0,0,0,0,0,0,0,0,0,0,0,0,0,0,0,0,0,0,0,0,0,0,0,0,0,0,0,0,0,0,0,0,0,0,0,0,0,0,0,0,0,0,0,0,0,0,0,0,0,0,0,0,0,0,0,0,0,0,0,0,0,0,0,0,0,0,0,0,0,0,0,0,0,0,0,0,0,0,0,0,0,0,0,0,0,0,0,0,0,0,0,0,0,0,0,0,0,0,0,0,0,0,0,0,0,0,0,0,0,0,0,0,0,0,0,0,0,0,0,0,0,0,0,0,0,0,0,0,0,0,0,0,0,0,0,0,0,0,0,0,0,0,0,0,0,0,0,0,0,0,0,0,0,0,0,0,0,0,0,0,0,0,0,0,0,0,0,0,0,0,0,0,0,0,0,0,0,0,0,0,0,0,0,0,0,0,0,0,0,0,0,0,0,0,0,0,0,0,0,0,0,0,0,0,0,0,0,0,0,0,0,0,0,0,0,0,0,0,0,0,0,0,0,0,0,0,0,0,0,0,0,0,0,0,0,0,0,0,0,0,0,0,0,0,0,0,0,0,0,0,0,0,0,0,0,0,0,0,0,0,0,0,0,0,0,0,0,0,0,0,0,0,0,0,0,0,0,0,0,0,0,0,0,0,0,0,0,0,0,0,0,0,0,0,0,0,0,0,0,0,0,0,0,0,0,0,0,0,0,0,0,0,0,0,0,0,0,0,0,0,0,0,0,0,0,0,0,0,0,0,0,0,0,0,0,0,0,0,0,0,0,0,0,0,0,0,0,0,0,0,0,0,0,0,0,0,0,0,0,0,
33011,1772,1774,1775,1776,1778,1779,1780,1782,1783,1784,1786,1787,1788,1789,1791,1792,1793,1795,1796,1797,1799,1800,1801,1803,1804,1805,1807,1808,1809,1810,1812,1813,1814,1816,1817,1818,1820,1821,1822,1824,1825,1826,1828,1829,1830,1831,1833,1834,1835,1837,1838,1839,1841,1842,1843,1845,1846,1847,1849,1850,1851,1852,1854,1855,1856,1858,1859,1860,1862,1863,1864,1866,1867,1868,1870,1871,1872,1874,1875,1876,1877,1879,1880,1881,1883,1884,1885,1887,1888,1889,1891,1892,1893,1894,1896,1897,1898,1900,1901,1902,1904,1905,1906,1908,1909,1910,1912,1913,1914,1915,1917,1918,1919,1921,1922,1923,1925,1926,1927,1929,1930,1931,1933,1934,1935,1936,1938,1939,1940,1942,1943,1944,1946,1947,1948,1950,1951,1952,1954,1955,1956,1958,1959,1960,1961,1963,1964,1965,1967,1968,1969,1971,1972,1973,1975,1976,1977,1979,1980,1981,1983,1984,1984,1984,1984,1984,1984,1984,1984,1984,1984,1984,1984,1984,1984,1984,1984,1984,1984,1984,1984,1984,1984,1984,1984,1984,1984,1984,1984,1984,1984,1984,1984,1984,1984,1984,1984,1984,1984,1984,1984,1984,1984,1984,1984,1984,1984,1984,1984,1984,1984,1984,1984,1984,1984,1984,1984,1984,1984,1984,1984,1984,1984,1984,1984,1984,1984,1984,1984,1984,1984,1984,1984,1984,1984,1984,1984,1984,1984,1984,1984,1984,1984,1984,1984,1984,1984,1984,1984,1984,1984,1984,1984,1984,1984,1984,1984,1984,1984,1984,1984,1984,1984,1984,1984,1984,1984,1984,1984,1984,1984,1984,1984,1984,1984,1984,1984,1984,1984,1984,1984,1984,1984,1984,1984,1984,1984,1984,1984,1984,1984,1984,1984,1984,1984,1984,1984,1984,1984,1984,1984,1984,1984,1984,1984,1984,1984,1984,1984,1984,1984,1984,1984,1984,1984,1984,1984,1984,1984,1984,1984,1984,1984,1984,1984,1984,1984,1984,1984,1984,1984,1984,1984,1984,1984,1984,1984,1984,1984,1984,1984,1984,1984,1984,1984,1984,1984,1984,1984,1984,1984,1984,1984,1984,1984,1984,1984,1984,1984,1984,1984,1984,1984,1984,1984,1984,1984,1984,1984,1984,1984,1984,1984,1984,1984,1984,1984,1984,1984,1984,1984,1984,1984,1984,1984,1984,1984,1984,1984,1984,1984,1984,1984,1984,1984,1984,1984,1984,1984,1984,1984,1984,1984,1984,1984,1984,1984,1984,1984,1984,1984,1984,1984,1984,1984,1984,1984,1984,1984,1984,1984,1984,1984,1984,1984,1984,1984,1984,1984,1984,1984,1984,1984,1984,1984,1984,1984,1984,1984,1984,1984,1984,1984,1984,1984,1984,1984,1984,1984,1984,1984,1984,1984,1984,1984,1984,1984,1984,1984,1984,1984,1984,1984,1984,1984,1984,1984,1984,1984,1984,1984,1984,1984,1984,1984,1984,1984,1984,1984,1984,1984,1984,1984,1984,1984,1984,1984,1984,1984,1984,1984,1984,1984,1984,1984,1984,1984,1984,1984,1984,1984,1984,1984,1984,1984,1984,1984,1984,1984,1984,1984,1984,1984,1984,1984,1984,1984,1984,1984,1984,1984,1984,1984,1984,1984,1984,1984,1984,1984,1984,1984,1984,1984,1984,1984,1984,1984,1984,1984,1984,1984,1984,1984,1984,1984,
34000,5256,5256,5257,5257,5257,5257,5257,5257,5257,5257,5258,5258,5258,5258,5258,5258,5258,5258,5258,5259,5259,5258,5259,5258,5259,5259,5259,5259,5259,5259,5139,5118,5110,5102,5099,5097,5098,5096,5101,5088,5095,5092,5082,5084,5196,5212,5221,5227,5231,5234,5236,5238,5240,5241,5242,5242,5244,5244,5245,5245,5245,5246,5247,5248,5248,5248,5249,5249,5249,5250,5250,5251,5251,5251,5252,5252,5253,5252,5253,5253,5253,5254,5254,5254,5254,5255,5255,5255,5255,5255,5255,5256,5256,5256,5256,5257,5256,5257,5257,5257,5257,5257,5257,5257,5257,5258,5258,5258,5258,5166,5132,5105,5094,5088,5090,5081,5079,5071,5070,5074,5075,5065,5070,5072,5075,5073,5066,5058,5056,5058,5059,5049,5047,5058,5049,5052,5047,5043,5042,5042,5030,5024,5026,5027,5018,5014,5012,5015,5006,4999,4992,4996,4992,4983,4974,4973,4965,4966,4959,4957,5045,5088,5104,5113,5119,5123,5126,5128,5131,5133,5134,5136,5137,5138,5139,5139,5140,5141,5141,5142,5143,5143,5143,5144,5143,5144,5144,5145,5145,5145,5145,5145,5145,5146,5146,5146,5146,5146,5146,5147,5146,5146,5147,5147,5147,5147,5147,5147,5147,5147,5147,5147,5147,5147,5147,5148,5148,5147,5148,5147,5147,5148,5148,5148,5148,5148,5148,5148,5148,5148,5148,5149,5149,5149,5149,5148,5149,5149,5149,5148,5149,5149,5149,5149,5149,5149,5149,5149,5149,5149,5149,5149,5149,5149,5149,5149,5149,5149,5149,5149,5149,5149,5150,5149,5149,5150,5150,5150,5150,5150,5150,5150,5150,5150,5149,5150,5150,5150,5150,5150,5150,5150,5149,5150,5150,5150,5150,5150,5150,5150,5150,5150,5150,5150,5150,5150,5150,5150,5150,5150,5150,5150,5150,5150,5150,5150,5150,5151,5150,5150,5150,5150,5151,5150,5151,5150,5151,5151,5151,5150,5151,5150,5151,5151,5151,5150,5150,5151,5151,5151,5150,5151,5151,5151,5151,5151,5151,5151,5151,5151,5151,5151,5151,5151,5151,5151,5151,5151,5151,5151,5151,5151,5151,5151,5152,5151,5151,5151,5151,5151,5151,5151,5151,5151,5152,5151,5151,5151,5151,5152,5151,5151,5151,5151,5151,5151,5151,5151,5151,5151,5151,5151,5151,5151,5151,5152,5151,5151,5152,5151,5151,5151,5152,5152,5152,5151,5151,5151,5152,5152,5152,5152,5151,5152,5151,5152,5151,5151,5151,5152,5152,5152,5152,5152,5152,5151,5152,5152,5152,5152,5152,5152,5152,5151,5152,5152,5152,5152,5151,5152,5152,5152,5152,5152,5152,5152,5152,5152,5152,5152,5152,5152,5152,5152,5152,5152,5152,5152,5152,5152,5152,5152,5152,5152,5152,5152,5152,5152,5152,5152,5152,5152,5152,5152,5152,5152,5152,5152,5152,5152,5152,5152,5152,5152,5152,5152,5152,5152,5152,5152,5152,5152,5152,5152,5152,5152,5153,5152,5152,5153,5152,5152,5152,5153,5152,5153,5152,5153,5153,5153,5152,5153,5152,5153,5153,5153,5153,5153,5153,5153,5153,5152,5153,5153,5152,5034,5097,5116,5123,5127,5130,4994,4961,4953,5074,5088,5095,5100,5103,5105,4972,4949,4928,4914,4899,4881,4871,4842,5023,5048,5060,5069,5074,5078,5082,
34001,0,0,0,0,0,0,0,0,0,0,0,0,0,0,0,0,0,0,0,0,0,0,0,0,0,0,0,0,0,0,65080,65077,65076,65075,65075,65074,65074,65074,65073,65073,65073,65073,65072,65072,0,0,0,0,0,0,0,0,0,0,0,0,0,0,0,0,0,0,0,0,0,0,0,0,0,0,0,0,0,0,0,0,0,0,0,0,0,0,0,0,0,0,0,0,0,0,0,0,0,0,0,0,0,0,0,0,0,0,0,0,0,0,0,0,0,65081,65077,65075,65074,65073,65073,65072,65072,65071,65071,65071,65070,65070,65070,65070,65069,65069,65069,65069,65069,65068,65068,65068,65067,65067,65067,65066,65066,65066,65065,65065,65065,65064,65064,65064,65063,65063,65063,65062,65062,65061,65061,65060,65060,65059,65058,65058,65057,65057,65056,65056,0,0,0,0,0,0,0,0,0,0,0,0,0,0,0,0,0,0,0,0,0,0,0,0,0,0,0,0,0,0,0,0,0,0,0,0,0,0,0,0,0,0,0,0,0,0,0,0,0,0,0,0,0,0,0,0,0,0,0,0,0,0,0,0,0,0,0,0,0,0,0,0,0,0,0,0,0,0,0,0,0,0,0,0,0,0,0,0,0,0,0,0,0,0,0,0,0,0,0,0,0,0,0,0,0,0,0,0,0,0,0,0,0,0,0,0,0,0,0,0,0,0,0,0,0,0,0,0,0,0,0,0,0,0,0,0,0,0,0,0,0,0,0,0,0,0,0,0,0,0,0,0,0,0,0,0,0,0,0,0,0,0,0,0,0,0,0,0,0,0,0,0,0,0,0,0,0,0,0,0,0,0,0,0,0,0,0,0,0,0,0,0,0,0,0,0,0,0,0,0,0,0,0,0,0,0,0,0,0,0,0,0,0,0,0,0,0,0,0,0,0,0,0,0,0,0,0,0,0,0,0,0,0,0,0,0,0,0,0,0,0,0,0,0,0,0,0,0,0,0,0,0,0,0,0,0,0,0,0,0,0,0,0,0,0,0,0,0,0,0,0,0,0,0,0,0,0,0,0,0,0,0,0,0,0,0,0,0,0,0,0,0,0,0,0,0,0,0,0,0,0,0,0,0,0,0,0,0,0,0,0,0,0,0,0,0,0,0,0,0,0,0,0,0,0,0,0,0,0,0,0,0,0,0,0,0,0,0,0,0,0,0,0,0,0,0,0,0,0,0,0,0,0,0,0,65087,0,0,0,0,0,65082,65080,65078,0,0,0,0,0,0,65079,65077,65075,65073,65072,65070,65068,65065,65535,65535,65535,65535,65535,65535,65535,
34002,308,308,308,308,308,307,307,307,307,307,307,307,307,307,307,307,307,307,307,307,307,307,307,307,307,307,307,307,307,307,303,296,289,281,274,267,259,252,245,238,230,223,216,208,207,207,207,207,207,207,207,207,207,207,207,207,207,207,207,207,207,207,207,206,206,206,206,206,206,206,206,206,206,206,206,206,206,206,206,206,206,206,206,206,206,206,206,206,206,206,206,206,206,206,206,206,206,206,206,206,206,206,206,206,206,206,206,206,206,205,198,191,184,176,169,162,157,156,155,154,153,152,151,150,149,148,147,146,145,144,143,142,141,140,139,138,137,136,136,135,134,133,132,131,131,130,129,128,127,127,126,125,124,124,123,122,119,117,114,111,107,107,107,107,107,107,107,107,107,107,107,107,107,107,107,107,107,107,107,107,107,107,107,107,107,107,107,107,107,107,107,107,107,107,107,107,107,107,107,107,107,107,107,107,107,107,107,107,107,107,107,107,107,107,107,107,107,107,107,107,107,107,107,107,111,111,111,111,111,111,111,111,111,111,111,111,111,111,111,111,111,111,111,111,111,111,111,111,111,111,111,111,111,111,111,111,111,111,111,111,111,111,111,111,111,111,111,111,111,111,111,111,111,111,111,111,111,111,111,111,111,111,111,111,111,111,111,111,111,111,111,111,111,111,111,111,111,111,111,111,111,111,111,111,111,111,111,111,111,111,111,111,111,111,111,111,111,111,111,111,111,111,111,111,111,111,111,111,111,111,111,111,111,111,111,111,111,111,111,111,111,111,111,111,111,111,111,111,111,111,111,111,111,111,111,111,111,111,111,111,111,111,111,111,111,111,111,111,111,111,111,111,111,111,111,111,111,111,111,111,111,111,111,111,111,111,111,111,111,111,111,111,111,111,111,111,111,111,111,111,111,111,111,111,111,111,111,111,111,111,111,111,111,111,111,111,111,111,111,111,111,111,111,111,111,111,111,111,111,111,111,111,111,111,111,111,111,111,111,111,111,111,111,111,111,111,111,111,111,111,111,111,111,111,111,111,111,111,111,111,111,111,111,111,111,111,111,111,111,111,111,111,111,111,111,111,111,111,111,111,111,111,111,111,111,111,111,111,111,111,111,111,111,111,111,111,111,111,111,111,111,111,111,111,111,111,111,111,111,111,111,111,111,111,111,110,108,108,108,108,108,106,104,101,101,101,101,101,101,101,99,96,93,90,88,85,82,79,79,79,79,79,79,79,79,
34003,7,7,7,7,7,7,7,7,7,7,7,7,7,7,7,7,7,7,7,7,7,7,7,7,7,7,7,7,7,7,7,7,7,7,7,7,7,7,7,7,7,7,7,7,7,7,7,7,7,7,7,7,7,7,7,7,7,7,7,7,7,7,7,7,7,7,7,7,7,7,7,7,7,7,7,7,7,7,7,7,7,7,7,7,7,7,7,7,7,7,7,7,7,7,7,7,7,7,7,7,7,7,7,7,7,7,7,7,7,7,7,7,7,7,7,7,7,7,7,7,7,7,7,7,7,7,7,7,7,7,7,7,7,7,7,7,7,7,7,7,7,7,7,7,7,7,7,7,7,7,7,7,7,7,7,7,7,7,7,7,7,7,7,7,7,7,7,7,7,7,7,7,7,7,7,7,7,7,7,7,7,7,7,7,7,7,7,7,7,7,7,7,7,7,7,7,7,7,7,7,7,7,7,7,7,7,7,7,7,7,7,7,7,7,7,7,7,7,7,7,7,7,7,7,7,7,7,7,7,7,7,7,7,7,7,7,7,7,7,7,7,7,7,7,7,7,7,7,7,7,7,7,7,7,7,7,7,7,7,7,7,7,7,7,7,7,7,7,7,7,7,7,7,7,7,7,7,7,7,7,7,7,7,7,7,7,7,7,7,7,7,7,7,7,7,7,7,7,7,7,7,7,7,7,7,7,7,7,7,7,7,7,7,7,7,7,7,7,7,7,7,7,7,7,7,7,7,7,7,7,7,7,7,7,7,7,7,7,7,7,7,7,7,7,7,7,7,7,7,7,7,7,7,7,7,7,7,7,7,7,7,7,7,7,7,7,7,7,7,7,7,7,7,7,7,7,7,7,7,7,7,7,7,7,7,7,7,7,7,7,7,7,7,7,7,7,7,7,7,7,7,7,7,7,7,7,7,7,7,7,7,7,7,7,7,7,7,7,7,7,7,7,7,7,7,7,7,7,7,7,7,7,7,7,7,7,7,7,7,7,7,7,7,7,7,7,7,7,7,7,7,7,7,7,7,7,7,7,7,7,7,7,7,7,7,7,7,7,7,7,7,7,7,7,7,7,7,7,7,7,7,7,7,7,7,7,7,7,7,7,7,7,7,7,7,7,7,7,7,7,7,7,7,7,7,7,7,7,7,7,7,7,7,7,7,7,7,7,7,7,7,7,7,7,7,7,7,7,7,7,7,7,7,7,7,7,7,7,7,7,7,7,7,7,7,
34004,0,0,0,0,0,0,0,0,0,0,0,0,0,0,0,0,0,0,0,0,0,0,0,0,0,0,0,0,0,0,3,3,3,3,3,3,3,3,3,3,3,3,3,3,0,0,0,0,0,0,0,0,0,0,0,0,0,0,0,0,0,0,0,0,0,0,0,0,0,0,0,0,0,0,0,0,0,0,0,0,0,0,0,0,0,0,0,0,0,0,0,0,0,0,0,0,0,0,0,0,0,0,0,0,0,0,0,0,0,3,3,3,3,3,3,3,3,3,3,3,3,3,3,3,3,3,3,3,3,3,3,3,3,3,3,3,3,3,3,3,3,3,3,3,3,3,3,3,3,3,3,3,3,3,3,3,3,3,3,3,0,0,0,0,0,0,0,0,0,0,0,0,0,0,0,0,0,0,0,0,0,0,0,0,0,0,0,0,0,0,0,0,0,0,0,0,0,0,0,0,0,0,0,0,0,0,0,0,0,0,0,0,0,0,0,0,0,0,0,0,0,0,0,0,0,0,0,0,0,0,0,0,0,0,0,0,0,0,0,0,0,0,0,0,0,0,0,0,0,0,0,0,0,0,0,0,0,0,0,0,0,0,0,0,0,0,0,0,0,0,0,0,0,0,0,0,0,0,0,0,0,0,0,0,0,0,0,0,0,0,0,0,0,0,0,0,0,0,0,0,0,0,0,0,0,0,0,0,0,0,0,0,0,0,0,0,0,0,0,0,0,0,0,0,0,0,0,0,0,0,0,0,0,0,0,0,0,0,0,0,0,0,0,0,0,0,0,0,0,0,0,0,0,0,0,0,0,0,0,0,0,0,0,0,0,0,0,0,0,0,0,0,0,0,0,0,0,0,0,0,0,0,0,0,0,0,0,0,0,0,0,0,0,0,0,0,0,0,0,0,0,0,0,0,0,0,0,0,0,0,0,0,0,0,0,0,0,0,0,0,0,0,0,0,0,0,0,0,0,0,0,0,0,0,0,0,0,0,0,0,0,0,0,0,0,0,0,0,0,0,0,0,0,0,0,0,0,0,0,0,0,0,0,0,0,0,0,0,0,0,0,0,0,0,0,0,0,0,0,0,0,0,0,0,0,0,0,0,0,0,0,0,0,0,0,0,0,0,0,0,0,0,0,0,0,0,0,0,0,0,0,0,0,0,0,3,0,0,0,0,0,3,3,3,0,0,0,0,0,0,3,3,3,3,3,3,3,3,3,3,3,3,3,3,3,
34005,3287,3286,3287,3287,3287,3287,3287,3287,3287,3288,3288,3287,3288,3287,3287,3288,3287,3288,3287,3288,3288,3288,3288,3288,3288,3288,3288,3288,3289,3289,3216,3203,3199,3192,3190,3189,3190,3188,3191,3182,3187,3189,3178,3182,3249,3260,3265,3268,3271,3273,3274,3275,3276,3277,3277,3278,3279,3279,3279,3280,3280,3280,3280,3282,3281,3282,3282,3282,3282,3283,3283,3283,3283,3284,3283,3284,3285,3284,3284,3285,3285,3285,3286,3285,3285,3286,3286,3286,3286,3286,3286,3287,3286,3287,3286,3287,3286,3287,3287,3287,3287,3287,3287,3287,3287,3287,3287,3287,3287,3231,3210,3194,3186,3184,3185,3180,3179,3172,3172,3177,3175,3169,3173,3177,3175,3175,3170,3164,3163,3164,3167,3159,3159,3165,3164,3162,3159,3154,3158,3155,3148,3144,3145,3145,3141,3138,3137,3139,3133,3127,3124,3126,3124,3118,3113,3112,3108,3110,3105,3103,3155,3183,3192,3198,3201,3204,3206,3207,3210,3210,3210,3212,3213,3213,3214,3214,3214,3215,3215,3215,3216,3216,3217,3217,3217,3217,3217,3217,3218,3217,3218,3217,3218,3218,3218,3218,3218,3218,3218,3219,3218,3219,3219,3218,3218,3219,3219,3218,3219,3219,3218,3218,3219,3219,3219,3219,3219,3219,3219,3219,3219,3220,3219,3219,3220,3220,3219,3220,3219,3220,3219,3220,3220,3220,3220,3219,3220,3220,3220,3220,3220,3220,3220,3220,3220,3220,3220,3220,3220,3220,3220,3220,3220,3220,3220,3220,3220,3220,3220,3220,3220,3220,3220,3220,3222,3221,3220,3221,3221,3220,3221,3220,3220,3220,3220,3220,3221,3220,3221,3220,3221,3221,3221,3221,3220,3221,3221,3221,3221,3220,3221,3221,3220,3221,3221,3221,3220,3221,3221,3221,3221,3221,3221,3220,3221,3220,3221,3221,3221,3221,3221,3221,3221,3221,3221,3221,3221,3221,3221,3221,3221,3221,3221,3221,3221,3221,3221,3221,3221,3221,3221,3221,3222,3222,3221,3221,3222,3222,3221,3222,3222,3222,3221,3221,3221,3222,3222,3222,3221,3221,3221,3221,3222,3222,3222,3222,3222,3222,3221,3221,3221,3221,3222,3221,3221,3222,3221,3221,3222,3222,3221,3222,3221,3221,3222,3222,3222,3221,3222,3222,3222,3222,3221,3222,3222,3222,3221,3222,3222,3222,3222,3221,3222,3222,3222,3222,3222,3221,3222,3222,3222,3222,3222,3222,3222,3222,3221,3222,3222,3222,3222,3222,3222,3222,3222,3222,3222,3222,3222,3222,3222,3222,3222,3221,3222,3222,3222,3222,3221,3223,3222,3222,3222,3222,3222,3222,3222,3222,3222,3222,3222,3222,3222,3222,3222,3222,3222,3222,3222,3222,3222,3222,3222,3222,3222,3222,3222,3222,3222,3222,3222,3222,3222,3222,3222,3222,3222,3222,3222,3222,3222,3222,3223,3222,3222,3223,3222,3222,3222,3222,3222,3222,3222,3222,3222,3222,3222,3222,3222,3222,3222,3222,3222,3222,3222,3222,3222,3222,3222,3222,3222,3222,3223,3222,3223,3222,3222,3222,3222,3222,3223,3222,3222,3222,3223,3150,3187,3199,3204,3207,3208,3124,3104,3101,3173,3182,3186,3189,3191,3193,3111,3099,3084,3077,3068,3058,3053,3036,3143,3157,3165,3170,3174,3175,3178,
34006,3284,3283,3284,3285,3285,3285,3285,3285,3285,3285,3285,3285,3285,3285,3285,3286,3285,3286,3286,3285,3286,3286,3285,3286,3286,3286,3286,3286,3286,3286,3209,3196,3190,3185,3182,3182,3184,3182,3184,3176,3180,3178,3175,3174,3246,3257,3262,3266,3269,3271,3271,3273,3274,3275,3276,3276,3277,3277,3277,3277,3277,3278,3279,3279,3279,3279,3280,3280,3280,3280,3280,3281,3281,3281,3282,3282,3282,3282,3282,3282,3283,3283,3283,3283,3283,3283,3283,3283,3284,3283,3284,3284,3284,3284,3284,3284,3284,3284,3284,3284,3284,3285,3284,3285,3285,3285,3285,3285,3285,3225,3203,3187,3183,3177,3179,3173,3173,3167,3166,3168,3168,3163,3167,3166,3166,3167,3164,3157,3156,3158,3157,3151,3153,3157,3152,3154,3150,3150,3147,3147,3139,3137,3139,3140,3133,3129,3129,3130,3126,3120,3117,3119,3117,3112,3103,3105,3097,3098,3092,3092,3151,3178,3189,3194,3198,3200,3203,3204,3206,3206,3208,3208,3210,3209,3210,3210,3211,3211,3212,3212,3213,3212,3213,3213,3213,3214,3213,3214,3214,3214,3214,3214,3215,3215,3214,3214,3215,3214,3215,3215,3215,3215,3215,3216,3214,3216,3215,3216,3216,3215,3215,3215,3215,3215,3216,3216,3216,3216,3216,3216,3216,3216,3216,3216,3216,3217,3216,3216,3216,3216,3217,3217,3217,3217,3217,3217,3217,3217,3217,3217,3217,3217,3217,3217,3217,3216,3217,3217,3217,3217,3217,3217,3217,3217,3217,3217,3217,3217,3217,3217,3216,3217,3216,3217,3217,3217,3217,3217,3217,3217,3217,3217,3217,3217,3217,3217,3217,3217,3217,3217,3217,3218,3217,3218,3217,3217,3218,3218,3218,3217,3218,3217,3218,3218,3218,3218,3218,3218,3218,3218,3218,3218,3218,3217,3217,3218,3218,3218,3218,3218,3217,3217,3218,3217,3218,3218,3218,3218,3218,3217,3218,3217,3218,3218,3218,3217,3218,3218,3218,3217,3218,3218,3217,3218,3218,3218,3218,3218,3218,3218,3218,3218,3218,3218,3218,3218,3218,3218,3218,3218,3218,3218,3218,3218,3218,3218,3218,3218,3218,3218,3218,3218,3217,3218,3218,3218,3218,3218,3218,3218,3217,3218,3218,3218,3218,3218,3218,3218,3218,3218,3218,3218,3218,3218,3218,3219,3218,3218,3218,3218,3218,3218,3218,3218,3218,3218,3218,3218,3218,3218,3218,3218,3218,3218,3218,3218,3218,3218,3218,3218,3218,3218,3218,3219,3218,3218,3218,3219,3218,3218,3218,3219,3218,3218,3218,3218,3218,3218,3218,3218,3218,3218,3218,3218,3218,3218,3218,3218,3219,3218,3219,3219,3218,3218,3218,3218,3218,3218,3218,3218,3218,3218,3218,3218,3218,3219,3218,3218,3218,3218,3218,3218,3219,3218,3219,3219,3219,3219,3218,3218,3219,3218,3218,3218,3218,3218,3219,3218,3218,3218,3218,3218,3219,3218,3218,3218,3219,3219,3219,3219,3219,3218,3218,3219,3219,3219,3219,3219,3218,3218,3219,3219,3219,3219,3219,3219,3218,3218,3219,3219,3218,3219,3219,3219,3219,3143,3184,3196,3201,3203,3204,3119,3098,3088,3170,3180,3183,3186,3188,3190,3104,3085,3076,3067,3053,3042,3031,3014,3135,3151,3160,3165,3169,3172,3175,
34007,0,0,0,0,0,0,0,0,0,0,0,0,0,0,0,0,0,0,0,0,0,0,0,0,0,0,0,0,0,0,0,0,0,0,0,0,0,0,0,0,0,0,0,0,0,0,0,0,0,0,0,0,0,0,0,0,0,0,0,0,0,0,0,0,0,0,0,0,0,0,0,0,0,0,0,0,0,0,0,0,0,0,0,0,0,0,0,0,0,0,0,0,0,0,0,0,0,0,0,0,0,0,0,0,0,0,0,0,0,0,0,0,0,0,0,0,0,0,0,0,0,0,0,0,0,0,0,0,0,0,0,0,0,0,0,0,0,0,0,0,0,0,0,0,0,0,0,0,0,0,0,0,0,0,0,0,0,0,0,0,0,0,0,0,0,0,0,0,0,0,0,0,0,0,0,0,0,0,0,0,0,0,0,0,0,0,0,0,0,0,0,0,0,0,0,0,0,0,0,0,0,0,0,0,0,0,0,0,0,0,0,0,0,0,0,0,0,0,0,0,0,0,0,0,0,0,0,0,0,0,0,0,0,0,0,0,0,0,0,0,0,0,0,0,0,0,0,0,0,0,0,0,0,0,0,0,0,0,0,0,0,0,0,0,0,0,0,0,0,0,0,0,0,0,0,0,0,0,0,0,0,0,0,0,0,0,0,0,0,0,0,0,0,0,0,0,0,0,0,0,0,0,0,0,0,0,0,0,0,0,0,0,0,0,0,0,0,0,0,0,0,0,0,0,0,0,0,0,0,0,0,0,0,0,0,0,0,0,0,0,0,0,0,0,0,0,0,0,0,0,0,0,0,0,0,0,0,0,0,0,0,0,0,0,0,0,0,0,0,0,0,0,0,0,0,0,0,0,0,0,0,0,0,0,0,0,0,0,0,0,0,0,0,0,0,0,0,0,0,0,0,0,0,0,0,0,0,0,0,0,0,0,0,0,0,0,0,0,0,0,0,0,0,0,0,0,0,0,0,0,0,0,0,0,0,0,0,0,0,0,0,0,0,0,0,0,0,0,0,0,0,0,0,0,0,0,0,0,0,0,0,0,0,0,0,0,0,0,0,0,0,0,0,0,0,0,0,0,0,0,0,0,0,0,0,0,0,0,0,0,0,0,0,0,0,0,0,0,0,0,0,0,0,0,0,0,0,0,0,0,0,0,0,0,0,0,0,0,0,0,0,0,0,0,0,0,0,0,0,0,0,0,0,0,0,0,0,0,0,0,0,0,0,0,0,
34008,0,0,0,0,0,0,0,0,0,0,0,0,0,0,0,0,0,0,0,0,0,0,0,0,0,0,0,0,0,0,0,0,0,0,0,0,0,0,0,0,0,0,0,0,0,0,0,0,0,0,0,0,0,0,0,0,0,0,0,0,0,0,0,0,0,0,0,0,0,0,0,0,0,0,0,0,0,0,0,0,0,0,0,0,0,0,0,0,0,0,0,0,0,0,0,0,0,0,0,0,0,0,0,0,0,0,0,0,0,0,0,0,0,0,0,0,0,0,0,0,0,0,0,0,0,0,0,0,0,0,0,0,0,0,0,0,0,0,0,0,0,0,0,0,0,0,0,0,0,0,0,0,0,0,0,0,0,0,0,0,0,0,0,0,0,0,0,0,0,0,0,0,0,0,0,0,0,0,0,0,0,0,0,0,0,0,0,0,0,0,0,0,0,0,0,0,0,0,0,0,0,0,0,0,0,0,0,0,0,0,0,0,0,0,0,0,0,0,0,0,0,0,0,0,0,0,0,0,0,0,0,0,0,0,0,0,0,0,0,0,0,0,0,0,0,0,0,0,0,0,0,0,0,0,0,0,0,0,0,0,0,0,0,0,0,0,0,0,0,0,0,0,0,0,0,0,0,0,0,0,0,0,0,0,0,0,0,0,0,0,0,0,0,0,0,0,0,0,0,0,0,0,0,0,0,0,0,0,0,0,0,0,0,0,0,0,0,0,0,0,0,0,0,0,0,0,0,0,0,0,0,0,0,0,0,0,0,0,0,0,0,0,0,0,0,0,0,0,0,0,0,0,0,0,0,0,0,0,0,0,0,0,0,0,0,0,0,0,0,0,0,0,0,0,0,0,0,0,0,0,0,0,0,0,0,0,0,0,0,0,0,0,0,0,0,0,0,0,0,0,0,0,0,0,0,0,0,0,0,0,0,0,0,0,0,0,0,0,0,0,0,0,0,0,0,0,0,0,0,0,0,0,0,0,0,0,0,0,0,0,0,0,0,0,0,0,0,0,0,0,0,0,0,0,0,0,0,0,0,0,0,0,0,0,0,0,0,0,0,0,0,0,0,0,0,0,0,0,0,0,0,0,0,0,0,0,0,0,0,0,0,0,0,0,0,0,0,0,0,0,0,0,0,0,0,0,0,0,0,0,0,0,0,0,0,0,0,0,0,0,0,0,0,0,0,0,0,0,0,0,0,0,0,0,0,0,0,0,0,0,0,0,0,0,0,
34009,0,0,0,0,0,0,0,0,0,0,0,0,0,0,0,0,0,0,0,0,0,0,0,0,0,0,0,0,0,0,0,0,0,0,0,0,0,0,0,0,0,0,0,0,0,0,0,0,0,0,0,0,0,0,0,0,0,0,0,0,0,0,0,0,0,0,0,0,0,0,0,0,0,0,0,0,0,0,0,0,0,0,0,0,0,0,0,0,0,0,0,0,0,0,0,0,0,0,0,0,0,0,0,0,0,0,0,0,0,0,0,0,0,0,0,0,0,0,0,0,0,0,0,0,0,0,0,0,0,0,0,0,0,0,0,0,0,0,0,0,0,0,0,0,0,0,0,0,0,0,0,0,0,0,0,0,0,2,2,2,0,0,0,0,0,0,0,0,0,0,0,0,0,0,0,0,0,0,0,0,0,0,0,0,0,0,0,0,0,0,0,0,0,0,0,0,0,0,0,0,0,0,0,0,0,0,0,0,0,0,0,0,0,0,0,0,0,0,0,0,0,0,0,0,0,0,0,0,0,0,0,0,0,0,0,0,0,0,0,0,0,0,0,0,0,0,0,0,0,0,0,0,0,0,0,0,0,0,0,0,0,0,0,0,0,0,0,0,0,0,0,0,0,0,0,0,0,0,0,0,0,0,0,0,0,0,0,0,0,0,0,0,0,0,0,0,0,0,0,0,0,0,0,0,0,0,0,0,0,0,0,0,0,0,0,0,0,0,0,0,0,0,0,0,0,0,0,0,0,0,0,0,0,0,0,0,0,0,0,0,0,0,0,0,0,0,0,0,0,0,0,0,0,0,0,0,0,0,0,0,0,0,0,0,0,0,0,0,0,0,0,0,0,0,0,0,0,0,0,0,0,0,0,0,0,0,0,0,0,0,0,0,0,0,0,0,0,0,0,0,0,0,0,0,0,0,0,0,0,0,0,0,0,0,0,0,0,0,0,0,0,0,0,0,0,0,0,0,0,0,0,0,0,0,0,0,0,0,0,0,0,0,0,0,0,0,0,0,0,0,0,0,0,0,0,0,0,0,0,0,0,0,0,0,0,0,0,0,0,0,0,0,0,0,0,0,0,0,0,0,0,0,0,0,0,0,0,0,0,0,0,0,0,0,0,0,0,0,0,0,0,0,0,0,0,0,0,0,0,0,0,0,0,0,0,0,0,0,0,0,0,0,0,2,0,0,0,0,0,0,0,2,2,2,2,2,2,2,0,0,0,0,0,0,0,
34010,116,116,116,116,116,116,116,116,116,116,116,116,116,116,116,116,116,116,116,116,116,116,116,116,116,116,116,116,116,116,116,116,116,116,116,116,116,116,116,116,116,116,116,116,116,116,116,116,116,116,116,116,116,116,116,116,116,116,116,116,116,116,116,116,116,116,116,116,116,116,116,116,116,116,116,116,116,116,116,116,116,116,116,116,116,116,116,116,116,116,116,116,116,116,116,116,116,116,116,116,116,116,116,116,116,116,116,116,116,116,116,116,116,116,116,116,116,116,116,116,116,116,116,116,116,116,116,116,116,116,116,116,116,116,116,116,116,116,116,116,116,116,116,116,116,116,116,116,116,116,116,116,116,116,116,116,116,116,116,116,116,116,116,116,116,116,116,116,116,116,116,116,116,116,116,116,116,116,116,116,116,116,116,116,116,116,116,116,116,116,116,116,116,116,116,116,116,116,116,116,116,116,116,116,116,116,116,116,116,116,116,116,116,116,116,116,116,116,116,116,116,116,116,116,116,116,116,116,116,116,116,116,116,116,116,116,116,116,116,116,116,116,116,116,116,116,116,116,116,116,116,116,116,116,116,116,116,116,116,116,116,116,116,116,116,116,116,116,116,116,116,116,116,116,116,116,116,116,116,116,116,116,116,116,116,116,116,116,116,116,116,116,116,116,116,116,116,116,116,116,116,116,116,116,116,116,116,116,116,116,116,116,116,116,116,116,116,116,116,116,116,116,116,116,116,116,116,116,116,116,116,116,116,116,116,116,116,116,116,116,116,116,116,116,116,116,116,116,116,116,116,116,116,116,116,116,116,116,116,116,116,116,116,116,116,116,116,116,116,116,116,116,116,116,116,116,116,116,116,116,116,116,116,116,116,116,116,116,116,116,116,116,116,116,116,116,116,116,116,116,116,116,116,116,116,116,116,116,116,116,116,116,116,116,116,116,116,116,116,116,116,116,116,116,116,116,116,116,116,116,116,116,116,116,116,116,116,116,116,116,116,116,116,116,116,116,116,116,116,116,116,116,116,116,116,116,116,116,116,116,116,116,116,116,116,116,116,116,116,116,116,116,116,116,116,116,116,116,116,116,116,116,116,116,116,116,116,116,116,116,116,116,116,116,116,116,116,116,116,116,116,116,116,116,116,116,116,116,116,116,116,116,116,116,116,116,116,116,116,116,116,116,116,116,116,116,116,116,116,116,116,116,116,116,116,116,116,116,116,116,116,116,116,116,116,
34011,344,342,341,341,342,343,342,343,342,343,344,342,343,344,344,344,345,345,346,345,347,348,348,348,348,347,349,348,350,350,351,352,352,353,354,354,355,357,357,359,360,359,362,365,364,365,365,368,366,366,369,368,368,367,368,368,367,368,366,368,368,367,368,368,368,367,367,368,368,368,369,370,368,368,369,368,368,369,369,369,368,370,370,369,369,369,368,368,368,367,369,369,368,369,369,369,370,370,370,370,371,370,371,370,371,369,369,370,371,371,370,371,372,372,374,373,375,377,376,378,377,379,380,381,382,381,384,382,386,386,386,388,388,390,388,392,390,392,392,393,392,394,395,395,396,395,398,400,401,399,400,399,401,404,403,403,404,405,406,404,406,405,406,407,406,406,406,405,404,403,403,403,401,400,399,397,397,396,396,393,391,392,391,389,388,386,385,384,384,384,381,382,381,379,378,376,377,375,376,375,373,373,373,372,373,371,372,370,369,369,367,366,365,365,366,366,365,363,364,362,363,363,363,362,362,361,359,359,360,360,359,358,360,360,358,357,358,358,357,356,356,357,357,357,355,354,354,355,354,354,355,354,353,352,354,353,352,351,354,352,352,351,351,350,351,350,349,349,349,349,350,348,349,350,349,347,347,348,346,347,347,346,346,345,346,346,346,347,346,346,345,346,345,345,343,344,344,343,343,344,342,344,343,342,342,341,343,342,342,340,341,340,340,341,342,340,341,340,340,340,340,341,339,339,339,337,337,338,338,338,338,337,337,337,336,336,337,336,336,335,336,337,336,336,335,335,335,334,334,335,334,335,335,333,335,335,333,334,334,334,333,335,333,335,332,333,334,333,333,333,334,332,332,331,332,332,331,330,331,332,331,332,332,330,332,331,331,332,329,329,331,330,329,330,331,329,331,329,329,329,329,329,330,331,328,329,329,330,329,329,330,328,330,329,327,328,328,328,328,327,328,327,327,327,327,327,328,329,327,328,328,327,327,328,327,327,329,327,328,328,327,326,326,329,326,327,326,328,328,328,327,328,326,327,328,327,326,327,327,327,326,326,326,328,326,326,327,326,328,328,327,327,328,327,325,325,325,326,326,326,326,325,324,326,326,325,326,325,326,326,325,326,325,326,325,324,326,326,325,325,325,324,324,325,325,325,324,326,326,326,327,328,329,328,330,328,331,331,330,332,334,334,336,336,337,337,339,341,340,344,344,345,346,348,348,349,350,350,353,354,356,357,358,359,360,
34012,313,313,313,312,312,311,312,312,312,311,312,312,312,312,312,313,313,313,314,315,315,315,316,315,316,316,317,317,317,317,341,352,362,370,376,384,391,397,402,409,414,420,425,430,427,412,405,401,398,396,392,390,388,386,384,383,381,379,378,376,375,374,372,371,370,368,367,367,366,365,365,364,362,362,361,360,359,359,358,358,357,357,357,356,355,354,355,355,354,354,354,354,353,352,352,352,351,352,351,351,351,350,351,350,350,350,350,350,350,371,378,388,397,403,411,417,424,429,434,439,445,450,455,459,463,468,472,477,480,484,488,491,496,498,502,506,507,511,514,517,519,522,524,526,529,531,533,536,538,540,543,544,547,548,550,552,554,555,557,559,569,542,527,518,509,502,497,489,483,478,472,467,462,456,452,447,442,438,433,430,425,421,417,414,410,406,403,400,398,394,391,388,385,382,380,377,374,372,370,368,366,363,361,359,358,356,353,352,350,349,347,345,344,342,340,339,338,336,335,334,333,331,330,329,327,326,325,324,322,321,321,320,319,319,318,316,316,315,315,314,313,313,311,311,311,310,309,309,308,308,308,307,306,306,305,305,304,304,303,303,302,302,301,301,300,300,300,299,299,298,299,298,297,297,297,296,296,296,296,295,294,295,294,293,294,294,292,293,292,292,292,291,291,291,291,291,291,290,289,289,289,289,289,288,288,288,287,287,287,287,287,287,286,286,286,285,285,286,285,285,285,284,284,284,283,284,283,283,283,283,282,283,283,282,282,282,281,281,281,281,280,281,280,280,280,280,280,280,279,279,279,279,278,279,279,278,279,278,278,278,278,278,277,277,277,277,277,277,276,276,276,276,276,276,276,276,275,275,275,275,275,275,275,275,274,274,275,274,274,274,274,274,274,273,273,273,273,273,273,273,273,273,272,273,272,273,272,272,273,272,272,271,271,271,271,271,271,271,271,271,271,271,271,270,271,270,270,270,270,270,270,270,270,270,270,270,270,269,269,269,270,270,269,269,269,270,269,269,268,269,269,268,268,269,268,268,268,268,268,268,268,268,268,268,268,268,268,267,268,268,267,268,267,268,267,267,266,267,267,267,266,266,268,267,267,266,266,267,266,266,266,267,266,266,266,265,266,266,266,266,266,266,267,267,268,268,269,270,270,270,271,271,273,273,274,303,315,300,295,293,293,318,329,337,335,326,322,320,320,319,349,358,366,373,382,388,394,401,388,379,375,371,368,366,363,
34013,258,259,259,258,258,259,259,258,259,259,258,258,258,258,259,258,259,259,258,259,259,258,259,259,258,258,258,259,258,259,260,262,262,263,264,264,266,266,267,267,268,269,269,270,269,268,267,267,267,266,266,266,266,266,266,266,265,266,266,265,265,265,265,266,266,266,265,265,265,265,266,265,265,265,265,266,266,265,265,265,265,265,265,265,265,266,265,265,265,265,265,266,265,265,265,265,265,266,265,265,265,265,266,266,266,266,266,266,265,266,268,270,270,272,272,273,274,275,276,277,278,279,279,280,281,282,284,285,285,287,288,289,290,291,293,294,295,296,297,298,300,301,303,304,306,307,308,310,312,313,315,317,319,320,322,323,325,327,329,330,332,332,331,331,331,331,331,331,331,331,331,331,331,331,331,331,331,331,330,331,331,331,331,331,330,331,331,331,330,330,330,330,330,330,330,330,330,330,329,330,330,329,329,329,329,329,329,329,329,329,329,329,329,328,328,328,328,328,328,328,328,328,327,327,327,327,327,327,326,327,326,326,326,326,326,326,326,325,325,325,325,325,325,325,325,325,324,325,324,324,324,324,324,324,324,324,324,323,323,323,323,323,322,322,322,322,322,322,322,322,321,321,322,321,321,321,321,321,321,321,320,320,320,320,320,319,320,319,319,319,319,319,319,319,319,318,318,318,318,318,318,317,317,317,317,317,317,317,316,316,316,316,316,316,316,315,315,315,315,315,315,315,315,314,314,314,314,314,314,314,313,313,313,313,313,313,313,313,312,313,312,312,312,312,311,311,311,311,311,311,310,310,310,310,310,310,310,310,310,309,310,309,309,309,309,309,309,308,308,308,308,308,308,308,307,307,307,307,307,307,307,307,306,306,306,306,306,306,305,306,305,305,306,305,305,305,304,304,304,304,304,304,304,304,304,304,303,304,303,303,303,303,303,302,303,302,302,302,302,302,302,301,302,301,301,301,301,301,301,300,300,300,300,300,300,300,299,300,299,299,299,299,299,299,299,299,299,298,298,298,298,298,298,298,298,298,297,297,298,297,297,297,297,297,297,296,296,296,296,296,296,296,296,296,296,295,295,295,295,295,295,295,295,295,295,294,294,294,294,294,294,294,294,294,293,294,293,293,293,293,293,293,293,292,292,292,292,292,292,292,292,291,292,291,291,293,293,293,293,293,293,294,296,297,296,296,295,295,295,295,297,298,300,301,303,304,306,307,308,307,306,306,305,306,306,
34014,260,261,260,260,260,261,261,260,260,261,260,260,260,260,260,260,260,260,260,260,261,260,260,260,260,260,260,260,260,260,261,261,261,261,261,262,262,262,263,263,264,264,265,265,265,266,266,266,266,266,266,266,266,266,267,266,266,267,267,267,267,267,267,267,267,267,267,267,267,267,268,267,267,267,267,268,268,268,268,268,268,268,268,268,268,268,268,268,269,268,268,269,269,269,269,269,269,269,269,269,269,269,269,269,269,269,269,269,269,269,270,270,271,271,271,272,273,273,274,274,275,276,276,277,278,279,280,281,281,282,283,284,285,286,287,288,289,290,291,292,293,294,296,296,298,299,300,301,302,303,305,306,308,309,310,311,312,314,315,316,318,319,319,319,319,319,319,319,319,319,319,320,319,319,319,319,319,320,319,320,320,320,319,320,319,320,319,319,319,319,319,319,319,319,319,318,319,318,318,318,319,318,318,318,318,318,317,318,317,317,317,318,317,317,317,317,317,317,317,316,316,316,316,316,315,315,315,315,315,315,315,315,314,314,314,314,314,314,313,313,313,313,313,313,312,313,312,312,312,312,311,311,311,311,311,311,311,310,310,310,310,310,310,309,309,309,309,309,309,308,308,308,308,308,308,308,307,307,308,307,307,306,307,307,306,306,306,306,306,305,306,305,305,305,305,305,304,304,304,304,304,304,304,303,303,303,303,303,303,303,303,303,302,302,302,302,302,302,302,301,301,301,301,301,301,301,300,300,300,300,300,300,300,299,299,299,300,299,299,299,299,299,299,298,298,298,298,298,298,298,297,298,297,297,297,297,297,297,297,297,297,297,296,296,296,296,296,296,295,295,296,296,295,295,295,295,295,295,295,294,294,295,294,294,294,294,294,294,294,293,293,293,293,293,293,293,293,293,292,292,293,292,292,292,292,292,291,292,291,291,291,291,291,291,291,290,291,290,291,290,290,290,290,290,290,290,290,290,289,289,289,289,289,289,289,289,289,289,289,288,289,288,288,288,288,288,288,288,288,287,287,287,287,287,287,287,287,287,287,286,286,286,286,286,286,286,286,286,286,286,285,285,285,286,285,285,285,285,285,285,285,285,284,284,284,284,284,284,284,284,284,283,284,284,283,283,283,283,283,283,283,283,283,283,283,283,283,282,282,282,282,282,282,282,282,282,283,283,283,283,283,283,284,285,285,285,285,285,285,286,286,286,288,289,290,291,292,294,295,295,294,294,294,295,295,
34015,257,257,257,257,257,257,257,257,257,257,257,257,257,257,257,257,257,257,257,257,257,257,257,257,257,257,257,257,257,257,257,258,257,258,258,258,259,259,260,260,261,262,262,262,263,263,263,263,263,263,263,263,263,263,263,263,263,263,263,263,263,263,263,263,264,263,263,263,263,263,263,263,263,263,263,264,264,263,264,263,263,263,264,264,264,264,264,264,264,264,264,264,264,264,264,264,264,264,264,264,264,264,264,264,264,264,264,264,264,264,265,265,266,266,266,268,268,269,270,270,271,272,273,274,274,275,276,278,278,279,280,281,282,283,285,286,287,288,289,290,292,293,294,295,297,298,299,300,301,303,304,306,307,308,310,311,312,314,316,317,318,320,319,320,320,320,320,320,320,320,320,320,320,320,320,320,320,320,320,320,320,320,320,320,320,320,320,320,320,320,320,320,320,320,320,320,320,320,319,320,320,319,319,319,319,319,319,319,319,319,319,319,319,319,319,319,318,318,318,318,318,318,318,318,317,317,317,317,317,317,317,317,317,316,317,316,316,316,316,316,316,316,316,316,315,315,315,315,315,315,314,314,314,314,314,314,314,313,313,313,313,313,313,313,312,312,312,312,312,312,311,311,312,311,311,311,311,311,311,311,310,310,310,310,310,309,310,310,309,309,309,309,309,309,309,309,308,308,308,308,308,308,308,308,307,307,308,307,307,307,307,307,306,306,306,306,306,306,306,305,305,305,306,305,305,305,305,304,304,305,304,304,304,303,304,304,304,303,303,303,303,303,303,303,302,302,302,302,302,302,301,302,301,301,301,301,301,301,301,301,301,301,300,300,300,300,300,300,299,299,300,300,299,299,299,298,299,299,299,298,298,298,298,298,298,298,297,298,297,297,297,297,297,297,297,296,296,296,296,296,296,296,296,296,296,296,295,296,295,295,295,295,295,295,295,295,294,295,294,294,294,294,294,294,294,294,293,293,293,293,293,293,293,293,293,293,292,292,292,292,292,292,292,292,292,291,291,291,291,291,291,291,291,291,290,291,290,290,290,290,290,290,290,290,290,289,289,289,289,289,289,289,289,289,289,288,289,288,288,288,288,288,288,288,288,288,287,287,287,288,287,287,287,287,287,287,287,287,286,286,286,286,286,286,286,286,286,286,285,286,285,285,285,285,285,285,286,286,286,286,286,286,287,288,288,288,288,289,289,289,289,289,290,292,293,294,296,297,298,298,298,298,298,298,298,
34016,259,259,259,259,259,259,260,259,260,260,259,259,259,259,259,259,259,259,259,259,260,260,260,260,260,260,260,260,260,260,260,261,261,262,261,262,263,263,263,263,265,265,265,266,266,266,266,266,266,266,266,266,266,266,267,266,266,267,267,267,267,267,267,267,268,267,267,267,267,267,268,268,268,267,268,268,268,268,268,268,268,268,268,268,268,268,268,269,269,268,269,269,269,269,269,269,269,269,269,269,269,269,269,269,270,269,269,269,270,270,270,271,271,272,272,273,273,274,274,275,275,276,276,277,278,279,279,280,281,282,283,283,284,285,286,287,288,289,289,290,292,292,294,295,296,297,298,299,300,301,302,304,305,306,307,308,310,311,312,314,315,316,317,317,317,318,318,318,318,319,319,319,319,319,319,320,319,320,319,320,320,320,320,320,319,320,320,320,319,319,319,319,319,319,319,319,319,318,318,318,318,317,318,318,318,318,317,317,317,317,317,317,317,316,316,316,316,316,316,315,316,315,315,315,314,314,314,314,314,314,314,314,313,313,313,313,313,312,312,312,312,312,312,312,311,312,311,311,311,311,311,311,310,310,310,310,310,309,310,309,309,309,309,309,309,308,308,308,308,308,307,307,307,307,307,307,306,307,307,306,306,306,306,306,306,305,305,305,305,305,305,304,304,304,304,304,303,303,304,303,303,303,303,303,302,302,303,302,302,302,302,302,301,301,301,301,301,301,301,300,300,300,300,300,300,299,299,299,299,299,299,299,299,298,298,299,298,298,298,298,298,298,298,297,297,297,297,297,297,297,296,296,296,296,296,296,296,296,295,295,295,295,295,295,295,295,294,294,294,294,294,294,294,294,293,293,293,293,293,293,293,293,292,292,292,292,292,292,292,292,291,291,292,291,291,291,291,291,290,291,291,290,290,290,290,290,290,290,289,289,289,289,289,289,289,289,289,289,289,288,289,288,288,288,288,288,288,288,287,287,287,287,287,287,287,287,286,286,286,286,286,286,286,286,286,286,286,286,285,285,285,285,285,285,285,285,284,284,285,284,284,284,284,284,284,283,283,284,284,283,283,283,283,283,283,283,283,283,283,282,282,282,282,282,282,282,282,281,282,282,281,281,281,281,281,281,281,281,280,281,281,280,280,280,280,280,280,280,280,280,280,279,280,280,279,280,280,280,280,281,281,281,281,282,282,282,282,283,283,283,283,284,284,285,287,287,288,289,291,291,291,291,291,292,292,
34017,0,0,0,0,0,0,0,0,0,0,0,0,0,0,0,0,0,0,0,0,0,0,0,0,0,0,0,0,0,0,0,0,0,0,0,0,0,0,0,0,0,0,0,0,0,0,0,0,0,0,0,0,0,0,0,0,0,0,0,0,0,0,0,0,0,0,0,0,0,0,0,0,0,0,0,0,0,0,0,0,0,0,0,0,0,0,0,0,0,0,0,0,0,0,0,0,0,0,0,0,0,0,0,0,0,0,0,0,0,0,0,0,0,0,0,0,0,0,0,0,0,0,0,0,0,0,0,0,0,0,0,0,0,0,0,0,0,0,0,0,0,0,0,0,0,0,0,0,0,0,0,0,0,0,0,0,0,0,0,0,0,0,0,0,0,0,0,0,0,0,0,0,0,0,0,0,0,0,0,0,0,0,0,0,0,0,0,0,0,0,0,0,0,0,0,0,0,0,0,0,0,0,0,0,0,0,0,0,0,0,0,0,0,0,0,0,0,0,0,0,0,0,0,0,0,0,0,0,0,0,0,0,0,0,0,0,0,0,0,0,0,0,0,0,0,0,0,0,0,0,0,0,0,0,0,0,0,0,0,0,0,0,0,0,0,0,0,0,0,0,0,0,0,0,0,0,0,0,0,0,0,0,0,0,0,0,0,0,0,0,0,0,0,0,0,0,0,0,0,0,0,0,0,0,0,0,0,0,0,0,0,0,0,0,0,0,0,0,0,0,0,0,0,0,0,0,0,0,0,0,0,0,0,0,0,0,0,0,0,0,0,0,0,0,0,0,0,0,0,0,0,0,0,0,0,0,0,0,0,0,0,0,0,0,0,0,0,0,0,0,0,0,0,0,0,0,0,0,0,0,0,0,0,0,0,0,0,0,0,0,0,0,0,0,0,0,0,0,0,0,0,0,0,0,0,0,0,0,0,0,0,0,0,0,0,0,0,0,0,0,0,0,0,0,0,0,0,0,0,0,0,0,0,0,0,0,0,0,0,0,0,0,0,0,0,0,0,0,0,0,0,0,0,0,0,0,0,0,0,0,0,0,0,0,0,0,0,0,0,0,0,0,0,0,0,0,0,0,0,0,0,0,0,0,0,0,0,0,0,0,0,0,0,0,0,0,0,0,0,0,0,0,0,0,0,0,0,0,0,0,0,0,0,0,0,0,0,0,0,0,0,0,0,0,0,0,0,0,0,0,0,0,0,0,0,0,0,0,0,0,0,0,0,0,0,
34018,3285,3286,3286,3286,3286,3286,3286,3286,3286,3285,3286,3286,3286,3286,3286,3286,3286,3287,3287,3288,3287,3286,3287,3286,3286,3287,3287,3287,3286,3287,3209,3198,3199,3190,3184,3186,3184,3186,3189,3179,3186,3189,3177,3180,3248,3258,3264,3268,3271,3272,3273,3274,3276,3276,3276,3277,3277,3277,3278,3279,3279,3279,3279,3280,3280,3280,3281,3280,3280,3281,3282,3282,3281,3283,3283,3283,3283,3284,3283,3283,3283,3284,3283,3283,3285,3284,3284,3285,3284,3284,3284,3285,3285,3285,3285,3286,3285,3285,3285,3286,3286,3286,3286,3285,3286,3286,3286,3287,3286,3228,3208,3191,3183,3182,3185,3180,3179,3172,3170,3177,3172,3164,3173,3177,3172,3171,3169,3159,3161,3164,3160,3154,3159,3162,3164,3162,3156,3154,3158,3153,3144,3144,3145,3143,3139,3136,3135,3137,3128,3124,3122,3125,3118,3118,3113,3108,3107,3110,3103,3101,3154,3182,3190,3197,3200,3203,3204,3206,3208,3209,3210,3211,3212,3212,3212,3213,3214,3214,3214,3215,3215,3216,3216,3216,3216,3216,3216,3216,3216,3216,3217,3217,3217,3218,3217,3217,3217,3218,3218,3218,3217,3218,3218,3218,3218,3218,3218,3218,3218,3218,3218,3218,3218,3218,3218,3218,3218,3219,3218,3218,3218,3218,3218,3219,3219,3219,3219,3220,3219,3219,3218,3220,3218,3218,3218,3219,3219,3219,3219,3220,3220,3220,3220,3220,3219,3219,3219,3219,3220,3219,3219,3219,3219,3219,3218,3219,3220,3220,3219,3220,3220,3219,3220,3220,3219,3219,3219,3220,3220,3220,3220,3220,3220,3220,3219,3220,3220,3220,3220,3220,3220,3220,3220,3220,3220,3220,3220,3220,3221,3220,3219,3220,3220,3221,3220,3220,3220,3220,3221,3220,3219,3220,3220,3219,3219,3220,3220,3221,3221,3220,3220,3220,3220,3220,3221,3220,3220,3220,3220,3221,3220,3220,3220,3221,3220,3220,3220,3220,3220,3221,3220,3220,3220,3221,3221,3221,3222,3221,3221,3220,3221,3220,3220,3220,3221,3221,3221,3221,3220,3221,3220,3221,3220,3221,3221,3221,3221,3221,3221,3221,3221,3221,3221,3221,3221,3220,3220,3221,3221,3222,3221,3222,3221,3221,3221,3221,3221,3221,3221,3221,3221,3221,3220,3221,3221,3221,3221,3221,3221,3221,3221,3221,3221,3221,3221,3221,3222,3221,3221,3221,3220,3221,3220,3222,3220,3222,3221,3221,3220,3221,3221,3221,3222,3221,3222,3220,3222,3221,3221,3220,3221,3221,3221,3221,3221,3222,3221,3221,3220,3221,3221,3221,3221,3221,3221,3222,3222,3221,3221,3221,3221,3221,3221,3221,3221,3221,3222,3221,3221,3221,3222,3221,3221,3221,3221,3221,3221,3222,3221,3222,3222,3221,3221,3222,3221,3221,3222,3222,3221,3222,3222,3221,3221,3221,3221,3221,3222,3222,3222,3221,3221,3222,3221,3222,3221,3222,3221,3221,3222,3222,3222,3221,3221,3222,3222,3221,3222,3221,3221,3222,3221,3222,3222,3222,3222,3221,3222,3221,3222,3222,3222,3222,3222,3221,3221,3150,3187,3198,3203,3205,3208,3121,3099,3099,3172,3180,3185,3187,3189,3190,3107,3097,3083,3070,3064,3049,3045,3027,3142,3157,3164,3169,3173,3175,3177,
34019,3286,3285,3285,3285,3286,3285,3285,3286,3286,3286,3286,3286,3286,3286,3287,3287,3286,3287,3286,3287,3287,3286,3287,3287,3288,3287,3287,3287,3286,3287,3210,3196,3194,3188,3182,3182,3184,3185,3184,3176,3184,3182,3176,3177,3247,3257,3262,3267,3269,3271,3273,3273,3275,3276,3276,3276,3277,3278,3278,3278,3278,3279,3280,3279,3280,3280,3281,3280,3281,3282,3282,3282,3281,3282,3283,3283,3282,3283,3283,3283,3283,3283,3284,3283,3284,3285,3284,3284,3284,3284,3284,3285,3285,3285,3285,3285,3285,3285,3286,3286,3286,3286,3285,3286,3285,3286,3286,3286,3287,3228,3203,3187,3184,3181,3182,3175,3175,3170,3170,3172,3168,3163,3170,3171,3166,3167,3164,3157,3156,3162,3157,3151,3153,3157,3156,3157,3150,3150,3152,3147,3139,3142,3141,3140,3133,3133,3133,3130,3126,3120,3121,3119,3117,3113,3110,3105,3103,3106,3099,3096,3153,3180,3190,3196,3199,3201,3203,3205,3206,3207,3208,3209,3210,3211,3211,3212,3212,3212,3213,3213,3213,3213,3214,3214,3214,3214,3214,3215,3215,3215,3215,3215,3215,3215,3215,3215,3215,3215,3215,3216,3216,3215,3216,3216,3216,3216,3215,3216,3216,3216,3216,3216,3216,3216,3217,3217,3216,3217,3217,3216,3217,3216,3217,3217,3216,3217,3217,3217,3217,3217,3218,3217,3217,3217,3217,3217,3217,3218,3218,3217,3218,3218,3218,3217,3218,3217,3218,3217,3218,3217,3218,3217,3217,3217,3218,3217,3218,3218,3218,3218,3218,3218,3218,3218,3218,3218,3218,3218,3218,3217,3218,3218,3218,3218,3218,3217,3218,3218,3218,3218,3218,3218,3218,3218,3218,3218,3218,3218,3218,3218,3218,3218,3219,3218,3218,3218,3218,3218,3218,3218,3218,3218,3218,3218,3218,3218,3218,3218,3218,3218,3217,3219,3218,3218,3218,3219,3219,3218,3218,3218,3218,3218,3219,3218,3218,3218,3218,3218,3218,3218,3218,3219,3218,3219,3218,3219,3219,3218,3219,3218,3219,3219,3219,3218,3219,3219,3218,3218,3219,3219,3218,3219,3219,3218,3219,3219,3219,3219,3218,3220,3219,3219,3219,3219,3219,3219,3218,3219,3218,3218,3219,3219,3219,3218,3219,3219,3219,3219,3218,3219,3219,3218,3219,3219,3219,3219,3219,3219,3219,3218,3218,3219,3219,3219,3219,3218,3219,3219,3218,3219,3219,3219,3219,3219,3218,3219,3219,3219,3219,3219,3220,3219,3219,3219,3220,3219,3219,3220,3219,3219,3219,3219,3219,3219,3219,3219,3219,3219,3219,3219,3218,3219,3219,3219,3219,3220,3219,3220,3220,3219,3219,3219,3219,3220,3220,3219,3219,3219,3219,3219,3219,3220,3219,3220,3220,3220,3219,3220,3219,3219,3220,3219,3219,3220,3219,3220,3219,3219,3219,3220,3220,3218,3218,3220,3219,3219,3219,3219,3220,3218,3220,3219,3219,3220,3220,3219,3220,3219,3219,3219,3219,3219,3218,3221,3220,3220,3219,3220,3220,3220,3220,3219,3220,3220,3219,3220,3220,3219,3220,3219,3220,3219,3219,3220,3220,3147,3184,3197,3201,3204,3206,3121,3098,3096,3172,3181,3185,3188,3190,3191,3104,3092,3078,3067,3059,3046,3044,3023,3139,3156,3164,3168,3172,3175,3177,
34020,3285,3286,3286,3286,3285,3285,3286,3286,3286,3286,3287,3286,3286,3287,3286,3286,3286,3286,3286,3286,3287,3286,3287,3286,3287,3287,3286,3287,3287,3287,3211,3198,3196,3190,3184,3187,3185,3187,3186,3178,3186,3185,3176,3179,3247,3257,3263,3267,3269,3272,3273,3273,3275,3276,3276,3277,3277,3277,3278,3279,3278,3279,3279,3279,3279,3280,3280,3281,3280,3281,3280,3281,3283,3282,3283,3283,3283,3282,3283,3283,3283,3284,3284,3284,3284,3284,3284,3284,3284,3284,3284,3285,3285,3285,3285,3285,3285,3285,3286,3285,3286,3286,3286,3286,3285,3285,3286,3286,3286,3229,3205,3189,3185,3182,3184,3177,3176,3172,3172,3175,3169,3164,3171,3174,3172,3169,3167,3158,3159,3164,3159,3153,3156,3159,3157,3159,3153,3153,3155,3149,3142,3142,3143,3141,3136,3135,3134,3132,3128,3122,3122,3121,3118,3116,3111,3107,3105,3107,3103,3099,3152,3180,3190,3196,3198,3201,3203,3204,3207,3206,3208,3210,3210,3211,3211,3212,3211,3212,3213,3214,3214,3214,3214,3214,3214,3215,3216,3215,3215,3215,3215,3215,3215,3215,3216,3217,3216,3216,3217,3216,3216,3216,3216,3217,3215,3217,3215,3216,3216,3217,3217,3218,3217,3216,3216,3217,3217,3216,3217,3216,3218,3217,3217,3217,3217,3217,3217,3217,3217,3217,3217,3217,3218,3217,3217,3217,3218,3218,3218,3217,3217,3218,3217,3218,3217,3217,3217,3217,3217,3217,3218,3218,3218,3218,3218,3218,3217,3218,3217,3217,3218,3218,3218,3218,3217,3218,3218,3218,3218,3218,3218,3218,3218,3217,3219,3219,3218,3217,3217,3218,3218,3218,3218,3218,3218,3218,3218,3218,3219,3218,3218,3218,3218,3218,3218,3219,3219,3218,3218,3219,3218,3218,3218,3219,3217,3218,3219,3218,3218,3218,3218,3218,3218,3218,3218,3218,3218,3219,3219,3218,3218,3218,3218,3218,3218,3218,3218,3219,3219,3218,3219,3218,3218,3218,3218,3220,3219,3219,3218,3218,3219,3218,3219,3219,3218,3219,3219,3219,3219,3219,3218,3218,3218,3218,3219,3218,3219,3218,3218,3219,3218,3219,3219,3219,3220,3219,3219,3218,3219,3218,3219,3219,3218,3219,3218,3218,3219,3219,3219,3220,3219,3218,3219,3219,3219,3219,3219,3218,3219,3219,3218,3219,3219,3219,3219,3218,3219,3219,3219,3219,3219,3220,3219,3219,3219,3219,3219,3220,3219,3219,3219,3218,3219,3219,3219,3219,3219,3219,3219,3219,3219,3219,3219,3219,3219,3219,3219,3219,3219,3220,3218,3219,3218,3219,3219,3219,3220,3219,3220,3220,3219,3219,3219,3219,3219,3219,3219,3219,3219,3218,3219,3219,3219,3219,3220,3220,3220,3220,3219,3220,3219,3219,3219,3219,3220,3219,3219,3219,3219,3219,3219,3220,3219,3219,3219,3219,3219,3220,3219,3219,3219,3219,3220,3218,3219,3220,3220,3220,3220,3219,3219,3219,3219,3220,3219,3219,3219,3219,3220,3220,3219,3220,3220,3220,3220,3220,3220,3219,3220,3219,3219,3219,3219,3219,3219,3149,3186,3197,3201,3204,3204,3122,3100,3099,3171,3180,3184,3187,3189,3191,3107,3096,3079,3069,3061,3051,3045,3023,3139,3154,3163,3168,3171,3174,3176,
34021,3287,3286,3287,3287,3287,3287,3287,3287,3286,3287,3287,3287,3287,3287,3287,3287,3287,3288,3287,3288,3287,3288,3287,3287,3287,3288,3288,3288,3288,3287,3211,3197,3198,3188,3184,3187,3185,3187,3187,3178,3187,3184,3177,3179,3248,3258,3264,3268,3270,3272,3274,3275,3276,3276,3277,3277,3278,3278,3279,3279,3279,3280,3280,3281,3281,3280,3281,3281,3282,3282,3283,3283,3282,3283,3283,3284,3284,3283,3284,3285,3284,3284,3286,3284,3284,3285,3286,3285,3286,3285,3285,3286,3285,3286,3286,3286,3286,3286,3287,3286,3286,3286,3287,3286,3287,3287,3287,3287,3286,3228,3205,3189,3184,3183,3185,3179,3177,3172,3172,3173,3170,3164,3170,3173,3172,3169,3164,3160,3158,3164,3158,3155,3156,3162,3158,3160,3153,3154,3155,3151,3143,3143,3140,3140,3136,3136,3136,3132,3128,3125,3124,3122,3121,3117,3112,3108,3105,3105,3103,3099,3154,3181,3191,3196,3201,3203,3205,3207,3208,3209,3210,3211,3212,3212,3212,3213,3214,3214,3214,3215,3216,3215,3215,3216,3215,3216,3216,3216,3216,3216,3217,3217,3217,3217,3218,3217,3218,3218,3218,3218,3218,3217,3218,3218,3218,3218,3218,3218,3218,3218,3217,3218,3218,3218,3218,3218,3218,3218,3218,3218,3218,3219,3218,3218,3218,3219,3219,3219,3218,3218,3219,3219,3219,3219,3219,3218,3219,3219,3218,3219,3219,3219,3220,3219,3219,3218,3220,3219,3219,3219,3219,3220,3219,3219,3220,3219,3219,3219,3219,3219,3220,3219,3220,3219,3219,3220,3220,3220,3219,3219,3221,3220,3220,3220,3219,3220,3219,3220,3219,3220,3220,3221,3219,3220,3219,3219,3219,3219,3219,3220,3219,3220,3220,3220,3220,3220,3220,3221,3220,3220,3220,3221,3220,3220,3220,3219,3220,3220,3220,3220,3220,3220,3221,3221,3220,3221,3221,3221,3220,3220,3221,3220,3220,3220,3220,3221,3220,3221,3221,3221,3221,3220,3220,3221,3221,3220,3220,3221,3221,3221,3220,3221,3220,3221,3221,3220,3221,3221,3221,3221,3220,3221,3221,3220,3222,3221,3220,3221,3221,3220,3221,3221,3221,3221,3221,3221,3220,3221,3220,3221,3221,3221,3221,3220,3221,3221,3221,3221,3221,3221,3221,3221,3221,3221,3221,3222,3221,3221,3221,3221,3221,3221,3221,3221,3221,3221,3221,3221,3221,3222,3221,3222,3221,3221,3221,3221,3221,3222,3221,3222,3222,3221,3221,3221,3222,3221,3222,3221,3221,3221,3221,3221,3221,3221,3221,3220,3221,3221,3221,3221,3221,3221,3222,3221,3221,3221,3221,3222,3222,3221,3221,3222,3221,3222,3221,3221,3221,3222,3221,3221,3222,3222,3221,3221,3222,3221,3221,3221,3221,3221,3221,3221,3221,3221,3222,3222,3221,3221,3221,3221,3222,3221,3222,3222,3221,3221,3221,3222,3221,3222,3221,3222,3222,3221,3222,3221,3221,3222,3222,3222,3221,3221,3221,3222,3222,3222,3222,3222,3221,3222,3221,3222,3221,3221,3222,3222,3222,3222,3221,3222,3221,3221,3222,3222,3222,3148,3187,3199,3203,3207,3208,3122,3101,3099,3172,3181,3185,3189,3190,3193,3106,3096,3081,3071,3066,3054,3049,3027,3141,3157,3164,3170,3173,3175,3178,
34022,3284,3285,3285,3285,3285,3285,3286,3286,3285,3286,3286,3286,3286,3286,3287,3286,3287,3286,3287,3287,3286,3287,3287,3287,3286,3287,3287,3288,3286,3287,3211,3197,3196,3189,3187,3187,3184,3186,3190,3181,3186,3185,3177,3179,3246,3257,3263,3267,3269,3271,3272,3274,3274,3276,3276,3276,3277,3277,3277,3278,3278,3279,3280,3280,3280,3280,3281,3280,3281,3281,3281,3282,3282,3283,3282,3282,3283,3282,3283,3283,3283,3284,3283,3284,3285,3283,3284,3285,3284,3284,3284,3285,3285,3285,3285,3285,3285,3285,3284,3285,3286,3285,3285,3286,3285,3286,3285,3286,3286,3229,3206,3191,3185,3182,3184,3178,3175,3172,3168,3173,3169,3164,3168,3170,3172,3169,3165,3160,3158,3163,3161,3154,3156,3162,3157,3159,3153,3152,3151,3149,3145,3141,3139,3140,3135,3134,3133,3135,3126,3124,3122,3119,3117,3113,3110,3108,3104,3103,3100,3099,3152,3179,3189,3195,3198,3200,3203,3204,3206,3207,3208,3209,3210,3210,3210,3210,3211,3213,3212,3212,3213,3212,3213,3213,3213,3214,3213,3214,3214,3214,3214,3214,3215,3215,3215,3214,3215,3214,3215,3215,3215,3215,3215,3216,3214,3216,3216,3216,3216,3215,3215,3215,3215,3216,3216,3217,3216,3216,3216,3216,3216,3216,3216,3216,3217,3217,3216,3216,3216,3217,3217,3217,3217,3217,3217,3217,3217,3217,3217,3217,3217,3217,3217,3217,3217,3216,3217,3217,3217,3217,3217,3217,3217,3217,3217,3217,3217,3217,3217,3218,3216,3217,3216,3217,3217,3217,3217,3217,3217,3218,3217,3217,3218,3218,3218,3218,3217,3218,3217,3217,3217,3218,3217,3218,3217,3217,3218,3218,3218,3217,3218,3217,3218,3218,3218,3218,3218,3218,3218,3218,3218,3218,3218,3217,3218,3218,3218,3218,3218,3218,3218,3217,3218,3218,3218,3218,3218,3218,3218,3217,3218,3217,3218,3218,3218,3217,3218,3218,3218,3217,3218,3218,3217,3218,3219,3218,3218,3218,3218,3218,3218,3218,3218,3218,3218,3218,3218,3218,3219,3218,3219,3218,3218,3218,3218,3218,3218,3218,3218,3218,3218,3218,3217,3218,3218,3218,3218,3218,3218,3218,3217,3218,3218,3219,3218,3218,3218,3218,3218,3218,3218,3218,3218,3218,3218,3219,3218,3218,3218,3218,3219,3218,3218,3218,3218,3218,3218,3218,3218,3218,3218,3219,3218,3218,3218,3219,3218,3218,3218,3218,3218,3218,3218,3219,3218,3218,3218,3219,3218,3218,3218,3219,3218,3218,3218,3218,3218,3218,3218,3218,3219,3218,3218,3218,3218,3218,3218,3218,3219,3218,3219,3219,3218,3218,3218,3218,3218,3218,3218,3218,3218,3218,3218,3219,3218,3219,3218,3218,3218,3218,3218,3218,3219,3218,3219,3219,3219,3219,3218,3218,3219,3219,3218,3218,3218,3218,3219,3219,3218,3218,3218,3218,3219,3219,3218,3218,3219,3219,3219,3219,3219,3218,3218,3219,3219,3219,3219,3219,3218,3218,3219,3219,3219,3219,3219,3219,3218,3218,3219,3220,3218,3219,3219,3219,3219,3146,3185,3197,3201,3203,3204,3121,3100,3099,3171,3180,3184,3187,3188,3190,3106,3096,3079,3071,3062,3050,3044,3023,3137,3153,3161,3166,3170,3172,3175,
34023,3286,3286,3286,3285,3286,3287,3286,3287,3286,3287,3286,3287,3287,3286,3287,3286,3287,3287,3287,3287,3288,3287,3288,3287,3287,3287,3288,3287,3288,3287,3212,3198,3197,3190,3188,3186,3186,3187,3190,3181,3187,3185,3177,3179,3248,3258,3264,3268,3270,3272,3274,3275,3276,3276,3276,3278,3277,3278,3279,3279,3280,3279,3280,3280,3281,3282,3282,3282,3282,3282,3282,3283,3282,3283,3283,3284,3283,3283,3284,3284,3285,3284,3285,3284,3284,3284,3284,3285,3285,3285,3286,3286,3286,3285,3285,3286,3286,3286,3286,3287,3286,3286,3287,3287,3287,3287,3287,3286,3287,3231,3210,3190,3184,3182,3182,3175,3177,3170,3169,3173,3170,3164,3171,3171,3172,3172,3165,3162,3159,3164,3161,3156,3155,3162,3157,3160,3154,3153,3152,3153,3145,3142,3140,3141,3135,3135,3135,3135,3127,3124,3118,3120,3118,3114,3111,3109,3105,3104,3101,3099,3153,3180,3190,3196,3200,3202,3204,3204,3206,3208,3209,3210,3211,3211,3212,3213,3212,3213,3213,3213,3214,3214,3214,3215,3215,3215,3215,3215,3215,3215,3216,3216,3216,3216,3215,3217,3216,3217,3217,3217,3216,3217,3217,3217,3216,3217,3218,3217,3217,3217,3217,3218,3217,3217,3217,3218,3217,3217,3218,3217,3217,3217,3218,3216,3218,3218,3218,3217,3218,3218,3218,3218,3218,3218,3218,3218,3218,3218,3218,3217,3218,3218,3218,3218,3218,3218,3218,3218,3218,3219,3219,3218,3218,3218,3218,3218,3218,3218,3218,3219,3218,3218,3218,3218,3218,3218,3219,3219,3218,3219,3219,3218,3219,3219,3218,3218,3218,3218,3219,3219,3219,3218,3218,3219,3218,3219,3219,3219,3219,3218,3218,3218,3219,3219,3219,3219,3219,3219,3219,3218,3218,3219,3219,3219,3219,3219,3219,3220,3218,3219,3219,3219,3219,3219,3219,3220,3220,3219,3219,3219,3218,3220,3220,3218,3219,3219,3219,3219,3220,3219,3219,3219,3219,3219,3219,3219,3219,3219,3220,3219,3219,3219,3219,3218,3219,3218,3219,3219,3219,3220,3219,3219,3219,3219,3220,3219,3219,3219,3219,3219,3220,3219,3219,3219,3220,3219,3219,3219,3219,3220,3219,3218,3220,3219,3219,3219,3219,3219,3220,3219,3219,3219,3220,3219,3220,3220,3220,3219,3220,3219,3219,3219,3220,3219,3219,3219,3219,3220,3220,3219,3220,3220,3219,3220,3220,3219,3219,3220,3219,3220,3220,3220,3220,3219,3221,3220,3219,3219,3220,3220,3220,3220,3220,3219,3219,3220,3220,3220,3219,3219,3220,3220,3219,3219,3220,3219,3219,3221,3220,3220,3220,3220,3220,3220,3220,3220,3220,3219,3220,3221,3219,3220,3220,3220,3220,3220,3220,3220,3220,3220,3220,3219,3220,3221,3220,3220,3220,3220,3220,3219,3220,3220,3220,3220,3221,3220,3220,3220,3220,3220,3220,3220,3219,3220,3220,3220,3220,3220,3220,3220,3220,3220,3220,3220,3221,3221,3220,3220,3220,3220,3220,3219,3220,3220,3220,3221,3219,3220,3220,3221,3220,3220,3221,3220,3220,3147,3186,3198,3202,3205,3207,3122,3101,3101,3172,3181,3186,3189,3191,3192,3108,3096,3081,3074,3064,3052,3046,3024,3139,3154,3161,3167,3171,3174,3176,
34024,3285,3285,3286,3286,3286,3286,3286,3287,3286,3286,3287,3286,3287,3286,3286,3287,3287,3286,3286,3287,3286,3287,3287,3287,3286,3287,3287,3287,3287,3287,3210,3197,3194,3190,3187,3187,3187,3187,3189,3181,3186,3185,3176,3179,3248,3258,3265,3268,3270,3272,3273,3274,3276,3276,3276,3277,3277,3278,3277,3279,3278,3279,3279,3280,3280,3281,3281,3280,3281,3281,3282,3282,3282,3283,3282,3283,3282,3283,3283,3283,3283,3284,3284,3284,3285,3284,3285,3284,3284,3285,3284,3285,3285,3285,3285,3285,3285,3285,3285,3286,3285,3285,3285,3285,3286,3287,3286,3287,3286,3229,3209,3189,3184,3182,3181,3175,3174,3170,3169,3173,3171,3165,3168,3171,3173,3173,3165,3162,3159,3164,3162,3156,3156,3162,3158,3160,3155,3152,3151,3153,3146,3143,3141,3141,3139,3136,3134,3136,3127,3125,3119,3122,3120,3115,3112,3110,3104,3104,3102,3099,3154,3181,3190,3196,3200,3203,3205,3206,3208,3209,3210,3211,3211,3212,3214,3213,3214,3213,3214,3215,3215,3215,3215,3216,3216,3216,3216,3216,3217,3217,3218,3217,3217,3217,3218,3218,3218,3217,3218,3218,3217,3217,3218,3218,3218,3218,3218,3218,3218,3218,3218,3218,3219,3218,3218,3218,3218,3218,3218,3218,3219,3218,3218,3218,3220,3219,3219,3219,3219,3219,3219,3220,3219,3219,3220,3219,3219,3219,3219,3219,3219,3219,3220,3219,3219,3220,3219,3220,3219,3220,3220,3220,3220,3219,3220,3220,3220,3220,3219,3219,3219,3219,3220,3219,3220,3220,3220,3220,3221,3220,3220,3220,3220,3220,3220,3220,3219,3220,3220,3220,3219,3220,3220,3220,3220,3220,3221,3219,3221,3220,3221,3220,3220,3220,3220,3219,3220,3220,3221,3220,3220,3221,3220,3220,3220,3220,3221,3221,3220,3221,3220,3221,3221,3220,3220,3220,3220,3221,3220,3220,3221,3220,3221,3221,3221,3220,3220,3220,3221,3221,3220,3220,3222,3220,3221,3221,3221,3221,3221,3221,3221,3222,3220,3220,3220,3221,3221,3221,3221,3220,3220,3221,3221,3222,3221,3221,3221,3220,3221,3221,3221,3220,3220,3221,3221,3221,3221,3221,3221,3221,3220,3221,3221,3221,3222,3221,3222,3221,3222,3221,3221,3222,3220,3221,3220,3222,3221,3221,3221,3221,3221,3221,3221,3221,3221,3222,3221,3221,3221,3222,3222,3222,3221,3220,3221,3221,3221,3221,3221,3221,3221,3221,3221,3222,3221,3221,3221,3222,3221,3221,3221,3221,3222,3221,3222,3222,3222,3222,3221,3221,3221,3221,3221,3222,3221,3221,3221,3221,3222,3222,3221,3221,3222,3222,3222,3222,3222,3221,3221,3221,3221,3222,3222,3222,3221,3222,3222,3222,3222,3222,3222,3221,3222,3222,3222,3221,3221,3221,3222,3222,3222,3222,3221,3221,3222,3221,3222,3221,3222,3221,3221,3222,3220,3222,3221,3222,3222,3221,3221,3222,3222,3222,3222,3222,3222,3222,3221,3222,3222,3222,3222,3221,3221,3222,3222,3221,3222,3222,3222,3222,3222,3222,3221,3222,3222,3147,3187,3199,3204,3205,3207,3122,3101,3098,3172,3180,3185,3189,3189,3192,3109,3096,3082,3074,3065,3053,3049,3028,3142,3156,3164,3169,3172,3174,3177,
34025,3287,3286,3286,3286,3287,3287,3287,3286,3287,3288,3287,3287,3288,3287,3287,3287,3287,3288,3287,3287,3287,3288,3288,3287,3288,3288,3288,3288,3289,3287,3215,3200,3197,3192,3190,3189,3188,3188,3191,3182,3187,3186,3178,3182,3249,3260,3265,3268,3271,3273,3274,3275,3276,3277,3277,3277,3279,3279,3279,3280,3279,3280,3280,3280,3280,3281,3281,3281,3282,3282,3282,3282,3283,3283,3283,3284,3283,3284,3284,3285,3284,3284,3285,3285,3284,3286,3285,3286,3285,3285,3286,3286,3286,3286,3286,3287,3286,3287,3287,3287,3286,3286,3287,3287,3287,3287,3287,3287,3287,3231,3210,3192,3186,3184,3183,3178,3176,3171,3171,3172,3172,3168,3170,3173,3175,3175,3168,3164,3162,3163,3167,3157,3157,3165,3157,3162,3157,3154,3155,3155,3148,3144,3143,3145,3141,3138,3137,3139,3130,3127,3123,3126,3124,3118,3112,3112,3108,3107,3105,3103,3155,3182,3192,3198,3200,3204,3205,3207,3210,3209,3210,3212,3212,3213,3213,3214,3214,3214,3215,3215,3215,3215,3217,3216,3216,3217,3216,3217,3218,3217,3218,3217,3217,3218,3218,3218,3218,3218,3217,3218,3218,3218,3219,3218,3218,3219,3219,3218,3218,3219,3218,3218,3218,3219,3219,3219,3219,3219,3219,3218,3218,3220,3219,3219,3219,3219,3219,3220,3219,3220,3219,3219,3220,3220,3220,3219,3220,3220,3220,3219,3219,3220,3220,3220,3220,3219,3220,3219,3220,3219,3220,3220,3220,3220,3219,3220,3219,3220,3220,3220,3220,3220,3220,3220,3222,3219,3220,3221,3219,3220,3219,3220,3220,3220,3220,3220,3220,3220,3221,3220,3220,3220,3220,3220,3220,3221,3221,3221,3220,3220,3220,3221,3220,3220,3220,3221,3220,3220,3220,3220,3220,3220,3221,3220,3221,3220,3220,3220,3220,3221,3220,3221,3221,3220,3221,3221,3221,3221,3220,3221,3220,3221,3221,3220,3220,3221,3221,3220,3220,3221,3220,3221,3221,3220,3221,3221,3221,3222,3221,3222,3222,3221,3221,3221,3221,3221,3220,3222,3221,3221,3221,3220,3221,3221,3221,3222,3222,3222,3220,3220,3220,3220,3221,3220,3221,3221,3221,3221,3222,3221,3221,3221,3221,3221,3222,3221,3221,3221,3221,3221,3222,3221,3221,3221,3221,3221,3221,3221,3222,3221,3221,3221,3222,3221,3222,3221,3221,3221,3221,3221,3222,3222,3221,3222,3221,3222,3221,3220,3221,3222,3222,3221,3222,3222,3221,3222,3222,3222,3221,3221,3221,3222,3221,3221,3221,3221,3222,3222,3221,3222,3222,3222,3222,3222,3222,3221,3222,3222,3221,3221,3222,3222,3222,3222,3222,3221,3222,3222,3221,3222,3222,3222,3221,3222,3221,3222,3221,3221,3222,3222,3222,3222,3222,3222,3222,3222,3222,3222,3221,3222,3221,3222,3222,3222,3222,3223,3222,3222,3221,3222,3221,3222,3221,3222,3222,3222,3222,3221,3222,3221,3222,3222,3222,3222,3222,3222,3222,3222,3222,3222,3222,3222,3222,3222,3222,3222,3222,3222,3222,3222,3221,3222,3221,3222,3223,3150,3187,3199,3204,3206,3208,3124,3103,3099,3173,3182,3186,3189,3191,3192,3110,3099,3084,3077,3068,3058,3052,3036,3143,3157,3165,3170,3174,3175,3178,
34026,3285,3285,3285,3286,3285,3285,3286,3286,3285,3285,3286,3286,3286,3286,3286,3287,3287,3286,3286,3287,3286,3286,3287,3286,3287,3286,3287,3286,3286,3287,3213,3199,3193,3191,3190,3187,3188,3186,3190,3181,3186,3185,3175,3179,3247,3257,3263,3267,3269,3271,3273,3274,3275,3276,3276,3276,3277,3277,3278,3279,3279,3279,3279,3280,3280,3280,3280,3281,3281,3280,3282,3282,3282,3282,3283,3282,3283,3283,3283,3283,3283,3283,3283,3284,3283,3284,3285,3284,3285,3284,3285,3285,3285,3285,3285,3284,3286,3285,3284,3285,3286,3285,3286,3286,3286,3286,3287,3286,3286,3230,3209,3191,3184,3182,3181,3176,3174,3168,3168,3170,3172,3166,3168,3171,3173,3173,3167,3164,3161,3160,3164,3157,3155,3163,3155,3160,3155,3152,3152,3153,3145,3140,3141,3142,3138,3137,3135,3137,3131,3127,3121,3124,3122,3115,3111,3112,3106,3106,3100,3102,3153,3180,3190,3196,3199,3201,3204,3205,3206,3208,3208,3208,3210,3211,3211,3212,3212,3213,3213,3212,3214,3213,3214,3214,3214,3215,3214,3215,3215,3214,3215,3215,3215,3215,3215,3215,3215,3216,3216,3216,3216,3217,3215,3216,3215,3217,3216,3216,3216,3215,3216,3217,3216,3216,3216,3217,3216,3216,3217,3216,3216,3217,3217,3216,3217,3217,3218,3217,3217,3217,3218,3218,3217,3217,3218,3218,3218,3217,3218,3218,3218,3218,3218,3217,3218,3217,3218,3218,3218,3217,3218,3218,3218,3218,3218,3218,3218,3218,3217,3218,3218,3218,3218,3218,3218,3218,3218,3218,3218,3218,3218,3219,3218,3217,3217,3218,3218,3218,3218,3218,3218,3218,3218,3218,3218,3218,3218,3218,3218,3218,3218,3218,3218,3218,3218,3218,3219,3218,3218,3219,3218,3218,3218,3218,3218,3218,3218,3218,3218,3218,3219,3218,3219,3217,3219,3218,3218,3219,3218,3218,3218,3218,3219,3219,3219,3218,3219,3218,3218,3218,3219,3218,3218,3218,3218,3219,3218,3219,3219,3219,3218,3218,3220,3218,3219,3219,3219,3218,3218,3218,3218,3219,3218,3218,3219,3219,3219,3219,3219,3219,3218,3219,3219,3218,3220,3218,3219,3219,3218,3219,3219,3218,3219,3219,3219,3219,3219,3218,3219,3219,3219,3219,3218,3218,3219,3219,3218,3219,3218,3219,3218,3219,3219,3219,3219,3219,3218,3219,3219,3219,3219,3219,3219,3219,3219,3218,3219,3219,3219,3219,3219,3219,3219,3219,3219,3218,3219,3219,3219,3219,3218,3219,3219,3219,3219,3219,3219,3219,3219,3219,3220,3220,3220,3220,3220,3219,3219,3219,3220,3219,3220,3220,3219,3220,3220,3219,3219,3220,3220,3219,3219,3220,3220,3220,3220,3220,3220,3219,3219,3219,3219,3219,3220,3219,3219,3219,3219,3220,3219,3220,3220,3220,3220,3219,3219,3219,3219,3218,3219,3220,3219,3219,3220,3219,3220,3219,3220,3219,3220,3220,3219,3220,3219,3220,3219,3219,3219,3220,3220,3219,3220,3221,3219,3220,3220,3219,3220,3220,3219,3220,3220,3219,3220,3220,3219,3146,3186,3197,3202,3204,3205,3121,3103,3098,3171,3180,3184,3187,3189,3191,3108,3096,3083,3076,3067,3056,3053,3036,3141,3156,3164,3168,3172,3175,3177,
34027,3286,3286,3286,3286,3287,3286,3287,3287,3287,3286,3288,3287,3288,3287,3287,3288,3286,3287,3287,3287,3288,3287,3287,3287,3288,3288,3288,3287,3287,3288,3213,3199,3191,3190,3189,3188,3188,3187,3190,3181,3185,3183,3176,3178,3248,3258,3264,3268,3270,3273,3273,3275,3276,3277,3277,3278,3278,3279,3279,3279,3279,3280,3280,3281,3281,3281,3282,3281,3282,3282,3283,3283,3282,3282,3283,3284,3284,3284,3283,3284,3284,3285,3284,3284,3285,3285,3286,3285,3285,3285,3286,3287,3286,3285,3286,3287,3286,3287,3287,3286,3286,3286,3287,3286,3286,3286,3287,3287,3287,3230,3210,3192,3185,3179,3181,3175,3174,3169,3168,3171,3175,3166,3169,3171,3174,3173,3167,3163,3159,3161,3165,3159,3154,3163,3156,3157,3154,3153,3150,3153,3145,3139,3141,3144,3139,3135,3134,3137,3130,3127,3120,3124,3121,3115,3110,3112,3105,3103,3101,3101,3154,3181,3191,3197,3200,3202,3206,3206,3208,3209,3210,3211,3213,3213,3213,3213,3214,3215,3214,3215,3216,3215,3216,3217,3216,3216,3217,3217,3217,3217,3217,3217,3218,3218,3217,3218,3218,3218,3218,3218,3218,3219,3219,3218,3218,3218,3218,3218,3219,3218,3218,3218,3218,3219,3218,3219,3219,3218,3219,3219,3219,3218,3219,3218,3219,3220,3218,3218,3219,3219,3219,3220,3219,3219,3219,3219,3219,3220,3219,3219,3219,3219,3219,3219,3220,3220,3220,3220,3220,3220,3219,3220,3220,3219,3220,3219,3219,3219,3220,3220,3220,3220,3220,3219,3220,3219,3220,3219,3220,3220,3221,3220,3220,3219,3220,3220,3221,3220,3220,3219,3221,3221,3221,3220,3220,3220,3220,3221,3220,3220,3220,3220,3220,3219,3221,3220,3220,3221,3221,3221,3220,3220,3220,3220,3220,3220,3220,3221,3220,3220,3221,3220,3220,3220,3221,3220,3220,3220,3221,3221,3220,3221,3220,3220,3220,3220,3220,3221,3220,3221,3220,3221,3220,3222,3221,3221,3221,3220,3220,3221,3220,3220,3221,3221,3221,3222,3220,3221,3221,3221,3221,3221,3221,3221,3221,3221,3220,3221,3221,3221,3220,3221,3221,3221,3221,3222,3221,3221,3222,3222,3220,3221,3221,3221,3221,3222,3221,3222,3221,3220,3221,3221,3221,3222,3222,3222,3221,3222,3222,3222,3221,3221,3222,3222,3221,3221,3221,3221,3221,3221,3221,3222,3222,3222,3222,3221,3221,3221,3222,3222,3222,3222,3221,3221,3221,3221,3222,3222,3221,3221,3222,3222,3222,3221,3222,3221,3222,3222,3221,3223,3222,3221,3222,3222,3222,3222,3222,3222,3222,3221,3222,3221,3222,3222,3222,3222,3222,3222,3221,3222,3222,3221,3222,3222,3222,3221,3222,3222,3221,3221,3222,3221,3222,3221,3222,3222,3222,3222,3222,3222,3222,3222,3223,3222,3222,3222,3221,3222,3222,3221,3222,3222,3222,3221,3222,3221,3222,3221,3222,3222,3222,3222,3222,3222,3222,3222,3222,3222,3221,3222,3222,3222,3223,3222,3223,3222,3222,3222,3222,3222,3223,3222,3222,3222,3222,3146,3186,3199,3202,3206,3208,3123,3102,3094,3172,3181,3186,3188,3190,3191,3111,3093,3082,3075,3066,3055,3049,3033,3142,3157,3165,3170,3174,3175,3177,
34028,3285,3285,3286,3285,3285,3285,3285,3285,3285,3286,3286,3287,3286,3287,3286,3286,3286,3286,3287,3285,3287,3287,3286,3286,3287,3287,3287,3287,3287,3287,3212,3198,3191,3188,3188,3186,3187,3186,3189,3180,3184,3182,3175,3177,3247,3257,3263,3267,3269,3271,3272,3273,3274,3276,3276,3277,3277,3277,3278,3277,3278,3278,3279,3279,3279,3280,3280,3281,3280,3281,3281,3281,3283,3281,3282,3282,3283,3282,3282,3283,3283,3283,3283,3283,3284,3284,3283,3284,3284,3284,3285,3284,3285,3285,3284,3285,3286,3286,3286,3285,3285,3285,3285,3286,3286,3287,3286,3286,3286,3229,3208,3192,3183,3178,3179,3175,3173,3167,3166,3169,3173,3164,3167,3168,3172,3171,3165,3161,3162,3159,3162,3157,3153,3161,3154,3155,3154,3151,3149,3151,3143,3137,3139,3141,3136,3132,3132,3135,3128,3125,3117,3120,3119,3112,3107,3107,3100,3101,3098,3098,3153,3180,3189,3195,3198,3201,3204,3205,3206,3208,3209,3209,3210,3211,3212,3212,3212,3213,3212,3213,3214,3215,3214,3214,3214,3215,3214,3215,3215,3215,3215,3216,3215,3216,3215,3216,3216,3217,3216,3217,3215,3216,3217,3216,3216,3216,3216,3216,3217,3216,3217,3216,3217,3217,3216,3218,3218,3217,3218,3217,3216,3217,3217,3217,3217,3218,3218,3218,3217,3218,3217,3218,3217,3218,3218,3217,3218,3218,3218,3217,3218,3217,3218,3218,3218,3218,3218,3218,3218,3217,3218,3218,3218,3218,3218,3218,3217,3217,3219,3218,3218,3218,3218,3218,3218,3218,3218,3218,3218,3219,3218,3218,3218,3218,3218,3218,3218,3218,3218,3219,3218,3218,3218,3218,3219,3219,3218,3218,3218,3218,3218,3218,3218,3218,3219,3218,3218,3219,3218,3218,3219,3218,3219,3219,3218,3218,3219,3219,3219,3218,3218,3219,3219,3218,3218,3219,3219,3218,3219,3219,3218,3218,3219,3219,3219,3219,3218,3219,3219,3218,3219,3219,3219,3219,3219,3219,3219,3219,3219,3219,3219,3219,3219,3219,3218,3218,3219,3218,3219,3219,3219,3219,3219,3219,3219,3219,3219,3218,3219,3219,3219,3219,3219,3219,3219,3219,3220,3219,3219,3219,3219,3218,3219,3219,3219,3219,3219,3219,3219,3219,3220,3219,3219,3220,3219,3219,3219,3219,3219,3218,3220,3219,3219,3219,3220,3219,3219,3220,3218,3219,3220,3218,3218,3220,3219,3220,3220,3219,3219,3220,3220,3219,3219,3219,3220,3220,3220,3220,3219,3219,3219,3220,3219,3220,3219,3219,3220,3220,3220,3220,3220,3220,3220,3220,3219,3219,3219,3219,3219,3220,3219,3220,3219,3220,3220,3220,3219,3219,3219,3220,3219,3220,3220,3220,3219,3220,3220,3220,3220,3220,3219,3220,3220,3220,3220,3219,3219,3220,3220,3220,3220,3220,3219,3220,3220,3221,3219,3220,3220,3220,3220,3219,3219,3220,3220,3220,3220,3220,3220,3220,3221,3220,3220,3219,3219,3219,3220,3220,3220,3221,3220,3220,3219,3219,3220,3219,3221,3220,3220,3220,3220,3220,3220,3220,3220,3145,3185,3197,3202,3204,3206,3121,3101,3094,3171,3181,3184,3187,3189,3190,3108,3092,3079,3072,3063,3050,3044,3026,3138,3154,3162,3166,3170,3173,3176,
34029,3286,3286,3287,3286,3287,3287,3287,3286,3287,3287,3286,3287,3287,3287,3287,3287,3287,3287,3288,3288,3287,3288,3287,3287,3287,3287,3288,3287,3288,3287,3212,3199,3192,3189,3189,3188,3188,3185,3189,3181,3184,3179,3176,3178,3248,3258,3265,3268,3270,3273,3274,3275,3276,3276,3277,3277,3279,3278,3278,3279,3279,3280,3280,3281,3281,3281,3281,3281,3282,3282,3283,3283,3283,3283,3283,3284,3284,3284,3283,3284,3283,3285,3285,3285,3285,3286,3285,3286,3284,3286,3285,3286,3285,3287,3286,3287,3286,3287,3286,3287,3287,3287,3286,3287,3287,3287,3287,3287,3287,3230,3209,3193,3183,3178,3180,3174,3173,3168,3167,3171,3175,3167,3168,3169,3173,3172,3167,3162,3163,3159,3165,3158,3154,3163,3156,3157,3155,3152,3151,3153,3145,3139,3141,3144,3139,3134,3134,3137,3130,3127,3120,3124,3121,3116,3110,3111,3103,3105,3102,3101,3155,3182,3190,3197,3200,3202,3205,3207,3208,3210,3210,3211,3211,3213,3213,3213,3213,3214,3214,3215,3215,3215,3215,3217,3215,3216,3216,3216,3216,3216,3217,3217,3217,3217,3216,3217,3217,3218,3217,3218,3217,3217,3218,3218,3218,3218,3218,3218,3218,3218,3218,3218,3218,3218,3218,3218,3218,3218,3219,3218,3218,3219,3218,3219,3219,3218,3218,3218,3219,3219,3219,3219,3219,3218,3218,3219,3218,3219,3219,3219,3219,3219,3220,3220,3219,3219,3219,3219,3219,3219,3219,3218,3219,3218,3219,3219,3220,3219,3219,3219,3219,3220,3220,3219,3219,3219,3219,3219,3220,3219,3220,3219,3219,3220,3219,3219,3219,3220,3219,3219,3220,3219,3219,3220,3219,3219,3220,3220,3219,3220,3219,3220,3220,3220,3220,3220,3220,3220,3220,3219,3220,3221,3220,3220,3219,3220,3220,3220,3219,3221,3219,3220,3220,3220,3221,3220,3219,3220,3221,3220,3220,3220,3220,3219,3220,3220,3220,3220,3220,3220,3219,3220,3221,3220,3220,3220,3219,3221,3221,3220,3220,3220,3220,3220,3220,3220,3221,3221,3220,3220,3220,3220,3220,3221,3220,3221,3220,3220,3220,3221,3221,3221,3221,3220,3221,3220,3221,3220,3221,3221,3221,3220,3220,3220,3220,3220,3221,3220,3221,3220,3220,3221,3221,3221,3221,3221,3221,3220,3221,3221,3220,3221,3220,3221,3221,3221,3221,3221,3222,3221,3221,3220,3221,3221,3221,3220,3220,3220,3221,3220,3221,3221,3221,3221,3221,3220,3221,3222,3221,3221,3220,3221,3221,3220,3221,3221,3221,3221,3221,3221,3221,3220,3221,3221,3222,3221,3221,3222,3220,3220,3221,3221,3220,3220,3221,3221,3220,3222,3222,3221,3221,3222,3221,3221,3222,3221,3221,3220,3221,3221,3221,3221,3222,3221,3221,3221,3221,3222,3222,3221,3220,3221,3221,3221,3221,3221,3221,3221,3221,3222,3221,3221,3221,3221,3221,3222,3222,3221,3221,3222,3222,3220,3221,3221,3220,3221,3221,3221,3222,3221,3221,3221,3221,3221,3221,3221,3222,3222,3222,3222,3221,3221,3222,3222,3221,3145,3187,3199,3203,3205,3207,3123,3102,3093,3172,3181,3186,3188,3191,3191,3111,3093,3081,3073,3065,3054,3049,3032,3141,3156,3164,3169,3172,3175,3177,
34030,3286,3285,3285,3286,3285,3286,3286,3286,3286,3286,3285,3285,3286,3287,3286,3286,3286,3286,3287,3286,3286,3287,3286,3287,3287,3287,3287,3287,3288,3287,3211,3201,3190,3187,3186,3187,3187,3182,3187,3180,3181,3178,3175,3176,3247,3258,3263,3268,3270,3272,3273,3274,3275,3276,3276,3276,3278,3277,3279,3278,3279,3278,3279,3279,3280,3280,3280,3281,3281,3281,3281,3283,3282,3282,3282,3282,3283,3282,3283,3283,3283,3283,3284,3284,3284,3284,3284,3284,3284,3284,3285,3285,3286,3285,3285,3285,3285,3286,3286,3286,3285,3285,3286,3285,3286,3286,3287,3287,3287,3228,3207,3191,3183,3177,3179,3173,3173,3167,3166,3168,3173,3168,3167,3166,3172,3171,3165,3161,3161,3158,3164,3157,3153,3161,3152,3155,3155,3150,3149,3152,3143,3138,3140,3142,3135,3133,3129,3135,3131,3124,3118,3124,3121,3113,3105,3108,3101,3101,3099,3098,3152,3180,3190,3195,3200,3202,3204,3206,3207,3208,3209,3210,3211,3212,3213,3212,3213,3213,3214,3214,3215,3215,3215,3215,3215,3216,3215,3217,3215,3216,3216,3217,3217,3217,3216,3217,3218,3217,3217,3217,3218,3217,3218,3217,3218,3217,3218,3218,3218,3218,3218,3218,3218,3218,3218,3218,3218,3218,3218,3218,3218,3218,3218,3219,3218,3218,3218,3219,3219,3218,3218,3218,3218,3219,3219,3219,3219,3219,3219,3218,3219,3219,3219,3220,3219,3219,3219,3219,3219,3219,3218,3219,3220,3219,3220,3219,3218,3219,3219,3219,3219,3219,3220,3219,3219,3220,3220,3219,3220,3219,3219,3219,3219,3220,3219,3220,3219,3219,3219,3220,3220,3219,3218,3220,3220,3219,3220,3219,3219,3220,3219,3220,3219,3219,3220,3219,3218,3220,3219,3220,3219,3220,3220,3220,3219,3220,3220,3220,3219,3220,3220,3219,3221,3220,3220,3219,3220,3219,3221,3220,3220,3220,3220,3220,3220,3220,3220,3220,3219,3220,3220,3219,3220,3220,3220,3220,3220,3220,3220,3220,3220,3221,3220,3220,3220,3220,3220,3221,3220,3220,3220,3220,3220,3220,3221,3220,3219,3220,3219,3220,3221,3221,3220,3221,3221,3221,3221,3220,3221,3221,3221,3220,3220,3220,3220,3220,3221,3220,3220,3220,3219,3220,3220,3220,3220,3221,3220,3220,3221,3220,3221,3220,3220,3220,3221,3220,3220,3220,3221,3221,3220,3220,3221,3220,3220,3220,3220,3220,3220,3220,3220,3220,3221,3220,3221,3221,3220,3220,3222,3221,3221,3221,3220,3220,3221,3221,3220,3221,3221,3221,3221,3221,3221,3221,3221,3220,3221,3220,3220,3221,3221,3221,3220,3220,3221,3221,3221,3221,3221,3221,3221,3221,3220,3221,3221,3221,3221,3221,3221,3221,3221,3221,3220,3221,3221,3221,3220,3221,3220,3221,3221,3221,3221,3221,3221,3221,3221,3220,3221,3220,3221,3221,3221,3222,3221,3221,3221,3221,3222,3221,3221,3222,3221,3222,3222,3222,3221,3221,3222,3221,3221,3221,3221,3221,3222,3222,3221,3222,3221,3221,3221,3221,3222,3222,3221,3144,3186,3198,3202,3205,3207,3121,3100,3093,3172,3180,3184,3188,3189,3192,3109,3091,3081,3072,3058,3050,3041,3026,3140,3154,3163,3168,3171,3174,3175,
34031,3286,3286,3287,3286,3287,3286,3287,3287,3287,3287,3287,3287,3287,3287,3287,3287,3287,3287,3287,3288,3287,3287,3288,3288,3288,3288,3287,3288,3288,3289,3215,3203,3192,3189,3188,3185,3188,3183,3190,3181,3181,3179,3176,3178,3249,3258,3265,3268,3271,3272,3273,3275,3276,3277,3277,3277,3278,3279,3279,3279,3279,3280,3280,3282,3280,3281,3282,3282,3282,3283,3282,3282,3283,3284,3283,3283,3285,3284,3284,3285,3284,3285,3285,3284,3285,3285,3286,3285,3286,3285,3285,3286,3286,3285,3286,3287,3286,3287,3287,3286,3286,3287,3287,3287,3287,3287,3287,3287,3287,3230,3209,3193,3183,3178,3180,3175,3173,3169,3168,3171,3175,3169,3168,3169,3171,3172,3167,3162,3163,3159,3163,3158,3154,3163,3153,3156,3159,3152,3150,3153,3144,3139,3141,3143,3138,3133,3130,3137,3133,3127,3119,3126,3123,3115,3108,3110,3103,3104,3101,3100,3154,3183,3191,3197,3201,3204,3205,3207,3208,3209,3210,3211,3211,3212,3213,3213,3214,3215,3215,3214,3215,3215,3216,3217,3217,3216,3216,3216,3217,3217,3217,3217,3217,3217,3217,3218,3217,3218,3218,3219,3217,3218,3218,3218,3218,3218,3218,3218,3218,3218,3218,3218,3218,3218,3219,3217,3219,3218,3219,3219,3218,3219,3219,3218,3219,3219,3219,3219,3219,3219,3219,3219,3219,3219,3219,3219,3220,3219,3219,3219,3219,3219,3220,3219,3219,3220,3220,3219,3219,3220,3220,3220,3220,3220,3219,3220,3220,3220,3220,3220,3219,3220,3220,3220,3219,3221,3219,3220,3220,3220,3220,3219,3220,3220,3220,3220,3220,3220,3219,3220,3220,3220,3219,3221,3220,3220,3220,3220,3220,3220,3220,3220,3220,3220,3220,3220,3220,3221,3220,3220,3221,3220,3219,3220,3221,3220,3220,3220,3221,3220,3220,3221,3221,3220,3221,3220,3220,3220,3221,3220,3220,3220,3221,3220,3221,3221,3221,3221,3221,3220,3220,3220,3220,3221,3220,3221,3221,3221,3221,3221,3220,3220,3221,3221,3221,3221,3221,3221,3221,3221,3221,3221,3222,3221,3221,3221,3221,3221,3221,3221,3221,3221,3222,3220,3221,3220,3221,3221,3221,3221,3221,3221,3220,3221,3222,3221,3221,3221,3221,3222,3221,3221,3221,3221,3221,3221,3220,3222,3221,3221,3222,3221,3221,3221,3220,3222,3221,3220,3222,3221,3221,3221,3221,3221,3221,3221,3221,3222,3221,3222,3221,3222,3221,3221,3222,3221,3222,3221,3221,3222,3222,3221,3221,3221,3221,3222,3222,3221,3221,3222,3221,3222,3221,3221,3221,3222,3222,3222,3221,3222,3221,3221,3221,3222,3222,3221,3222,3221,3222,3222,3222,3222,3222,3222,3222,3222,3221,3222,3222,3222,3222,3222,3221,3222,3222,3221,3222,3221,3222,3222,3221,3222,3222,3222,3222,3221,3222,3221,3221,3222,3221,3221,3222,3222,3222,3222,3222,3222,3221,3222,3221,3222,3222,3222,3222,3222,3222,3222,3222,3222,3221,3222,3222,3221,3222,3222,3222,3222,3221,3222,3222,3222,3222,3222,3222,3144,3186,3198,3203,3205,3207,3123,3104,3093,3172,3181,3186,3189,3191,3193,3109,3092,3080,3073,3060,3049,3043,3028,3140,3155,3164,3170,3172,3175,3177,
34032,3285,3285,3285,3285,3286,3286,3285,3285,3285,3285,3285,3286,3286,3285,3286,3286,3286,3286,3286,3286,3287,3287,3287,3286,3286,3287,3286,3286,3287,3286,3216,3201,3193,3186,3188,3182,3190,3184,3186,3181,3181,3178,3179,3175,3247,3258,3263,3266,3269,3271,3273,3273,3274,3275,3276,3276,3277,3277,3278,3278,3278,3279,3279,3280,3279,3280,3280,3281,3280,3281,3281,3281,3281,3281,3282,3283,3282,3282,3283,3283,3283,3283,3283,3283,3283,3284,3283,3284,3284,3284,3284,3284,3284,3284,3285,3285,3285,3284,3284,3284,3284,3285,3284,3285,3285,3286,3286,3285,3286,3222,3208,3194,3191,3179,3185,3174,3174,3175,3170,3170,3174,3168,3168,3167,3171,3171,3169,3162,3163,3158,3157,3157,3153,3152,3152,3154,3150,3151,3147,3151,3143,3148,3142,3145,3134,3129,3129,3132,3129,3124,3118,3123,3110,3113,3103,3107,3097,3098,3092,3092,3151,3178,3189,3195,3198,3201,3203,3204,3206,3207,3208,3209,3210,3209,3211,3212,3211,3211,3213,3213,3214,3214,3213,3214,3214,3215,3215,3215,3215,3215,3215,3215,3215,3216,3215,3215,3216,3215,3216,3216,3216,3216,3216,3217,3217,3216,3216,3216,3216,3215,3216,3217,3218,3217,3217,3216,3217,3216,3217,3217,3216,3217,3217,3216,3217,3217,3218,3217,3217,3216,3218,3217,3218,3217,3217,3217,3218,3218,3217,3217,3218,3217,3217,3218,3217,3218,3218,3218,3218,3218,3218,3217,3218,3218,3217,3218,3218,3218,3217,3218,3218,3218,3218,3218,3218,3218,3218,3218,3218,3218,3218,3218,3217,3218,3218,3218,3218,3218,3218,3219,3218,3218,3218,3218,3220,3218,3219,3218,3218,3218,3218,3218,3218,3218,3218,3218,3219,3218,3218,3218,3218,3218,3218,3219,3218,3218,3218,3219,3218,3218,3218,3219,3219,3219,3219,3218,3219,3218,3219,3218,3219,3219,3219,3218,3219,3218,3218,3219,3218,3219,3219,3219,3219,3218,3219,3219,3219,3218,3218,3218,3218,3218,3218,3218,3219,3219,3218,3218,3219,3219,3219,3220,3219,3219,3219,3219,3219,3219,3219,3219,3219,3219,3219,3219,3219,3219,3219,3219,3218,3219,3219,3219,3218,3218,3219,3219,3218,3219,3219,3219,3219,3220,3219,3219,3219,3219,3219,3219,3219,3220,3219,3219,3219,3218,3219,3219,3219,3219,3218,3219,3219,3219,3219,3219,3218,3219,3219,3218,3219,3219,3219,3219,3219,3219,3219,3219,3219,3219,3219,3219,3220,3220,3219,3219,3219,3219,3220,3220,3219,3220,3219,3219,3219,3220,3220,3219,3220,3220,3220,3219,3219,3220,3219,3220,3218,3219,3219,3220,3220,3219,3219,3219,3220,3220,3220,3219,3219,3219,3219,3219,3219,3220,3219,3219,3219,3219,3219,3220,3220,3219,3220,3219,3219,3219,3219,3219,3219,3219,3219,3219,3220,3219,3220,3219,3219,3219,3219,3219,3219,3219,3219,3219,3219,3219,3219,3219,3219,3220,3220,3219,3220,3220,3219,3220,3220,3220,3220,3219,3220,3219,3219,3219,3220,3219,3219,3143,3185,3197,3201,3204,3205,3116,3101,3088,3171,3180,3184,3186,3189,3190,3107,3084,3076,3064,3053,3039,3031,3014,3135,3151,3160,3165,3169,3172,3174,
34033,3285,3284,3284,3285,3285,3285,3284,3286,3286,3285,3285,3286,3285,3285,3285,3286,3285,3286,3286,3286,3287,3286,3285,3286,3287,3287,3286,3287,3287,3287,3216,3202,3194,3185,3188,3183,3190,3185,3187,3181,3180,3180,3178,3174,3248,3258,3263,3266,3269,3271,3272,3274,3274,3275,3276,3276,3277,3277,3278,3277,3277,3278,3279,3279,3280,3279,3280,3281,3280,3280,3281,3281,3281,3282,3282,3282,3283,3282,3283,3283,3283,3283,3283,3283,3283,3284,3284,3283,3284,3283,3284,3285,3284,3285,3284,3285,3284,3284,3285,3285,3284,3285,3285,3285,3285,3285,3285,3286,3285,3223,3206,3194,3192,3178,3187,3177,3174,3175,3170,3171,3175,3169,3169,3168,3171,3171,3170,3163,3163,3158,3157,3158,3154,3154,3153,3156,3151,3152,3149,3150,3143,3149,3143,3145,3135,3130,3129,3133,3130,3123,3120,3124,3110,3116,3104,3108,3098,3099,3092,3092,3151,3179,3189,3194,3197,3200,3203,3204,3206,3208,3208,3208,3210,3211,3211,3211,3211,3212,3213,3213,3213,3214,3214,3214,3214,3214,3215,3215,3215,3215,3215,3215,3215,3216,3214,3215,3215,3216,3215,3216,3216,3216,3216,3216,3217,3216,3216,3216,3216,3217,3217,3216,3217,3215,3217,3217,3217,3216,3217,3218,3217,3217,3217,3217,3218,3217,3217,3217,3217,3218,3218,3217,3218,3218,3218,3217,3218,3218,3218,3218,3218,3217,3217,3218,3217,3218,3218,3218,3217,3218,3218,3218,3218,3217,3218,3218,3219,3218,3218,3218,3218,3218,3218,3218,3217,3219,3217,3218,3218,3218,3218,3218,3218,3218,3218,3219,3218,3218,3219,3218,3218,3218,3218,3218,3218,3218,3218,3218,3218,3218,3218,3218,3218,3218,3219,3218,3218,3218,3219,3218,3218,3219,3219,3218,3218,3218,3219,3218,3218,3218,3219,3218,3218,3218,3219,3218,3218,3219,3219,3218,3219,3218,3218,3219,3219,3219,3218,3219,3218,3219,3218,3219,3218,3219,3219,3219,3219,3219,3219,3219,3219,3219,3218,3218,3219,3219,3219,3219,3219,3219,3218,3220,3219,3219,3219,3218,3219,3219,3218,3218,3220,3219,3219,3219,3219,3218,3219,3219,3219,3219,3218,3219,3219,3219,3218,3219,3219,3218,3219,3219,3219,3219,3218,3218,3219,3219,3219,3219,3220,3220,3219,3218,3219,3219,3219,3218,3220,3219,3218,3219,3219,3220,3219,3219,3219,3219,3219,3219,3219,3219,3219,3219,3220,3220,3219,3219,3220,3220,3220,3219,3219,3219,3219,3219,3219,3219,3218,3219,3219,3220,3219,3219,3219,3219,3219,3220,3219,3220,3219,3219,3219,3220,3219,3219,3219,3220,3220,3219,3220,3219,3219,3219,3219,3218,3220,3220,3219,3219,3219,3219,3220,3219,3219,3219,3219,3220,3219,3219,3220,3219,3219,3220,3219,3220,3219,3219,3220,3219,3219,3219,3219,3219,3219,3219,3220,3220,3219,3219,3219,3220,3220,3220,3220,3219,3219,3221,3221,3220,3219,3220,3220,3219,3220,3220,3220,3219,3219,3220,3220,3220,3221,3220,3219,3220,3219,3144,3185,3196,3201,3204,3205,3119,3101,3090,3170,3180,3184,3187,3189,3190,3107,3085,3078,3065,3054,3041,3034,3019,3136,3153,3161,3167,3171,3172,3174,
34100,5090,5098,5086,5093,5090,5095,5091,5087,5088,5077,5088,5086,5080,5171,5201,5213,5222,5227,5231,5234,5236,5239,5240,5241,5243,5243,5245,5245,5246,5246,5247,5248,5248,5249,5249,5250,5250,5251,5251,5251,5251,5252,5252,5252,5253,5253,5253,5253,5253,5254,5254,5254,5254,5254,5255,5254,5254,5255,5255,5255,5255,5255,5256,5256,5255,5256,5256,5256,5256,5257,5256,5256,5256,5257,5257,5257,5257,5257,5257,5257,5258,5258,5258,5257,5258,5258,5258,5258,5258,5258,5258,5258,5258,5258,5258,5258,5258,5258,5259,5258,5258,5259,5259,5259,5258,5259,5259,5259,5259,5259,5259,5259,5259,5259,5259,5259,5259,5259,5259,5260,5259,5259,5259,5260,5259,5259,5260,5259,5260,5260,5260,5260,5260,5260,5260,5259,5260,5260,5260,5260,5260,5260,5260,5260,5260,5260,5260,5260,5260,5260,5260,5261,5260,5260,5260,5260,5260,5260,5260,5261,5169,5124,5225,5236,5242,5245,5248,5249,5250,5251,5252,5252,5253,5253,5254,5254,5254,5254,5255,5254,5255,5255,5255,5256,5255,5256,5256,5256,5256,5256,5256,5256,5256,5256,5256,5256,5256,5256,5256,5256,5256,5256,5256,5257,5256,5257,5257,5257,5257,5257,5257,5256,5257,5257,5257,5257,5257,5256,5257,5257,5257,5191,5211,5138,5244,5246,5242,5242,5241,5241,5241,5241,5241,5242,5241,5241,5241,5241,5242,5241,5242,5242,5242,5240,5240,5239,5239,5238,5238,5238,5237,5238,5223,5220,5219,5218,5215,5215,5214,5213,5212,5211,5212,5212,5210,5211,5211,5209,5210,5209,5208,5208,5209,5208,5208,5207,5207,5207,5207,5206,5207,5205,5205,5205,5203,5204,5204,5204,5203,5202,5204,5203,5202,5203,5202,5202,5202,5202,5202,5201,5201,5201,5200,5198,5199,5199,5198,5198,5198,5197,5197,5197,5197,5196,5198,5196,5196,5198,5197,5196,5195,5196,5195,5195,5195,5195,5194,5194,5194,5192,5192,5191,5192,5191,5191,5191,5190,5190,5190,5189,5189,5189,5189,5189,5188,5188,5188,5188,5188,5187,5186,5188,5186,5185,5185,5184,5184,5183,5184,5183,5183,5182,5182,5182,5181,5181,5181,5180,5180,5181,5180,5179,5179,5179,5179,5178,5178,5178,5176,5175,5176,5175,5174,5174,5173,5173,5173,5173,5172,5171,5172,5172,5170,5171,5170,5171,5169,5169,5169,5167,5166,5167,5167,5165,5165,5166,5164,5164,5164,5164,5164,5162,5163,5163,5161,5162,5162,5160,5161,5161,5160,5160,5159,5159,5158,5157,5158,5156,5156,5156,5155,5154,5155,5154,5154,5154,5153,5154,5153,5152,5154,5152,5152,5152,5152,5151,5150,5149,5150,5149,5148,5149,5148,5147,5147,5145,5146,5146,5145,5145,5144,5144,5143,5142,5143,5142,5140,5141,5141,5139,5139,5139,5138,5137,5136,5136,5135,5135,5135,5132,5133,5133,5131,5131,5130,5130,5128,5127,5127,5126,5126,5125,5126,5125,5123,5123,5123,5040,5028,5018,5010,5001,5001,4997,4984,4982,4979,4968,4964,4965,4956,4914,5030,5068,5083,5090,5095,5099,5102,5104,5106,5107,5108,5110,5111,5112,5113,4957,4934,4913,5059,5077,5087,5093,5096,5100,5102,5104,5105,5107,5108,5109,5110,5111,5112,
34101,65075,65075,65074,65074,65074,65074,65073,65073,65073,65073,65073,65072,65072,0,0,0,0,0,0,0,0,0,0,0,0,0,0,0,0,0,0,0,0,0,0,0,0,0,0,0,0,0,0,0,0,0,0,0,0,0,0,0,0,0,0,0,0,0,0,0,0,0,0,0,0,0,0,0,0,0,0,0,0,0,0,0,0,0,0,0,0,0,0,0,0,0,0,0,0,0,0,0,0,0,0,0,0,0,0,0,0,0,0,0,0,0,0,0,0,0,0,0,0,0,0,0,0,0,0,0,0,0,0,0,0,0,0,0,0,0,0,0,0,0,0,0,0,0,0,0,0,0,0,0,0,0,0,0,0,0,0,0,0,0,0,0,0,0,0,0,65083,65078,65532,65533,65533,65533,65533,65533,65532,65533,65533,65533,65532,65533,65533,65533,65533,65533,65533,65533,65533,65533,65533,65533,65533,65533,65533,65533,65533,65533,65533,65533,65533,65533,65533,65533,65532,65533,65533,65533,65533,65533,65533,65533,65533,65533,65533,65533,65533,65533,65533,65533,65533,65533,65533,65533,65533,65533,65533,65533,65533,65247,65493,65134,0,0,65514,65514,65514,65514,65514,65514,65514,65514,65514,65514,65514,65515,65515,65514,65514,65515,65515,65508,65508,65508,65508,65508,65508,65508,65508,65508,65465,65466,65466,65467,65467,65467,65467,65467,65468,65467,65468,65468,65468,65468,65468,65468,65468,65468,65468,65468,65468,65468,65468,65468,65468,65468,65468,65468,65468,65468,65468,65468,65468,65468,65468,65468,65468,65468,65468,65468,65468,65468,65468,65468,65468,65468,65468,65468,65468,65468,65468,65468,65468,65468,65468,65468,65468,65468,65468,65468,65468,65468,65468,65468,65468,65468,65468,65468,65468,65468,65468,65468,65468,65468,65468,65468,65468,65468,65468,65468,65468,65468,65468,65468,65468,65468,65468,65468,65468,65468,65468,65468,65468,65468,65468,65468,65468,65468,65468,65468,65468,65468,65468,65468,65468,65468,65468,65468,65468,65468,65468,65468,65468,65468,65468,65468,65468,65468,65468,65468,65468,65468,65468,65468,65468,65468,65468,65468,65468,65468,65468,65468,65468,65468,65468,65468,65468,65468,65468,65468,65468,65468,65468,65468,65468,65468,65468,65468,65468,65468,65468,65468,65468,65468,65468,65468,65468,65468,65468,65468,65468,65468,65468,65468,65468,65468,65468,65468,65468,65468,65468,65468,65468,65468,65468,65468,65467,65468,65468,65468,65468,65468,65468,65468,65467,65468,65468,65468,65468,65468,65468,65468,65468,65468,65468,65468,65468,65468,65468,65468,65468,65468,65468,65468,65468,65468,65468,65468,65468,65468,65467,65468,65468,65468,65468,65468,65468,65468,65468,65468,65468,65467,65468,65468,65468,65468,65467,65467,65468,65468,65468,65468,65468,65468,65468,65468,65468,65468,65468,65468,65468,65468,65468,65468,65468,65194,65194,65193,65192,65192,65191,65191,65190,65190,65189,65189,65188,65188,65187,65075,0,0,0,0,0,0,0,0,0,0,0,0,0,0,0,65079,65075,65073,0,0,0,0,0,0,0,0,0,0,0,0,0,0,0,
34102,300,292,285,278,270,263,256,249,241,234,227,220,212,206,206,206,206,206,206,206,206,206,206,206,206,206,206,206,206,206,206,206,206,206,206,206,206,206,206,206,206,206,206,206,206,206,206,206,206,206,206,206,206,206,206,206,206,206,206,206,206,206,206,206,206,206,206,206,206,206,206,206,206,206,206,206,206,206,206,206,206,206,206,206,206,206,206,206,206,206,206,206,206,206,206,206,206,206,206,206,206,206,206,206,206,206,206,206,206,206,206,206,206,206,206,206,206,206,206,206,206,206,206,206,206,206,206,206,206,206,206,206,206,206,206,206,206,206,206,206,206,206,206,206,206,206,206,206,206,206,206,206,206,206,206,206,206,206,206,206,205,198,196,196,196,196,196,196,196,196,196,196,196,196,196,196,196,196,196,196,196,196,196,196,196,196,196,196,196,196,196,196,196,196,196,196,196,196,196,196,196,196,196,196,196,196,196,196,196,196,196,196,196,196,196,196,196,196,196,196,196,195,191,189,193,193,193,193,192,192,192,191,191,191,190,190,190,189,189,189,188,188,187,187,187,186,186,185,185,185,184,184,182,181,180,179,178,177,176,175,174,173,172,171,169,168,167,166,165,164,163,162,161,160,159,158,158,158,157,157,157,157,157,157,156,156,156,156,156,156,155,155,155,155,155,155,154,154,154,154,154,154,154,153,153,153,153,153,153,152,152,152,152,152,152,151,151,151,151,151,151,151,150,150,150,150,150,150,149,149,149,149,149,149,149,148,148,148,148,148,148,148,147,147,147,147,147,147,147,146,146,146,146,146,146,145,145,145,145,145,145,145,144,144,144,144,144,144,144,144,143,143,143,143,143,143,143,142,142,142,142,142,142,142,141,141,141,141,141,141,141,141,140,140,140,140,140,140,140,139,139,139,139,139,139,139,139,138,138,138,138,138,138,138,137,137,137,137,137,137,137,137,136,136,136,136,136,136,136,136,135,135,135,135,135,135,135,135,134,134,134,134,134,134,134,134,134,133,133,133,133,133,133,133,133,132,132,132,132,132,132,132,132,131,131,131,131,131,131,131,131,131,130,130,130,130,130,130,130,130,130,129,129,129,129,129,129,129,129,129,128,128,128,128,128,128,128,127,127,126,126,125,125,124,124,123,122,121,119,117,115,111,107,107,107,107,107,107,107,107,107,107,107,107,107,107,107,105,102,99,99,99,99,99,99,99,99,99,99,99,99,99,99,99,99,
34103,6,6,6,6,6,6,6,6,6,6,6,6,6,6,6,6,6,6,6,6,6,6,6,6,6,6,6,6,6,6,6,6,6,6,6,6,6,6,6,6,6,6,6,6,6,6,6,6,6,6,6,6,6,6,6,6,6,6,6,6,6,6,6,6,6,6,6,6,6,6,6,6,6,6,6,6,6,6,6,6,6,6,6,6,6,6,6,6,6,6,6,6,6,6,6,6,6,6,6,6,6,6,6,6,6,6,6,6,6,6,6,6,6,6,6,6,6,6,6,6,6,6,6,6,6,6,6,6,6,6,6,6,6,6,6,6,6,6,6,6,6,6,6,6,6,6,6,6,6,6,6,6,6,6,6,6,6,6,6,6,6,6,6,6,6,6,6,6,6,6,6,6,6,6,6,6,6,6,6,6,6,6,6,6,6,6,6,6,6,6,6,6,6,6,6,6,6,6,6,6,6,6,6,6,6,6,6,6,6,6,6,6,6,6,6,6,6,6,6,6,6,6,6,6,6,6,6,6,6,6,6,6,6,6,6,6,6,6,6,6,6,6,6,6,6,6,6,6,6,6,6,6,6,6,6,6,6,6,6,6,6,6,6,6,6,6,6,6,6,6,6,6,6,6,6,6,6,6,6,6,6,6,6,6,6,6,6,6,6,6,6,6,6,6,6,6,6,6,6,6,6,6,6,6,6,6,6,6,6,6,6,6,6,6,6,6,6,6,6,6,6,6,6,6,6,6,6,6,6,6,6,6,6,6,6,6,6,6,6,6,6,6,6,6,6,6,6,6,6,6,6,6,6,6,6,6,6,6,6,6,6,6,6,6,6,6,6,6,6,6,6,6,6,6,6,6,6,6,6,6,6,6,6,6,6,6,6,6,6,6,6,6,6,6,6,6,6,6,6,6,6,6,6,6,6,6,6,6,6,6,6,6,6,6,6,6,6,6,6,6,6,6,6,6,6,6,6,6,6,6,6,6,6,6,6,6,6,6,6,6,6,6,6,6,6,6,6,6,6,6,6,6,6,6,6,6,6,6,6,6,6,6,6,6,6,6,6,6,6,6,6,6,6,6,6,6,6,6,6,6,6,6,6,6,6,6,6,6,6,6,6,6,6,6,6,6,6,6,6,6,6,6,6,6,6,6,6,6,6,6,6,6,6,6,6,6,6,6,6,6,6,6,6,6,6,6,6,6,6,6,6,6,6,6,6,6,6,6,6,6,6,6,6,6,6,
34104,3,3,3,3,3,3,3,3,3,3,3,3,3,0,0,0,0,0,0,0,0,0,0,0,0,0,0,0,0,0,0,0,0,0,0,0,0,0,0,0,0,0,0,0,0,0,0,0,0,0,0,0,0,0,0,0,0,0,0,0,0,0,0,0,0,0,0,0,0,0,0,0,0,0,0,0,0,0,0,0,0,0,0,0,0,0,0,0,0,0,0,0,0,0,0,0,0,0,0,0,0,0,0,0,0,0,0,0,0,0,0,0,0,0,0,0,0,0,0,0,0,0,0,0,0,0,0,0,0,0,0,0,0,0,0,0,0,0,0,0,0,0,0,0,0,0,0,0,0,0,0,0,0,0,0,0,0,0,0,0,3,3,3,3,3,3,3,3,3,3,3,3,3,3,3,3,3,3,3,3,3,3,3,3,3,3,3,3,3,3,3,3,3,3,3,3,3,3,3,3,3,3,3,3,3,3,3,3,3,3,3,3,3,3,3,3,3,3,3,3,3,3,3,3,3,3,3,3,3,3,3,3,3,3,3,3,3,3,3,3,3,3,3,3,3,3,3,3,3,3,3,3,3,3,3,3,3,3,3,3,3,3,3,3,3,3,3,3,3,3,3,3,3,3,3,3,3,3,3,3,3,3,3,3,3,3,3,3,3,3,3,3,3,3,3,3,3,3,3,3,3,3,3,3,3,3,3,3,3,3,3,3,3,3,3,3,3,3,3,3,3,3,3,3,3,3,3,3,3,3,3,3,3,3,3,3,3,3,3,3,3,3,3,3,3,3,3,3,3,3,3,3,3,3,3,3,3,3,3,3,3,3,3,3,3,3,3,3,3,3,3,3,3,3,3,3,3,3,3,3,3,3,3,3,3,3,3,3,3,3,3,3,3,3,3,3,3,3,3,3,3,3,3,3,3,3,3,3,3,3,3,3,3,3,3,3,3,3,3,3,3,3,3,3,3,3,3,3,3,3,3,3,3,3,3,3,3,3,3,3,3,3,3,3,3,3,3,3,3,3,3,3,3,3,3,3,3,3,3,3,3,3,3,3,3,3,3,3,3,3,3,3,3,3,3,3,3,3,3,3,3,3,3,3,3,3,3,3,3,3,3,3,3,3,3,3,3,3,3,3,3,3,3,3,3,3,3,3,3,3,3,3,0,0,0,0,0,0,0,0,0,0,0,0,0,0,0,3,3,3,0,0,0,0,0,0,0,0,0,0,0,0,0,0,0,
34105,3185,3190,3183,3189,3185,3188,3187,3183,3183,3178,3183,3183,3179,3234,3252,3260,3265,3268,3271,3273,3274,3276,3276,3277,3278,3279,3279,3280,3280,3280,3281,3281,3282,3282,3282,3283,3283,3283,3283,3283,3283,3284,3284,3284,3284,3285,3284,3284,3285,3286,3285,3285,3285,3285,3286,3285,3286,3285,3286,3286,3286,3286,3286,3287,3286,3286,3287,3287,3286,3287,3286,3286,3287,3286,3287,3287,3287,3287,3287,3287,3287,3287,3287,3287,3287,3287,3287,3288,3287,3287,3288,3288,3288,3287,3287,3287,3288,3287,3288,3287,3288,3288,3288,3288,3288,3288,3288,3288,3288,3289,3289,3289,3289,3288,3289,3288,3288,3289,3288,3289,3288,3289,3289,3289,3289,3288,3289,3289,3289,3289,3289,3289,3289,3289,3289,3288,3289,3289,3289,3289,3289,3289,3290,3289,3289,3288,3289,3290,3289,3289,3289,3289,3290,3289,3289,3289,3290,3289,3290,3289,3236,3206,3267,3274,3278,3280,3281,3282,3283,3283,3284,3284,3284,3284,3285,3285,3285,3286,3286,3285,3286,3286,3286,3286,3286,3286,3286,3286,3286,3286,3286,3286,3286,3286,3286,3287,3287,3287,3286,3286,3286,3287,3287,3287,3286,3287,3287,3287,3287,3287,3287,3286,3287,3287,3287,3287,3287,3287,3287,3287,3287,3248,3258,3214,3280,3280,3278,3278,3277,3276,3277,3276,3277,3277,3277,3277,3277,3277,3277,3277,3277,3278,3277,3276,3276,3276,3276,3275,3276,3276,3275,3276,3266,3264,3263,3263,3262,3261,3260,3260,3260,3258,3260,3259,3258,3258,3258,3258,3258,3257,3257,3256,3257,3258,3256,3256,3256,3256,3255,3255,3255,3254,3254,3255,3253,3254,3254,3254,3253,3253,3253,3253,3253,3253,3253,3253,3252,3253,3253,3252,3252,3252,3251,3250,3251,3251,3251,3250,3250,3251,3250,3249,3250,3249,3250,3249,3249,3251,3250,3249,3249,3249,3249,3249,3248,3248,3248,3248,3248,3247,3247,3246,3247,3246,3246,3246,3246,3246,3245,3246,3244,3245,3245,3244,3244,3244,3244,3244,3244,3243,3243,3244,3242,3242,3242,3242,3242,3240,3241,3241,3240,3241,3240,3240,3240,3240,3240,3239,3239,3239,3239,3238,3238,3239,3239,3238,3237,3237,3237,3236,3237,3236,3235,3235,3234,3235,3234,3235,3234,3234,3234,3233,3233,3234,3233,3233,3232,3232,3232,3231,3231,3231,3231,3230,3229,3230,3229,3229,3229,3229,3229,3228,3228,3228,3227,3228,3228,3226,3227,3227,3226,3226,3226,3226,3225,3224,3225,3224,3224,3224,3223,3223,3223,3223,3223,3222,3222,3222,3222,3222,3222,3222,3222,3222,3222,3222,3221,3219,3220,3220,3219,3220,3219,3218,3219,3217,3217,3218,3218,3217,3217,3217,3216,3215,3216,3215,3215,3215,3215,3214,3214,3214,3213,3213,3212,3212,3211,3211,3211,3209,3210,3210,3208,3208,3208,3208,3206,3206,3206,3205,3206,3205,3205,3205,3204,3204,3204,3153,3146,3139,3135,3130,3129,3127,3118,3116,3115,3109,3107,3106,3101,3075,3146,3169,3179,3183,3186,3189,3191,3191,3193,3194,3194,3195,3196,3197,3198,3101,3087,3076,3164,3175,3181,3185,3187,3189,3190,3192,3192,3193,3194,3195,3195,3196,3196,
34106,3174,3179,3176,3175,3179,3176,3179,3175,3176,3171,3175,3175,3169,3229,3250,3257,3263,3266,3268,3270,3272,3273,3274,3275,3276,3276,3277,3277,3278,3278,3279,3279,3280,3280,3280,3280,3280,3280,3281,3281,3281,3282,3282,3282,3282,3282,3283,3282,3282,3283,3283,3283,3283,3283,3283,3283,3283,3284,3283,3284,3284,3284,3284,3284,3284,3284,3284,3285,3285,3285,3285,3284,3284,3285,3284,3285,3285,3285,3285,3285,3285,3285,3285,3285,3286,3286,3285,3285,3286,3286,3286,3286,3286,3285,3286,3286,3286,3286,3286,3286,3286,3286,3286,3286,3286,3286,3287,3286,3286,3287,3287,3286,3286,3286,3286,3287,3287,3286,3287,3286,3287,3287,3286,3287,3286,3286,3287,3286,3286,3287,3286,3286,3287,3287,3286,3287,3287,3287,3287,3287,3287,3287,3287,3287,3287,3287,3287,3287,3287,3287,3287,3287,3287,3287,3287,3287,3287,3287,3287,3287,3225,3201,3265,3272,3276,3276,3280,3280,3281,3281,3281,3282,3282,3282,3283,3283,3283,3283,3284,3283,3284,3283,3284,3284,3284,3284,3284,3284,3284,3284,3284,3284,3284,3284,3285,3284,3285,3285,3285,3284,3284,3285,3285,3285,3285,3285,3285,3285,3285,3285,3285,3284,3285,3285,3285,3285,3285,3284,3284,3285,3285,3240,3256,3204,3276,3278,3276,3275,3275,3274,3274,3275,3275,3275,3275,3275,3275,3275,3275,3275,3275,3275,3275,3274,3274,3274,3273,3273,3273,3273,3273,3272,3263,3261,3260,3260,3258,3258,3258,3258,3256,3255,3256,3255,3255,3255,3254,3254,3255,3255,3254,3255,3253,3254,3254,3254,3253,3253,3253,3252,3253,3251,3251,3251,3250,3251,3250,3250,3251,3251,3251,3250,3250,3250,3251,3250,3249,3250,3250,3249,3248,3250,3248,3247,3249,3248,3247,3247,3246,3247,3247,3247,3246,3247,3247,3247,3247,3247,3247,3245,3246,3245,3246,3244,3245,3245,3244,3245,3244,3244,3243,3243,3243,3243,3243,3242,3243,3242,3242,3242,3241,3242,3240,3242,3242,3241,3240,3241,3240,3240,3239,3240,3239,3239,3239,3238,3238,3238,3239,3238,3239,3238,3237,3236,3237,3236,3236,3236,3236,3237,3236,3235,3234,3235,3235,3235,3234,3234,3233,3232,3234,3232,3231,3233,3231,3232,3232,3232,3231,3229,3230,3231,3230,3230,3229,3230,3229,3229,3229,3228,3227,3228,3229,3226,3226,3227,3226,3227,3226,3226,3225,3224,3225,3226,3225,3225,3223,3224,3223,3224,3223,3223,3223,3223,3222,3222,3223,3222,3221,3221,3221,3220,3220,3220,3220,3219,3219,3220,3218,3220,3220,3219,3219,3219,3218,3219,3217,3217,3217,3217,3216,3217,3216,3215,3215,3214,3215,3214,3215,3214,3213,3213,3213,3212,3213,3211,3211,3211,3211,3210,3210,3209,3209,3208,3208,3208,3207,3208,3208,3206,3206,3206,3205,3205,3204,3204,3204,3204,3203,3202,3202,3201,3202,3201,3200,3200,3199,3145,3135,3131,3127,3122,3119,3115,3110,3106,3104,3097,3094,3096,3092,3064,3139,3166,3175,3181,3183,3185,3188,3190,3190,3191,3192,3193,3193,3194,3195,3093,3081,3065,3160,3171,3178,3182,3184,3186,3187,3189,3190,3191,3191,3192,3193,3193,3194,
34107,0,0,0,0,0,0,0,0,0,0,0,0,0,0,0,0,0,0,0,0,0,0,0,0,0,0,0,0,0,0,0,0,0,0,0,0,0,0,0,0,0,0,0,0,0,0,0,0,0,0,0,0,0,0,0,0,0,0,0,0,0,0,0,0,0,0,0,0,0,0,0,0,0,0,0,0,0,0,0,0,0,0,0,0,0,0,0,0,0,0,0,0,0,0,0,0,0,0,0,0,0,0,0,0,0,0,0,0,0,0,0,0,0,0,0,0,0,0,0,0,0,0,0,0,0,0,0,0,0,0,0,0,0,0,0,0,0,0,0,0,0,0,0,0,0,0,0,0,0,0,0,0,0,0,0,0,0,0,0,0,0,0,0,0,0,0,0,0,0,0,0,0,0,0,0,0,0,0,0,0,0,0,0,0,0,0,0,0,0,0,0,0,0,0,0,0,0,0,0,0,0,0,0,0,0,0,0,0,0,0,0,0,0,0,0,0,0,0,0,0,0,0,0,0,0,0,0,0,0,0,0,0,0,0,0,0,0,0,0,0,0,0,0,0,0,0,0,0,0,0,0,0,0,0,0,0,0,0,0,0,0,0,0,0,0,0,0,0,0,0,0,0,0,0,0,0,0,0,0,0,0,0,0,0,0,0,0,0,0,0,0,0,0,0,0,0,0,0,0,0,0,0,0,0,0,0,0,0,0,0,0,0,0,0,0,0,0,0,0,0,0,0,0,0,0,0,0,0,0,0,0,0,0,0,0,0,0,0,0,0,0,0,0,0,0,0,0,0,0,0,0,0,0,0,0,0,0,0,0,0,0,0,0,0,0,0,0,0,0,0,0,0,0,0,0,0,0,0,0,0,0,0,0,0,0,0,0,0,0,0,0,0,0,0,0,0,0,0,0,0,0,0,0,0,0,0,0,0,0,0,0,0,0,0,0,0,0,0,0,0,0,0,0,0,0,0,0,0,0,0,0,0,0,0,0,0,0,0,0,0,0,0,0,0,0,0,0,0,0,0,0,0,0,0,0,0,0,0,0,0,0,0,0,0,0,0,0,0,0,0,0,0,0,0,0,0,0,0,0,0,0,0,0,0,0,0,0,0,0,0,0,0,0,0,0,0,0,0,0,0,0,0,0,0,0,0,0,0,0,0,0,0,0,0,0,0,0,0,0,0,0,0,0,0,0,0,0,0,0,0,0,0,0,0,0,0,0,0,0,0,0,0,0,0,0,
34108,0,0,0,0,0,0,0,0,0,0,0,0,0,0,0,0,0,0,0,0,0,0,0,0,0,0,0,0,0,0,0,0,0,0,0,0,0,0,0,0,0,0,0,0,0,0,0,0,0,0,0,0,0,0,0,0,0,0,0,0,0,0,0,0,0,0,0,0,0,0,0,0,0,0,0,0,0,0,0,0,0,0,0,0,0,0,0,0,0,0,0,0,0,0,0,0,0,0,0,0,0,0,0,0,0,0,0,0,0,0,0,0,0,0,0,0,0,0,0,0,0,0,0,0,0,0,0,0,0,0,0,0,0,0,0,0,0,0,0,0,0,0,0,0,0,0,0,0,0,0,0,0,0,0,0,0,0,0,0,0,0,0,0,0,0,0,0,0,0,0,0,0,0,0,0,0,0,0,0,0,0,0,0,0,0,0,0,0,0,0,0,0,0,0,0,0,0,0,0,0,0,0,0,0,0,0,0,0,0,0,0,0,0,0,0,0,0,0,0,0,0,0,0,0,0,0,0,0,0,0,0,0,0,0,0,0,0,0,0,0,0,0,0,0,0,0,0,0,0,0,0,0,0,0,0,0,0,0,0,0,0,0,0,0,0,0,0,0,0,0,0,0,0,0,0,0,0,0,0,0,0,0,0,0,0,0,0,0,0,0,0,0,0,0,0,0,0,0,0,0,0,0,0,0,0,0,0,0,0,0,0,0,0,0,0,0,0,0,0,0,0,0,0,0,0,0,0,0,0,0,0,0,0,0,0,0,0,0,0,0,0,0,0,0,0,0,0,0,0,0,0,0,0,0,0,0,0,0,0,0,0,0,0,0,0,0,0,0,0,0,0,0,0,0,0,0,0,0,0,0,0,0,0,0,0,0,0,0,0,0,0,0,0,0,0,0,0,0,0,0,0,0,0,0,0,0,0,0,0,0,0,0,0,0,0,0,0,0,0,0,0,0,0,0,0,0,0,0,0,0,0,0,0,0,0,0,0,0,0,0,0,0,0,0,0,0,0,0,0,0,0,0,0,0,0,0,0,0,0,0,0,0,0,0,0,0,0,0,0,0,0,0,0,0,0,0,0,0,0,0,0,0,0,0,0,0,0,0,0,0,0,0,0,0,0,0,0,0,0,0,0,0,0,0,0,0,0,0,0,0,0,0,0,0,0,0,0,0,0,0,0,0,0,0,0,0,0,0,0,0,0,0,0,0,0,0,0,0,0,0,0,0,0,0,0,
34109,0,0,0,0,0,0,0,0,0,0,0,0,0,0,0,0,0,0,0,0,0,0,0,0,0,0,0,0,0,0,0,0,0,0,0,0,0,0,0,0,0,0,0,0,0,0,0,0,0,0,0,0,0,0,0,0,0,0,0,0,0,0,0,0,0,0,0,0,0,0,0,0,0,0,0,0,0,0,0,0,0,0,0,0,0,0,0,0,0,0,0,0,0,0,0,0,0,0,0,0,0,0,0,0,0,0,0,0,0,0,0,0,0,0,0,0,0,0,0,0,0,0,0,0,0,0,0,0,0,0,0,0,0,0,0,0,0,0,0,0,0,0,0,0,0,0,0,0,0,0,0,0,0,0,0,0,0,0,0,0,0,0,0,0,0,0,0,0,0,0,0,0,0,0,0,0,0,0,0,0,0,0,0,0,0,0,0,0,0,0,0,0,0,0,0,0,0,0,0,0,0,0,0,0,0,0,0,0,0,0,0,0,0,0,0,0,0,0,0,0,0,0,0,0,0,0,0,0,0,0,0,0,0,0,0,0,0,0,0,0,0,0,0,0,0,0,0,0,0,0,0,0,0,0,0,0,0,0,0,0,0,0,0,0,0,0,0,0,0,0,0,0,0,0,0,0,0,0,0,0,0,0,0,0,0,0,0,0,0,0,0,0,0,0,0,0,0,0,0,0,0,0,0,0,0,0,0,0,0,0,0,0,0,0,0,0,0,0,0,0,0,0,0,0,0,0,0,0,0,0,0,0,0,0,0,0,0,0,0,0,0,0,0,0,0,0,0,0,0,0,0,0,0,0,0,0,0,0,0,0,0,0,0,0,0,0,0,0,0,0,0,0,0,0,0,0,0,0,0,0,0,0,0,0,0,0,0,0,0,0,0,0,0,0,0,0,0,0,0,0,0,0,0,0,0,0,0,0,0,0,0,0,0,0,0,0,0,0,0,0,0,0,0,0,0,0,0,0,0,0,0,0,0,0,0,0,0,0,0,0,0,0,0,0,0,0,0,0,0,0,0,0,0,0,0,0,0,0,0,0,0,0,0,0,0,0,0,0,0,0,0,0,0,0,0,0,0,0,0,0,0,0,0,0,0,0,0,0,0,0,0,0,0,0,0,0,0,0,0,0,0,0,0,0,0,0,0,0,2,2,2,2,0,0,0,0,0,0,0,0,0,0,0,0,0,0,0,2,2,2,0,0,0,0,0,0,0,0,0,0,0,0,0,0,0,
34110,116,116,116,116,116,116,116,116,116,116,116,116,116,116,116,116,116,116,116,116,116,116,116,116,116,116,116,116,116,116,116,116,116,116,116,116,116,116,116,116,116,116,116,116,116,116,116,116,116,116,116,116,116,116,116,116,116,116,116,116,116,116,116,116,116,116,116,116,116,116,116,116,116,116,116,116,116,116,116,116,116,116,116,116,116,116,116,116,116,116,116,116,116,116,116,116,116,116,116,116,116,116,116,116,116,116,116,116,116,116,116,116,116,116,116,116,116,116,116,116,116,116,116,116,116,116,116,116,116,116,116,116,116,116,116,116,116,116,116,116,116,116,116,116,116,116,116,116,116,116,116,116,116,116,116,116,116,116,116,116,116,116,116,116,116,116,116,116,116,116,116,116,116,116,116,116,116,116,116,116,116,116,116,116,116,116,116,116,116,116,116,116,116,116,116,116,116,116,116,116,116,116,116,116,116,116,116,116,116,116,116,116,116,116,116,116,116,116,116,116,116,116,116,116,116,116,116,116,116,116,116,116,116,116,116,116,116,116,116,116,116,116,116,116,116,116,116,116,116,116,116,116,116,116,116,116,116,116,116,116,116,116,116,116,116,116,116,116,116,116,116,116,116,116,116,116,116,116,116,116,116,116,116,116,116,116,116,116,116,116,116,116,116,116,116,116,116,116,116,116,116,116,116,116,116,116,116,116,116,116,116,116,116,116,116,116,116,116,116,116,116,116,116,116,116,116,116,116,116,116,116,116,116,116,116,116,116,116,116,116,116,116,116,116,116,116,116,116,116,116,116,116,116,116,116,116,116,116,116,116,116,116,116,116,116,116,116,116,116,116,116,116,116,116,116,116,116,116,116,116,116,116,116,116,116,116,116,116,116,116,116,116,116,116,116,116,116,116,116,116,116,116,116,116,116,116,116,116,116,116,116,116,116,116,116,116,116,116,116,116,116,116,116,116,116,116,116,116,116,116,116,116,116,116,116,116,116,116,116,116,116,116,116,116,116,116,116,116,116,116,116,116,116,116,116,116,116,116,116,116,116,116,116,116,116,116,116,116,116,116,116,116,116,116,116,116,116,116,116,116,116,116,116,116,116,116,116,116,116,116,116,116,116,116,116,116,116,116,116,116,116,116,116,116,116,116,116,116,116,116,116,116,116,116,116,116,116,116,116,116,116,116,116,116,116,116,116,116,116,116,116,116,116,116,116,116,116,116,116,116,116,116,116,116,116,
34111,334,335,335,336,337,338,337,340,341,341,344,344,347,346,347,348,351,351,352,353,353,355,355,355,354,356,355,357,357,357,357,358,357,357,357,356,355,356,354,355,354,352,352,352,352,350,351,350,349,351,349,350,349,347,350,348,349,351,349,350,351,350,351,351,351,353,352,352,354,352,355,354,354,356,355,354,356,355,356,357,356,357,357,358,358,359,357,360,359,358,359,360,360,361,360,362,362,360,362,362,361,361,362,363,363,363,363,363,363,364,364,364,364,364,363,363,363,362,362,360,362,360,359,358,359,358,358,356,354,355,356,355,353,353,351,353,352,350,349,349,348,349,348,348,346,346,345,344,343,345,343,343,342,342,341,342,341,342,340,340,340,340,340,341,340,340,341,340,340,341,341,339,338,341,340,338,339,339,340,338,340,339,338,338,337,338,338,338,338,338,337,337,337,338,336,337,337,335,337,337,336,335,336,337,335,337,335,336,334,335,336,335,336,336,336,335,335,335,335,334,335,335,336,334,335,336,335,337,337,334,335,337,335,335,336,334,335,335,335,336,335,336,336,336,335,335,334,337,335,336,336,336,334,335,334,335,333,336,334,336,334,334,335,334,335,334,334,335,334,332,333,333,334,333,333,333,333,332,333,333,334,335,333,332,331,334,334,334,333,334,331,332,333,332,333,332,331,333,332,333,332,330,333,332,331,331,332,330,331,332,330,331,331,331,332,330,332,331,330,331,330,330,331,331,329,329,330,330,329,329,330,330,329,330,331,328,330,330,329,330,328,330,330,328,328,330,328,329,327,328,327,329,329,328,329,327,328,328,328,327,328,327,328,328,329,328,326,328,327,326,329,328,326,328,329,328,327,327,329,326,327,327,326,328,327,327,326,326,327,326,327,327,326,327,328,326,326,325,326,326,327,326,326,326,325,326,326,326,327,326,326,326,325,327,325,326,327,327,325,324,325,326,325,326,326,326,326,327,327,325,326,325,325,326,324,325,325,327,324,325,326,325,326,326,324,325,325,324,326,324,326,326,324,324,325,324,326,325,326,325,324,326,324,326,325,324,324,324,325,324,326,325,326,324,325,325,325,324,325,324,325,325,324,325,325,324,324,327,325,325,324,325,326,325,326,325,324,325,324,324,325,324,326,327,327,328,328,329,330,329,331,330,334,335,333,335,336,338,337,337,338,340,340,341,341,342,343,342,344,344,345,345,345,346,346,347,349,349,348,348,349,348,347,346,347,
34112,368,374,380,386,391,397,402,408,412,417,422,426,431,452,423,411,403,399,395,392,389,386,384,382,380,378,376,375,373,372,370,368,367,365,364,360,359,357,355,353,351,349,347,345,343,341,340,339,338,336,335,335,335,335,334,334,333,333,333,332,333,332,333,332,332,332,332,332,333,333,333,333,333,333,333,333,334,334,334,335,335,335,335,336,336,336,336,336,336,337,337,338,337,338,338,338,339,339,340,340,339,339,340,340,340,341,340,342,341,342,342,342,341,341,341,339,338,337,336,336,335,334,332,332,330,329,328,327,326,325,324,323,321,321,319,318,317,316,315,314,313,313,312,311,310,309,308,307,307,306,304,304,302,302,301,301,299,299,298,298,335,330,320,314,310,308,307,306,305,304,303,303,302,301,300,300,300,298,298,297,296,295,296,295,295,294,293,293,292,292,291,291,290,290,289,289,289,288,288,289,287,287,287,287,286,286,285,285,285,285,284,284,284,283,283,283,283,283,282,282,282,284,290,294,291,291,290,289,289,289,289,288,288,288,287,287,287,287,287,285,286,286,285,285,285,285,284,285,284,284,283,284,284,284,283,284,283,283,283,283,284,283,283,283,283,283,283,283,283,282,282,282,282,282,282,282,283,282,281,282,282,282,281,281,282,282,282,282,281,281,281,281,281,281,280,281,280,281,280,280,280,280,280,281,280,280,280,280,279,281,279,279,280,279,280,279,279,279,279,279,279,279,278,278,278,280,279,279,278,278,278,278,278,278,278,278,279,278,278,278,278,278,278,278,278,277,277,277,277,277,277,277,277,276,276,277,277,277,277,277,277,277,277,276,277,277,276,276,276,276,276,276,275,276,276,276,276,276,276,276,276,276,276,276,276,275,275,275,276,275,276,275,276,275,275,275,275,275,275,275,275,275,275,275,275,275,275,274,274,275,274,274,275,275,275,275,275,274,274,274,274,274,274,274,274,274,274,274,274,274,274,274,273,273,274,274,274,274,274,274,274,274,274,273,274,273,273,274,274,273,273,274,274,273,273,274,273,273,273,273,273,273,273,274,273,274,273,273,273,274,273,273,273,273,273,273,273,273,273,274,273,273,273,273,273,273,273,273,273,273,273,273,273,273,273,273,273,282,289,295,301,305,309,312,317,320,324,328,330,334,337,345,370,347,339,335,332,330,329,329,328,328,327,326,325,324,324,360,366,374,368,356,351,348,346,343,343,340,338,337,335,334,333,332,331,
34113,247,247,247,247,248,248,249,249,249,250,250,250,251,252,252,252,252,252,252,252,252,252,252,252,252,252,252,252,252,252,252,252,252,252,252,252,252,252,252,252,252,252,252,252,252,252,252,252,252,252,252,252,252,252,252,252,252,252,252,252,252,252,252,252,252,252,252,252,252,252,252,252,252,252,252,252,252,252,252,252,252,252,252,252,252,252,252,252,252,252,253,253,253,253,253,253,253,253,253,253,253,253,253,253,253,253,253,253,253,253,253,253,253,253,253,253,253,253,253,253,253,253,253,253,253,253,253,253,253,253,253,253,253,254,254,254,254,254,254,254,254,254,254,254,254,254,254,254,254,254,254,254,254,254,254,254,254,254,254,254,255,255,255,255,255,255,255,255,255,255,255,255,255,255,256,256,256,256,256,256,256,256,256,256,256,256,256,256,256,257,256,256,256,257,257,256,257,257,257,257,257,257,257,257,257,257,257,257,257,257,257,257,257,258,257,258,258,258,258,258,258,258,258,258,259,258,259,259,259,259,259,259,259,258,259,258,258,258,258,258,258,258,258,258,258,258,258,258,258,258,258,258,257,258,258,258,257,257,257,258,257,257,257,257,257,257,257,257,257,257,257,257,257,257,257,256,256,256,256,256,256,256,256,256,256,256,256,256,256,256,256,256,256,256,256,256,256,256,256,256,256,255,255,256,255,255,255,255,255,255,255,255,255,255,255,255,255,255,255,255,255,255,255,255,255,255,255,255,255,255,255,255,255,255,255,255,255,255,255,255,255,255,255,255,255,255,255,255,255,255,255,255,255,255,255,255,255,255,255,255,255,255,255,255,255,255,255,255,255,255,255,256,255,256,256,255,256,256,256,256,256,256,256,256,256,256,256,256,256,256,256,256,256,256,256,256,256,256,256,256,256,256,257,256,257,257,257,257,257,257,257,257,257,257,257,257,257,258,257,257,257,258,258,258,258,258,258,258,258,258,258,258,258,258,258,258,259,259,259,259,259,259,259,259,259,259,259,259,259,259,259,259,259,260,259,260,260,260,260,260,260,260,260,260,260,260,260,260,260,260,260,261,261,261,261,261,261,261,261,261,261,261,261,262,261,261,262,262,262,262,262,262,262,262,262,262,262,262,263,263,264,265,265,266,267,268,268,269,270,271,271,272,274,274,274,274,274,274,274,274,274,274,274,274,274,274,274,274,276,277,277,277,277,278,277,277,277,277,277,278,277,278,277,277,278,
34114,252,253,253,253,254,254,255,255,256,256,257,257,258,259,259,259,259,259,259,259,259,259,259,259,259,259,259,259,259,259,259,259,259,259,259,259,259,259,259,259,259,259,259,259,259,259,259,259,259,259,259,259,259,259,259,259,259,259,259,259,259,259,259,259,259,259,259,259,259,259,259,259,259,259,259,259,259,259,259,259,259,259,259,259,259,259,259,259,259,259,259,259,259,259,259,259,259,259,259,259,259,259,259,259,259,259,259,259,259,259,259,259,259,259,259,259,259,259,259,259,259,259,259,259,259,259,259,259,259,259,259,259,259,259,259,259,259,259,259,259,259,259,259,259,259,259,259,259,259,259,259,259,259,259,259,259,259,259,259,259,259,259,260,260,260,260,260,260,260,260,260,260,260,260,260,260,260,260,260,260,260,260,259,260,260,260,260,260,260,260,260,260,260,260,260,260,260,260,260,260,260,260,260,260,260,260,260,260,260,260,260,260,260,260,260,260,260,260,260,260,260,260,260,260,261,261,261,261,260,261,261,260,261,260,260,260,260,260,260,260,260,260,260,260,260,260,260,260,260,260,260,260,260,260,260,260,260,260,260,260,260,260,260,260,260,260,260,259,259,259,260,259,259,259,259,259,259,259,259,259,259,259,259,259,259,259,259,259,259,259,259,259,259,259,259,259,259,259,259,259,259,258,259,259,259,259,259,259,259,258,259,259,259,259,259,259,259,259,259,259,259,259,259,259,259,259,259,259,259,259,259,259,259,259,259,259,259,259,259,259,259,259,259,259,259,259,259,259,259,259,259,259,259,260,259,259,260,260,260,260,260,260,260,260,260,260,260,260,260,260,260,260,261,261,261,261,261,261,261,261,261,261,261,262,262,262,262,262,262,262,262,262,262,262,262,262,263,262,263,263,263,263,263,263,263,263,263,263,263,264,264,264,264,264,264,264,264,264,264,264,264,264,265,265,265,265,265,265,265,265,265,265,265,266,266,266,266,266,266,266,266,266,266,266,267,267,267,267,267,267,267,267,268,268,268,267,268,268,268,268,268,268,268,268,268,269,268,269,268,269,269,269,269,269,269,269,269,269,269,269,270,270,269,270,270,270,270,270,270,270,270,270,270,270,270,271,271,271,272,273,274,274,275,276,277,278,279,280,281,282,283,284,285,286,286,286,286,286,286,286,286,286,286,285,286,286,286,286,287,289,289,289,289,289,289,289,289,289,289,289,289,289,288,288,289,
34115,244,244,244,244,244,245,245,245,246,246,246,247,247,248,248,248,248,248,248,248,248,248,248,248,248,248,248,248,248,248,248,248,248,249,249,248,249,248,249,249,249,249,249,249,248,249,249,249,249,249,249,249,249,249,249,249,249,249,249,249,249,249,249,249,249,249,249,249,249,249,249,249,249,249,249,249,249,249,250,250,249,250,250,250,250,250,250,250,250,250,250,250,250,250,250,250,250,250,250,250,250,250,250,250,250,250,251,251,251,251,251,251,251,251,251,251,251,251,251,251,251,251,251,251,251,251,251,251,251,251,252,251,251,252,251,251,252,252,252,252,252,252,252,252,252,252,252,252,252,252,252,252,252,252,253,253,252,253,253,253,253,253,253,253,253,253,253,253,253,253,254,254,253,254,254,254,254,254,254,254,254,254,255,255,255,255,255,255,255,255,255,255,255,255,255,256,256,256,256,256,256,256,256,256,256,256,256,256,256,257,256,256,256,257,257,257,257,257,257,257,257,257,257,257,258,257,258,258,258,258,258,258,258,258,258,257,258,257,257,257,257,257,257,257,257,257,257,257,257,257,257,257,257,257,257,257,256,257,257,257,256,257,256,256,256,256,256,256,256,256,256,256,256,256,256,255,255,255,255,255,255,255,255,255,255,255,255,255,255,255,255,255,255,254,255,255,254,254,254,254,254,254,254,254,254,254,254,254,254,254,254,254,254,254,254,254,254,254,253,253,253,254,253,253,253,253,253,253,253,253,253,253,253,253,253,253,253,253,253,253,253,253,253,253,253,253,253,253,253,253,253,253,253,253,253,253,253,253,253,253,253,253,253,253,253,253,253,253,253,253,253,253,253,253,253,253,253,253,254,254,254,254,254,254,254,254,254,254,254,254,254,254,254,254,254,254,254,254,254,254,254,254,254,254,254,254,254,255,254,254,255,255,255,255,255,255,255,255,255,255,255,255,255,255,255,255,255,255,255,255,255,255,255,255,256,256,256,256,256,256,256,256,256,256,256,256,256,256,256,256,256,256,256,256,256,256,256,256,256,256,257,256,257,257,257,257,257,257,257,257,257,257,257,257,257,257,257,257,257,257,257,257,257,258,257,257,258,258,257,258,258,258,258,258,258,258,258,258,258,259,259,260,260,260,261,262,262,263,263,264,264,265,266,266,266,266,266,266,267,267,267,267,267,267,267,267,267,267,268,268,269,269,269,269,269,269,269,270,270,269,269,269,270,270,270,
34116,256,257,257,258,259,259,260,260,261,262,262,263,264,265,264,263,263,263,262,262,262,262,262,262,262,262,262,262,262,262,262,262,262,262,262,262,261,262,262,262,261,261,261,261,261,261,261,261,261,261,261,261,261,261,261,261,261,261,261,261,261,261,261,261,261,261,261,261,261,261,261,261,261,261,261,261,261,261,261,261,261,261,261,261,261,261,261,261,261,261,261,261,261,261,261,262,261,261,261,262,262,262,262,262,262,262,262,262,262,262,262,262,262,262,262,262,262,262,261,261,261,262,261,261,261,261,261,261,261,261,261,261,261,261,261,261,261,261,261,261,261,261,261,261,261,260,260,260,260,260,260,260,260,260,260,260,260,260,260,260,260,261,262,261,261,261,261,261,261,261,261,260,260,260,260,260,260,260,260,260,260,260,260,260,260,260,260,260,260,260,260,260,260,260,260,260,260,260,260,259,260,260,260,259,260,260,259,260,259,260,260,260,259,260,259,260,260,260,259,260,259,259,260,260,261,260,261,260,260,260,260,260,260,260,260,260,260,260,260,260,260,260,260,260,260,260,260,260,260,260,260,260,259,260,260,260,259,259,260,260,259,259,259,259,259,259,259,259,259,259,259,259,259,259,259,259,259,259,259,259,259,259,259,259,259,259,259,259,259,259,259,259,259,259,259,259,259,259,259,259,259,259,259,259,258,259,259,258,258,258,258,258,258,259,258,258,258,258,258,258,258,259,258,258,258,258,259,259,259,258,259,259,259,259,259,259,259,259,259,259,259,259,259,259,259,259,259,259,259,259,259,259,259,259,260,259,259,260,260,260,260,259,260,260,260,260,260,260,260,260,260,260,260,260,261,261,261,261,261,261,261,261,261,261,262,261,262,261,262,262,262,262,262,262,262,262,262,262,262,263,262,263,263,263,263,263,263,263,263,263,263,263,263,263,264,264,264,264,264,264,264,264,264,264,265,265,265,265,265,265,265,265,265,265,266,266,266,266,266,266,266,266,266,266,267,266,267,267,267,267,267,267,267,267,267,268,268,268,268,268,268,268,268,268,268,268,268,269,269,269,269,269,269,269,269,269,269,270,270,270,270,270,270,270,270,270,270,270,270,270,271,271,271,271,271,271,271,272,272,273,274,275,276,277,278,279,280,281,282,283,284,285,287,287,287,287,287,287,287,288,288,288,288,287,288,287,288,288,290,291,292,291,292,291,291,291,291,291,291,291,291,291,291,291,291,
34117,0,0,0,0,0,0,0,0,0,0,0,0,0,0,0,0,0,0,0,0,0,0,0,0,0,0,0,0,0,0,0,0,0,0,0,0,0,0,0,0,0,0,0,0,0,0,0,0,0,0,0,0,0,0,0,0,0,0,0,0,0,0,0,0,0,0,0,0,0,0,0,0,0,0,0,0,0,0,0,0,0,0,0,0,0,0,0,0,0,0,0,0,0,0,0,0,0,0,0,0,0,0,0,0,0,0,0,0,0,0,0,0,0,0,0,0,0,0,0,0,0,0,0,0,0,0,0,0,0,0,0,0,0,0,0,0,0,0,0,0,0,0,0,0,0,0,0,0,0,0,0,0,0,0,0,0,0,0,0,0,0,0,0,0,0,0,0,0,0,0,0,0,0,0,0,0,0,0,0,0,0,0,0,0,0,0,0,0,0,0,0,0,0,0,0,0,0,0,0,0,0,0,0,0,0,0,0,0,0,0,0,0,0,0,0,0,0,0,0,0,0,0,0,0,0,0,0,0,0,0,0,0,0,0,0,0,0,0,0,0,0,0,0,0,0,0,0,0,0,0,0,0,0,0,0,0,0,0,0,0,0,0,0,0,0,0,0,0,0,0,0,0,0,0,0,0,0,0,0,0,0,0,0,0,0,0,0,0,0,0,0,0,0,0,0,0,0,0,0,0,0,0,0,0,0,0,0,0,0,0,0,0,0,0,0,0,0,0,0,0,0,0,0,0,0,0,0,0,0,0,0,0,0,0,0,0,0,0,0,0,0,0,0,0,0,0,0,0,0,0,0,0,0,0,0,0,0,0,0,0,0,0,0,0,0,0,0,0,0,0,0,0,0,0,0,0,0,0,0,0,0,0,0,0,0,0,0,0,0,0,0,0,0,0,0,0,0,0,0,0,0,0,0,0,0,0,0,0,0,0,0,0,0,0,0,0,0,0,0,0,0,0,0,0,0,0,0,0,0,0,0,0,0,0,0,0,0,0,0,0,0,0,0,0,0,0,0,0,0,0,0,0,0,0,0,0,0,0,0,0,0,0,0,0,0,0,0,0,0,0,0,0,0,0,0,0,0,0,0,0,0,0,0,0,0,0,0,0,0,0,0,0,0,0,0,0,0,0,0,0,0,0,0,0,0,0,0,0,0,0,0,0,0,0,0,0,0,0,0,0,0,0,0,0,0,0,0,0,0,0,0,0,0,0,0,0,0,0,0,0,0,0,0,0,0,
34118,3178,3190,3179,3189,3180,3185,3182,3181,3177,3174,3183,3178,3179,3232,3251,3258,3263,3268,3270,3271,3273,3274,3276,3276,3276,3276,3278,3278,3279,3278,3280,3280,3280,3281,3282,3281,3281,3282,3282,3282,3283,3282,3283,3283,3283,3284,3283,3283,3283,3285,3283,3284,3284,3284,3284,3284,3284,3285,3284,3284,3284,3285,3285,3285,3284,3285,3285,3285,3285,3285,3286,3286,3285,3286,3286,3286,3286,3286,3286,3286,3286,3286,3286,3286,3286,3286,3286,3286,3286,3286,3287,3286,3286,3287,3286,3286,3287,3286,3287,3287,3287,3287,3287,3287,3287,3286,3287,3287,3287,3287,3287,3287,3287,3286,3287,3287,3287,3288,3287,3287,3287,3287,3287,3287,3287,3287,3287,3287,3287,3287,3287,3288,3287,3287,3287,3287,3288,3287,3288,3287,3288,3288,3288,3288,3288,3288,3288,3288,3288,3287,3288,3288,3287,3288,3288,3287,3288,3288,3288,3288,3236,3202,3266,3273,3276,3279,3280,3281,3281,3282,3282,3283,3284,3283,3284,3283,3283,3284,3284,3284,3285,3284,3285,3285,3285,3285,3285,3285,3285,3285,3284,3285,3285,3286,3286,3286,3285,3285,3285,3285,3286,3285,3285,3285,3285,3286,3285,3286,3286,3285,3286,3285,3286,3286,3286,3286,3286,3286,3286,3286,3286,3248,3258,3213,3277,3278,3276,3276,3277,3276,3276,3276,3276,3276,3276,3276,3276,3276,3276,3276,3276,3276,3276,3276,3275,3275,3274,3275,3274,3274,3273,3274,3264,3263,3263,3261,3260,3260,3258,3258,3259,3258,3258,3257,3257,3258,3257,3256,3257,3256,3255,3255,3257,3256,3255,3255,3256,3255,3255,3254,3254,3254,3253,3254,3252,3253,3253,3253,3252,3252,3252,3251,3251,3253,3252,3252,3252,3252,3251,3251,3251,3251,3250,3250,3250,3250,3249,3249,3249,3248,3250,3249,3249,3249,3250,3247,3247,3249,3249,3247,3247,3248,3248,3247,3248,3247,3245,3247,3247,3245,3245,3246,3245,3245,3244,3244,3244,3244,3243,3244,3242,3244,3243,3244,3243,3242,3242,3242,3243,3241,3242,3243,3241,3240,3241,3241,3240,3240,3240,3240,3239,3238,3239,3238,3238,3237,3238,3237,3236,3237,3237,3237,3236,3237,3236,3236,3236,3237,3235,3234,3235,3234,3233,3234,3234,3232,3234,3233,3233,3232,3233,3232,3231,3231,3230,3232,3230,3230,3231,3230,3229,3229,3229,3228,3227,3229,3226,3227,3227,3226,3226,3226,3226,3226,3225,3227,3226,3224,3226,3225,3224,3225,3224,3224,3224,3223,3223,3223,3221,3223,3222,3221,3220,3221,3221,3220,3221,3220,3220,3221,3221,3219,3220,3220,3218,3219,3218,3219,3218,3217,3216,3218,3216,3216,3217,3215,3216,3216,3215,3214,3213,3215,3214,3213,3213,3214,3212,3212,3213,3210,3212,3212,3209,3211,3209,3210,3209,3209,3209,3208,3207,3208,3207,3206,3206,3205,3204,3204,3204,3203,3203,3202,3203,3202,3202,3203,3201,3148,3142,3139,3131,3127,3129,3122,3113,3116,3112,3105,3103,3104,3096,3073,3142,3166,3176,3182,3183,3187,3189,3190,3191,3192,3193,3193,3194,3195,3195,3099,3082,3068,3161,3173,3179,3183,3185,3187,3189,3190,3191,3192,3193,3193,3194,3194,3194,
34119,3179,3186,3177,3184,3179,3181,3181,3182,3179,3173,3183,3175,3177,3232,3251,3259,3264,3267,3270,3272,3272,3275,3276,3277,3278,3277,3278,3278,3279,3279,3280,3280,3281,3281,3282,3281,3281,3283,3282,3283,3282,3283,3283,3283,3284,3283,3283,3284,3284,3284,3284,3284,3284,3284,3284,3284,3285,3284,3285,3285,3285,3285,3285,3285,3285,3285,3284,3285,3286,3286,3285,3285,3286,3286,3286,3286,3285,3285,3287,3286,3286,3286,3286,3286,3287,3286,3287,3287,3286,3287,3287,3287,3287,3287,3287,3287,3287,3287,3287,3287,3287,3287,3287,3287,3287,3287,3287,3287,3287,3287,3287,3288,3287,3288,3287,3287,3288,3287,3287,3288,3288,3287,3287,3287,3288,3287,3288,3288,3287,3288,3287,3288,3288,3287,3288,3288,3288,3288,3288,3288,3288,3288,3288,3288,3289,3288,3289,3287,3288,3288,3288,3288,3288,3287,3288,3288,3288,3289,3288,3289,3230,3201,3266,3273,3276,3278,3280,3281,3282,3282,3283,3282,3283,3283,3284,3284,3284,3285,3284,3285,3285,3285,3284,3285,3285,3285,3285,3286,3286,3285,3285,3286,3286,3286,3286,3285,3285,3285,3286,3286,3285,3286,3286,3286,3285,3286,3285,3286,3285,3286,3286,3286,3286,3286,3286,3286,3286,3285,3286,3287,3286,3244,3258,3211,3278,3279,3276,3276,3276,3276,3276,3276,3276,3276,3276,3276,3276,3276,3276,3276,3276,3276,3277,3276,3275,3275,3275,3275,3274,3274,3274,3275,3265,3263,3262,3262,3261,3260,3258,3259,3258,3258,3258,3258,3256,3258,3258,3256,3256,3256,3255,3256,3256,3255,3256,3255,3255,3255,3255,3254,3255,3254,3253,3254,3253,3253,3252,3253,3252,3252,3253,3252,3251,3253,3252,3252,3251,3252,3251,3251,3251,3251,3251,3250,3250,3250,3250,3249,3250,3248,3248,3249,3249,3249,3249,3249,3248,3249,3250,3249,3247,3248,3248,3247,3247,3247,3246,3246,3247,3247,3246,3245,3246,3245,3244,3245,3244,3244,3244,3244,3244,3244,3244,3244,3244,3242,3243,3242,3244,3243,3242,3243,3242,3241,3241,3241,3240,3240,3239,3241,3240,3239,3239,3240,3238,3239,3240,3238,3239,3238,3239,3237,3238,3237,3238,3237,3236,3237,3236,3235,3237,3234,3235,3235,3234,3235,3234,3234,3233,3233,3234,3233,3232,3233,3233,3233,3232,3232,3231,3230,3230,3231,3231,3230,3229,3230,3228,3228,3227,3228,3228,3228,3228,3227,3226,3227,3227,3226,3227,3226,3226,3226,3224,3225,3224,3224,3224,3223,3223,3223,3223,3222,3222,3221,3222,3222,3222,3222,3222,3222,3222,3222,3220,3222,3220,3219,3220,3219,3220,3219,3218,3219,3218,3218,3218,3217,3217,3217,3216,3216,3216,3216,3215,3214,3215,3214,3214,3215,3215,3213,3213,3213,3212,3212,3211,3211,3211,3211,3211,3208,3209,3210,3208,3208,3208,3207,3205,3206,3205,3204,3205,3204,3205,3204,3203,3203,3204,3150,3141,3139,3135,3127,3128,3122,3114,3116,3114,3106,3104,3099,3098,3071,3143,3169,3178,3183,3186,3188,3189,3191,3193,3194,3194,3195,3196,3196,3197,3097,3082,3068,3162,3174,3180,3183,3186,3188,3190,3190,3191,3192,3193,3193,3194,3195,3196,
34120,3182,3190,3179,3187,3182,3186,3183,3183,3181,3173,3182,3178,3179,3232,3251,3258,3264,3267,3270,3272,3273,3274,3276,3276,3277,3276,3278,3278,3278,3279,3279,3281,3281,3281,3281,3281,3281,3282,3282,3282,3282,3283,3283,3283,3283,3283,3283,3284,3284,3284,3284,3283,3283,3284,3284,3283,3285,3284,3285,3285,3285,3284,3285,3285,3285,3285,3285,3285,3285,3285,3285,3285,3285,3286,3285,3286,3285,3286,3285,3286,3287,3286,3287,3286,3286,3286,3286,3287,3287,3286,3286,3286,3286,3287,3286,3287,3286,3287,3287,3287,3286,3287,3287,3287,3287,3287,3287,3287,3287,3287,3287,3287,3287,3287,3287,3287,3287,3287,3288,3287,3287,3287,3287,3287,3287,3287,3287,3287,3288,3288,3288,3287,3287,3287,3287,3287,3288,3288,3288,3287,3287,3288,3287,3288,3288,3288,3287,3287,3288,3287,3287,3288,3288,3287,3287,3287,3287,3288,3287,3288,3234,3203,3266,3273,3276,3278,3280,3281,3281,3282,3282,3283,3283,3283,3283,3284,3284,3284,3284,3284,3285,3285,3285,3285,3285,3285,3286,3285,3285,3285,3285,3285,3285,3285,3285,3286,3285,3285,3285,3285,3285,3285,3285,3286,3285,3286,3285,3286,3285,3285,3286,3285,3286,3286,3287,3285,3286,3285,3286,3285,3286,3246,3258,3213,3277,3278,3277,3276,3276,3276,3276,3276,3276,3276,3276,3276,3276,3276,3276,3276,3277,3276,3276,3276,3275,3274,3275,3274,3274,3273,3274,3274,3266,3263,3262,3262,3260,3259,3258,3259,3258,3258,3258,3258,3257,3258,3258,3256,3256,3256,3255,3255,3256,3257,3255,3254,3255,3254,3255,3253,3255,3254,3253,3252,3252,3253,3253,3252,3251,3251,3253,3252,3251,3253,3252,3251,3251,3250,3251,3252,3251,3251,3251,3250,3250,3250,3249,3249,3249,3248,3249,3248,3248,3248,3249,3249,3248,3249,3249,3248,3247,3247,3248,3247,3247,3246,3246,3246,3247,3246,3245,3245,3245,3244,3244,3245,3243,3244,3244,3243,3244,3243,3243,3243,3243,3242,3242,3243,3242,3242,3242,3243,3241,3240,3241,3240,3240,3239,3240,3240,3240,3239,3239,3239,3237,3238,3239,3237,3236,3238,3237,3238,3237,3236,3236,3237,3236,3236,3233,3235,3234,3234,3234,3233,3234,3234,3233,3233,3233,3232,3233,3233,3231,3232,3231,3231,3231,3230,3230,3230,3229,3230,3229,3229,3228,3228,3227,3227,3226,3226,3227,3227,3227,3227,3225,3227,3226,3225,3227,3225,3224,3225,3225,3224,3222,3223,3224,3222,3222,3223,3222,3221,3222,3222,3221,3222,3221,3221,3220,3221,3221,3220,3220,3220,3219,3219,3218,3218,3219,3218,3217,3218,3217,3217,3216,3217,3216,3216,3215,3215,3215,3214,3214,3214,3214,3213,3212,3211,3213,3211,3211,3211,3211,3211,3209,3210,3209,3208,3209,3208,3206,3208,3207,3206,3207,3206,3204,3204,3205,3203,3203,3203,3203,3201,3202,3201,3202,3150,3143,3139,3131,3127,3128,3125,3114,3116,3114,3107,3104,3106,3099,3075,3145,3168,3177,3182,3184,3188,3189,3190,3191,3192,3193,3193,3194,3194,3195,3100,3086,3072,3162,3174,3180,3183,3186,3187,3189,3190,3190,3192,3193,3193,3194,3194,3195,
34121,3182,3190,3179,3186,3182,3184,3183,3181,3182,3173,3181,3178,3179,3233,3251,3260,3264,3268,3270,3272,3274,3276,3275,3276,3278,3278,3278,3279,3280,3280,3280,3280,3281,3281,3282,3282,3281,3283,3283,3282,3283,3283,3284,3283,3284,3283,3284,3284,3285,3284,3285,3284,3284,3285,3285,3285,3285,3285,3285,3285,3286,3286,3286,3285,3285,3286,3285,3286,3286,3286,3286,3286,3287,3286,3286,3287,3286,3286,3287,3286,3287,3287,3287,3287,3287,3287,3286,3287,3287,3287,3287,3288,3288,3287,3287,3287,3288,3287,3287,3287,3288,3287,3287,3288,3288,3287,3288,3287,3288,3288,3288,3288,3288,3288,3288,3288,3288,3288,3288,3289,3287,3288,3289,3289,3288,3288,3288,3288,3288,3287,3288,3288,3288,3288,3288,3288,3288,3288,3288,3289,3289,3288,3289,3288,3289,3288,3289,3289,3288,3289,3288,3289,3289,3289,3289,3288,3288,3289,3289,3289,3234,3205,3267,3274,3278,3279,3281,3282,3282,3283,3283,3283,3283,3284,3284,3285,3284,3285,3285,3285,3286,3285,3285,3286,3285,3285,3286,3286,3286,3285,3286,3285,3286,3285,3286,3286,3286,3286,3285,3286,3286,3286,3286,3286,3285,3286,3286,3287,3286,3287,3287,3286,3286,3286,3287,3287,3287,3286,3287,3287,3287,3247,3258,3213,3279,3280,3277,3276,3277,3276,3276,3276,3277,3277,3276,3276,3276,3277,3277,3277,3277,3277,3277,3276,3276,3275,3275,3275,3274,3275,3275,3274,3266,3263,3262,3263,3260,3261,3260,3259,3260,3258,3260,3258,3257,3258,3258,3256,3257,3256,3257,3256,3256,3258,3256,3255,3255,3256,3255,3255,3255,3254,3254,3254,3253,3254,3254,3253,3253,3252,3253,3252,3252,3253,3252,3252,3252,3252,3251,3251,3252,3251,3250,3250,3251,3250,3251,3250,3250,3249,3250,3249,3249,3249,3249,3249,3248,3250,3248,3248,3249,3248,3249,3248,3248,3248,3247,3247,3247,3246,3245,3246,3246,3246,3244,3245,3245,3245,3244,3244,3244,3243,3244,3244,3244,3243,3244,3244,3244,3243,3242,3244,3241,3241,3241,3242,3240,3240,3240,3240,3240,3239,3240,3239,3239,3238,3240,3238,3237,3239,3238,3238,3238,3237,3237,3237,3236,3237,3235,3236,3236,3235,3235,3235,3234,3234,3234,3233,3233,3233,3234,3233,3232,3232,3231,3233,3231,3231,3231,3229,3229,3230,3229,3229,3229,3229,3228,3228,3227,3228,3228,3228,3227,3226,3226,3226,3228,3225,3226,3226,3226,3226,3225,3225,3223,3224,3224,3223,3222,3223,3223,3222,3222,3222,3222,3221,3220,3222,3221,3221,3222,3220,3220,3220,3220,3220,3219,3219,3219,3218,3218,3219,3218,3218,3217,3217,3216,3217,3216,3216,3215,3215,3215,3214,3214,3215,3213,3214,3213,3211,3213,3212,3212,3211,3210,3211,3210,3209,3210,3208,3208,3209,3206,3208,3208,3206,3206,3204,3204,3204,3204,3204,3204,3203,3202,3202,3201,3150,3144,3139,3132,3127,3128,3125,3116,3115,3113,3107,3104,3104,3099,3073,3144,3168,3178,3181,3186,3187,3190,3190,3192,3193,3193,3195,3196,3197,3196,3099,3085,3070,3161,3174,3180,3183,3186,3188,3190,3190,3192,3192,3192,3194,3194,3195,3195,
34122,3179,3187,3176,3184,3180,3186,3179,3178,3180,3171,3181,3177,3175,3232,3251,3259,3264,3266,3270,3273,3272,3275,3276,3276,3276,3277,3278,3278,3279,3279,3280,3280,3280,3280,3281,3281,3281,3281,3282,3282,3283,3283,3283,3283,3283,3283,3283,3284,3283,3283,3283,3283,3283,3284,3284,3284,3284,3285,3285,3284,3285,3285,3285,3285,3285,3285,3285,3285,3285,3285,3286,3285,3286,3285,3286,3286,3285,3286,3286,3286,3286,3287,3286,3286,3286,3286,3286,3286,3286,3287,3286,3287,3286,3286,3287,3287,3286,3286,3287,3287,3287,3288,3287,3286,3286,3287,3287,3287,3287,3287,3287,3287,3287,3287,3287,3287,3287,3287,3287,3288,3287,3287,3287,3287,3287,3287,3287,3287,3287,3287,3287,3288,3287,3287,3287,3287,3288,3288,3287,3287,3287,3289,3287,3288,3287,3288,3287,3287,3288,3288,3287,3288,3287,3288,3288,3288,3287,3287,3288,3287,3232,3202,3265,3273,3276,3278,3280,3281,3281,3283,3282,3283,3283,3283,3284,3284,3284,3284,3284,3284,3285,3284,3284,3285,3285,3285,3284,3285,3285,3285,3285,3285,3285,3285,3285,3285,3285,3285,3285,3285,3284,3286,3285,3285,3285,3285,3285,3285,3285,3286,3285,3285,3285,3286,3286,3285,3286,3286,3286,3285,3285,3244,3257,3212,3277,3279,3276,3276,3276,3276,3276,3276,3275,3276,3275,3276,3276,3276,3276,3276,3276,3276,3276,3275,3275,3274,3274,3273,3273,3273,3274,3273,3264,3262,3262,3261,3259,3258,3258,3258,3258,3258,3257,3257,3256,3257,3257,3256,3256,3256,3255,3255,3255,3255,3255,3254,3255,3255,3255,3253,3255,3253,3252,3253,3253,3252,3252,3253,3251,3252,3252,3251,3251,3253,3251,3251,3251,3251,3251,3250,3251,3250,3250,3249,3250,3248,3249,3248,3249,3248,3248,3248,3248,3247,3249,3247,3247,3248,3247,3247,3247,3248,3247,3247,3247,3247,3245,3247,3247,3245,3245,3244,3245,3244,3244,3245,3244,3243,3243,3244,3243,3243,3242,3242,3242,3241,3242,3243,3243,3241,3242,3242,3241,3240,3241,3240,3240,3240,3240,3240,3240,3238,3239,3239,3238,3238,3238,3238,3237,3238,3238,3236,3236,3237,3237,3237,3236,3237,3235,3234,3235,3235,3234,3234,3233,3233,3234,3233,3233,3231,3233,3232,3231,3232,3232,3231,3231,3230,3229,3229,3228,3229,3229,3228,3227,3229,3227,3227,3227,3227,3227,3226,3227,3227,3225,3226,3225,3224,3226,3225,3225,3224,3224,3225,3224,3224,3223,3223,3222,3222,3222,3220,3222,3221,3222,3221,3221,3221,3221,3222,3222,3219,3220,3219,3219,3219,3219,3218,3218,3218,3218,3218,3217,3216,3217,3216,3216,3216,3215,3215,3215,3215,3214,3213,3214,3214,3212,3213,3214,3211,3211,3211,3211,3210,3209,3210,3210,3208,3209,3207,3207,3207,3207,3206,3206,3205,3205,3204,3204,3203,3203,3203,3203,3203,3202,3201,3202,3148,3143,3137,3130,3124,3127,3124,3114,3114,3111,3105,3103,3103,3096,3072,3144,3167,3176,3182,3184,3187,3189,3190,3191,3192,3192,3193,3193,3195,3195,3099,3082,3069,3162,3173,3179,3183,3185,3187,3188,3190,3190,3192,3193,3193,3194,3195,3195,
34123,3185,3189,3179,3187,3183,3187,3182,3181,3183,3173,3181,3182,3176,3233,3251,3259,3264,3268,3270,3273,3274,3275,3276,3276,3278,3278,3279,3280,3280,3280,3280,3281,3280,3281,3281,3283,3282,3283,3283,3283,3283,3284,3283,3283,3284,3283,3283,3284,3285,3285,3284,3284,3284,3285,3285,3284,3285,3285,3285,3285,3285,3285,3286,3286,3286,3285,3286,3285,3285,3286,3286,3286,3286,3286,3286,3287,3287,3286,3286,3286,3287,3286,3286,3287,3287,3287,3287,3287,3287,3287,3288,3287,3287,3287,3287,3287,3287,3287,3287,3287,3287,3288,3288,3287,3287,3287,3287,3287,3288,3287,3288,3287,3288,3287,3288,3287,3288,3288,3288,3288,3287,3288,3288,3288,3288,3288,3289,3288,3288,3288,3288,3288,3288,3287,3288,3288,3288,3288,3288,3289,3288,3289,3288,3289,3288,3288,3288,3289,3288,3288,3288,3288,3288,3288,3289,3289,3288,3288,3288,3288,3233,3204,3266,3274,3277,3279,3281,3282,3282,3283,3283,3284,3284,3284,3284,3285,3285,3286,3285,3285,3285,3285,3286,3286,3286,3286,3286,3286,3286,3285,3286,3286,3286,3286,3286,3286,3286,3287,3286,3286,3286,3287,3287,3286,3286,3287,3287,3286,3286,3286,3286,3286,3287,3286,3285,3287,3287,3286,3286,3287,3287,3245,3258,3214,3278,3280,3278,3277,3277,3276,3277,3276,3276,3277,3276,3277,3276,3276,3277,3276,3277,3277,3277,3276,3276,3275,3276,3275,3274,3276,3274,3275,3265,3263,3263,3262,3260,3260,3260,3258,3258,3258,3258,3258,3257,3258,3258,3256,3258,3257,3257,3256,3257,3256,3255,3256,3255,3255,3255,3254,3254,3254,3254,3253,3252,3253,3253,3254,3252,3252,3253,3253,3252,3253,3253,3252,3252,3251,3251,3251,3252,3251,3250,3250,3251,3250,3250,3249,3249,3249,3248,3248,3249,3249,3250,3248,3248,3248,3248,3249,3248,3249,3248,3247,3247,3248,3246,3247,3248,3247,3246,3246,3246,3244,3245,3246,3244,3244,3245,3244,3244,3244,3243,3244,3244,3244,3244,3243,3243,3243,3243,3243,3242,3241,3242,3241,3240,3240,3240,3239,3240,3239,3240,3239,3239,3238,3238,3237,3238,3239,3239,3238,3238,3237,3236,3237,3237,3237,3236,3236,3236,3235,3234,3234,3234,3234,3234,3233,3233,3233,3233,3233,3233,3233,3232,3232,3232,3231,3232,3231,3229,3231,3229,3229,3229,3229,3228,3228,3227,3229,3228,3227,3227,3227,3226,3228,3227,3225,3226,3225,3226,3226,3224,3225,3224,3224,3225,3224,3222,3223,3223,3221,3222,3221,3221,3222,3221,3221,3222,3222,3222,3221,3221,3221,3221,3219,3219,3219,3220,3219,3218,3220,3218,3218,3218,3216,3216,3217,3216,3217,3217,3215,3215,3213,3215,3215,3214,3214,3215,3213,3212,3212,3211,3212,3211,3211,3210,3210,3211,3208,3208,3209,3206,3207,3207,3208,3205,3205,3206,3204,3203,3204,3204,3205,3203,3203,3202,3150,3145,3137,3132,3125,3127,3126,3117,3115,3114,3108,3106,3105,3100,3073,3145,3168,3177,3182,3185,3188,3190,3191,3191,3192,3194,3194,3194,3196,3196,3100,3086,3073,3163,3174,3180,3184,3187,3189,3190,3191,3191,3192,3193,3193,3194,3194,3196,
34124,3183,3188,3178,3182,3181,3186,3181,3179,3180,3171,3179,3181,3175,3233,3251,3259,3264,3267,3270,3271,3273,3274,3276,3275,3276,3276,3278,3279,3278,3279,3280,3280,3280,3280,3281,3281,3281,3282,3283,3282,3283,3282,3282,3283,3282,3283,3283,3284,3283,3284,3283,3284,3284,3284,3284,3284,3284,3284,3285,3284,3284,3285,3285,3284,3284,3285,3285,3285,3285,3285,3285,3285,3285,3286,3285,3286,3285,3286,3286,3285,3286,3286,3286,3286,3286,3286,3285,3287,3286,3286,3286,3286,3287,3287,3287,3286,3286,3287,3287,3287,3286,3287,3286,3287,3287,3287,3287,3287,3287,3287,3287,3286,3287,3287,3287,3287,3287,3287,3287,3287,3288,3287,3287,3287,3287,3286,3287,3286,3288,3287,3287,3287,3288,3287,3288,3287,3287,3287,3288,3288,3287,3288,3288,3287,3288,3287,3288,3287,3288,3288,3287,3288,3287,3288,3287,3288,3288,3288,3287,3288,3232,3202,3266,3274,3276,3278,3280,3281,3283,3283,3283,3283,3283,3283,3284,3284,3284,3284,3284,3284,3285,3284,3284,3284,3285,3285,3285,3286,3285,3285,3285,3285,3285,3286,3285,3285,3285,3285,3285,3285,3285,3285,3285,3285,3286,3286,3286,3286,3285,3286,3285,3285,3286,3286,3286,3286,3286,3285,3286,3286,3285,3244,3256,3213,3278,3279,3277,3276,3276,3276,3276,3276,3275,3276,3276,3275,3276,3276,3276,3276,3276,3276,3275,3275,3275,3274,3273,3274,3273,3273,3273,3274,3263,3262,3262,3261,3260,3260,3259,3258,3258,3258,3257,3257,3256,3258,3257,3256,3256,3255,3255,3255,3256,3255,3255,3255,3255,3255,3254,3254,3254,3253,3253,3254,3253,3252,3253,3252,3252,3252,3251,3252,3251,3252,3251,3251,3251,3251,3251,3250,3251,3251,3250,3249,3250,3251,3250,3249,3249,3248,3248,3248,3249,3247,3249,3248,3248,3249,3247,3247,3247,3248,3247,3247,3247,3247,3246,3247,3247,3244,3245,3245,3244,3243,3244,3244,3244,3244,3244,3243,3243,3243,3244,3243,3243,3242,3244,3243,3243,3242,3242,3242,3241,3241,3240,3241,3240,3240,3240,3240,3240,3239,3239,3239,3239,3239,3238,3237,3239,3237,3238,3237,3237,3236,3237,3236,3237,3236,3235,3234,3234,3234,3234,3233,3233,3234,3233,3233,3232,3233,3233,3233,3232,3232,3232,3232,3231,3231,3231,3230,3229,3230,3229,3229,3228,3229,3228,3228,3227,3228,3227,3226,3226,3227,3225,3227,3227,3225,3226,3226,3225,3226,3224,3224,3224,3223,3224,3223,3222,3223,3222,3221,3222,3222,3222,3222,3221,3221,3221,3222,3222,3221,3220,3220,3220,3219,3219,3218,3219,3219,3218,3218,3217,3218,3218,3216,3217,3217,3216,3215,3215,3215,3215,3214,3215,3215,3213,3214,3214,3211,3213,3211,3212,3211,3211,3211,3209,3210,3209,3208,3207,3208,3207,3206,3206,3207,3204,3204,3205,3204,3204,3204,3204,3204,3202,3202,3202,3151,3143,3136,3131,3125,3127,3125,3115,3114,3113,3106,3104,3104,3099,3070,3145,3168,3177,3181,3184,3187,3189,3190,3191,3192,3193,3194,3194,3195,3196,3099,3084,3070,3162,3173,3179,3183,3185,3188,3189,3190,3191,3192,3192,3193,3193,3194,3194,
34125,3182,3188,3176,3182,3180,3186,3181,3179,3180,3172,3180,3180,3175,3232,3252,3260,3265,3268,3271,3273,3274,3276,3276,3276,3278,3279,3279,3280,3279,3280,3281,3280,3282,3282,3281,3282,3282,3283,3283,3282,3283,3284,3283,3284,3283,3285,3284,3284,3284,3284,3285,3285,3284,3285,3286,3285,3285,3285,3286,3286,3285,3285,3286,3287,3286,3286,3286,3286,3286,3286,3286,3286,3286,3286,3286,3286,3287,3286,3287,3287,3287,3287,3287,3287,3287,3287,3287,3287,3287,3287,3287,3287,3287,3287,3287,3287,3287,3287,3287,3287,3287,3287,3288,3288,3288,3288,3287,3288,3288,3289,3289,3288,3289,3288,3289,3288,3288,3289,3288,3289,3288,3289,3288,3288,3288,3288,3288,3289,3289,3289,3289,3287,3289,3288,3289,3287,3287,3289,3289,3289,3289,3288,3290,3288,3289,3288,3289,3290,3288,3289,3289,3289,3289,3288,3289,3289,3289,3289,3290,3289,3232,3202,3266,3273,3277,3279,3281,3281,3282,3283,3284,3284,3284,3284,3284,3285,3285,3285,3285,3285,3285,3286,3286,3285,3285,3285,3286,3285,3286,3286,3286,3286,3286,3286,3286,3287,3287,3286,3286,3286,3286,3286,3286,3287,3286,3286,3286,3287,3287,3286,3286,3286,3287,3287,3286,3286,3287,3286,3286,3287,3286,3244,3258,3211,3278,3280,3278,3278,3277,3276,3276,3276,3276,3277,3277,3277,3277,3277,3277,3276,3276,3277,3277,3276,3276,3276,3275,3275,3276,3274,3274,3276,3265,3264,3262,3262,3262,3260,3260,3260,3259,3258,3260,3258,3257,3258,3257,3258,3258,3256,3256,3256,3257,3256,3256,3255,3255,3256,3255,3254,3255,3254,3254,3255,3253,3254,3254,3253,3252,3253,3253,3253,3253,3252,3252,3253,3252,3253,3253,3252,3252,3251,3251,3250,3250,3251,3249,3250,3250,3251,3249,3249,3250,3248,3250,3248,3249,3251,3249,3248,3249,3248,3248,3249,3248,3248,3248,3247,3247,3246,3247,3246,3247,3246,3246,3246,3244,3245,3245,3246,3244,3244,3244,3244,3244,3243,3244,3243,3244,3243,3243,3244,3242,3242,3242,3241,3241,3240,3240,3241,3240,3240,3240,3240,3239,3240,3240,3239,3239,3239,3239,3238,3238,3238,3237,3238,3237,3237,3237,3236,3237,3235,3234,3235,3234,3234,3234,3234,3233,3234,3234,3233,3232,3233,3233,3233,3231,3232,3231,3230,3230,3231,3229,3230,3228,3230,3229,3228,3229,3229,3229,3228,3227,3227,3227,3227,3227,3226,3227,3226,3225,3226,3226,3225,3225,3224,3225,3224,3224,3224,3223,3222,3222,3222,3222,3222,3221,3222,3222,3222,3222,3222,3221,3220,3221,3221,3220,3219,3220,3219,3219,3219,3219,3218,3218,3216,3216,3218,3216,3217,3217,3217,3216,3215,3215,3215,3212,3214,3214,3214,3213,3213,3213,3213,3211,3212,3210,3210,3211,3209,3208,3209,3208,3208,3208,3208,3206,3205,3206,3205,3204,3205,3204,3205,3204,3204,3203,3153,3145,3138,3132,3127,3127,3127,3118,3116,3114,3109,3106,3106,3101,3073,3146,3169,3178,3183,3186,3189,3190,3191,3192,3193,3194,3194,3196,3195,3198,3101,3087,3075,3163,3175,3181,3185,3187,3189,3190,3191,3192,3193,3194,3195,3195,3196,3195,
34126,3183,3187,3180,3183,3181,3188,3184,3180,3182,3173,3181,3182,3176,3233,3251,3258,3264,3267,3269,3271,3273,3275,3275,3276,3277,3277,3278,3279,3279,3279,3280,3280,3280,3281,3281,3281,3282,3282,3282,3283,3282,3282,3282,3282,3282,3283,3283,3283,3284,3283,3283,3284,3284,3284,3285,3284,3284,3285,3284,3284,3285,3285,3285,3285,3284,3285,3285,3285,3285,3286,3285,3285,3285,3285,3285,3286,3286,3286,3285,3285,3286,3286,3287,3286,3286,3287,3286,3286,3287,3286,3287,3286,3286,3287,3286,3286,3286,3286,3287,3287,3286,3287,3287,3287,3286,3287,3287,3287,3287,3287,3288,3287,3287,3287,3287,3288,3287,3287,3287,3287,3287,3287,3287,3287,3287,3288,3287,3287,3287,3287,3287,3287,3287,3288,3287,3287,3288,3288,3288,3287,3288,3288,3288,3287,3287,3288,3288,3287,3287,3288,3288,3288,3287,3287,3287,3287,3287,3288,3288,3288,3232,3204,3265,3273,3277,3278,3280,3281,3281,3282,3283,3283,3283,3283,3284,3284,3284,3284,3284,3283,3285,3284,3285,3285,3285,3285,3285,3285,3285,3285,3285,3285,3284,3286,3285,3285,3285,3285,3285,3285,3285,3285,3286,3286,3285,3285,3286,3286,3285,3285,3285,3286,3286,3285,3286,3286,3286,3285,3286,3286,3285,3245,3258,3213,3278,3279,3277,3276,3275,3276,3276,3276,3275,3276,3276,3276,3276,3276,3276,3276,3276,3276,3276,3275,3276,3274,3275,3274,3274,3274,3274,3274,3264,3263,3262,3262,3260,3259,3258,3259,3257,3257,3258,3257,3257,3258,3257,3256,3257,3257,3256,3255,3256,3256,3255,3254,3255,3255,3255,3253,3255,3253,3253,3253,3252,3253,3252,3251,3252,3251,3253,3252,3252,3252,3252,3251,3252,3251,3251,3251,3252,3250,3250,3250,3249,3250,3250,3249,3249,3249,3248,3249,3248,3248,3249,3248,3248,3250,3247,3248,3248,3249,3247,3247,3247,3247,3247,3247,3247,3245,3245,3245,3245,3244,3244,3245,3244,3244,3243,3244,3244,3244,3244,3243,3242,3242,3243,3242,3243,3243,3243,3242,3242,3242,3241,3240,3241,3239,3240,3240,3239,3239,3240,3239,3239,3238,3239,3238,3237,3239,3238,3236,3237,3237,3237,3237,3237,3237,3236,3236,3236,3235,3234,3235,3234,3234,3234,3233,3234,3233,3234,3233,3233,3234,3232,3232,3232,3231,3232,3231,3229,3230,3230,3229,3229,3229,3228,3228,3228,3229,3228,3226,3228,3227,3225,3227,3227,3226,3226,3226,3225,3226,3225,3225,3224,3224,3224,3224,3223,3224,3222,3222,3223,3222,3222,3222,3222,3222,3221,3222,3222,3221,3221,3221,3220,3221,3220,3219,3220,3219,3218,3219,3217,3217,3219,3216,3217,3217,3216,3216,3215,3215,3215,3215,3215,3216,3213,3215,3214,3213,3213,3213,3213,3212,3211,3211,3210,3210,3211,3208,3208,3209,3207,3208,3207,3208,3205,3205,3206,3204,3204,3204,3205,3204,3202,3203,3202,3152,3146,3138,3132,3127,3128,3127,3118,3115,3115,3109,3107,3106,3101,3074,3146,3169,3178,3182,3186,3187,3189,3191,3191,3193,3193,3194,3194,3196,3196,3101,3086,3075,3164,3175,3180,3184,3186,3188,3190,3191,3192,3193,3193,3193,3194,3195,3195,
34127,3182,3187,3182,3183,3182,3187,3182,3179,3181,3175,3180,3182,3175,3233,3251,3259,3265,3267,3270,3273,3273,3273,3275,3276,3277,3277,3279,3280,3280,3280,3280,3281,3281,3281,3280,3281,3282,3282,3283,3283,3283,3283,3283,3283,3284,3283,3284,3283,3284,3284,3284,3284,3284,3285,3285,3284,3284,3285,3285,3285,3285,3285,3286,3285,3285,3285,3286,3286,3285,3286,3286,3286,3286,3285,3286,3286,3286,3286,3286,3286,3287,3287,3287,3286,3286,3286,3287,3287,3286,3287,3287,3287,3287,3287,3287,3287,3287,3287,3287,3287,3287,3287,3288,3287,3287,3288,3287,3287,3287,3287,3287,3288,3288,3288,3288,3288,3288,3287,3288,3289,3287,3287,3288,3288,3288,3287,3288,3288,3288,3288,3288,3288,3287,3288,3288,3288,3288,3288,3289,3288,3289,3288,3289,3288,3288,3288,3288,3289,3288,3289,3288,3289,3288,3289,3288,3288,3288,3289,3288,3288,3228,3203,3267,3274,3277,3280,3280,3282,3282,3283,3283,3283,3284,3284,3284,3284,3285,3284,3284,3285,3285,3285,3285,3285,3285,3286,3286,3286,3286,3286,3285,3285,3286,3286,3286,3286,3286,3285,3286,3286,3285,3286,3286,3286,3286,3286,3286,3286,3285,3286,3286,3286,3286,3286,3286,3286,3286,3287,3286,3286,3286,3245,3258,3213,3280,3280,3278,3277,3276,3276,3277,3276,3275,3277,3276,3276,3276,3277,3277,3277,3277,3277,3277,3276,3276,3275,3274,3274,3274,3275,3273,3275,3265,3263,3263,3262,3261,3260,3259,3259,3258,3258,3259,3258,3258,3258,3257,3257,3257,3257,3255,3255,3255,3256,3255,3255,3255,3255,3255,3255,3254,3253,3254,3254,3253,3253,3252,3254,3252,3252,3253,3253,3253,3252,3252,3252,3251,3252,3253,3251,3251,3252,3251,3250,3251,3250,3249,3250,3250,3250,3249,3249,3248,3248,3250,3249,3249,3250,3248,3248,3247,3249,3248,3248,3247,3247,3246,3248,3246,3245,3246,3245,3246,3246,3245,3245,3244,3246,3244,3244,3243,3244,3244,3243,3243,3243,3244,3243,3244,3242,3243,3243,3242,3242,3241,3241,3241,3240,3241,3240,3240,3241,3240,3240,3239,3239,3239,3239,3238,3239,3238,3237,3238,3237,3239,3236,3236,3236,3236,3235,3236,3235,3234,3235,3233,3234,3234,3234,3234,3233,3233,3233,3232,3233,3233,3233,3231,3231,3232,3230,3230,3230,3230,3229,3229,3230,3229,3229,3229,3228,3229,3227,3228,3227,3226,3228,3228,3226,3226,3226,3226,3226,3225,3225,3224,3224,3225,3223,3224,3224,3222,3223,3223,3223,3222,3222,3222,3222,3222,3222,3222,3221,3222,3220,3222,3221,3220,3219,3219,3219,3219,3219,3218,3217,3218,3217,3217,3217,3217,3216,3216,3216,3215,3215,3215,3216,3213,3215,3214,3213,3213,3213,3213,3211,3211,3211,3209,3210,3210,3208,3208,3209,3208,3208,3207,3208,3206,3205,3206,3204,3206,3205,3205,3204,3203,3203,3203,3153,3145,3137,3131,3126,3125,3124,3117,3114,3114,3108,3105,3105,3098,3071,3144,3168,3178,3182,3186,3188,3191,3191,3193,3192,3193,3194,3196,3195,3196,3099,3085,3072,3162,3173,3180,3184,3186,3188,3190,3191,3192,3192,3194,3194,3194,3195,3196,
34128,3182,3186,3181,3182,3184,3186,3182,3180,3179,3176,3179,3181,3175,3232,3251,3258,3263,3267,3270,3271,3272,3273,3274,3276,3276,3276,3278,3279,3278,3279,3279,3280,3280,3281,3281,3281,3281,3282,3282,3282,3281,3283,3282,3283,3283,3282,3283,3282,3283,3283,3283,3283,3284,3284,3284,3284,3283,3284,3284,3284,3284,3285,3284,3285,3285,3285,3285,3285,3285,3285,3285,3285,3285,3286,3286,3286,3286,3287,3285,3286,3286,3286,3286,3285,3286,3286,3286,3286,3286,3286,3286,3286,3287,3285,3286,3287,3286,3286,3287,3286,3286,3287,3287,3286,3287,3286,3287,3287,3287,3287,3287,3287,3287,3287,3287,3287,3287,3287,3287,3287,3288,3287,3287,3287,3287,3287,3287,3287,3288,3287,3287,3287,3288,3288,3287,3287,3288,3287,3288,3287,3287,3287,3287,3287,3287,3288,3288,3288,3288,3287,3288,3288,3287,3288,3287,3288,3288,3287,3287,3288,3229,3202,3265,3272,3277,3279,3280,3281,3282,3281,3283,3283,3283,3283,3284,3284,3284,3284,3284,3284,3284,3284,3285,3285,3284,3285,3285,3285,3285,3285,3285,3285,3285,3285,3285,3284,3285,3285,3285,3285,3285,3285,3285,3286,3285,3286,3285,3285,3286,3286,3285,3285,3286,3286,3285,3285,3285,3285,3286,3286,3286,3244,3257,3211,3278,3279,3276,3276,3276,3276,3276,3276,3276,3276,3275,3276,3275,3276,3276,3276,3276,3276,3276,3275,3274,3275,3275,3274,3274,3274,3273,3274,3264,3264,3262,3261,3260,3259,3258,3258,3257,3257,3258,3258,3257,3257,3256,3256,3257,3255,3256,3255,3255,3254,3255,3255,3255,3254,3254,3254,3253,3254,3253,3253,3252,3252,3253,3253,3252,3252,3252,3251,3251,3252,3251,3251,3251,3250,3251,3249,3250,3250,3249,3249,3249,3249,3248,3249,3249,3249,3247,3247,3248,3247,3248,3247,3247,3248,3247,3247,3247,3248,3246,3246,3246,3247,3246,3246,3246,3245,3245,3244,3244,3244,3244,3245,3244,3244,3243,3242,3243,3242,3243,3242,3243,3242,3243,3242,3242,3240,3240,3243,3240,3241,3240,3240,3240,3239,3239,3238,3239,3238,3239,3239,3238,3239,3238,3237,3237,3238,3236,3237,3236,3236,3236,3235,3236,3235,3235,3233,3235,3234,3233,3234,3233,3233,3233,3233,3233,3233,3232,3232,3231,3232,3231,3231,3230,3230,3230,3229,3228,3229,3229,3228,3229,3229,3228,3227,3228,3228,3227,3226,3226,3226,3226,3226,3226,3224,3226,3225,3225,3226,3223,3224,3223,3222,3223,3223,3222,3223,3222,3221,3222,3222,3221,3220,3221,3220,3221,3220,3221,3220,3220,3219,3220,3219,3218,3218,3218,3218,3218,3218,3217,3215,3216,3215,3216,3216,3215,3215,3214,3215,3214,3213,3214,3214,3212,3213,3212,3211,3211,3211,3211,3210,3210,3208,3209,3209,3209,3207,3207,3207,3206,3206,3206,3206,3204,3205,3204,3203,3204,3202,3204,3203,3201,3201,3201,3151,3142,3136,3131,3126,3124,3123,3116,3114,3112,3104,3104,3104,3099,3070,3144,3167,3176,3181,3185,3187,3188,3190,3191,3192,3193,3193,3194,3195,3195,3099,3083,3071,3161,3174,3179,3182,3185,3188,3188,3189,3191,3192,3192,3192,3193,3194,3195,
34129,3185,3187,3183,3185,3185,3188,3187,3183,3182,3177,3182,3183,3177,3234,3251,3259,3265,3268,3270,3272,3274,3275,3275,3276,3277,3278,3278,3279,3279,3280,3280,3280,3281,3280,3281,3283,3282,3282,3282,3283,3283,3283,3283,3284,3284,3284,3283,3284,3283,3284,3284,3284,3284,3284,3285,3285,3285,3285,3284,3285,3286,3285,3286,3285,3286,3286,3285,3286,3286,3287,3286,3286,3286,3286,3287,3286,3287,3287,3287,3286,3287,3287,3287,3287,3287,3286,3287,3286,3287,3287,3287,3287,3287,3287,3287,3287,3287,3287,3287,3287,3287,3287,3287,3287,3287,3287,3287,3287,3288,3288,3288,3288,3288,3287,3288,3288,3288,3288,3287,3288,3287,3288,3288,3288,3288,3288,3288,3288,3287,3288,3288,3289,3288,3289,3287,3288,3289,3288,3288,3288,3288,3289,3289,3288,3288,3288,3288,3288,3289,3288,3288,3289,3288,3289,3289,3288,3288,3288,3289,3289,3231,3206,3267,3273,3277,3280,3281,3281,3282,3283,3283,3284,3283,3284,3285,3284,3285,3285,3286,3284,3285,3285,3285,3286,3285,3285,3286,3286,3286,3286,3286,3286,3286,3285,3286,3285,3285,3286,3286,3286,3286,3286,3286,3286,3286,3286,3286,3287,3286,3287,3286,3286,3286,3286,3287,3286,3286,3286,3286,3287,3286,3246,3258,3212,3278,3279,3277,3277,3276,3276,3277,3276,3276,3277,3277,3277,3276,3276,3276,3276,3276,3278,3276,3275,3276,3276,3275,3275,3274,3274,3274,3274,3266,3263,3262,3262,3260,3261,3260,3260,3258,3258,3258,3258,3257,3258,3257,3257,3257,3257,3256,3255,3256,3256,3256,3255,3255,3255,3255,3254,3255,3254,3255,3255,3253,3253,3254,3253,3253,3252,3253,3253,3252,3252,3252,3252,3251,3252,3253,3251,3252,3250,3250,3251,3250,3250,3248,3250,3250,3249,3249,3248,3248,3248,3249,3248,3249,3249,3250,3248,3248,3249,3248,3248,3248,3248,3247,3247,3247,3245,3246,3245,3246,3245,3246,3246,3246,3245,3245,3244,3244,3245,3245,3243,3244,3243,3244,3243,3243,3243,3242,3244,3242,3242,3242,3241,3242,3240,3241,3240,3240,3240,3240,3240,3240,3239,3239,3238,3238,3239,3239,3238,3238,3239,3238,3237,3237,3236,3236,3235,3236,3235,3234,3235,3234,3235,3234,3235,3234,3233,3234,3233,3233,3232,3233,3232,3231,3231,3232,3231,3231,3230,3230,3230,3229,3230,3229,3228,3229,3229,3228,3227,3228,3228,3227,3228,3228,3226,3225,3227,3226,3226,3225,3226,3225,3223,3225,3223,3224,3224,3223,3222,3223,3223,3223,3222,3222,3222,3221,3221,3222,3221,3221,3222,3221,3222,3221,3219,3220,3219,3219,3219,3218,3218,3219,3217,3217,3217,3218,3216,3216,3216,3216,3215,3216,3215,3214,3215,3214,3214,3213,3214,3213,3212,3212,3211,3210,3210,3211,3209,3208,3208,3208,3208,3208,3207,3206,3206,3206,3205,3205,3204,3205,3205,3203,3204,3203,3153,3145,3138,3133,3127,3126,3125,3118,3115,3114,3106,3104,3106,3100,3073,3146,3169,3178,3182,3185,3187,3189,3191,3192,3193,3193,3194,3196,3196,3196,3100,3085,3076,3163,3174,3181,3184,3187,3188,3190,3191,3192,3193,3193,3194,3195,3194,3196,
34130,3182,3184,3181,3181,3183,3183,3184,3179,3179,3175,3179,3181,3174,3232,3251,3258,3264,3267,3270,3271,3273,3273,3275,3275,3277,3277,3278,3279,3278,3278,3279,3280,3280,3280,3281,3280,3281,3281,3282,3282,3281,3282,3283,3282,3282,3282,3283,3283,3283,3283,3284,3283,3284,3285,3283,3284,3283,3284,3285,3284,3284,3284,3284,3285,3284,3285,3285,3285,3285,3285,3285,3286,3284,3285,3285,3286,3286,3285,3285,3286,3286,3285,3286,3286,3286,3286,3285,3287,3286,3287,3286,3286,3286,3286,3287,3287,3286,3286,3287,3286,3286,3286,3287,3286,3286,3286,3287,3287,3287,3287,3287,3287,3287,3287,3286,3287,3287,3287,3287,3286,3287,3287,3287,3287,3287,3287,3287,3287,3287,3287,3287,3287,3287,3287,3287,3287,3287,3287,3287,3287,3287,3287,3287,3287,3288,3287,3287,3288,3287,3288,3288,3287,3287,3287,3287,3288,3288,3287,3287,3288,3228,3203,3265,3273,3276,3279,3280,3280,3282,3282,3283,3282,3283,3283,3283,3284,3284,3284,3284,3284,3284,3284,3284,3284,3285,3285,3284,3286,3285,3284,3285,3284,3285,3285,3285,3285,3285,3285,3285,3285,3285,3285,3285,3286,3285,3285,3285,3285,3286,3285,3285,3285,3286,3286,3285,3285,3285,3285,3286,3286,3286,3244,3256,3210,3278,3279,3276,3276,3276,3275,3276,3275,3275,3275,3276,3276,3275,3276,3276,3276,3276,3275,3276,3275,3275,3274,3275,3275,3273,3273,3273,3273,3264,3263,3262,3261,3259,3260,3259,3258,3258,3257,3257,3257,3256,3256,3257,3255,3255,3255,3256,3255,3255,3255,3255,3255,3255,3254,3253,3253,3254,3253,3252,3253,3252,3252,3252,3252,3252,3252,3252,3251,3252,3252,3252,3251,3251,3252,3251,3250,3251,3251,3250,3250,3249,3249,3248,3249,3248,3248,3248,3248,3247,3248,3247,3247,3247,3249,3249,3248,3247,3247,3247,3247,3247,3246,3247,3247,3247,3244,3246,3244,3244,3245,3245,3244,3244,3244,3245,3244,3244,3244,3243,3242,3243,3242,3242,3244,3243,3242,3241,3242,3241,3241,3241,3240,3241,3240,3240,3240,3240,3240,3239,3240,3238,3239,3239,3238,3238,3239,3238,3238,3237,3237,3237,3237,3236,3236,3236,3236,3237,3236,3235,3234,3233,3234,3234,3234,3234,3233,3233,3233,3231,3233,3233,3232,3231,3232,3231,3230,3230,3230,3231,3229,3229,3230,3229,3229,3229,3228,3228,3227,3227,3228,3226,3227,3227,3226,3225,3226,3226,3226,3226,3224,3225,3223,3224,3222,3224,3222,3222,3222,3222,3222,3222,3222,3221,3222,3221,3221,3222,3220,3222,3221,3222,3221,3219,3219,3219,3220,3218,3219,3218,3216,3218,3217,3217,3217,3216,3216,3216,3215,3215,3215,3216,3215,3214,3214,3213,3213,3214,3212,3212,3211,3211,3211,3210,3210,3211,3209,3210,3209,3208,3208,3207,3207,3206,3206,3205,3205,3206,3204,3204,3205,3203,3202,3202,3151,3142,3135,3132,3126,3125,3122,3114,3113,3111,3103,3102,3103,3096,3070,3142,3168,3177,3182,3184,3187,3189,3190,3191,3192,3193,3195,3194,3196,3197,3097,3083,3071,3161,3174,3179,3183,3185,3188,3189,3190,3191,3192,3193,3193,3194,3194,3195,
34131,3179,3181,3179,3179,3181,3182,3182,3177,3177,3173,3178,3177,3173,3232,3251,3259,3265,3268,3270,3272,3273,3275,3276,3277,3278,3278,3279,3279,3279,3280,3280,3281,3281,3281,3282,3283,3283,3282,3283,3283,3283,3284,3283,3284,3284,3284,3283,3284,3285,3284,3285,3285,3285,3284,3285,3285,3286,3285,3286,3285,3286,3286,3286,3286,3285,3286,3287,3287,3286,3287,3286,3286,3286,3286,3286,3286,3287,3286,3287,3287,3287,3287,3287,3287,3287,3287,3287,3288,3287,3287,3287,3288,3287,3287,3287,3287,3287,3287,3288,3287,3287,3288,3288,3287,3287,3288,3288,3287,3288,3288,3288,3289,3288,3288,3288,3287,3288,3288,3288,3287,3288,3288,3289,3289,3289,3288,3288,3288,3288,3288,3289,3288,3288,3289,3289,3288,3288,3288,3289,3288,3289,3289,3289,3288,3289,3288,3288,3289,3288,3289,3288,3288,3290,3289,3288,3288,3290,3289,3288,3289,3226,3201,3266,3273,3278,3280,3281,3282,3282,3283,3283,3283,3284,3284,3285,3285,3285,3285,3285,3285,3286,3285,3285,3285,3286,3286,3286,3286,3286,3286,3286,3285,3286,3286,3286,3286,3286,3286,3285,3286,3286,3286,3286,3287,3286,3286,3286,3287,3287,3287,3286,3286,3286,3286,3286,3286,3287,3286,3286,3286,3287,3243,3258,3209,3278,3279,3277,3276,3276,3276,3276,3276,3276,3277,3276,3276,3277,3276,3277,3276,3277,3277,3277,3276,3276,3274,3274,3275,3275,3275,3275,3275,3265,3263,3261,3262,3259,3260,3259,3259,3258,3257,3257,3258,3256,3257,3257,3255,3257,3256,3255,3255,3256,3255,3256,3254,3254,3255,3255,3254,3254,3253,3252,3253,3252,3252,3252,3253,3251,3252,3253,3252,3251,3252,3252,3251,3252,3252,3252,3251,3251,3250,3250,3250,3250,3249,3249,3249,3250,3248,3247,3249,3248,3248,3248,3248,3247,3249,3247,3248,3247,3247,3247,3246,3247,3246,3247,3247,3246,3245,3244,3245,3244,3244,3244,3245,3244,3244,3244,3243,3243,3243,3243,3243,3242,3244,3243,3243,3243,3242,3240,3242,3241,3241,3242,3240,3240,3240,3240,3238,3240,3239,3238,3238,3238,3238,3239,3238,3237,3239,3238,3237,3236,3238,3237,3236,3236,3236,3235,3235,3235,3234,3233,3234,3233,3233,3233,3233,3232,3232,3233,3232,3232,3231,3231,3231,3230,3230,3230,3229,3229,3229,3229,3228,3228,3228,3228,3227,3229,3227,3228,3226,3227,3227,3227,3226,3227,3225,3226,3226,3225,3224,3224,3224,3225,3223,3224,3222,3223,3222,3222,3221,3222,3223,3222,3221,3221,3221,3220,3221,3222,3221,3221,3220,3220,3220,3218,3219,3219,3218,3217,3219,3218,3216,3217,3215,3215,3216,3215,3215,3215,3214,3215,3214,3215,3214,3212,3213,3212,3212,3212,3211,3212,3210,3211,3211,3209,3210,3209,3208,3208,3208,3206,3207,3206,3205,3205,3204,3204,3204,3204,3203,3203,3202,3201,3203,3201,3148,3140,3133,3129,3123,3122,3119,3112,3110,3109,3100,3098,3099,3096,3068,3142,3167,3177,3181,3185,3187,3190,3190,3192,3192,3194,3194,3195,3196,3197,3096,3082,3069,3162,3174,3180,3184,3185,3188,3189,3192,3192,3192,3194,3194,3195,3196,3196,
34132,3175,3179,3176,3175,3179,3176,3180,3168,3176,3169,3175,3172,3169,3229,3250,3257,3263,3266,3268,3271,3272,3274,3275,3275,3276,3276,3277,3278,3278,3280,3279,3279,3280,3280,3280,3281,3281,3281,3281,3282,3282,3282,3282,3283,3283,3283,3283,3283,3283,3283,3284,3283,3283,3283,3284,3283,3284,3284,3284,3284,3284,3284,3285,3285,3284,3285,3285,3285,3285,3285,3285,3284,3284,3285,3286,3286,3285,3286,3285,3286,3286,3285,3286,3286,3286,3286,3286,3286,3286,3286,3286,3286,3287,3286,3286,3286,3286,3286,3286,3286,3287,3286,3287,3287,3286,3287,3287,3286,3286,3287,3287,3287,3287,3287,3287,3287,3287,3286,3286,3287,3288,3287,3287,3287,3286,3287,3287,3286,3287,3287,3286,3287,3287,3287,3287,3287,3288,3287,3287,3287,3288,3287,3287,3288,3287,3288,3287,3287,3287,3288,3287,3287,3287,3287,3287,3287,3287,3288,3287,3288,3225,3202,3265,3272,3276,3278,3280,3280,3281,3282,3282,3282,3283,3283,3283,3284,3284,3284,3284,3284,3284,3283,3284,3285,3284,3285,3285,3284,3284,3284,3284,3284,3285,3285,3285,3285,3285,3285,3285,3284,3285,3285,3285,3286,3285,3285,3285,3285,3285,3286,3285,3284,3285,3285,3285,3286,3286,3285,3286,3285,3285,3240,3256,3213,3276,3278,3276,3275,3275,3274,3276,3275,3275,3275,3276,3275,3275,3276,3275,3275,3275,3275,3276,3274,3274,3274,3273,3273,3273,3273,3273,3272,3264,3261,3260,3260,3258,3258,3258,3258,3257,3255,3256,3255,3255,3255,3255,3254,3253,3255,3254,3255,3255,3254,3254,3253,3253,3253,3251,3252,3253,3251,3251,3251,3250,3251,3250,3250,3251,3250,3251,3250,3250,3250,3251,3250,3249,3250,3250,3249,3248,3250,3248,3247,3249,3248,3247,3247,3246,3247,3247,3247,3247,3247,3247,3247,3247,3247,3246,3245,3246,3247,3246,3244,3245,3245,3244,3243,3244,3244,3243,3243,3243,3243,3243,3242,3243,3242,3241,3242,3241,3242,3240,3241,3242,3242,3240,3241,3240,3241,3239,3240,3239,3239,3239,3238,3238,3238,3240,3238,3239,3238,3237,3236,3236,3236,3236,3238,3236,3236,3236,3235,3234,3235,3235,3235,3234,3234,3234,3232,3234,3233,3231,3233,3232,3232,3232,3232,3231,3229,3230,3231,3231,3230,3230,3230,3229,3229,3229,3229,3227,3228,3229,3226,3226,3227,3226,3227,3226,3226,3225,3224,3224,3226,3225,3224,3223,3224,3224,3224,3223,3223,3224,3223,3223,3222,3223,3222,3222,3221,3222,3220,3220,3220,3220,3221,3219,3220,3218,3218,3220,3219,3218,3219,3218,3218,3217,3217,3217,3217,3217,3217,3216,3215,3215,3214,3215,3214,3214,3215,3213,3213,3213,3212,3211,3212,3211,3210,3211,3210,3210,3209,3210,3209,3208,3208,3208,3208,3208,3207,3206,3206,3205,3205,3204,3204,3204,3203,3203,3204,3202,3201,3202,3202,3200,3200,3199,3147,3135,3131,3130,3122,3119,3114,3110,3106,3106,3097,3094,3093,3092,3069,3139,3166,3175,3180,3184,3185,3188,3190,3191,3191,3192,3194,3194,3194,3195,3093,3081,3065,3160,3171,3178,3182,3185,3187,3188,3189,3190,3191,3193,3192,3193,3194,3194,
34133,3186,3185,3182,3183,3185,3182,3186,3176,3182,3176,3181,3179,3173,3231,3251,3258,3264,3267,3269,3270,3272,3273,3274,3275,3276,3276,3278,3278,3278,3279,3280,3280,3280,3280,3280,3280,3280,3280,3281,3281,3282,3282,3282,3282,3282,3282,3282,3283,3282,3283,3283,3283,3283,3283,3284,3284,3283,3284,3284,3285,3284,3284,3284,3284,3284,3284,3284,3285,3285,3286,3285,3285,3285,3285,3284,3285,3285,3285,3286,3285,3285,3284,3285,3285,3285,3286,3286,3285,3286,3286,3286,3286,3287,3285,3286,3286,3286,3286,3286,3286,3286,3286,3287,3286,3286,3287,3287,3287,3286,3287,3287,3287,3286,3287,3287,3287,3287,3286,3286,3286,3287,3287,3286,3287,3287,3287,3287,3286,3286,3287,3287,3286,3287,3287,3287,3287,3287,3287,3287,3287,3287,3287,3287,3287,3287,3287,3287,3287,3288,3287,3287,3287,3288,3287,3288,3287,3288,3287,3287,3287,3230,3206,3265,3272,3276,3276,3280,3281,3281,3282,3282,3283,3282,3283,3283,3283,3284,3283,3284,3284,3284,3284,3284,3283,3284,3284,3285,3284,3285,3284,3284,3284,3285,3285,3285,3285,3285,3285,3285,3285,3285,3285,3285,3285,3285,3285,3286,3285,3285,3285,3285,3285,3285,3285,3285,3286,3285,3284,3285,3286,3286,3244,3256,3215,3277,3278,3276,3276,3276,3275,3274,3275,3275,3276,3275,3276,3276,3275,3276,3276,3275,3276,3276,3275,3274,3275,3275,3273,3273,3273,3273,3274,3264,3262,3261,3262,3259,3259,3259,3258,3258,3256,3258,3257,3257,3256,3256,3255,3256,3256,3256,3255,3255,3255,3255,3254,3254,3254,3254,3254,3255,3253,3253,3254,3251,3252,3251,3252,3253,3252,3253,3253,3252,3252,3252,3252,3251,3251,3251,3250,3250,3251,3249,3249,3250,3250,3250,3249,3249,3249,3248,3248,3248,3249,3248,3247,3248,3248,3249,3247,3247,3247,3247,3246,3247,3246,3247,3246,3246,3247,3246,3244,3244,3246,3245,3244,3245,3245,3244,3244,3244,3244,3244,3244,3243,3243,3242,3243,3243,3243,3242,3241,3242,3241,3241,3240,3240,3240,3240,3240,3239,3240,3239,3239,3240,3239,3239,3238,3238,3238,3238,3238,3237,3238,3238,3237,3237,3236,3236,3235,3236,3236,3233,3235,3235,3234,3234,3233,3234,3232,3233,3233,3233,3233,3233,3232,3230,3231,3230,3231,3230,3230,3230,3228,3229,3229,3228,3228,3229,3228,3228,3227,3226,3227,3227,3226,3227,3225,3226,3226,3226,3226,3225,3225,3224,3223,3225,3223,3223,3222,3223,3222,3221,3222,3222,3222,3221,3221,3221,3221,3221,3221,3220,3220,3220,3219,3219,3219,3219,3218,3218,3219,3219,3217,3218,3217,3217,3217,3216,3216,3215,3215,3214,3215,3214,3215,3215,3213,3214,3213,3212,3212,3212,3212,3211,3211,3209,3211,3210,3209,3208,3208,3208,3208,3206,3207,3206,3206,3206,3206,3205,3204,3204,3204,3204,3203,3202,3151,3141,3136,3135,3130,3125,3123,3115,3112,3112,3102,3100,3099,3096,3077,3143,3167,3176,3181,3184,3187,3188,3190,3190,3191,3192,3193,3194,3194,3195,3096,3084,3071,3161,3173,3179,3182,3186,3186,3189,3189,3190,3191,3191,3192,3193,3193,3195,
34200,5251,5251,5251,5252,5251,5252,5252,5252,5252,5252,5252,5252,5252,5252,5253,5253,5253,5253,5253,5253,5253,5253,5253,5253,5253,5253,5253,5253,5253,5254,5254,5253,5254,5253,5254,5254,5254,5254,5255,5254,5254,5255,5254,5255,5131,5100,5092,5083,5064,5059,5067,5062,5053,5060,5057,5046,5043,5048,5036,5041,5031,5034,5038,5025,5030,5019,5017,5022,5009,5005,5008,5002,5005,4992,4986,4982,4982,4973,4979,4970,4962,4963,4955,4997,5083,5099,5108,5113,5117,5120,5123,5125,5126,5128,5129,5130,5130,5131,5132,5132,5133,5133,5134,5134,5134,5135,5135,5135,5136,5136,5136,5136,5136,5137,5137,5137,5137,5137,5137,5137,5138,5138,5138,5138,5138,5138,5138,5139,5138,5139,5139,5138,5139,5139,5139,5139,5139,5139,5139,5139,5139,5140,5139,5140,5139,5140,5139,5140,5140,5140,5139,5140,5140,5140,5140,5140,5140,5140,5140,5140,5140,5140,5141,5141,5140,5140,5141,5141,5140,5141,5141,5141,5141,5141,5141,5141,5141,5141,5141,5141,5141,5141,5141,5141,5141,5141,5141,5141,5142,5141,5142,5141,5142,5142,5142,5141,5142,5142,5142,5142,5142,5142,5142,5142,5142,5142,5142,5142,5142,5142,5142,5142,5142,5142,5142,5142,5142,5142,5142,5143,5142,5142,5142,5142,5142,5143,5142,5142,5142,5142,5142,5142,5143,5142,5142,5143,5142,5143,5143,5143,5142,5142,5143,5143,5143,5143,5143,5143,5143,5142,5143,5143,5143,5143,5143,5143,5143,5142,5143,5143,5143,5143,5143,5143,5143,5143,5143,5143,5143,5143,5144,5143,5143,5143,5143,5143,5143,5143,5143,5143,5143,5143,5143,5143,5143,5143,5143,5143,5143,5143,5143,5143,5143,5143,5143,5143,5143,5143,5143,5143,5143,5143,5143,5143,5143,5143,5143,5144,5143,5144,5143,5144,5144,5144,5143,5143,5144,5144,5144,5143,5143,5143,5144,5143,5143,5143,5143,5143,5144,5144,5144,5144,5144,5143,5143,5143,5143,5143,5144,5143,5144,5144,5144,5144,5143,5143,5144,5144,5143,5143,5143,5143,5144,5144,5144,5144,5144,5144,5144,5144,5144,5144,5144,5144,5144,5143,5144,5144,5144,5144,5144,5144,5144,5144,5144,5144,5144,5144,5144,5144,5144,5144,5144,5144,5144,5144,5144,5143,5144,5144,5144,5144,5144,5144,5143,5144,5144,5144,5144,5143,5144,5144,5144,5144,5144,5144,5144,5144,5144,5144,5144,5144,5144,5145,5144,5144,5144,5144,5144,5144,5144,5144,5145,5144,5144,5144,5144,5144,5144,5144,5144,5144,5145,5145,5144,5144,5144,5145,5144,5144,5144,5144,5144,5144,5144,5144,5144,5144,5144,5144,5144,5144,5144,5144,5144,5144,5144,5144,5144,5144,5144,5144,5145,5144,5144,5144,5144,5144,5144,5144,5144,5144,5144,5144,5144,5144,5144,5145,5144,5144,5144,5145,5144,5144,5144,5144,5144,5145,5144,5144,5144,5145,5144,5144,5145,5144,5144,5145,5144,5145,5145,5144,5144,5145,5145,5144,5145,5145,5144,5145,5145,5145,5145,5145,5144,5145,5029,4980,4957,4940,4937,5063,5079,5087,5093,5097,5098,5101,5102,5104,5105,5106,5107,5108,5108,5109,5109,5109,5110,5111,5111,5112,5112,5112,5113,
34201,0,0,0,0,0,0,0,0,0,0,0,0,0,0,0,0,0,0,0,0,0,0,0,0,0,0,0,0,0,0,0,0,0,0,0,0,0,0,0,0,0,0,0,0,65077,65075,65073,65072,65071,65071,65070,65070,65069,65069,65069,65068,65068,65067,65067,65067,65066,65066,65065,65065,65065,65064,65064,65064,65063,65062,65062,65062,65061,65061,65060,65060,65059,65059,65058,65057,65057,65057,65056,65048,0,0,0,0,0,0,0,0,0,0,0,0,0,0,0,0,0,0,0,0,0,0,0,0,0,0,0,0,0,0,0,0,0,0,0,0,0,0,0,0,0,0,0,0,0,0,0,0,0,0,0,0,0,0,0,0,0,0,0,0,0,0,0,0,0,0,0,0,0,0,0,0,0,0,0,0,0,0,0,0,0,0,0,0,0,0,0,0,0,0,0,0,0,0,0,0,0,0,0,0,0,0,0,0,0,0,0,0,0,0,0,0,0,0,0,0,0,0,0,0,0,0,0,0,0,0,0,0,0,0,0,0,0,0,0,0,0,0,0,0,0,0,0,0,0,0,0,0,0,0,0,0,0,0,0,0,0,0,0,0,0,0,0,0,0,0,0,0,0,0,0,0,0,0,0,0,0,0,0,0,0,0,0,0,0,0,0,0,0,0,0,0,0,0,0,0,0,0,0,0,0,0,0,0,0,0,0,0,0,0,0,0,0,0,0,0,0,0,0,0,0,0,0,0,0,0,0,0,0,0,0,0,0,0,0,0,0,0,0,0,0,0,0,0,0,0,0,0,0,0,0,0,0,0,0,0,0,0,0,0,0,0,0,0,0,0,0,0,0,0,0,0,0,0,0,0,0,0,0,0,0,0,0,0,0,0,0,0,0,0,0,0,0,0,0,0,0,0,0,0,0,0,0,0,0,0,0,0,0,0,0,0,0,0,0,0,0,0,0,0,0,0,0,0,0,0,0,0,0,0,0,0,0,0,0,0,0,0,0,0,0,0,0,0,0,0,0,0,0,0,0,0,0,0,0,0,0,0,0,0,0,0,0,0,0,0,0,0,0,0,0,0,0,0,0,0,0,0,0,0,0,0,0,0,0,0,0,0,0,0,0,0,0,0,0,0,0,0,0,0,0,0,0,0,0,0,0,0,0,0,0,0,0,0,0,0,0,0,0,0,0,0,0,0,0,0,0,0,0,0,0,0,65086,65080,65078,65077,65075,0,0,0,0,0,0,0,0,0,0,0,0,0,0,0,0,0,0,0,0,0,0,0,0,
34202,307,307,307,307,307,307,307,307,307,307,307,307,307,307,307,307,307,307,307,307,307,307,307,307,307,307,307,307,307,307,307,307,307,307,307,307,307,307,307,307,307,307,307,307,302,297,291,285,279,273,268,262,256,250,244,238,232,227,221,215,209,203,197,191,185,179,173,168,162,156,150,144,138,132,126,125,124,123,123,120,117,114,112,107,107,107,107,107,107,107,107,107,107,107,107,107,107,107,107,107,107,107,107,107,107,107,107,107,107,107,107,107,107,107,107,107,107,107,107,107,107,107,107,107,107,107,107,107,107,107,107,107,107,107,107,107,107,107,107,107,107,107,107,107,107,107,107,107,107,107,107,107,107,107,107,107,107,107,107,107,107,107,107,107,107,107,107,107,107,107,107,107,107,107,107,107,107,107,107,107,107,107,107,107,107,107,107,107,107,107,107,107,107,107,107,107,107,107,107,107,107,107,107,107,107,107,107,107,107,107,107,107,107,107,107,107,107,107,107,107,107,107,107,107,110,110,110,110,110,110,110,110,110,110,110,110,110,110,110,110,110,110,110,110,110,110,110,110,110,110,110,110,110,110,110,110,110,110,110,110,110,110,110,110,110,110,110,110,110,110,110,110,110,110,110,110,110,110,110,110,110,110,110,110,110,110,110,110,110,110,110,110,110,110,110,110,110,110,110,110,110,110,110,110,110,110,110,110,110,110,110,110,110,110,110,110,110,110,110,110,110,110,110,110,110,110,110,110,110,110,110,110,110,110,110,110,110,110,110,110,110,110,110,110,110,110,110,110,110,110,110,110,110,110,110,110,110,110,110,110,110,110,110,110,110,110,110,110,110,110,110,110,110,110,110,110,110,110,110,110,110,110,110,110,110,110,110,110,110,110,110,110,110,110,110,110,110,110,110,110,110,110,110,110,110,110,110,110,110,110,110,110,110,110,110,110,110,110,110,110,110,110,110,110,110,110,110,110,110,110,110,110,110,110,110,110,110,110,110,110,110,110,110,110,110,110,110,110,110,110,110,110,110,110,110,110,110,110,110,110,110,110,110,110,110,110,110,110,110,110,110,110,110,110,110,110,110,110,110,110,110,110,110,110,110,110,110,110,110,110,110,110,110,110,110,110,110,110,110,110,110,110,110,110,110,110,110,110,110,110,110,110,110,110,110,110,110,107,104,102,99,98,98,98,98,98,98,98,98,98,98,98,98,98,98,98,98,98,98,98,98,98,98,98,98,
34203,49,49,49,49,49,49,49,49,49,49,49,49,49,49,49,49,49,49,49,49,49,49,49,49,49,49,49,49,49,49,49,49,49,49,49,49,49,49,49,49,49,49,49,49,49,49,49,49,49,49,49,49,49,49,49,49,49,49,49,49,49,49,49,49,49,49,49,49,49,49,49,49,49,49,49,49,49,49,49,49,49,49,49,49,49,49,49,49,49,49,49,49,49,49,49,49,49,49,49,49,49,49,49,49,49,49,49,49,49,49,49,49,49,49,49,49,49,49,49,49,49,49,49,49,49,49,49,49,49,49,49,49,49,49,49,49,49,49,49,49,49,49,49,49,49,49,49,49,49,49,49,49,49,49,49,49,49,49,49,49,49,49,49,49,49,49,49,49,49,49,49,49,49,49,49,49,49,49,49,49,49,49,49,49,49,49,49,49,49,49,49,49,49,49,49,49,49,49,49,49,49,49,49,49,49,49,49,49,49,49,49,49,49,49,49,49,49,49,49,49,49,49,49,49,49,49,49,49,49,49,49,49,49,49,49,49,49,49,49,49,49,49,49,49,49,49,49,49,49,49,49,49,49,49,49,49,49,49,49,49,49,49,49,49,49,49,49,49,49,49,49,49,49,49,49,49,49,49,49,49,49,49,49,49,49,49,49,49,49,49,49,49,49,49,49,49,49,49,49,49,49,49,49,49,49,49,49,49,49,49,49,49,49,49,49,49,49,49,49,49,49,49,49,49,49,49,49,49,49,49,49,49,49,49,49,49,49,49,49,49,49,49,49,49,49,49,49,49,49,49,49,49,49,49,49,49,49,49,49,49,49,49,49,49,49,49,49,49,49,49,49,49,49,49,49,49,49,49,49,49,49,49,49,49,49,49,49,49,49,49,49,49,49,49,49,49,49,49,49,49,49,49,49,49,49,49,49,49,49,49,49,49,49,49,49,49,49,49,49,49,49,49,49,49,49,49,49,49,49,49,49,49,49,49,49,49,49,49,49,49,49,49,49,49,49,49,49,49,49,49,49,49,49,49,49,49,49,49,49,49,49,49,49,49,49,49,49,49,49,49,49,49,49,49,49,49,49,49,49,49,49,49,49,49,49,49,49,49,49,49,49,49,49,49,49,49,49,49,49,49,49,49,49,49,49,49,49,49,49,49,49,49,49,49,49,49,49,49,49,49,49,49,49,49,49,49,49,49,49,49,49,49,49,49,49,49,49,49,49,49,49,49,49,49,49,
34204,0,0,0,0,0,0,0,0,0,0,0,0,0,0,0,0,0,0,0,0,0,0,0,0,0,0,0,0,0,0,0,0,0,0,0,0,0,0,0,0,0,0,0,0,3,3,3,3,3,3,3,3,3,3,3,3,3,3,3,3,3,3,3,3,3,3,3,3,3,3,3,3,3,3,3,3,3,3,3,3,3,3,3,2,0,0,0,0,0,0,0,0,0,0,0,0,0,0,0,0,0,0,0,0,0,0,0,0,0,0,0,0,0,0,0,0,0,0,0,0,0,0,0,0,0,0,0,0,0,0,0,0,0,0,0,0,0,0,0,0,0,0,0,0,0,0,0,0,0,0,0,0,0,0,0,0,0,0,0,0,0,0,0,0,0,0,0,0,0,0,0,0,0,0,0,0,0,0,0,0,0,0,0,0,0,0,0,0,0,0,0,0,0,0,0,0,0,0,0,0,0,0,0,0,0,0,0,0,0,0,0,0,0,0,0,0,0,0,0,0,0,0,0,0,0,0,0,0,0,0,0,0,0,0,0,0,0,0,0,0,0,0,0,0,0,0,0,0,0,0,0,0,0,0,0,0,0,0,0,0,0,0,0,0,0,0,0,0,0,0,0,0,0,0,0,0,0,0,0,0,0,0,0,0,0,0,0,0,0,0,0,0,0,0,0,0,0,0,0,0,0,0,0,0,0,0,0,0,0,0,0,0,0,0,0,0,0,0,0,0,0,0,0,0,0,0,0,0,0,0,0,0,0,0,0,0,0,0,0,0,0,0,0,0,0,0,0,0,0,0,0,0,0,0,0,0,0,0,0,0,0,0,0,0,0,0,0,0,0,0,0,0,0,0,0,0,0,0,0,0,0,0,0,0,0,0,0,0,0,0,0,0,0,0,0,0,0,0,0,0,0,0,0,0,0,0,0,0,0,0,0,0,0,0,0,0,0,0,0,0,0,0,0,0,0,0,0,0,0,0,0,0,0,0,0,0,0,0,0,0,0,0,0,0,0,0,0,0,0,0,0,0,0,0,0,0,0,0,0,0,0,0,0,0,0,0,0,0,0,0,0,0,0,0,0,0,0,0,0,0,0,0,0,0,0,0,0,0,0,0,0,0,0,0,0,0,0,0,0,0,0,0,0,0,0,0,0,0,0,0,0,0,0,0,0,0,3,3,3,3,3,0,0,0,0,0,0,0,0,0,0,0,0,0,0,0,0,0,0,0,0,0,0,0,0,
34205,3283,3283,3283,3284,3283,3284,3283,3284,3284,3284,3283,3284,3284,3284,3284,3284,3284,3284,3285,3284,3284,3285,3285,3285,3284,3285,3285,3284,3285,3285,3285,3285,3285,3285,3285,3286,3285,3285,3286,3285,3285,3285,3285,3286,3210,3190,3187,3182,3169,3167,3170,3166,3161,3166,3165,3157,3155,3158,3151,3155,3147,3149,3152,3144,3146,3140,3139,3142,3135,3133,3134,3129,3132,3123,3121,3117,3117,3113,3117,3110,3106,3106,3101,3126,3179,3190,3194,3197,3200,3203,3204,3204,3206,3207,3208,3208,3208,3208,3209,3209,3210,3210,3210,3211,3211,3211,3211,3211,3211,3212,3212,3212,3212,3212,3212,3213,3213,3213,3213,3213,3214,3213,3213,3214,3213,3213,3214,3214,3213,3215,3214,3213,3214,3214,3213,3214,3214,3214,3214,3214,3214,3215,3215,3215,3214,3214,3214,3215,3214,3214,3214,3215,3215,3214,3215,3215,3215,3215,3215,3215,3215,3215,3215,3215,3215,3215,3215,3215,3215,3216,3215,3216,3215,3215,3215,3215,3216,3215,3215,3215,3216,3215,3215,3215,3215,3215,3216,3216,3216,3215,3216,3215,3215,3216,3215,3215,3216,3215,3216,3215,3215,3216,3216,3216,3216,3216,3216,3215,3216,3216,3216,3216,3217,3216,3216,3216,3216,3216,3215,3216,3216,3216,3216,3215,3216,3216,3216,3216,3215,3217,3216,3216,3216,3216,3216,3217,3216,3217,3217,3216,3217,3215,3216,3216,3216,3216,3216,3217,3217,3217,3216,3216,3216,3216,3216,3217,3217,3216,3217,3217,3216,3216,3217,3216,3217,3217,3217,3216,3216,3217,3217,3217,3216,3218,3217,3216,3216,3217,3216,3216,3217,3217,3217,3217,3216,3217,3216,3216,3217,3217,3217,3216,3217,3217,3216,3216,3217,3217,3217,3216,3216,3217,3217,3217,3217,3217,3217,3218,3217,3217,3217,3218,3217,3217,3216,3217,3217,3217,3218,3217,3217,3218,3217,3217,3217,3217,3217,3217,3217,3217,3217,3217,3217,3217,3216,3217,3217,3217,3217,3217,3217,3217,3217,3217,3217,3217,3217,3217,3217,3217,3217,3216,3217,3217,3218,3218,3217,3217,3217,3218,3217,3218,3217,3218,3217,3217,3217,3217,3217,3218,3217,3217,3217,3217,3217,3217,3217,3218,3217,3217,3217,3217,3217,3218,3218,3217,3217,3217,3217,3218,3217,3217,3217,3218,3217,3218,3217,3217,3217,3217,3217,3217,3217,3218,3217,3218,3218,3217,3218,3218,3217,3218,3217,3217,3217,3218,3218,3217,3217,3217,3218,3217,3217,3218,3217,3218,3218,3217,3217,3217,3218,3217,3218,3218,3217,3218,3217,3218,3218,3217,3217,3217,3217,3218,3217,3218,3217,3218,3218,3217,3217,3217,3218,3217,3218,3218,3217,3217,3217,3218,3217,3217,3218,3218,3217,3217,3218,3218,3218,3217,3218,3218,3218,3217,3217,3217,3217,3218,3218,3218,3218,3218,3217,3218,3217,3217,3218,3217,3218,3218,3217,3218,3217,3217,3217,3217,3218,3218,3218,3217,3218,3218,3217,3218,3217,3218,3218,3218,3218,3218,3218,3218,3218,3218,3217,3218,3146,3117,3101,3093,3089,3167,3176,3182,3185,3186,3188,3190,3191,3192,3192,3193,3193,3194,3194,3194,3195,3195,3195,3196,3196,3196,3197,3197,3197,
34206,3281,3281,3281,3282,3281,3281,3281,3281,3282,3282,3282,3282,3281,3282,3282,3283,3282,3283,3282,3282,3283,3283,3283,3283,3283,3283,3283,3283,3283,3283,3283,3283,3283,3283,3283,3283,3283,3283,3283,3283,3283,3284,3284,3283,3204,3185,3179,3173,3162,3160,3165,3162,3157,3158,3157,3152,3150,3152,3145,3146,3141,3142,3146,3137,3142,3133,3131,3136,3128,3125,3127,3123,3123,3115,3114,3107,3109,3105,3107,3102,3099,3098,3092,3119,3175,3185,3191,3195,3197,3199,3200,3202,3203,3204,3205,3204,3205,3205,3206,3207,3207,3207,3208,3208,3208,3208,3208,3208,3209,3209,3209,3209,3210,3210,3209,3209,3209,3209,3210,3209,3210,3210,3210,3211,3211,3210,3211,3211,3211,3210,3211,3210,3211,3211,3211,3211,3211,3211,3211,3211,3211,3211,3211,3211,3211,3211,3211,3212,3211,3211,3211,3211,3212,3211,3211,3211,3211,3211,3211,3211,3211,3212,3211,3212,3211,3211,3212,3212,3212,3212,3212,3212,3212,3211,3212,3212,3212,3212,3212,3212,3212,3212,3212,3212,3212,3213,3212,3212,3212,3212,3212,3212,3212,3213,3212,3212,3212,3213,3213,3211,3212,3213,3212,3213,3213,3212,3212,3212,3213,3213,3212,3212,3212,3213,3213,3212,3212,3213,3212,3213,3212,3212,3213,3212,3213,3213,3213,3212,3213,3212,3212,3212,3213,3212,3213,3212,3213,3213,3213,3213,3213,3212,3213,3213,3213,3213,3213,3213,3213,3213,3213,3213,3213,3213,3213,3213,3213,3213,3213,3213,3213,3214,3213,3213,3213,3213,3213,3213,3213,3213,3213,3213,3213,3213,3213,3213,3213,3213,3213,3214,3213,3213,3213,3213,3213,3213,3213,3213,3214,3213,3213,3213,3213,3213,3213,3213,3213,3213,3213,3213,3213,3213,3214,3213,3213,3213,3214,3213,3213,3214,3213,3213,3213,3214,3214,3213,3214,3213,3214,3213,3214,3213,3213,3213,3214,3213,3213,3213,3214,3213,3213,3214,3213,3213,3214,3214,3213,3214,3214,3213,3214,3214,3213,3214,3213,3213,3214,3213,3213,3212,3214,3213,3214,3213,3213,3213,3213,3214,3213,3214,3214,3214,3214,3213,3213,3213,3214,3214,3214,3213,3214,3213,3214,3214,3213,3214,3214,3213,3214,3214,3214,3214,3214,3214,3214,3213,3214,3214,3213,3213,3214,3214,3214,3214,3213,3213,3213,3214,3214,3213,3214,3213,3214,3214,3213,3214,3214,3214,3214,3213,3214,3214,3214,3214,3214,3213,3214,3214,3214,3213,3214,3214,3215,3214,3214,3214,3213,3214,3214,3214,3214,3214,3214,3214,3214,3214,3214,3214,3214,3214,3214,3215,3214,3214,3214,3214,3214,3214,3214,3214,3214,3214,3214,3213,3214,3214,3214,3214,3213,3213,3214,3214,3214,3214,3214,3213,3214,3214,3214,3214,3214,3213,3214,3214,3214,3214,3214,3214,3214,3214,3214,3213,3213,3214,3214,3214,3214,3214,3214,3214,3214,3214,3214,3214,3215,3214,3214,3214,3214,3215,3214,3214,3213,3214,3214,3214,3214,3214,3214,3214,3214,3214,3214,3215,3214,3215,3141,3109,3095,3085,3083,3162,3173,3179,3182,3185,3186,3187,3188,3189,3190,3190,3191,3191,3192,3193,3193,3193,3193,3193,3194,3194,3194,3194,3195,
34207,0,0,0,0,0,0,0,0,0,0,0,0,0,0,0,0,0,0,0,0,0,0,0,0,0,0,0,0,0,0,0,0,0,0,0,0,0,0,0,0,0,0,0,0,0,0,0,0,0,0,0,0,0,0,0,0,0,0,0,0,0,0,0,0,0,0,0,0,0,0,0,0,0,0,0,0,0,0,0,0,0,0,0,0,0,0,0,0,0,0,0,0,0,0,0,0,0,0,0,0,0,0,0,0,0,0,0,0,0,0,0,0,0,0,0,0,0,0,0,0,0,0,0,0,0,0,0,0,0,0,0,0,0,0,0,0,0,0,0,0,0,0,0,0,0,0,0,0,0,0,0,0,0,0,0,0,0,0,0,0,0,0,0,0,0,0,0,0,0,0,0,0,0,0,0,0,0,0,0,0,0,0,0,0,0,0,0,0,0,0,0,0,0,0,0,0,0,0,0,0,0,0,0,0,0,0,0,0,0,0,0,0,0,0,0,0,0,0,0,0,0,0,0,0,0,0,0,0,0,0,0,0,0,0,0,0,0,0,0,0,0,0,0,0,0,0,0,0,0,0,0,0,0,0,0,0,0,0,0,0,0,0,0,0,0,0,0,0,0,0,0,0,0,0,0,0,0,0,0,0,0,0,0,0,0,0,0,0,0,0,0,0,0,0,0,0,0,0,0,0,0,0,0,0,0,0,0,0,0,0,0,0,0,0,0,0,0,0,0,0,0,0,0,0,0,0,0,0,0,0,0,0,0,0,0,0,0,0,0,0,0,0,0,0,0,0,0,0,0,0,0,0,0,0,0,0,0,0,0,0,0,0,0,0,0,0,0,0,0,0,0,0,0,0,0,0,0,0,0,0,0,0,0,0,0,0,0,0,0,0,0,0,0,0,0,0,0,0,0,0,0,0,0,0,0,0,0,0,0,0,0,0,0,0,0,0,0,0,0,0,0,0,0,0,0,0,0,0,0,0,0,0,0,0,0,0,0,0,0,0,0,0,0,0,0,0,0,0,0,0,0,0,0,0,0,0,0,0,0,0,0,0,0,0,0,0,0,0,0,0,0,0,0,0,0,0,0,0,0,0,0,0,0,0,0,0,0,0,0,0,0,0,0,0,0,0,0,0,0,0,0,0,0,0,0,0,0,0,0,0,0,0,0,0,0,0,0,0,0,0,0,0,0,0,0,0,0,0,0,0,0,0,0,0,0,0,0,0,0,0,0,0,0,0,0,
34208,0,0,0,0,0,0,0,0,0,0,0,0,0,0,0,0,0,0,0,0,0,0,0,0,0,0,0,0,0,0,0,0,0,0,0,0,0,0,0,0,0,0,0,0,0,0,0,0,0,0,0,0,0,0,0,0,0,0,0,0,0,0,0,0,0,0,0,0,0,0,0,0,0,0,0,0,0,0,0,0,0,0,0,0,0,0,0,0,0,0,0,0,0,0,0,0,0,0,0,0,0,0,0,0,0,0,0,0,0,0,0,0,0,0,0,0,0,0,0,0,0,0,0,0,0,0,0,0,0,0,0,0,0,0,0,0,0,0,0,0,0,0,0,0,0,0,0,0,0,0,0,0,0,0,0,0,0,0,0,0,0,0,0,0,0,0,0,0,0,0,0,0,0,0,0,0,0,0,0,0,0,0,0,0,0,0,0,0,0,0,0,0,0,0,0,0,0,0,0,0,0,0,0,0,0,0,0,0,0,0,0,0,0,0,0,0,0,0,0,0,0,0,0,0,0,0,0,0,0,0,0,0,0,0,0,0,0,0,0,0,0,0,0,0,0,0,0,0,0,0,0,0,0,0,0,0,0,0,0,0,0,0,0,0,0,0,0,0,0,0,0,0,0,0,0,0,0,0,0,0,0,0,0,0,0,0,0,0,0,0,0,0,0,0,0,0,0,0,0,0,0,0,0,0,0,0,0,0,0,0,0,0,0,0,0,0,0,0,0,0,0,0,0,0,0,0,0,0,0,0,0,0,0,0,0,0,0,0,0,0,0,0,0,0,0,0,0,0,0,0,0,0,0,0,0,0,0,0,0,0,0,0,0,0,0,0,0,0,0,0,0,0,0,0,0,0,0,0,0,0,0,0,0,0,0,0,0,0,0,0,0,0,0,0,0,0,0,0,0,0,0,0,0,0,0,0,0,0,0,0,0,0,0,0,0,0,0,0,0,0,0,0,0,0,0,0,0,0,0,0,0,0,0,0,0,0,0,0,0,0,0,0,0,0,0,0,0,0,0,0,0,0,0,0,0,0,0,0,0,0,0,0,0,0,0,0,0,0,0,0,0,0,0,0,0,0,0,0,0,0,0,0,0,0,0,0,0,0,0,0,0,0,0,0,0,0,0,0,0,0,0,0,0,0,0,0,0,0,0,0,0,0,0,0,0,0,0,0,0,0,0,0,0,0,0,0,0,0,0,0,0,0,0,0,0,0,0,0,0,0,0,0,0,0,0,
34209,0,0,0,0,0,0,0,0,0,0,0,0,0,0,0,0,0,0,0,0,0,0,0,0,0,0,0,0,0,0,0,0,0,0,0,0,0,0,0,0,0,0,0,0,0,0,0,0,0,0,0,0,0,0,0,0,0,0,0,0,0,0,0,0,0,0,0,0,0,0,0,0,0,0,0,0,0,0,0,0,0,2,2,2,0,0,0,0,0,0,0,0,0,0,0,0,0,0,0,0,0,0,0,0,0,0,0,0,0,0,0,0,0,0,0,0,0,0,0,0,0,0,0,0,0,0,0,0,0,0,0,0,0,0,0,0,0,0,0,0,0,0,0,0,0,0,0,0,0,0,0,0,0,0,0,0,0,0,0,0,0,0,0,0,0,0,0,0,0,0,0,0,0,0,0,0,0,0,0,0,0,0,0,0,0,0,0,0,0,0,0,0,0,0,0,0,0,0,0,0,0,0,0,0,0,0,0,0,0,0,0,0,0,0,0,0,0,0,0,0,0,0,0,0,0,0,0,0,0,0,0,0,0,0,0,0,0,0,0,0,0,0,0,0,0,0,0,0,0,0,0,0,0,0,0,0,0,0,0,0,0,0,0,0,0,0,0,0,0,0,0,0,0,0,0,0,0,0,0,0,0,0,0,0,0,0,0,0,0,0,0,0,0,0,0,0,0,0,0,0,0,0,0,0,0,0,0,0,0,0,0,0,0,0,0,0,0,0,0,0,0,0,0,0,0,0,0,0,0,0,0,0,0,0,0,0,0,0,0,0,0,0,0,0,0,0,0,0,0,0,0,0,0,0,0,0,0,0,0,0,0,0,0,0,0,0,0,0,0,0,0,0,0,0,0,0,0,0,0,0,0,0,0,0,0,0,0,0,0,0,0,0,0,0,0,0,0,0,0,0,0,0,0,0,0,0,0,0,0,0,0,0,0,0,0,0,0,0,0,0,0,0,0,0,0,0,0,0,0,0,0,0,0,0,0,0,0,0,0,0,0,0,0,0,0,0,0,0,0,0,0,0,0,0,0,0,0,0,0,0,0,0,0,0,0,0,0,0,0,0,0,0,0,0,0,0,0,0,0,0,0,0,0,0,0,0,0,0,0,0,0,0,0,0,0,0,0,0,0,0,0,0,0,0,0,0,0,0,0,0,0,0,0,0,0,0,0,0,2,2,2,0,0,0,0,0,0,0,0,0,0,0,0,0,0,0,0,0,0,0,0,0,0,0,0,
34210,116,116,116,116,116,116,116,116,116,116,116,116,116,116,116,116,116,116,116,116,116,116,116,116,116,116,116,116,116,116,116,116,116,116,116,116,116,116,116,116,116,116,116,116,116,116,116,116,116,116,116,116,116,116,116,116,116,116,116,116,116,116,116,116,116,116,116,116,116,116,116,116,116,116,116,116,116,116,116,116,116,116,116,116,116,116,116,116,116,116,116,116,116,116,116,116,116,116,116,116,116,116,116,116,116,116,116,116,116,116,116,116,116,116,116,116,116,116,116,116,116,116,116,116,116,116,116,116,116,116,116,116,116,116,116,116,116,116,116,116,116,116,116,116,116,116,116,116,116,116,116,116,116,116,116,116,116,116,116,116,116,116,116,116,116,116,116,116,116,116,116,116,116,116,116,116,116,116,116,116,116,116,116,116,116,116,116,116,116,116,116,116,116,116,116,116,116,116,116,116,116,116,116,116,116,116,116,116,116,116,116,116,116,116,116,116,116,116,116,116,116,116,116,116,116,116,116,116,116,116,116,116,116,116,116,116,116,116,116,116,116,116,116,116,116,116,116,116,116,116,116,116,116,116,116,116,116,116,116,116,116,116,116,116,116,116,116,116,116,116,116,116,116,116,116,116,116,116,116,116,116,116,116,116,116,116,116,116,116,116,116,116,116,116,116,116,116,116,116,116,116,116,116,116,116,116,116,116,116,116,116,116,116,116,116,116,116,116,116,116,116,116,116,116,116,116,116,116,116,116,116,116,116,116,116,116,116,116,116,116,116,116,116,116,116,116,116,116,116,116,116,116,116,116,116,116,116,116,116,116,116,116,116,116,116,116,116,116,116,116,116,116,116,116,116,116,116,116,116,116,116,116,116,116,116,116,116,116,116,116,116,116,116,116,116,116,116,116,116,116,116,116,116,116,116,116,116,116,116,116,116,116,116,116,116,116,116,116,116,116,116,116,116,116,116,116,116,116,116,116,116,116,116,116,116,116,116,116,116,116,116,116,116,116,116,116,116,116,116,116,116,116,116,116,116,116,116,116,116,116,116,116,116,116,116,116,116,116,116,116,116,116,116,116,116,116,116,116,116,116,116,116,116,116,116,116,116,116,116,116,116,116,116,116,116,116,116,116,116,116,116,116,116,116,116,116,116,116,116,116,116,116,116,116,116,116,116,116,116,116,116,116,116,116,116,116,116,116,116,116,116,116,116,116,116,116,116,116,116,116,116,116,116,116,116,
34211,317,318,317,316,316,316,316,317,317,315,314,316,316,315,315,315,314,313,315,315,315,317,316,317,318,318,319,319,320,322,322,323,322,324,323,326,325,325,325,324,326,325,325,325,325,324,325,325,326,326,328,328,329,329,331,333,335,335,339,339,341,340,342,344,347,347,348,349,350,353,351,353,354,357,358,358,358,362,362,363,365,365,366,368,369,370,372,373,373,372,373,373,375,374,375,374,375,375,375,375,375,374,372,373,373,373,374,373,373,374,373,374,373,372,372,372,372,371,370,369,370,368,367,368,367,365,363,364,362,362,361,360,361,359,357,359,357,355,356,354,354,354,354,353,352,351,350,351,351,348,350,349,347,345,344,345,344,344,344,343,343,344,343,342,342,341,342,340,340,340,340,341,338,339,338,338,338,338,338,338,339,337,338,338,338,335,336,337,337,335,336,336,334,334,335,336,335,335,335,335,335,334,335,333,334,334,335,334,334,333,333,333,333,333,333,333,333,334,333,333,333,334,332,332,332,331,330,332,330,333,331,333,332,331,332,331,333,331,331,333,331,333,331,332,330,331,332,333,331,330,330,330,331,331,331,333,333,331,332,332,332,331,332,331,332,330,332,330,331,329,330,331,331,329,330,330,332,332,330,331,329,330,330,330,329,331,329,329,329,330,330,329,330,329,328,331,328,331,329,328,328,329,330,329,328,328,329,328,329,329,328,328,329,327,328,328,329,328,328,328,328,329,326,329,327,327,326,328,325,328,327,327,328,327,325,328,328,327,326,326,326,327,326,327,326,327,327,325,325,326,327,327,325,326,326,327,325,325,325,324,325,324,324,325,325,324,324,326,326,324,325,324,324,322,324,324,325,324,324,323,324,325,323,324,323,324,324,325,323,323,322,322,324,322,323,324,324,322,322,324,323,321,323,323,322,323,322,323,322,321,323,322,322,324,322,322,324,321,322,322,324,322,322,322,322,322,322,322,320,323,323,323,321,322,321,323,322,322,321,322,321,321,321,322,321,321,322,321,321,322,321,321,322,321,320,321,320,322,321,320,320,322,320,320,321,320,321,320,320,321,319,321,322,320,320,322,321,320,319,321,321,320,320,321,319,319,320,320,319,321,319,320,319,319,318,321,320,320,319,320,320,319,320,320,321,320,321,320,319,320,320,319,318,320,319,318,321,321,321,321,321,322,323,324,325,325,325,328,326,327,328,329,329,328,330,329,331,329,329,330,329,329,330,329,330,
34212,269,269,268,267,267,266,265,265,265,264,264,263,262,262,262,261,261,262,262,263,263,264,265,266,266,267,268,269,270,270,271,272,273,273,273,273,273,273,273,273,272,272,272,272,304,311,320,328,335,342,349,356,362,368,374,380,386,391,397,403,408,411,417,423,428,432,437,440,445,450,454,457,461,465,469,473,476,480,483,487,489,493,496,515,487,470,459,452,446,441,436,432,428,424,420,416,413,409,407,404,402,400,397,394,392,390,388,386,384,383,382,380,377,375,372,370,368,366,364,361,359,358,355,354,351,349,348,345,343,342,339,338,336,334,333,331,330,328,327,326,324,322,321,320,319,317,316,315,313,312,311,311,308,308,307,306,305,303,303,301,301,300,299,298,298,296,296,295,295,294,293,293,292,292,291,289,289,289,289,288,287,287,286,286,285,285,284,284,283,283,283,282,281,281,281,280,280,279,279,279,279,279,278,278,278,277,277,277,277,277,276,276,276,275,276,275,274,275,274,274,274,274,274,274,273,272,272,273,272,272,272,272,271,272,271,271,271,270,270,270,270,270,270,271,269,270,270,270,270,270,269,269,269,269,269,269,269,269,268,269,269,269,269,269,268,268,268,268,268,268,268,268,268,268,268,268,267,267,268,268,268,267,268,268,266,267,267,266,267,267,267,266,266,266,266,266,266,266,266,266,266,266,266,265,266,265,266,266,265,265,266,265,265,265,265,265,265,265,265,264,265,264,264,264,264,264,264,264,264,264,264,264,263,264,264,264,263,263,263,264,263,263,263,263,263,263,263,262,263,262,262,263,262,262,263,262,262,264,261,262,262,262,261,261,262,261,261,261,261,261,261,261,261,262,261,261,261,261,261,261,261,260,261,261,261,261,261,261,261,260,260,260,260,260,260,259,260,260,260,260,260,259,259,259,259,259,259,259,259,259,260,259,259,259,259,259,259,259,258,259,259,258,259,259,259,259,259,259,259,259,259,258,258,258,258,258,258,258,258,258,258,258,258,258,258,258,258,258,258,258,258,258,258,257,258,258,257,258,258,257,258,257,257,257,257,257,257,257,256,257,257,257,257,257,257,256,256,257,256,256,257,257,257,257,257,257,256,257,257,256,256,257,256,256,256,256,256,256,256,257,256,256,256,256,256,256,256,256,256,256,256,256,256,256,256,256,289,294,302,311,319,315,304,298,296,295,294,294,293,292,292,292,292,290,289,289,289,288,287,287,286,286,285,285,284,
34213,236,236,236,236,237,236,237,237,237,236,236,236,237,237,236,236,237,236,236,236,236,236,236,236,236,236,236,236,236,236,236,236,237,236,236,236,236,237,237,236,236,236,236,236,237,237,237,237,238,239,240,240,241,242,242,244,244,245,246,247,248,249,250,251,252,253,254,255,256,257,258,259,260,262,262,264,265,266,267,268,269,270,271,273,273,273,273,274,274,274,274,274,274,274,274,275,274,274,274,275,275,275,275,275,275,275,275,275,275,275,275,275,275,275,275,275,275,275,275,275,275,275,275,275,275,275,275,274,275,275,274,275,274,275,275,274,274,274,274,274,274,274,274,274,274,274,274,274,274,274,274,274,274,273,273,273,274,273,273,273,273,273,273,273,273,273,273,273,273,273,272,273,272,273,273,273,273,273,272,272,272,273,273,272,272,272,272,272,272,273,272,272,272,272,272,272,272,272,272,272,272,272,272,272,272,272,272,272,272,272,272,272,272,272,272,272,272,272,272,271,272,272,271,272,271,271,271,271,271,271,271,271,271,271,271,270,270,270,270,270,270,270,270,270,270,269,269,269,270,269,269,269,269,269,269,269,269,268,269,269,269,269,268,268,268,268,268,268,268,267,268,268,267,267,267,267,267,267,267,267,267,267,266,267,267,266,266,266,266,266,266,266,266,266,266,266,265,266,265,265,265,265,265,265,265,265,265,265,265,265,265,265,264,264,264,264,264,264,264,264,264,264,264,263,263,264,264,263,263,263,263,263,263,263,263,263,263,263,263,263,263,262,263,262,262,262,263,262,262,262,262,262,262,262,261,262,262,262,262,261,261,261,261,261,261,261,261,261,261,261,261,261,261,261,260,261,260,260,260,260,260,260,260,260,260,260,260,260,260,260,260,260,260,259,259,260,259,260,260,259,259,259,259,259,259,259,259,259,259,259,259,259,258,259,258,259,258,258,258,258,258,258,258,258,258,258,258,258,258,258,258,258,258,257,258,257,258,257,258,257,258,257,257,257,257,257,257,257,257,257,257,257,257,257,257,257,257,257,256,256,257,256,256,256,256,256,256,256,256,256,256,256,256,256,256,256,256,256,256,256,256,256,255,255,255,255,256,255,255,255,255,255,255,255,255,255,255,255,255,255,255,255,254,255,255,254,255,255,254,254,254,254,255,255,254,254,254,255,256,256,257,258,258,258,258,258,258,258,258,259,258,258,259,258,258,259,259,258,259,259,258,258,258,259,259,
34214,238,238,237,238,238,238,238,238,238,237,238,238,238,238,238,238,238,238,238,238,237,238,237,238,238,238,238,238,238,238,238,238,238,238,238,238,238,238,238,238,238,238,238,238,239,239,239,239,240,240,241,241,242,243,243,244,245,246,247,247,248,249,250,251,252,253,254,255,256,257,258,259,260,261,262,263,265,265,266,268,269,270,271,272,273,273,273,274,274,274,274,274,274,274,274,275,275,275,275,275,275,275,275,275,275,275,276,275,276,276,275,276,276,276,276,276,276,275,276,276,276,276,275,276,276,275,275,275,275,275,275,275,275,275,275,275,275,275,275,275,275,275,275,275,275,274,274,275,274,274,274,274,274,274,274,274,274,274,274,274,273,273,274,273,274,273,273,273,273,273,273,273,273,273,273,273,273,273,272,272,272,272,272,272,272,272,272,272,272,272,272,272,272,272,272,272,272,272,272,272,272,272,271,271,271,272,271,271,271,271,271,271,272,271,271,271,271,271,271,271,271,271,271,271,271,271,270,271,270,270,271,270,271,270,270,270,270,270,270,270,270,270,270,270,270,269,269,269,269,269,269,269,269,269,269,269,269,269,269,269,269,269,268,268,268,268,268,268,268,268,268,268,268,267,268,268,267,267,267,267,267,267,267,267,267,267,267,266,266,266,266,266,266,266,266,266,266,266,266,266,265,265,266,266,266,265,265,265,265,265,265,265,265,265,265,264,265,264,264,265,264,264,264,264,264,264,264,264,264,264,263,263,263,264,263,263,263,263,263,263,263,263,263,262,263,263,263,262,262,262,262,262,262,262,262,262,262,262,262,262,262,262,262,261,261,261,261,261,261,261,261,261,261,261,261,261,261,261,261,261,261,261,260,260,260,260,260,260,260,260,260,260,260,260,259,260,260,260,260,259,260,260,260,259,259,259,259,259,259,259,259,259,259,259,259,259,258,259,259,259,259,259,258,258,259,258,258,258,258,258,258,258,258,258,258,258,258,258,258,258,258,258,258,258,258,257,258,257,257,257,258,257,257,257,257,257,257,257,257,257,257,257,257,257,257,257,257,256,256,257,256,256,256,256,256,256,256,256,256,256,256,256,256,256,256,256,256,256,256,256,256,255,255,256,256,255,255,255,255,256,255,255,255,255,255,255,255,255,255,255,255,255,255,255,255,255,255,255,256,257,257,258,258,259,259,259,259,259,259,259,259,259,259,259,259,259,259,259,259,259,259,259,259,259,260,
34215,235,235,235,235,235,235,235,235,236,235,235,235,235,235,235,235,235,235,235,235,235,235,235,235,235,235,235,235,235,235,235,235,236,235,235,235,235,235,235,235,235,235,235,235,235,236,236,237,237,238,239,239,239,241,242,243,243,244,245,246,247,248,249,250,251,252,253,254,256,257,258,260,260,262,263,264,266,267,268,270,271,272,273,275,275,276,276,276,276,276,276,276,277,276,276,277,277,277,276,277,277,277,276,277,276,276,277,277,277,277,276,277,277,277,277,277,277,276,277,276,277,277,276,276,276,276,276,276,276,276,276,276,276,276,276,276,276,276,276,276,276,276,275,276,275,275,275,275,275,275,275,275,275,275,275,275,275,275,275,275,275,274,275,274,275,274,274,274,274,274,274,274,274,274,274,274,274,274,273,274,273,274,274,273,273,273,273,274,274,274,273,273,273,273,273,273,273,273,273,273,273,273,273,273,273,273,273,273,273,273,273,273,273,272,273,272,272,272,273,272,272,272,272,272,272,272,272,272,272,272,272,272,272,271,272,271,271,271,271,271,271,271,271,271,271,270,270,270,270,270,270,270,270,270,270,270,270,270,270,269,270,270,269,269,269,269,269,269,269,269,269,269,268,268,268,268,268,268,268,268,268,268,268,268,268,267,267,267,267,267,267,267,267,267,267,267,266,267,266,266,266,266,267,266,266,266,266,266,266,266,266,266,266,265,266,265,266,265,265,265,265,265,265,265,264,265,265,264,265,264,264,264,264,264,264,264,264,264,264,264,264,263,264,263,264,264,264,263,263,263,263,263,263,263,263,263,263,263,263,262,262,262,263,262,262,262,262,262,262,262,262,262,262,261,261,262,261,261,261,261,261,261,261,261,261,261,261,261,261,261,261,261,261,260,260,260,260,261,261,260,260,260,260,260,260,260,259,260,260,259,260,260,259,259,259,259,259,259,259,259,259,259,259,259,259,259,259,259,259,259,259,258,258,258,258,258,258,258,258,258,258,258,258,258,258,258,258,258,258,258,258,257,258,258,258,257,257,258,257,257,257,257,257,257,257,257,257,257,257,257,257,256,257,256,257,256,256,256,256,256,256,256,256,256,256,256,256,256,255,256,256,255,256,255,256,255,255,255,255,255,255,255,255,255,255,255,255,255,255,255,255,255,255,255,255,255,255,255,256,257,258,259,259,259,259,259,259,259,259,259,259,259,259,259,259,259,259,259,259,259,259,259,259,259,259,
34216,235,235,235,235,235,235,235,235,235,235,235,235,235,235,235,235,235,235,235,235,235,235,235,235,235,235,235,235,235,235,235,235,235,235,235,235,235,235,235,235,235,235,235,235,235,236,236,237,237,238,238,239,240,241,242,243,243,244,245,246,247,248,249,250,251,252,253,254,256,257,258,259,260,261,262,263,264,265,266,268,269,269,271,272,272,273,273,273,273,273,273,274,274,274,274,274,274,274,274,274,274,274,274,274,274,274,274,275,275,275,274,275,275,275,275,275,275,274,275,275,275,274,274,274,274,274,274,274,274,274,274,274,274,274,274,274,273,274,274,274,273,273,273,273,273,273,273,273,273,273,273,273,273,272,272,272,272,272,272,272,272,272,272,272,272,271,272,272,271,271,271,271,271,271,271,271,271,271,271,271,271,271,271,270,270,270,270,271,270,270,270,270,270,270,270,270,270,270,270,270,270,270,270,269,269,270,269,269,269,269,269,269,270,269,269,269,269,269,269,269,269,269,269,269,269,269,268,269,268,268,268,268,268,268,268,268,268,268,268,267,268,268,268,268,268,267,267,267,267,267,267,267,267,267,267,267,267,266,267,267,266,266,266,266,266,266,266,266,266,265,265,265,265,265,265,265,265,265,265,265,264,265,265,265,264,264,264,264,264,264,264,264,264,264,264,264,263,264,263,263,263,263,263,263,263,263,263,263,263,263,263,263,263,262,263,262,262,262,262,262,262,262,262,262,262,262,262,261,262,261,261,261,261,261,261,261,261,261,261,261,261,260,261,260,261,260,261,260,260,260,260,260,260,260,259,259,260,259,260,259,259,259,259,259,259,259,259,259,259,259,259,258,259,259,258,259,258,258,258,258,258,258,258,258,258,258,258,258,258,258,257,258,257,257,257,257,257,257,258,257,257,257,257,257,257,257,256,256,257,256,256,257,256,256,256,257,256,256,256,256,256,256,256,256,256,256,256,256,255,256,256,255,256,255,256,255,255,255,255,255,255,255,255,255,255,255,255,255,255,255,255,255,255,255,255,255,254,255,254,254,254,254,254,254,254,254,254,254,254,254,254,253,253,253,254,253,253,253,254,253,253,253,253,253,253,253,253,253,253,253,253,253,253,253,253,253,253,253,253,253,252,253,252,252,252,252,252,252,252,252,252,252,252,252,252,252,252,253,253,254,255,255,256,256,256,256,256,256,256,256,256,256,256,256,256,256,256,256,256,256,256,256,256,256,257,
34217,0,0,0,0,0,0,0,0,0,0,0,0,0,0,0,0,0,0,0,0,0,0,0,0,0,0,0,0,0,0,0,0,0,0,0,0,0,0,0,0,0,0,0,0,0,0,0,0,0,0,0,0,0,0,0,0,0,0,0,0,0,0,0,0,0,0,0,0,0,0,0,0,0,0,0,0,0,0,0,0,0,0,0,0,0,0,0,0,0,0,0,0,0,0,0,0,0,0,0,0,0,0,0,0,0,0,0,0,0,0,0,0,0,0,0,0,0,0,0,0,0,0,0,0,0,0,0,0,0,0,0,0,0,0,0,0,0,0,0,0,0,0,0,0,0,0,0,0,0,0,0,0,0,0,0,0,0,0,0,0,0,0,0,0,0,0,0,0,0,0,0,0,0,0,0,0,0,0,0,0,0,0,0,0,0,0,0,0,0,0,0,0,0,0,0,0,0,0,0,0,0,0,0,0,0,0,0,0,0,0,0,0,0,0,0,0,0,0,0,0,0,0,0,0,0,0,0,0,0,0,0,0,0,0,0,0,0,0,0,0,0,0,0,0,0,0,0,0,0,0,0,0,0,0,0,0,0,0,0,0,0,0,0,0,0,0,0,0,0,0,0,0,0,0,0,0,0,0,0,0,0,0,0,0,0,0,0,0,0,0,0,0,0,0,0,0,0,0,0,0,0,0,0,0,0,0,0,0,0,0,0,0,0,0,0,0,0,0,0,0,0,0,0,0,0,0,0,0,0,0,0,0,0,0,0,0,0,0,0,0,0,0,0,0,0,0,0,0,0,0,0,0,0,0,0,0,0,0,0,0,0,0,0,0,0,0,0,0,0,0,0,0,0,0,0,0,0,0,0,0,0,0,0,0,0,0,0,0,0,0,0,0,0,0,0,0,0,0,0,0,0,0,0,0,0,0,0,0,0,0,0,0,0,0,0,0,0,0,0,0,0,0,0,0,0,0,0,0,0,0,0,0,0,0,0,0,0,0,0,0,0,0,0,0,0,0,0,0,0,0,0,0,0,0,0,0,0,0,0,0,0,0,0,0,0,0,0,0,0,0,0,0,0,0,0,0,0,0,0,0,0,0,0,0,0,0,0,0,0,0,0,0,0,0,0,0,0,0,0,0,0,0,0,0,0,0,0,0,0,0,0,0,0,0,0,0,0,0,0,0,0,0,0,0,0,0,0,0,0,0,0,0,0,0,0,0,0,0,0,0,0,0,0,0,0,
34218,3282,3282,3282,3282,3281,3282,3282,3283,3283,3283,3282,3283,3282,3282,3283,3283,3283,3283,3283,3283,3283,3283,3283,3284,3283,3284,3283,3284,3284,3283,3283,3283,3284,3283,3284,3284,3284,3284,3284,3284,3284,3284,3284,3285,3204,3190,3182,3179,3166,3162,3166,3164,3157,3158,3164,3152,3150,3154,3147,3150,3146,3142,3148,3137,3143,3137,3131,3138,3132,3128,3134,3123,3126,3118,3116,3107,3109,3107,3107,3102,3101,3100,3094,3120,3175,3185,3192,3196,3197,3200,3200,3202,3203,3204,3205,3206,3206,3207,3207,3207,3208,3208,3208,3208,3208,3208,3209,3209,3209,3209,3210,3210,3210,3210,3210,3210,3210,3210,3210,3209,3210,3210,3211,3212,3212,3211,3211,3211,3212,3212,3212,3211,3211,3211,3211,3212,3212,3211,3211,3211,3211,3212,3211,3212,3212,3212,3212,3212,3212,3212,3212,3212,3212,3212,3213,3212,3212,3212,3213,3212,3212,3213,3213,3212,3212,3213,3212,3213,3213,3212,3212,3213,3212,3213,3213,3213,3213,3212,3212,3212,3213,3213,3212,3213,3213,3213,3213,3212,3213,3213,3213,3212,3214,3213,3213,3213,3213,3214,3213,3213,3214,3213,3213,3213,3213,3214,3214,3213,3213,3214,3212,3213,3213,3213,3213,3213,3213,3213,3214,3214,3213,3213,3213,3214,3214,3213,3214,3214,3214,3213,3214,3213,3213,3212,3213,3214,3214,3213,3213,3214,3213,3214,3214,3214,3214,3214,3214,3214,3213,3214,3214,3214,3214,3214,3213,3214,3214,3213,3214,3214,3214,3215,3214,3214,3214,3214,3213,3214,3214,3214,3214,3214,3214,3214,3214,3214,3214,3214,3214,3214,3215,3213,3214,3213,3214,3214,3215,3214,3214,3214,3213,3214,3214,3215,3214,3214,3213,3214,3214,3214,3215,3214,3214,3215,3214,3214,3214,3214,3215,3214,3213,3214,3214,3215,3214,3214,3215,3215,3214,3214,3214,3214,3214,3214,3214,3214,3214,3214,3215,3215,3215,3214,3215,3214,3214,3214,3214,3215,3215,3215,3215,3215,3214,3214,3214,3214,3215,3214,3214,3214,3214,3214,3215,3214,3214,3214,3214,3214,3215,3215,3214,3215,3214,3215,3213,3213,3214,3215,3214,3215,3215,3215,3214,3214,3214,3214,3215,3214,3215,3214,3215,3215,3215,3214,3215,3215,3215,3214,3215,3214,3215,3215,3214,3215,3214,3215,3214,3215,3214,3214,3215,3215,3214,3215,3215,3215,3215,3214,3214,3215,3215,3215,3215,3214,3215,3213,3215,3215,3214,3214,3215,3215,3215,3215,3215,3214,3215,3215,3215,3215,3215,3214,3215,3214,3215,3215,3214,3215,3215,3214,3215,3215,3214,3215,3214,3214,3215,3214,3215,3215,3215,3214,3215,3215,3215,3215,3214,3214,3215,3215,3215,3215,3215,3215,3215,3215,3215,3214,3214,3215,3214,3215,3214,3215,3215,3215,3214,3214,3214,3215,3215,3215,3213,3215,3214,3214,3215,3215,3215,3215,3215,3215,3214,3215,3215,3214,3215,3215,3214,3215,3215,3215,3215,3215,3215,3215,3215,3216,3215,3215,3215,3214,3215,3215,3215,3215,3144,3110,3095,3087,3083,3164,3174,3179,3183,3186,3186,3188,3189,3190,3190,3192,3192,3192,3192,3193,3193,3194,3193,3194,3195,3195,3195,3196,3197,
34219,3282,3282,3282,3282,3283,3283,3283,3282,3282,3283,3283,3282,3282,3283,3283,3283,3283,3283,3283,3283,3283,3284,3284,3284,3283,3283,3283,3283,3283,3284,3284,3283,3284,3283,3284,3284,3285,3284,3285,3284,3284,3284,3284,3285,3204,3189,3184,3179,3167,3164,3165,3163,3159,3161,3161,3154,3150,3154,3150,3146,3144,3144,3146,3137,3142,3138,3134,3138,3132,3129,3132,3126,3128,3119,3119,3112,3113,3109,3110,3104,3103,3102,3094,3123,3177,3187,3193,3195,3198,3200,3202,3203,3204,3205,3205,3206,3206,3207,3207,3208,3209,3209,3208,3208,3209,3209,3208,3209,3209,3210,3210,3210,3210,3210,3210,3210,3211,3212,3211,3211,3212,3211,3211,3211,3212,3211,3212,3212,3212,3212,3211,3212,3212,3212,3212,3212,3212,3213,3212,3212,3212,3211,3212,3212,3212,3212,3212,3212,3212,3212,3212,3212,3212,3213,3213,3212,3212,3213,3213,3213,3213,3212,3213,3213,3212,3212,3213,3213,3213,3212,3212,3212,3213,3214,3213,3213,3214,3213,3212,3213,3213,3213,3213,3214,3213,3213,3213,3213,3213,3213,3214,3214,3213,3214,3213,3213,3213,3215,3214,3213,3214,3214,3214,3213,3214,3213,3213,3213,3213,3213,3214,3214,3214,3213,3214,3215,3214,3214,3213,3214,3215,3213,3214,3214,3214,3215,3213,3214,3214,3214,3214,3213,3213,3213,3214,3214,3214,3215,3214,3214,3214,3214,3214,3215,3214,3214,3214,3215,3214,3214,3214,3214,3214,3214,3214,3214,3214,3214,3214,3214,3214,3215,3214,3214,3214,3214,3215,3214,3215,3214,3215,3214,3214,3214,3214,3214,3214,3214,3214,3215,3214,3214,3215,3214,3215,3215,3214,3214,3214,3214,3214,3214,3214,3214,3215,3214,3214,3214,3215,3215,3214,3214,3214,3215,3214,3214,3214,3215,3214,3214,3214,3215,3215,3215,3215,3213,3215,3215,3215,3214,3214,3215,3214,3215,3214,3215,3214,3215,3215,3215,3215,3214,3215,3214,3215,3214,3214,3214,3214,3215,3215,3215,3215,3214,3215,3215,3215,3214,3214,3215,3214,3215,3215,3215,3215,3215,3215,3215,3216,3215,3215,3215,3215,3215,3215,3215,3215,3214,3214,3214,3215,3215,3215,3215,3215,3214,3215,3215,3215,3215,3215,3214,3215,3215,3214,3215,3215,3214,3215,3214,3215,3215,3215,3214,3215,3215,3215,3215,3215,3214,3215,3215,3215,3215,3215,3215,3215,3215,3215,3215,3215,3215,3215,3215,3214,3216,3214,3216,3215,3215,3215,3215,3216,3215,3215,3215,3216,3215,3215,3215,3215,3216,3215,3216,3215,3216,3215,3214,3215,3215,3215,3215,3215,3215,3215,3215,3215,3215,3215,3215,3215,3216,3215,3214,3215,3215,3215,3215,3216,3215,3216,3215,3214,3215,3215,3216,3215,3215,3215,3215,3215,3215,3215,3215,3215,3215,3215,3215,3215,3215,3215,3215,3215,3215,3215,3215,3215,3215,3215,3214,3215,3215,3215,3215,3215,3215,3216,3216,3215,3215,3215,3215,3215,3215,3215,3215,3215,3215,3215,3215,3215,3215,3215,3215,3215,3215,3144,3109,3096,3089,3086,3164,3174,3179,3182,3186,3186,3188,3190,3190,3192,3192,3192,3193,3192,3193,3193,3193,3194,3195,3195,3196,3196,3195,3196,
34220,3283,3283,3282,3282,3283,3282,3283,3283,3283,3282,3283,3282,3282,3283,3283,3283,3283,3283,3283,3283,3283,3284,3284,3283,3283,3283,3283,3284,3284,3284,3284,3283,3284,3283,3284,3284,3284,3284,3284,3284,3284,3284,3285,3284,3208,3188,3186,3181,3169,3165,3168,3165,3161,3162,3163,3156,3153,3157,3151,3150,3146,3146,3148,3142,3145,3139,3136,3139,3133,3132,3134,3128,3130,3121,3119,3115,3115,3111,3112,3106,3105,3105,3096,3125,3177,3187,3193,3196,3198,3200,3202,3203,3204,3205,3206,3206,3206,3208,3207,3207,3208,3208,3208,3210,3209,3210,3209,3209,3210,3210,3210,3210,3210,3211,3210,3211,3211,3211,3211,3211,3211,3211,3211,3211,3211,3211,3212,3212,3212,3212,3212,3211,3212,3212,3211,3211,3212,3212,3211,3212,3212,3212,3212,3213,3213,3213,3213,3213,3212,3212,3212,3213,3212,3212,3212,3213,3212,3213,3213,3213,3213,3213,3213,3213,3213,3213,3213,3213,3212,3213,3213,3214,3214,3213,3213,3213,3213,3213,3213,3213,3214,3214,3213,3214,3213,3213,3213,3213,3213,3213,3214,3213,3213,3213,3214,3214,3213,3213,3213,3214,3213,3214,3213,3214,3213,3214,3214,3214,3214,3214,3214,3213,3214,3214,3214,3214,3213,3214,3213,3215,3214,3214,3215,3214,3214,3213,3214,3214,3215,3214,3213,3214,3214,3213,3214,3213,3214,3214,3215,3214,3214,3215,3214,3214,3214,3215,3214,3215,3214,3214,3215,3214,3214,3214,3214,3215,3214,3214,3215,3214,3215,3214,3215,3214,3214,3215,3215,3214,3215,3214,3214,3214,3215,3214,3215,3214,3215,3214,3214,3215,3215,3215,3214,3214,3214,3215,3215,3215,3214,3214,3215,3215,3215,3214,3215,3214,3214,3215,3214,3215,3215,3214,3214,3214,3215,3215,3215,3215,3214,3215,3215,3215,3215,3215,3215,3215,3214,3216,3215,3214,3214,3215,3215,3214,3215,3214,3215,3215,3215,3215,3215,3215,3216,3214,3216,3214,3215,3214,3215,3215,3215,3215,3215,3215,3215,3214,3215,3215,3215,3215,3215,3215,3214,3215,3215,3215,3216,3215,3215,3215,3215,3215,3215,3215,3214,3214,3215,3215,3215,3216,3214,3215,3215,3215,3215,3215,3215,3215,3215,3215,3215,3215,3215,3214,3215,3216,3215,3215,3215,3215,3215,3215,3215,3215,3214,3215,3215,3215,3215,3215,3215,3215,3215,3215,3215,3214,3216,3215,3215,3215,3215,3215,3216,3216,3215,3215,3215,3215,3215,3215,3215,3215,3215,3215,3215,3215,3215,3215,3215,3215,3215,3215,3215,3215,3215,3215,3215,3216,3215,3215,3214,3215,3215,3215,3215,3215,3215,3215,3215,3215,3215,3215,3215,3216,3215,3216,3215,3215,3214,3214,3215,3215,3215,3215,3215,3214,3215,3215,3215,3215,3216,3215,3215,3215,3215,3215,3215,3215,3215,3215,3216,3216,3215,3215,3215,3214,3215,3215,3215,3215,3215,3215,3215,3215,3215,3215,3216,3215,3215,3216,3215,3215,3215,3215,3215,3215,3215,3215,3215,3215,3216,3215,3215,3215,3215,3215,3145,3114,3100,3092,3086,3164,3175,3180,3184,3186,3186,3187,3189,3190,3191,3191,3192,3193,3193,3193,3193,3194,3194,3194,3195,3195,3195,3195,3196,
34221,3282,3283,3283,3284,3283,3283,3283,3284,3284,3284,3283,3283,3284,3283,3284,3284,3284,3284,3285,3284,3284,3285,3284,3284,3284,3285,3285,3284,3285,3285,3285,3285,3285,3285,3284,3285,3285,3285,3285,3285,3285,3284,3284,3285,3208,3189,3187,3182,3168,3167,3169,3166,3161,3163,3165,3157,3155,3158,3148,3153,3147,3148,3152,3144,3146,3140,3137,3140,3135,3133,3134,3129,3132,3123,3121,3116,3116,3113,3114,3108,3106,3106,3099,3126,3179,3190,3194,3197,3200,3203,3204,3204,3206,3207,3208,3208,3208,3208,3209,3209,3210,3210,3210,3211,3210,3211,3211,3211,3211,3212,3212,3212,3212,3212,3212,3213,3213,3213,3212,3212,3214,3213,3213,3214,3213,3213,3214,3214,3213,3213,3214,3213,3214,3214,3213,3213,3214,3214,3213,3213,3214,3215,3215,3215,3214,3214,3214,3214,3214,3214,3214,3215,3215,3214,3215,3215,3215,3214,3215,3215,3215,3214,3215,3215,3215,3215,3215,3215,3215,3216,3215,3216,3214,3215,3215,3215,3216,3215,3215,3215,3216,3215,3215,3215,3215,3215,3216,3215,3215,3215,3216,3215,3215,3216,3215,3215,3216,3215,3216,3215,3215,3216,3216,3216,3216,3216,3216,3215,3216,3216,3216,3216,3217,3216,3216,3216,3216,3216,3215,3215,3216,3216,3216,3215,3216,3216,3216,3216,3215,3217,3215,3216,3216,3216,3216,3217,3216,3217,3217,3216,3217,3215,3216,3216,3216,3216,3216,3217,3217,3217,3215,3216,3216,3216,3216,3217,3217,3216,3217,3217,3215,3216,3216,3216,3216,3217,3217,3216,3216,3216,3217,3217,3216,3218,3217,3216,3216,3217,3216,3216,3217,3217,3217,3217,3216,3217,3216,3216,3216,3217,3217,3216,3217,3217,3216,3216,3217,3217,3216,3216,3216,3217,3217,3217,3216,3217,3217,3218,3217,3217,3217,3218,3217,3217,3217,3217,3217,3217,3218,3217,3217,3218,3217,3217,3217,3216,3217,3217,3217,3216,3217,3217,3217,3217,3216,3217,3217,3217,3217,3217,3217,3217,3217,3217,3216,3217,3217,3217,3217,3217,3217,3216,3216,3217,3218,3218,3217,3217,3217,3218,3217,3218,3217,3217,3217,3216,3217,3217,3217,3218,3217,3217,3217,3217,3217,3217,3217,3218,3217,3217,3217,3217,3217,3218,3218,3217,3216,3216,3217,3218,3216,3217,3217,3217,3217,3218,3216,3217,3216,3217,3217,3217,3217,3218,3217,3218,3218,3217,3217,3218,3217,3218,3217,3217,3217,3218,3218,3217,3217,3217,3218,3217,3217,3218,3217,3218,3218,3217,3217,3217,3218,3217,3218,3217,3217,3218,3217,3218,3218,3217,3217,3217,3216,3217,3217,3218,3217,3218,3217,3217,3217,3217,3218,3217,3218,3218,3217,3217,3217,3218,3217,3217,3218,3218,3217,3217,3218,3218,3218,3217,3217,3218,3218,3217,3217,3217,3217,3218,3218,3218,3218,3218,3217,3217,3217,3217,3218,3217,3217,3217,3217,3218,3217,3217,3217,3217,3218,3218,3218,3217,3218,3218,3217,3217,3217,3218,3218,3218,3218,3218,3218,3218,3218,3218,3217,3218,3146,3114,3100,3093,3089,3166,3176,3182,3184,3186,3188,3189,3191,3192,3192,3192,3193,3193,3193,3194,3195,3195,3195,3196,3196,3196,3197,3197,3197,
34222,3282,3282,3282,3282,3282,3282,3282,3283,3282,3283,3282,3282,3283,3282,3283,3283,3283,3283,3282,3283,3283,3283,3283,3283,3284,3283,3284,3283,3283,3284,3284,3284,3284,3284,3283,3284,3283,3283,3285,3284,3285,3284,3284,3284,3207,3186,3184,3179,3166,3161,3166,3164,3157,3161,3163,3153,3152,3156,3145,3151,3141,3147,3149,3140,3143,3137,3133,3138,3132,3129,3130,3126,3130,3120,3118,3114,3112,3110,3110,3107,3100,3102,3095,3122,3176,3186,3192,3195,3198,3200,3201,3203,3204,3205,3205,3206,3207,3207,3207,3208,3207,3208,3208,3208,3208,3209,3209,3210,3210,3209,3209,3210,3210,3210,3210,3211,3210,3211,3211,3211,3211,3211,3211,3211,3211,3211,3211,3211,3211,3211,3211,3211,3211,3212,3211,3212,3211,3212,3211,3212,3212,3212,3211,3211,3212,3212,3211,3212,3212,3211,3211,3212,3213,3212,3212,3212,3212,3213,3212,3213,3211,3212,3212,3213,3212,3212,3213,3213,3212,3213,3213,3213,3213,3212,3213,3213,3213,3213,3212,3213,3213,3213,3213,3213,3213,3213,3213,3213,3213,3214,3213,3213,3213,3213,3214,3213,3212,3214,3213,3213,3214,3213,3213,3213,3213,3213,3214,3212,3213,3213,3213,3214,3213,3213,3213,3213,3213,3214,3213,3214,3213,3213,3213,3214,3214,3214,3214,3213,3214,3214,3214,3212,3214,3214,3214,3213,3213,3214,3213,3214,3214,3213,3214,3214,3214,3214,3214,3213,3214,3213,3213,3214,3214,3214,3214,3215,3214,3214,3213,3214,3214,3214,3214,3214,3214,3214,3214,3214,3214,3214,3215,3215,3214,3214,3214,3214,3214,3214,3214,3214,3214,3214,3213,3213,3214,3214,3214,3214,3214,3214,3214,3213,3215,3215,3215,3214,3213,3215,3215,3214,3214,3214,3214,3214,3213,3214,3215,3214,3215,3214,3214,3215,3215,3215,3214,3213,3215,3215,3215,3215,3214,3214,3214,3215,3214,3214,3214,3214,3214,3214,3215,3214,3215,3213,3214,3214,3214,3214,3214,3214,3215,3215,3213,3215,3214,3215,3215,3215,3214,3214,3214,3214,3214,3214,3215,3214,3214,3214,3215,3214,3215,3214,3215,3214,3215,3215,3215,3214,3215,3213,3215,3214,3214,3215,3215,3215,3214,3215,3214,3215,3215,3214,3214,3215,3214,3214,3214,3214,3215,3214,3215,3215,3214,3215,3215,3214,3214,3215,3214,3214,3215,3214,3214,3215,3214,3214,3215,3214,3214,3215,3215,3215,3215,3215,3215,3215,3214,3214,3214,3215,3215,3214,3215,3215,3215,3215,3215,3215,3214,3215,3215,3215,3215,3215,3215,3215,3215,3215,3215,3214,3215,3215,3214,3215,3214,3215,3215,3215,3215,3215,3215,3215,3214,3215,3215,3214,3215,3215,3215,3214,3215,3215,3215,3215,3215,3214,3215,3215,3215,3215,3214,3215,3214,3215,3215,3215,3215,3215,3214,3215,3215,3215,3215,3215,3215,3215,3214,3214,3215,3214,3215,3215,3215,3214,3216,3215,3214,3215,3215,3215,3215,3215,3215,3214,3215,3215,3214,3215,3215,3215,3215,3215,3215,3215,3215,3215,3143,3112,3098,3090,3084,3164,3174,3180,3183,3185,3186,3188,3189,3189,3190,3191,3191,3192,3192,3193,3193,3193,3194,3194,3194,3194,3195,3196,3195,
34223,3283,3283,3282,3283,3283,3283,3283,3283,3283,3283,3283,3283,3283,3283,3284,3284,3284,3283,3283,3284,3284,3284,3284,3284,3284,3284,3284,3284,3284,3284,3284,3284,3284,3284,3285,3285,3285,3284,3286,3285,3285,3285,3284,3285,3209,3186,3185,3176,3165,3161,3166,3164,3158,3161,3159,3152,3152,3155,3145,3150,3141,3146,3149,3140,3143,3137,3134,3138,3132,3128,3128,3126,3131,3120,3118,3114,3113,3110,3112,3108,3101,3103,3098,3125,3178,3188,3193,3197,3200,3201,3202,3204,3205,3205,3205,3206,3207,3208,3208,3209,3208,3209,3209,3210,3209,3210,3210,3211,3210,3211,3211,3211,3210,3211,3211,3211,3211,3211,3212,3211,3212,3212,3212,3212,3211,3212,3212,3212,3212,3212,3212,3213,3213,3212,3213,3212,3213,3213,3213,3212,3213,3213,3213,3212,3213,3212,3212,3213,3212,3213,3213,3213,3212,3213,3213,3214,3213,3213,3213,3213,3213,3214,3214,3214,3213,3214,3213,3213,3213,3213,3213,3215,3214,3214,3214,3213,3214,3213,3214,3215,3214,3214,3214,3214,3214,3213,3215,3214,3214,3214,3214,3214,3214,3214,3215,3214,3214,3214,3215,3214,3214,3215,3215,3214,3213,3215,3214,3214,3214,3214,3215,3214,3215,3215,3214,3214,3214,3214,3214,3214,3214,3214,3215,3214,3215,3215,3214,3214,3214,3214,3214,3214,3215,3215,3215,3214,3214,3214,3215,3215,3214,3215,3215,3215,3215,3215,3215,3214,3214,3214,3216,3215,3215,3215,3214,3215,3215,3214,3216,3215,3214,3215,3215,3215,3216,3215,3214,3215,3215,3215,3215,3214,3214,3215,3214,3215,3215,3215,3215,3215,3215,3215,3214,3215,3215,3215,3215,3215,3215,3214,3216,3215,3215,3215,3214,3215,3215,3214,3215,3215,3214,3215,3215,3215,3215,3215,3216,3216,3215,3215,3214,3216,3215,3215,3215,3215,3215,3214,3215,3215,3215,3214,3215,3215,3215,3215,3215,3215,3215,3215,3215,3215,3215,3215,3214,3215,3215,3215,3216,3215,3215,3216,3216,3214,3215,3214,3215,3215,3215,3215,3214,3215,3215,3215,3215,3216,3215,3215,3215,3215,3215,3215,3216,3215,3216,3215,3216,3215,3215,3215,3215,3215,3215,3216,3216,3216,3215,3215,3215,3215,3216,3215,3215,3215,3216,3216,3215,3215,3215,3215,3215,3215,3215,3215,3215,3216,3215,3215,3215,3215,3215,3215,3215,3215,3215,3215,3216,3215,3215,3215,3215,3215,3215,3216,3215,3215,3214,3216,3216,3215,3215,3215,3216,3215,3215,3215,3215,3215,3216,3216,3216,3215,3216,3217,3216,3216,3216,3216,3215,3216,3217,3215,3215,3215,3215,3215,3215,3215,3215,3215,3215,3216,3216,3215,3215,3216,3216,3215,3215,3215,3215,3215,3215,3215,3216,3216,3215,3215,3215,3216,3216,3215,3215,3215,3215,3215,3216,3216,3216,3215,3216,3216,3215,3216,3215,3215,3215,3216,3216,3216,3216,3217,3216,3215,3216,3216,3215,3217,3216,3216,3216,3215,3215,3216,3216,3216,3215,3216,3215,3215,3216,3216,3216,3216,3216,3215,3145,3115,3099,3088,3086,3165,3176,3181,3184,3185,3188,3189,3190,3191,3191,3192,3193,3193,3193,3194,3194,3195,3194,3195,3196,3196,3197,3196,3197,
34224,3282,3282,3282,3283,3282,3282,3283,3283,3283,3282,3283,3283,3282,3283,3284,3283,3284,3284,3283,3283,3283,3283,3283,3284,3284,3283,3284,3283,3284,3284,3284,3284,3283,3283,3284,3284,3284,3284,3284,3285,3283,3285,3284,3284,3209,3188,3186,3177,3165,3163,3167,3166,3161,3163,3162,3155,3154,3158,3148,3154,3145,3149,3152,3144,3145,3140,3136,3139,3131,3131,3132,3127,3131,3121,3117,3116,3116,3110,3112,3108,3102,3103,3100,3124,3178,3188,3193,3197,3200,3201,3202,3204,3204,3206,3205,3207,3208,3208,3208,3209,3208,3208,3210,3209,3210,3211,3210,3210,3210,3210,3210,3210,3211,3211,3211,3211,3211,3212,3211,3212,3212,3212,3212,3212,3212,3212,3212,3213,3212,3212,3213,3213,3213,3212,3213,3213,3213,3213,3212,3213,3213,3213,3212,3213,3213,3214,3214,3214,3214,3214,3213,3213,3214,3213,3214,3214,3213,3214,3214,3213,3214,3213,3214,3214,3214,3214,3214,3214,3214,3214,3214,3215,3214,3214,3214,3214,3214,3213,3214,3214,3215,3214,3215,3214,3214,3213,3214,3215,3215,3213,3214,3215,3214,3215,3215,3214,3215,3214,3215,3215,3215,3215,3215,3215,3215,3214,3215,3215,3215,3215,3215,3215,3214,3215,3215,3215,3214,3215,3215,3215,3215,3215,3215,3215,3216,3215,3216,3215,3215,3215,3215,3215,3215,3215,3215,3215,3215,3215,3215,3215,3214,3215,3215,3214,3215,3215,3215,3215,3215,3215,3215,3215,3215,3215,3215,3215,3215,3215,3215,3215,3216,3215,3215,3215,3216,3215,3215,3215,3214,3215,3215,3215,3215,3215,3215,3216,3215,3216,3215,3215,3215,3215,3215,3215,3215,3215,3215,3216,3215,3215,3215,3215,3216,3215,3215,3215,3216,3215,3216,3216,3215,3215,3215,3216,3216,3216,3215,3216,3215,3215,3215,3215,3216,3216,3215,3216,3215,3215,3216,3215,3216,3215,3216,3216,3216,3215,3215,3215,3215,3216,3217,3216,3216,3215,3216,3216,3215,3215,3215,3216,3216,3216,3215,3215,3216,3215,3216,3215,3216,3216,3216,3216,3216,3215,3216,3216,3216,3216,3216,3216,3215,3215,3215,3215,3216,3215,3216,3217,3216,3215,3216,3216,3216,3216,3216,3216,3215,3215,3216,3216,3215,3216,3215,3216,3216,3216,3216,3215,3216,3215,3216,3216,3216,3216,3215,3215,3216,3215,3216,3216,3215,3216,3216,3215,3216,3216,3216,3216,3216,3216,3216,3216,3216,3217,3216,3215,3215,3217,3215,3216,3217,3215,3216,3217,3216,3215,3216,3215,3215,3216,3217,3217,3216,3216,3216,3216,3217,3217,3215,3216,3216,3217,3216,3216,3216,3216,3215,3217,3217,3216,3216,3217,3215,3216,3216,3216,3216,3216,3216,3216,3216,3216,3215,3217,3215,3216,3216,3216,3215,3215,3216,3216,3217,3216,3217,3217,3216,3216,3216,3216,3216,3216,3216,3216,3216,3216,3217,3217,3216,3216,3216,3216,3215,3216,3216,3216,3216,3216,3217,3216,3216,3216,3215,3217,3217,3216,3217,3217,3217,3217,3216,3216,3216,3217,3215,3217,3146,3116,3099,3089,3088,3165,3175,3180,3183,3186,3187,3187,3190,3190,3190,3191,3192,3193,3193,3193,3193,3193,3193,3195,3195,3195,3196,3195,3196,
34225,3283,3283,3283,3283,3283,3283,3283,3283,3284,3283,3283,3283,3283,3284,3284,3284,3284,3284,3283,3284,3284,3284,3284,3283,3284,3284,3285,3284,3284,3284,3285,3284,3285,3283,3285,3285,3285,3285,3284,3285,3285,3285,3285,3285,3207,3185,3183,3176,3162,3160,3166,3162,3158,3164,3159,3154,3152,3155,3146,3153,3143,3147,3150,3142,3143,3138,3135,3138,3129,3129,3129,3126,3130,3121,3115,3115,3115,3109,3112,3108,3099,3101,3097,3123,3178,3189,3193,3197,3200,3201,3203,3204,3205,3206,3207,3208,3208,3208,3208,3209,3209,3209,3209,3210,3211,3211,3210,3211,3211,3211,3211,3211,3211,3211,3211,3212,3212,3212,3213,3212,3211,3213,3213,3213,3213,3213,3212,3213,3213,3215,3213,3213,3213,3213,3213,3213,3213,3213,3214,3214,3213,3214,3213,3214,3214,3214,3214,3215,3214,3214,3214,3215,3214,3214,3215,3214,3214,3215,3215,3214,3214,3214,3215,3214,3214,3214,3215,3215,3214,3215,3214,3215,3215,3215,3215,3215,3215,3215,3215,3215,3215,3215,3215,3215,3215,3215,3215,3216,3216,3214,3215,3215,3215,3215,3215,3215,3215,3215,3216,3215,3215,3215,3215,3215,3215,3215,3216,3215,3215,3215,3215,3215,3215,3215,3216,3216,3215,3215,3215,3216,3215,3215,3215,3215,3216,3216,3216,3215,3215,3216,3216,3215,3216,3215,3215,3216,3215,3215,3216,3216,3216,3215,3215,3216,3216,3215,3215,3216,3216,3216,3216,3216,3215,3216,3216,3216,3216,3216,3216,3216,3216,3216,3216,3216,3217,3217,3215,3216,3216,3217,3216,3216,3215,3216,3216,3216,3215,3217,3216,3216,3215,3217,3216,3216,3216,3216,3216,3216,3217,3216,3216,3216,3215,3216,3216,3216,3216,3216,3217,3216,3216,3216,3216,3216,3216,3216,3216,3217,3216,3216,3216,3216,3217,3216,3216,3217,3217,3216,3215,3217,3217,3216,3216,3217,3216,3217,3216,3216,3216,3216,3216,3217,3216,3216,3216,3217,3216,3216,3216,3217,3216,3217,3216,3216,3217,3216,3216,3216,3217,3216,3216,3216,3216,3217,3216,3217,3217,3217,3217,3216,3217,3217,3217,3216,3216,3216,3216,3216,3215,3217,3217,3217,3217,3217,3217,3216,3216,3216,3216,3217,3217,3217,3217,3217,3217,3217,3217,3217,3216,3217,3217,3215,3217,3218,3216,3216,3217,3216,3217,3216,3217,3217,3216,3217,3216,3218,3217,3217,3217,3217,3217,3217,3217,3217,3217,3217,3216,3217,3217,3216,3216,3217,3217,3217,3217,3216,3217,3217,3217,3217,3217,3217,3217,3218,3216,3216,3217,3217,3217,3217,3217,3217,3217,3218,3217,3216,3217,3217,3218,3216,3217,3217,3216,3216,3217,3218,3217,3217,3217,3216,3216,3217,3216,3217,3216,3217,3217,3216,3217,3216,3217,3216,3217,3217,3217,3217,3216,3218,3217,3218,3216,3218,3217,3217,3217,3217,3218,3217,3217,3218,3216,3217,3217,3217,3217,3217,3217,3217,3217,3217,3217,3217,3216,3217,3217,3217,3218,3217,3217,3217,3217,3218,3217,3218,3217,3217,3144,3114,3099,3088,3087,3166,3176,3181,3185,3186,3187,3190,3190,3191,3191,3192,3193,3194,3194,3194,3195,3194,3195,3195,3195,3196,3197,3196,3197,
34226,3282,3281,3281,3282,3282,3283,3282,3281,3282,3283,3283,3283,3282,3283,3282,3283,3283,3283,3283,3283,3283,3283,3283,3283,3283,3284,3283,3284,3284,3283,3283,3283,3283,3283,3283,3284,3284,3283,3284,3284,3285,3285,3284,3284,3208,3186,3183,3175,3163,3160,3166,3162,3157,3164,3159,3153,3151,3155,3146,3151,3142,3146,3150,3141,3143,3137,3136,3136,3128,3126,3128,3124,3128,3119,3115,3114,3113,3107,3112,3107,3099,3100,3097,3122,3176,3187,3192,3195,3197,3200,3201,3203,3203,3204,3205,3206,3205,3207,3208,3208,3207,3208,3208,3208,3209,3209,3209,3209,3209,3209,3209,3210,3210,3210,3211,3211,3209,3210,3211,3210,3211,3211,3211,3211,3211,3211,3211,3211,3211,3211,3211,3211,3211,3212,3211,3212,3212,3212,3212,3212,3212,3212,3212,3211,3212,3212,3212,3212,3212,3212,3212,3212,3212,3212,3212,3212,3212,3212,3213,3213,3212,3213,3213,3213,3212,3212,3213,3213,3212,3212,3213,3212,3212,3212,3213,3212,3212,3213,3213,3213,3213,3213,3214,3213,3213,3213,3213,3213,3213,3213,3214,3213,3213,3213,3214,3214,3213,3213,3214,3214,3213,3213,3214,3213,3213,3213,3213,3214,3214,3213,3213,3213,3214,3213,3213,3214,3213,3214,3213,3214,3213,3214,3214,3213,3213,3214,3213,3213,3214,3214,3213,3213,3213,3213,3214,3214,3214,3214,3213,3213,3213,3213,3213,3214,3214,3213,3213,3214,3214,3213,3213,3214,3214,3214,3214,3214,3214,3214,3214,3213,3214,3214,3213,3214,3214,3214,3213,3214,3214,3214,3214,3214,3214,3214,3214,3213,3214,3214,3214,3214,3214,3214,3214,3215,3213,3214,3215,3213,3214,3214,3214,3214,3215,3215,3214,3214,3213,3214,3213,3214,3214,3214,3214,3213,3214,3214,3215,3214,3214,3215,3214,3214,3213,3214,3214,3214,3214,3215,3214,3215,3214,3213,3215,3214,3215,3213,3215,3213,3214,3214,3214,3214,3214,3215,3214,3214,3215,3214,3214,3213,3214,3215,3215,3214,3214,3214,3214,3215,3214,3214,3214,3214,3214,3215,3214,3214,3215,3215,3215,3215,3215,3215,3215,3214,3214,3214,3215,3214,3215,3215,3214,3215,3214,3214,3215,3214,3214,3214,3215,3214,3214,3215,3214,3214,3214,3214,3214,3214,3215,3214,3214,3214,3214,3215,3213,3215,3215,3215,3215,3215,3214,3214,3214,3215,3215,3215,3215,3214,3215,3214,3214,3215,3215,3215,3214,3214,3214,3214,3215,3215,3214,3215,3215,3215,3215,3215,3215,3214,3214,3215,3215,3214,3214,3215,3215,3214,3215,3215,3214,3214,3215,3215,3214,3215,3214,3214,3215,3214,3215,3215,3214,3215,3214,3215,3215,3214,3215,3215,3215,3214,3214,3214,3215,3214,3215,3213,3214,3214,3215,3214,3214,3215,3215,3214,3215,3215,3215,3215,3215,3214,3214,3215,3214,3215,3214,3215,3215,3215,3215,3215,3215,3215,3215,3215,3215,3215,3215,3215,3215,3215,3215,3214,3214,3215,3215,3215,3215,3214,3215,3215,3215,3215,3215,3215,3215,3216,3141,3114,3098,3087,3086,3164,3174,3179,3183,3186,3186,3188,3189,3190,3190,3190,3193,3192,3193,3193,3193,3193,3193,3194,3194,3196,3194,3195,3196,
34227,3282,3283,3282,3283,3283,3283,3283,3284,3283,3284,3283,3284,3283,3283,3284,3284,3284,3283,3284,3284,3284,3284,3284,3284,3284,3284,3284,3284,3284,3285,3284,3285,3285,3285,3285,3285,3285,3284,3285,3285,3285,3285,3285,3285,3210,3189,3184,3176,3165,3163,3169,3165,3161,3166,3161,3156,3155,3158,3148,3155,3144,3149,3152,3144,3146,3140,3139,3139,3132,3128,3132,3128,3132,3123,3117,3117,3117,3109,3117,3110,3102,3105,3101,3126,3179,3189,3194,3197,3200,3201,3204,3204,3206,3206,3207,3208,3208,3208,3209,3209,3210,3210,3210,3210,3211,3210,3210,3210,3211,3211,3212,3211,3212,3212,3212,3212,3212,3212,3212,3213,3212,3213,3213,3213,3213,3213,3214,3213,3213,3214,3213,3213,3213,3213,3213,3214,3213,3213,3213,3213,3214,3213,3213,3214,3214,3214,3214,3214,3214,3214,3214,3214,3215,3213,3215,3214,3214,3215,3214,3215,3215,3215,3214,3214,3214,3214,3214,3214,3215,3215,3215,3214,3214,3215,3214,3215,3215,3214,3214,3215,3215,3215,3215,3215,3215,3215,3215,3215,3215,3215,3215,3215,3215,3215,3215,3215,3215,3214,3215,3215,3215,3215,3215,3216,3215,3215,3215,3215,3215,3215,3216,3215,3215,3215,3215,3215,3215,3215,3215,3215,3215,3215,3215,3215,3215,3216,3215,3215,3215,3215,3215,3215,3216,3215,3216,3216,3216,3216,3215,3216,3215,3215,3215,3215,3216,3215,3216,3216,3215,3216,3215,3216,3215,3216,3216,3216,3216,3215,3215,3216,3215,3216,3217,3216,3216,3216,3216,3216,3215,3216,3217,3216,3216,3216,3216,3216,3216,3216,3216,3216,3216,3216,3216,3216,3216,3215,3216,3215,3216,3215,3216,3216,3216,3215,3216,3216,3216,3216,3216,3216,3215,3217,3216,3216,3217,3217,3215,3217,3216,3216,3217,3217,3216,3216,3217,3215,3216,3216,3217,3215,3216,3216,3217,3216,3217,3215,3216,3216,3217,3216,3215,3216,3216,3216,3216,3215,3216,3216,3216,3216,3215,3216,3216,3216,3216,3216,3216,3216,3216,3216,3216,3216,3217,3216,3217,3217,3217,3217,3217,3217,3217,3217,3217,3216,3217,3216,3216,3216,3216,3216,3217,3216,3216,3217,3217,3216,3216,3217,3216,3216,3216,3216,3216,3216,3216,3216,3217,3216,3217,3217,3216,3216,3217,3217,3217,3216,3216,3216,3217,3216,3216,3216,3217,3217,3217,3218,3216,3217,3218,3216,3217,3217,3216,3217,3216,3216,3218,3217,3217,3216,3217,3217,3217,3217,3216,3217,3218,3217,3217,3217,3217,3217,3216,3217,3216,3216,3216,3216,3217,3216,3217,3217,3217,3218,3216,3217,3216,3217,3218,3217,3216,3216,3217,3217,3217,3217,3216,3217,3216,3216,3216,3217,3217,3217,3217,3216,3216,3216,3217,3216,3218,3217,3217,3217,3216,3217,3217,3218,3217,3216,3216,3217,3215,3218,3217,3217,3217,3217,3218,3217,3217,3216,3217,3217,3217,3217,3217,3217,3216,3216,3217,3217,3217,3218,3217,3217,3216,3216,3216,3217,3217,3217,3217,3217,3216,3218,3144,3117,3101,3088,3088,3167,3176,3181,3184,3186,3188,3189,3189,3191,3191,3193,3193,3193,3193,3194,3194,3194,3194,3196,3196,3196,3197,3197,3197,
34228,3282,3282,3282,3282,3282,3282,3283,3282,3282,3282,3283,3282,3282,3283,3283,3283,3283,3283,3283,3283,3283,3283,3283,3283,3283,3283,3283,3283,3283,3284,3283,3283,3284,3284,3284,3283,3283,3284,3284,3284,3284,3284,3284,3284,3208,3187,3180,3175,3164,3162,3167,3163,3158,3164,3160,3154,3153,3155,3149,3152,3143,3146,3150,3142,3143,3137,3138,3138,3128,3126,3129,3125,3128,3121,3114,3114,3114,3106,3114,3107,3099,3102,3098,3122,3176,3187,3193,3195,3198,3200,3201,3202,3203,3204,3205,3205,3206,3206,3207,3207,3208,3208,3208,3208,3208,3209,3209,3209,3210,3209,3209,3209,3210,3210,3210,3210,3211,3210,3210,3209,3210,3211,3210,3211,3211,3210,3211,3211,3211,3211,3211,3210,3212,3211,3211,3211,3211,3211,3211,3211,3211,3212,3211,3211,3211,3211,3211,3212,3212,3212,3211,3211,3212,3212,3212,3212,3212,3211,3212,3211,3212,3212,3213,3212,3212,3212,3212,3212,3212,3213,3212,3213,3212,3212,3213,3212,3213,3212,3212,3212,3212,3213,3213,3213,3213,3213,3212,3212,3213,3213,3212,3213,3213,3213,3212,3213,3212,3213,3213,3214,3212,3213,3213,3213,3214,3213,3213,3213,3214,3213,3212,3213,3212,3213,3214,3212,3213,3213,3213,3213,3213,3213,3213,3215,3213,3213,3214,3214,3213,3213,3213,3213,3214,3213,3213,3212,3213,3214,3213,3213,3214,3212,3213,3213,3213,3213,3214,3213,3214,3213,3214,3214,3213,3213,3213,3213,3214,3214,3213,3213,3214,3214,3213,3214,3214,3213,3213,3213,3213,3213,3213,3213,3214,3213,3213,3214,3214,3214,3213,3214,3214,3214,3213,3214,3214,3214,3214,3214,3214,3213,3214,3213,3213,3214,3213,3214,3214,3214,3214,3214,3214,3214,3215,3214,3214,3213,3214,3214,3213,3214,3213,3213,3214,3214,3214,3213,3214,3214,3214,3214,3214,3213,3214,3214,3214,3215,3214,3214,3215,3214,3214,3214,3214,3215,3214,3214,3214,3215,3214,3213,3214,3215,3215,3215,3214,3214,3214,3214,3214,3215,3215,3214,3215,3215,3213,3215,3213,3214,3214,3215,3215,3215,3214,3214,3215,3214,3214,3215,3215,3215,3215,3214,3214,3214,3214,3214,3215,3214,3214,3214,3215,3214,3215,3215,3215,3214,3214,3214,3215,3214,3214,3215,3214,3214,3215,3215,3213,3214,3214,3215,3214,3213,3214,3215,3213,3215,3215,3214,3214,3214,3214,3215,3215,3215,3215,3215,3214,3214,3214,3214,3214,3215,3215,3215,3214,3215,3215,3214,3214,3214,3214,3215,3215,3215,3214,3214,3214,3215,3215,3214,3214,3215,3215,3214,3214,3214,3214,3215,3214,3214,3214,3214,3214,3214,3214,3214,3215,3215,3214,3215,3215,3214,3214,3214,3214,3215,3214,3214,3215,3214,3214,3213,3214,3214,3215,3215,3215,3214,3214,3215,3215,3215,3214,3214,3214,3214,3214,3215,3215,3215,3214,3215,3215,3215,3215,3215,3215,3214,3215,3215,3214,3214,3215,3214,3214,3215,3215,3215,3214,3214,3215,3214,3215,3215,3214,3215,3141,3114,3098,3085,3084,3164,3174,3179,3183,3185,3186,3187,3188,3189,3190,3191,3191,3191,3193,3193,3193,3193,3193,3194,3194,3195,3195,3195,3195,
34229,3283,3283,3283,3283,3283,3283,3283,3283,3283,3283,3283,3283,3284,3283,3284,3283,3283,3284,3284,3284,3283,3283,3284,3285,3284,3283,3284,3284,3284,3285,3284,3284,3284,3285,3284,3285,3284,3284,3285,3285,3284,3285,3285,3285,3208,3187,3180,3176,3163,3160,3168,3163,3157,3164,3160,3153,3152,3154,3148,3153,3146,3146,3150,3141,3144,3137,3137,3138,3128,3125,3129,3126,3126,3120,3115,3114,3114,3105,3113,3107,3101,3101,3099,3123,3178,3188,3193,3197,3199,3201,3203,3204,3205,3207,3207,3207,3207,3208,3208,3209,3209,3209,3209,3210,3210,3210,3210,3210,3211,3212,3211,3211,3211,3212,3211,3211,3212,3212,3212,3212,3212,3212,3212,3212,3212,3212,3213,3213,3212,3213,3213,3212,3213,3213,3213,3213,3214,3213,3212,3214,3214,3214,3213,3214,3213,3213,3213,3214,3213,3214,3214,3214,3214,3214,3214,3214,3215,3214,3214,3214,3214,3214,3215,3215,3214,3213,3215,3215,3214,3215,3214,3213,3215,3214,3215,3215,3214,3215,3214,3214,3214,3214,3215,3215,3215,3215,3214,3214,3215,3214,3214,3215,3215,3215,3214,3214,3215,3215,3215,3214,3214,3215,3215,3215,3215,3216,3215,3214,3214,3216,3215,3215,3215,3215,3215,3215,3214,3215,3215,3215,3215,3215,3215,3215,3215,3215,3215,3215,3215,3215,3215,3214,3216,3215,3214,3215,3215,3216,3215,3215,3215,3215,3216,3215,3216,3215,3215,3215,3215,3215,3215,3215,3216,3216,3216,3216,3216,3215,3215,3215,3215,3215,3216,3215,3216,3215,3216,3215,3216,3215,3216,3215,3215,3216,3216,3215,3216,3216,3215,3216,3216,3216,3216,3215,3216,3216,3215,3215,3216,3216,3216,3215,3216,3216,3216,3215,3215,3215,3215,3216,3216,3215,3215,3216,3216,3216,3215,3216,3216,3216,3216,3216,3215,3215,3215,3215,3215,3216,3215,3216,3216,3215,3216,3215,3215,3215,3215,3216,3216,3217,3215,3216,3216,3216,3216,3216,3216,3216,3216,3216,3216,3215,3216,3216,3216,3215,3216,3216,3216,3215,3216,3215,3216,3215,3215,3217,3216,3216,3217,3216,3216,3217,3215,3217,3216,3217,3216,3216,3215,3216,3217,3216,3216,3216,3216,3216,3216,3216,3216,3216,3216,3216,3215,3216,3216,3216,3216,3216,3216,3217,3216,3216,3216,3216,3215,3216,3216,3216,3216,3216,3216,3216,3216,3216,3215,3217,3216,3216,3216,3216,3216,3216,3217,3217,3217,3217,3216,3215,3217,3216,3217,3215,3217,3215,3217,3216,3216,3216,3217,3217,3215,3216,3216,3216,3216,3216,3216,3216,3217,3216,3216,3216,3216,3215,3217,3217,3216,3216,3216,3217,3216,3216,3216,3216,3217,3216,3215,3215,3216,3216,3216,3216,3216,3217,3215,3215,3216,3217,3217,3216,3216,3217,3216,3216,3217,3216,3217,3216,3216,3216,3216,3216,3217,3216,3217,3217,3217,3215,3216,3216,3217,3216,3216,3216,3216,3216,3217,3216,3216,3217,3217,3216,3216,3216,3217,3216,3216,3217,3216,3217,3216,3216,3217,3217,3217,3216,3143,3115,3098,3085,3086,3165,3176,3179,3184,3186,3188,3188,3190,3191,3191,3191,3193,3193,3193,3194,3194,3194,3194,3195,3196,3196,3195,3196,3196,
34230,3282,3282,3282,3282,3282,3282,3282,3282,3283,3283,3283,3283,3283,3283,3283,3283,3283,3283,3283,3283,3283,3283,3284,3283,3283,3283,3284,3284,3283,3283,3284,3283,3284,3284,3283,3283,3284,3284,3284,3284,3284,3284,3284,3284,3206,3189,3181,3176,3166,3162,3168,3165,3158,3165,3161,3155,3153,3155,3149,3150,3147,3147,3151,3142,3143,3138,3138,3142,3129,3127,3130,3126,3126,3121,3117,3115,3114,3107,3114,3108,3104,3102,3100,3124,3178,3187,3193,3196,3198,3200,3202,3203,3204,3204,3206,3207,3207,3208,3207,3207,3208,3208,3209,3209,3209,3209,3209,3209,3210,3210,3209,3210,3211,3210,3211,3210,3211,3211,3211,3211,3210,3211,3211,3211,3211,3211,3211,3212,3211,3211,3212,3211,3212,3211,3212,3212,3211,3211,3211,3211,3212,3212,3211,3212,3211,3212,3212,3212,3213,3212,3212,3212,3213,3212,3212,3212,3213,3212,3212,3213,3213,3212,3212,3212,3213,3212,3213,3212,3212,3213,3213,3213,3213,3213,3213,3212,3213,3213,3213,3214,3212,3213,3212,3213,3214,3213,3213,3213,3213,3213,3213,3213,3213,3214,3214,3213,3214,3214,3213,3214,3213,3213,3214,3213,3213,3214,3213,3213,3214,3213,3214,3214,3214,3213,3213,3214,3214,3214,3214,3214,3213,3214,3214,3214,3214,3214,3213,3214,3214,3214,3214,3214,3214,3213,3214,3214,3214,3214,3214,3214,3214,3213,3213,3214,3214,3214,3214,3213,3214,3214,3214,3214,3213,3214,3214,3215,3213,3214,3214,3214,3214,3214,3215,3214,3213,3214,3214,3214,3215,3214,3215,3215,3214,3214,3215,3214,3214,3214,3215,3214,3214,3215,3214,3215,3214,3214,3214,3214,3214,3214,3215,3215,3214,3215,3215,3214,3214,3214,3214,3214,3215,3215,3215,3215,3214,3215,3214,3215,3215,3215,3214,3215,3215,3215,3215,3215,3214,3215,3214,3215,3215,3215,3215,3215,3215,3215,3215,3214,3215,3215,3215,3216,3214,3214,3214,3214,3214,3214,3214,3214,3215,3215,3215,3215,3214,3214,3214,3215,3214,3215,3215,3215,3214,3215,3214,3215,3216,3215,3215,3215,3215,3215,3215,3215,3215,3215,3215,3215,3215,3215,3215,3215,3215,3215,3215,3215,3214,3215,3215,3215,3215,3215,3215,3215,3215,3214,3215,3215,3215,3214,3215,3214,3215,3215,3215,3214,3215,3215,3215,3215,3214,3215,3215,3216,3215,3215,3215,3215,3214,3214,3214,3215,3215,3215,3215,3215,3215,3215,3215,3215,3216,3215,3215,3215,3215,3214,3215,3215,3214,3215,3216,3215,3217,3215,3215,3215,3215,3215,3215,3215,3215,3215,3215,3215,3214,3215,3215,3215,3215,3215,3215,3214,3215,3214,3215,3215,3215,3215,3214,3215,3215,3216,3215,3215,3215,3214,3215,3215,3215,3215,3215,3215,3215,3215,3215,3215,3215,3216,3214,3215,3215,3215,3215,3215,3215,3215,3215,3215,3215,3215,3215,3216,3215,3215,3215,3215,3216,3215,3215,3215,3215,3215,3215,3215,3215,3215,3215,3215,3215,3215,3215,3215,3215,3216,3215,3215,3143,3112,3098,3085,3085,3164,3174,3179,3183,3185,3186,3188,3189,3190,3190,3191,3192,3192,3193,3193,3193,3193,3194,3195,3194,3195,3194,3195,3196,
34231,3283,3283,3283,3283,3283,3284,3283,3284,3283,3283,3283,3283,3283,3284,3284,3283,3284,3284,3284,3284,3284,3284,3285,3285,3284,3284,3284,3284,3284,3284,3285,3284,3285,3284,3284,3286,3285,3285,3286,3284,3285,3284,3285,3286,3207,3189,3182,3177,3167,3164,3170,3164,3158,3165,3161,3154,3153,3157,3150,3151,3146,3147,3148,3143,3145,3137,3138,3142,3129,3126,3130,3129,3127,3121,3115,3114,3114,3106,3114,3105,3103,3102,3099,3124,3177,3186,3193,3196,3199,3201,3202,3204,3205,3205,3207,3206,3207,3208,3208,3208,3209,3209,3210,3209,3210,3210,3210,3210,3211,3210,3211,3211,3211,3210,3211,3211,3210,3211,3211,3211,3212,3211,3211,3212,3212,3211,3211,3212,3212,3211,3211,3212,3212,3212,3212,3213,3212,3212,3212,3213,3212,3212,3212,3214,3211,3213,3212,3213,3213,3213,3212,3213,3212,3213,3213,3214,3213,3212,3213,3213,3212,3213,3213,3214,3214,3213,3213,3213,3213,3213,3213,3213,3214,3213,3215,3213,3213,3213,3213,3213,3214,3214,3214,3213,3214,3213,3214,3214,3214,3213,3214,3213,3214,3215,3214,3213,3214,3214,3214,3214,3215,3214,3214,3214,3214,3213,3213,3214,3214,3214,3215,3214,3214,3215,3215,3214,3214,3214,3214,3215,3213,3214,3214,3214,3214,3214,3214,3215,3215,3214,3213,3215,3215,3214,3215,3215,3215,3215,3215,3214,3214,3214,3215,3214,3215,3215,3214,3214,3214,3214,3214,3215,3214,3215,3215,3214,3214,3214,3214,3215,3214,3215,3215,3215,3214,3214,3215,3214,3214,3214,3215,3214,3214,3214,3215,3215,3214,3214,3215,3215,3215,3214,3215,3214,3215,3214,3215,3215,3214,3215,3215,3215,3215,3214,3215,3214,3215,3215,3214,3215,3215,3215,3214,3215,3215,3214,3216,3215,3215,3215,3215,3215,3215,3215,3214,3215,3215,3215,3215,3215,3215,3214,3215,3214,3214,3214,3215,3215,3215,3215,3215,3215,3215,3215,3214,3214,3215,3215,3215,3215,3215,3216,3215,3216,3214,3216,3215,3216,3215,3215,3215,3215,3215,3215,3215,3215,3215,3216,3216,3216,3215,3216,3215,3215,3215,3215,3215,3215,3215,3214,3215,3216,3215,3215,3215,3215,3214,3215,3215,3214,3215,3214,3215,3215,3216,3215,3215,3215,3215,3215,3215,3215,3215,3216,3215,3215,3215,3215,3215,3214,3215,3215,3215,3215,3215,3215,3215,3215,3215,3215,3215,3215,3215,3215,3215,3216,3215,3215,3215,3215,3215,3216,3216,3215,3216,3215,3215,3215,3216,3215,3215,3215,3216,3216,3215,3215,3215,3215,3215,3215,3215,3215,3215,3215,3215,3215,3215,3215,3215,3216,3216,3216,3215,3216,3215,3215,3215,3215,3215,3215,3216,3215,3215,3215,3215,3216,3215,3215,3215,3215,3214,3215,3215,3215,3215,3215,3216,3216,3215,3215,3215,3215,3215,3215,3215,3216,3215,3216,3215,3215,3215,3215,3216,3216,3216,3215,3215,3217,3216,3215,3215,3215,3215,3216,3215,3215,3216,3215,3216,3216,3216,3216,3215,3215,3215,3215,3141,3112,3098,3085,3088,3164,3175,3180,3182,3186,3187,3189,3190,3190,3191,3191,3192,3193,3193,3193,3194,3194,3195,3195,3196,3196,3197,3196,3196,
34232,3282,3281,3282,3282,3281,3281,3282,3282,3281,3283,3282,3283,3282,3283,3282,3283,3283,3283,3282,3283,3283,3283,3283,3283,3284,3283,3283,3283,3283,3283,3283,3284,3283,3283,3283,3283,3283,3283,3283,3283,3283,3284,3283,3284,3204,3184,3179,3173,3165,3161,3167,3157,3158,3160,3157,3153,3150,3150,3148,3145,3144,3141,3146,3142,3142,3133,3137,3139,3129,3127,3127,3124,3123,3117,3116,3111,3113,3106,3108,3100,3099,3098,3093,3119,3175,3185,3191,3195,3197,3199,3200,3202,3203,3204,3204,3204,3206,3205,3207,3207,3208,3208,3208,3208,3208,3208,3208,3208,3209,3209,3209,3209,3210,3210,3209,3209,3209,3209,3210,3209,3210,3211,3210,3211,3210,3210,3211,3211,3211,3210,3211,3210,3211,3211,3211,3211,3211,3211,3211,3211,3211,3211,3211,3211,3211,3211,3211,3212,3212,3211,3211,3211,3211,3211,3211,3211,3211,3212,3211,3212,3212,3212,3212,3212,3211,3211,3212,3212,3212,3212,3212,3212,3212,3211,3212,3212,3212,3212,3213,3213,3212,3212,3212,3212,3213,3212,3212,3212,3212,3212,3212,3212,3212,3213,3213,3213,3213,3213,3213,3211,3212,3213,3213,3212,3213,3212,3214,3212,3212,3213,3213,3212,3213,3213,3213,3212,3213,3213,3212,3213,3212,3212,3213,3212,3213,3213,3213,3212,3213,3214,3213,3213,3213,3212,3213,3213,3213,3213,3213,3213,3213,3214,3213,3213,3213,3213,3213,3213,3213,3213,3213,3214,3214,3214,3213,3213,3213,3213,3213,3213,3213,3214,3214,3213,3213,3213,3213,3214,3213,3213,3214,3213,3213,3214,3213,3214,3213,3214,3214,3214,3214,3214,3214,3213,3214,3213,3213,3214,3214,3213,3213,3214,3214,3213,3213,3213,3213,3213,3213,3213,3213,3213,3214,3213,3214,3214,3214,3214,3214,3214,3213,3213,3214,3214,3214,3214,3214,3214,3214,3213,3214,3214,3213,3214,3214,3214,3213,3214,3214,3213,3213,3214,3213,3213,3215,3214,3213,3214,3214,3214,3214,3214,3213,3214,3213,3213,3214,3213,3214,3212,3213,3213,3214,3213,3213,3214,3214,3214,3213,3214,3214,3214,3214,3213,3214,3214,3214,3214,3213,3214,3214,3213,3214,3214,3213,3214,3213,3213,3214,3214,3215,3214,3214,3214,3215,3214,3214,3214,3215,3213,3213,3214,3214,3214,3213,3213,3213,3214,3214,3213,3213,3214,3214,3214,3215,3214,3214,3214,3214,3213,3215,3214,3214,3214,3213,3214,3214,3214,3214,3214,3214,3215,3215,3214,3214,3214,3213,3214,3214,3214,3214,3214,3214,3215,3215,3214,3214,3214,3214,3215,3215,3215,3214,3214,3214,3214,3214,3214,3214,3214,3214,3214,3215,3214,3214,3214,3214,3214,3213,3214,3214,3214,3214,3214,3214,3214,3214,3214,3214,3214,3214,3214,3214,3214,3215,3214,3214,3214,3215,3214,3214,3213,3215,3214,3214,3214,3215,3215,3214,3214,3215,3214,3214,3214,3215,3214,3214,3214,3215,3215,3215,3214,3213,3215,3215,3214,3215,3215,3214,3214,3214,3215,3214,3215,3214,3215,3134,3109,3096,3086,3084,3162,3173,3178,3182,3185,3186,3188,3188,3189,3190,3190,3191,3192,3192,3192,3193,3193,3193,3193,3194,3195,3194,3195,3195,
34233,3281,3282,3281,3282,3281,3282,3281,3283,3282,3282,3281,3283,3283,3282,3282,3283,3283,3283,3283,3282,3283,3283,3283,3283,3283,3283,3283,3283,3283,3283,3283,3283,3283,3283,3284,3284,3284,3283,3283,3284,3283,3284,3284,3283,3204,3184,3181,3176,3168,3164,3170,3160,3159,3162,3159,3155,3152,3152,3148,3147,3146,3147,3148,3144,3144,3134,3139,3141,3132,3128,3128,3126,3125,3120,3117,3113,3114,3108,3110,3102,3102,3099,3096,3122,3177,3187,3192,3195,3198,3200,3201,3203,3204,3204,3205,3205,3206,3206,3208,3208,3208,3208,3208,3210,3208,3208,3209,3209,3209,3210,3210,3209,3210,3210,3210,3211,3210,3211,3210,3211,3211,3211,3211,3211,3211,3211,3211,3212,3211,3211,3211,3212,3212,3212,3211,3212,3211,3211,3211,3212,3212,3212,3212,3212,3212,3211,3212,3212,3212,3212,3212,3213,3212,3212,3213,3212,3213,3213,3211,3212,3212,3213,3212,3212,3212,3212,3213,3213,3212,3213,3213,3212,3214,3214,3212,3213,3213,3213,3214,3213,3213,3213,3214,3213,3212,3213,3213,3213,3213,3212,3213,3213,3214,3214,3213,3214,3214,3213,3214,3213,3214,3214,3214,3214,3213,3213,3214,3214,3213,3213,3213,3213,3215,3213,3213,3213,3214,3214,3213,3214,3214,3213,3213,3214,3213,3214,3214,3213,3214,3214,3214,3214,3213,3214,3214,3214,3213,3214,3214,3214,3213,3214,3214,3214,3214,3213,3214,3214,3213,3213,3214,3213,3214,3214,3214,3214,3214,3214,3213,3214,3214,3214,3214,3214,3214,3214,3214,3214,3214,3214,3215,3214,3214,3214,3214,3214,3214,3214,3214,3214,3214,3214,3214,3214,3214,3214,3214,3215,3214,3215,3215,3214,3214,3214,3215,3215,3214,3214,3214,3215,3214,3214,3214,3214,3214,3215,3214,3215,3214,3215,3215,3215,3215,3215,3215,3215,3215,3214,3214,3215,3214,3215,3214,3213,3214,3214,3214,3214,3215,3215,3214,3215,3214,3214,3215,3214,3215,3214,3215,3214,3215,3215,3214,3214,3215,3213,3215,3215,3215,3215,3215,3214,3214,3214,3215,3215,3214,3215,3215,3214,3215,3214,3215,3215,3215,3215,3215,3214,3215,3215,3214,3214,3214,3215,3214,3215,3215,3214,3215,3215,3215,3215,3215,3215,3215,3215,3214,3215,3215,3215,3215,3215,3214,3215,3215,3215,3215,3214,3215,3214,3215,3215,3214,3215,3215,3214,3214,3214,3214,3215,3215,3215,3215,3215,3215,3214,3215,3215,3214,3215,3215,3215,3215,3215,3215,3215,3215,3216,3215,3215,3215,3214,3215,3214,3215,3216,3215,3215,3215,3215,3215,3215,3215,3215,3215,3215,3215,3214,3215,3215,3215,3215,3215,3215,3215,3215,3215,3215,3215,3215,3215,3215,3214,3215,3215,3214,3215,3215,3214,3215,3215,3215,3215,3215,3215,3215,3214,3215,3215,3215,3215,3215,3215,3215,3215,3214,3214,3216,3215,3215,3215,3215,3215,3215,3215,3215,3215,3215,3215,3215,3215,3215,3215,3215,3215,3215,3215,3215,3215,3215,3215,3215,3215,3215,3215,3215,3135,3110,3097,3088,3087,3164,3174,3179,3183,3185,3186,3188,3188,3190,3190,3190,3191,3191,3193,3193,3193,3194,3194,3194,3195,3195,3195,3194,3195,
34300,5256,5255,5256,5256,5255,5256,5256,5256,5256,5256,5256,5256,5256,5163,5118,5091,5081,5082,5071,5070,5066,5061,5062,5062,5054,5052,5056,5054,5043,5043,5158,5177,5188,5195,5200,5203,5207,5209,5211,5213,5215,5216,5218,5218,5220,5221,5222,5222,5224,5224,5225,5225,5226,5227,5227,5228,5228,5229,5229,5230,5230,5231,5231,5231,5232,5232,5233,5233,5233,5233,5234,5234,5234,5235,5235,5235,5235,5236,5236,5236,5236,5237,5237,5198,5102,5080,5065,5055,5037,5031,5026,5032,5026,5019,5021,5014,5015,5004,4994,4992,4995,4990,4987,4978,4966,4970,4955,4952,4952,5056,5091,5105,5114,5120,5124,5127,5130,5131,5134,5135,5137,5138,5139,5140,5141,5142,5142,5143,5144,5144,5144,5145,5145,5146,5146,5147,5147,5147,5147,5148,5149,5148,5148,5149,5149,5149,5149,5150,5149,5150,5150,5150,5150,5151,5150,5151,5151,5151,5151,5151,5151,5151,5151,5152,5152,5151,5152,5152,5153,5152,5152,5153,5152,5153,5152,5153,5153,5153,5153,5153,5154,5154,5154,5154,5154,5154,5154,5154,5154,5154,5154,5154,5154,5154,5154,5154,5155,5154,5154,5154,5155,5155,5154,5155,5155,5155,5155,5155,5155,5155,5155,5155,5155,5155,5155,5156,5155,5155,5155,5155,5156,5155,5156,5155,5156,5156,5156,5156,5156,5156,5155,5156,5156,5156,5156,5156,5156,5156,5156,5156,5156,5156,5156,5156,5156,5156,5156,5156,5156,5156,5157,5157,5157,5156,5156,5157,5157,5157,5157,5156,5157,5157,5157,5157,5157,5157,5157,5157,5157,5157,5157,5157,5157,5157,5157,5157,5157,5157,5157,5157,5157,5157,5157,5158,5158,5158,5157,5158,5157,5158,5158,5158,5158,5158,5158,5157,5158,5158,5157,5158,5158,5158,5158,5158,5158,5158,5158,5158,5158,5158,5158,5158,5158,5158,5158,5157,5159,5158,5158,5158,5158,5158,5158,5158,5158,5159,5158,5158,5158,5158,5158,5158,5158,5158,5159,5159,5158,5158,5158,5158,5158,5158,5158,5159,5158,5158,5158,5159,5159,5159,5159,5159,5158,5159,5159,5159,5158,5159,5159,5159,5159,5158,5158,5158,5158,5159,5159,5159,5159,5159,5158,5159,5159,5159,5159,5159,5159,5159,5159,5159,5159,5159,5159,5159,5159,5159,5159,5159,5159,5159,5159,5159,5159,5159,5159,5159,5159,5159,5159,5159,5159,5159,5159,5159,5159,5159,5159,5159,5160,5159,5160,5159,5159,5160,5159,5160,5159,5160,5159,5159,5160,5160,5160,5160,5160,5159,5159,5159,5160,5159,5160,5159,5160,5159,5160,5160,5160,5160,5160,5159,5160,5160,5160,5160,5159,5160,5160,5160,5160,5160,5160,5160,5160,5160,5160,5160,5160,5160,5160,5160,5160,5160,5160,5160,5160,5160,5160,5160,5160,5160,5160,5160,5160,5160,5160,5160,5160,5160,5160,5160,5160,5160,5160,5160,5159,5160,5160,5160,5160,5160,5160,5160,5160,5160,5160,5160,5161,5160,5161,5161,5160,5160,5161,5160,5160,5161,5160,5160,5160,5160,5161,5160,5053,4995,4970,5069,5091,5100,5106,5110,5112,5114,5116,5118,4967,4950,4929,5065,5079,5086,5091,5094,5097,5098,5100,5101,5103,5104,5104,5105,5107,5107,5108,5109,5109,
34301,0,0,0,0,0,0,0,0,0,0,0,0,0,65081,65076,65074,65073,65072,65071,65071,65070,65070,65069,65069,65069,65068,65068,65068,65067,65067,0,0,0,0,0,0,0,0,0,0,0,0,0,0,0,0,0,0,0,0,0,0,0,0,0,0,0,0,0,0,0,0,0,0,0,0,0,0,0,0,0,0,0,0,0,0,0,0,0,0,0,0,0,0,65074,65072,65070,65069,65068,65067,65066,65066,65065,65065,65064,65064,65063,65063,65062,65061,65061,65060,65060,65059,65058,65058,65057,65056,65056,0,0,0,0,0,0,0,0,0,0,0,0,0,0,0,0,0,0,0,0,0,0,0,0,0,0,0,0,0,0,0,0,0,0,0,0,0,0,0,0,0,0,0,0,0,0,0,0,0,0,0,0,0,0,0,0,0,0,0,0,0,0,0,0,0,0,0,0,0,0,0,0,0,0,0,0,0,0,0,0,0,0,0,0,0,0,0,0,0,0,0,0,0,0,0,0,0,0,0,0,0,0,0,0,0,0,0,0,0,0,0,0,0,0,0,0,0,0,0,0,0,0,0,0,0,0,0,0,0,0,0,0,0,0,0,0,0,0,0,0,0,0,0,0,0,0,0,0,0,0,0,0,0,0,0,0,0,0,0,0,0,0,0,0,0,0,0,0,0,0,0,0,0,0,0,0,0,0,0,0,0,0,0,0,0,0,0,0,0,0,0,0,0,0,0,0,0,0,0,0,0,0,0,0,0,0,0,0,0,0,0,0,0,0,0,0,0,0,0,0,0,0,0,0,0,0,0,0,0,0,0,0,0,0,0,0,0,0,0,0,0,0,0,0,0,0,0,0,0,0,0,0,0,0,0,0,0,0,0,0,0,0,0,0,0,0,0,0,0,0,0,0,0,0,0,0,0,0,0,0,0,0,0,0,0,0,0,0,0,0,0,0,0,0,0,0,0,0,0,0,0,0,0,0,0,0,0,0,0,0,0,0,0,0,0,0,0,0,0,0,0,0,0,0,0,0,0,0,0,0,0,0,0,0,0,0,0,0,0,0,0,0,0,0,0,0,0,0,0,0,0,0,0,0,0,0,0,0,0,0,0,0,0,0,0,0,0,0,0,0,0,0,0,0,0,0,0,0,0,0,0,0,0,0,0,0,0,0,0,0,0,0,0,0,0,0,0,0,0,0,0,0,0,65088,65081,65078,0,0,0,0,0,0,0,0,0,65079,65076,65075,0,0,0,0,0,0,0,0,0,0,0,0,0,0,0,0,0,0,
34302,308,308,308,308,308,308,308,308,308,308,308,308,308,307,301,295,288,282,276,270,264,258,252,246,240,234,227,221,215,209,207,207,207,207,207,207,207,207,207,207,207,207,207,207,207,207,207,207,207,207,207,207,207,207,207,207,207,207,207,207,207,207,207,207,207,207,207,207,207,207,207,207,207,207,207,207,207,207,207,207,207,207,207,207,201,195,189,183,177,171,164,158,152,146,140,134,130,130,129,128,127,127,126,125,124,121,118,116,112,107,107,107,107,107,107,107,107,107,107,107,107,107,107,107,107,107,107,107,107,107,107,107,107,107,107,107,107,107,107,107,107,107,107,107,107,107,107,107,107,107,107,107,107,107,107,107,107,107,107,107,107,107,107,107,107,107,107,107,107,107,107,107,107,107,107,107,107,107,107,107,107,107,107,107,107,107,107,107,107,107,107,107,107,107,107,107,107,107,107,107,107,107,107,107,107,107,107,107,107,107,107,107,107,107,107,107,107,107,107,107,107,107,107,107,116,116,116,116,116,116,116,116,116,116,116,116,116,116,116,116,116,116,116,116,116,116,116,116,116,116,116,116,116,116,116,116,116,116,116,116,116,116,116,116,116,116,116,116,116,116,116,116,116,116,116,116,116,116,116,116,116,116,116,116,116,116,116,116,116,116,116,116,116,116,116,116,116,116,116,116,116,116,116,116,116,116,116,116,116,116,116,116,116,116,116,116,116,116,116,116,116,116,116,116,116,116,116,116,116,116,116,116,116,116,116,116,116,116,116,116,116,116,116,116,116,116,116,116,116,116,116,116,116,116,116,116,116,116,116,116,116,116,116,116,116,116,116,116,116,116,116,116,116,116,116,116,116,116,116,116,116,116,116,116,116,116,116,116,116,116,116,116,116,116,116,116,116,116,116,116,116,116,116,116,116,116,116,116,116,116,116,116,116,116,116,116,116,116,116,116,116,116,116,116,116,116,116,116,116,116,116,116,116,116,116,116,116,116,116,116,116,116,116,116,116,116,116,116,116,116,116,116,116,116,116,116,116,116,116,116,116,116,116,116,116,116,116,116,116,116,116,116,116,116,116,116,116,116,116,116,116,116,116,116,116,116,116,116,116,116,116,116,116,116,116,116,116,116,116,116,116,116,116,116,116,116,116,116,116,116,116,116,115,112,110,108,108,108,108,108,108,108,108,108,106,103,101,100,100,100,100,100,100,100,100,100,100,100,100,100,100,100,100,100,100,
34303,45,45,45,45,45,45,45,45,45,45,45,45,45,45,45,45,45,45,45,45,45,45,45,45,45,45,45,45,45,45,45,45,45,45,45,45,45,45,45,45,45,45,45,45,45,45,45,45,45,45,45,45,45,45,45,45,45,45,45,45,45,45,45,45,45,45,45,45,45,45,45,45,45,45,45,45,45,45,45,45,45,45,45,45,45,45,45,45,45,45,45,45,45,45,45,45,45,45,45,45,45,45,45,45,45,45,45,45,45,45,45,45,45,45,45,45,45,45,45,45,45,45,45,45,45,45,45,45,45,45,45,45,45,45,45,45,45,45,45,45,45,45,45,45,45,45,45,45,45,45,45,45,45,45,45,45,45,45,45,45,45,45,45,45,45,45,45,45,45,45,45,45,45,45,45,45,45,45,45,45,45,45,45,45,45,45,45,45,45,45,45,45,45,45,45,45,45,45,45,45,45,45,45,45,45,45,45,45,45,45,45,45,45,45,45,45,45,45,45,45,45,45,45,45,45,45,45,45,45,45,45,45,45,45,45,45,45,45,45,45,45,45,45,45,45,45,45,45,45,45,45,45,45,45,45,45,45,45,45,45,45,45,45,45,45,45,45,45,45,45,45,45,45,45,45,45,45,45,45,45,45,45,45,45,45,45,45,45,45,45,45,45,45,45,45,45,45,45,45,45,45,45,45,45,45,45,45,45,45,45,45,45,45,45,45,45,45,45,45,45,45,45,45,45,45,45,45,45,45,45,45,45,45,45,45,45,45,45,45,45,45,45,45,45,45,45,45,45,45,45,45,45,45,45,45,45,45,45,45,45,45,45,45,45,45,45,45,45,45,45,45,45,45,45,45,45,45,45,45,45,45,45,45,45,45,45,45,45,45,45,45,45,45,45,45,45,45,45,45,45,45,45,45,45,45,45,45,45,45,45,45,45,45,45,45,45,45,45,45,45,45,45,45,45,45,45,45,45,45,45,45,45,45,45,45,45,45,45,45,45,45,45,45,45,45,45,45,45,45,45,45,45,45,45,45,45,45,45,45,45,45,45,45,45,45,45,45,45,45,45,45,45,45,45,45,45,45,45,45,45,45,45,45,45,45,45,45,45,45,45,45,45,45,45,45,45,45,45,45,45,45,45,45,45,45,45,45,45,45,45,45,45,45,45,45,45,45,45,45,45,45,45,45,45,45,45,45,45,45,45,45,45,45,45,45,45,45,45,45,45,45,45,45,45,45,
34304,0,0,0,0,0,0,0,0,0,0,0,0,0,3,3,3,3,3,3,3,3,3,3,3,3,3,3,3,3,3,0,0,0,0,0,0,0,0,0,0,0,0,0,0,0,0,0,0,0,0,0,0,0,0,0,0,0,0,0,0,0,0,0,0,0,0,0,0,0,0,0,0,0,0,0,0,0,0,0,0,0,0,0,2,3,3,3,3,3,3,3,3,3,3,3,3,3,3,3,3,3,3,3,3,3,3,3,3,3,0,0,0,0,0,0,0,0,0,0,0,0,0,0,0,0,0,0,0,0,0,0,0,0,0,0,0,0,0,0,0,0,0,0,0,0,0,0,0,0,0,0,0,0,0,0,0,0,0,0,0,0,0,0,0,0,0,0,0,0,0,0,0,0,0,0,0,0,0,0,0,0,0,0,0,0,0,0,0,0,0,0,0,0,0,0,0,0,0,0,0,0,0,0,0,0,0,0,0,0,0,0,0,0,0,0,0,0,0,0,0,0,0,0,0,0,0,0,0,0,0,0,0,0,0,0,0,0,0,0,0,0,0,0,0,0,0,0,0,0,0,0,0,0,0,0,0,0,0,0,0,0,0,0,0,0,0,0,0,0,0,0,0,0,0,0,0,0,0,0,0,0,0,0,0,0,0,0,0,0,0,0,0,0,0,0,0,0,0,0,0,0,0,0,0,0,0,0,0,0,0,0,0,0,0,0,0,0,0,0,0,0,0,0,0,0,0,0,0,0,0,0,0,0,0,0,0,0,0,0,0,0,0,0,0,0,0,0,0,0,0,0,0,0,0,0,0,0,0,0,0,0,0,0,0,0,0,0,0,0,0,0,0,0,0,0,0,0,0,0,0,0,0,0,0,0,0,0,0,0,0,0,0,0,0,0,0,0,0,0,0,0,0,0,0,0,0,0,0,0,0,0,0,0,0,0,0,0,0,0,0,0,0,0,0,0,0,0,0,0,0,0,0,0,0,0,0,0,0,0,0,0,0,0,0,0,0,0,0,0,0,0,0,0,0,0,0,0,0,0,0,0,0,0,0,0,0,0,0,0,0,0,0,0,0,0,0,0,0,0,0,0,0,0,0,0,0,0,0,0,0,0,0,0,0,0,0,0,0,0,0,0,0,0,0,0,0,0,0,0,0,0,0,3,3,3,0,0,0,0,0,0,0,0,0,3,3,3,0,0,0,0,0,0,0,0,0,0,0,0,0,0,0,0,0,0,
34305,3286,3286,3286,3286,3286,3287,3286,3287,3286,3287,3287,3287,3287,3230,3202,3185,3179,3180,3174,3171,3169,3168,3168,3167,3163,3161,3163,3163,3155,3155,3226,3237,3244,3248,3251,3254,3255,3257,3258,3259,3261,3261,3262,3262,3263,3265,3265,3265,3267,3266,3267,3268,3267,3268,3268,3269,3269,3269,3269,3270,3270,3271,3271,3271,3272,3271,3272,3272,3272,3273,3273,3273,3273,3273,3274,3273,3273,3274,3273,3274,3274,3274,3275,3251,3192,3179,3170,3164,3151,3149,3145,3148,3146,3141,3143,3137,3137,3132,3125,3123,3125,3123,3123,3117,3108,3110,3102,3100,3099,3162,3184,3193,3198,3201,3204,3206,3208,3209,3210,3211,3212,3213,3213,3214,3215,3215,3215,3215,3216,3217,3217,3217,3217,3218,3218,3218,3218,3218,3219,3219,3219,3219,3219,3220,3219,3219,3219,3220,3220,3220,3221,3220,3220,3220,3221,3221,3221,3221,3221,3221,3221,3221,3221,3221,3222,3221,3221,3222,3222,3222,3222,3222,3222,3222,3222,3222,3222,3222,3222,3222,3222,3223,3222,3222,3222,3222,3223,3222,3222,3223,3223,3223,3223,3223,3223,3223,3224,3224,3223,3223,3223,3223,3223,3223,3223,3223,3223,3224,3224,3223,3224,3223,3223,3223,3223,3224,3223,3223,3223,3224,3225,3223,3224,3224,3224,3224,3225,3224,3224,3224,3224,3224,3224,3224,3224,3224,3225,3224,3224,3224,3224,3224,3224,3225,3224,3224,3225,3224,3224,3224,3225,3225,3225,3224,3224,3224,3225,3225,3224,3224,3224,3225,3224,3225,3225,3225,3225,3225,3224,3225,3225,3225,3225,3225,3225,3224,3225,3225,3224,3225,3225,3225,3225,3225,3225,3225,3225,3225,3225,3226,3226,3225,3225,3225,3225,3225,3225,3225,3224,3225,3225,3225,3226,3226,3225,3225,3225,3225,3225,3226,3226,3225,3225,3225,3226,3225,3226,3225,3226,3226,3225,3225,3225,3226,3225,3226,3226,3225,3226,3225,3225,3226,3225,3225,3226,3226,3226,3225,3225,3225,3225,3226,3225,3226,3225,3226,3225,3226,3225,3226,3226,3226,3226,3226,3226,3226,3226,3226,3226,3226,3226,3225,3226,3226,3226,3226,3226,3226,3226,3226,3225,3226,3226,3226,3226,3226,3226,3226,3226,3226,3226,3225,3226,3226,3226,3226,3226,3226,3226,3226,3226,3226,3226,3226,3226,3226,3226,3226,3226,3226,3226,3226,3226,3226,3226,3226,3226,3226,3226,3226,3226,3226,3226,3226,3226,3227,3226,3226,3226,3226,3226,3226,3227,3226,3226,3226,3226,3226,3226,3226,3226,3226,3226,3226,3226,3226,3226,3227,3226,3226,3226,3226,3227,3226,3226,3226,3226,3226,3226,3226,3227,3226,3226,3226,3226,3226,3226,3227,3227,3226,3227,3226,3226,3226,3227,3226,3226,3227,3227,3226,3227,3226,3226,3226,3227,3226,3226,3227,3226,3226,3226,3226,3227,3226,3226,3227,3226,3226,3227,3227,3226,3227,3226,3226,3227,3227,3227,3226,3227,3226,3227,3227,3227,3226,3227,3227,3226,3226,3226,3226,3227,3226,3162,3127,3109,3170,3183,3188,3192,3195,3197,3197,3200,3200,3109,3097,3085,3167,3176,3181,3184,3185,3187,3188,3189,3189,3190,3191,3192,3193,3193,3193,3194,3194,3194,
34306,3284,3283,3284,3283,3284,3284,3283,3284,3285,3284,3283,3284,3285,3225,3196,3178,3173,3172,3166,3166,3164,3161,3160,3160,3155,3154,3157,3154,3149,3149,3223,3235,3242,3246,3250,3251,3254,3255,3257,3257,3258,3259,3260,3261,3262,3262,3263,3263,3264,3264,3265,3265,3265,3266,3267,3267,3267,3267,3268,3268,3269,3269,3269,3269,3269,3269,3270,3270,3270,3270,3270,3271,3270,3271,3271,3271,3271,3271,3272,3272,3272,3273,3272,3248,3186,3171,3163,3156,3145,3141,3138,3141,3136,3132,3136,3131,3130,3124,3118,3116,3117,3114,3111,3108,3099,3101,3092,3091,3091,3158,3180,3190,3195,3199,3201,3203,3205,3206,3208,3209,3209,3211,3211,3211,3212,3213,3213,3214,3214,3215,3215,3215,3215,3215,3215,3216,3216,3216,3216,3217,3217,3217,3217,3217,3218,3218,3217,3218,3218,3218,3218,3218,3218,3219,3218,3218,3218,3219,3218,3218,3219,3218,3219,3219,3219,3219,3219,3219,3220,3220,3219,3220,3220,3220,3219,3220,3220,3219,3220,3220,3220,3220,3220,3220,3220,3221,3220,3220,3220,3221,3220,3221,3221,3221,3221,3221,3221,3221,3221,3221,3221,3221,3221,3221,3221,3221,3221,3221,3221,3221,3222,3221,3222,3221,3222,3222,3221,3222,3222,3221,3221,3221,3222,3222,3222,3222,3222,3222,3222,3222,3222,3222,3221,3222,3222,3222,3222,3222,3222,3222,3222,3222,3222,3222,3222,3222,3222,3222,3222,3222,3222,3222,3222,3222,3222,3222,3222,3222,3222,3222,3222,3222,3222,3222,3223,3223,3222,3223,3222,3222,3222,3222,3223,3222,3222,3222,3222,3222,3223,3223,3223,3223,3223,3223,3223,3222,3223,3223,3223,3223,3222,3223,3223,3223,3223,3223,3223,3223,3222,3223,3223,3223,3223,3223,3223,3223,3222,3223,3223,3223,3222,3223,3223,3223,3223,3223,3224,3223,3223,3223,3222,3223,3223,3223,3223,3223,3223,3223,3223,3224,3224,3223,3223,3223,3223,3224,3223,3223,3223,3223,3223,3223,3223,3223,3223,3224,3223,3223,3224,3223,3224,3223,3223,3223,3224,3223,3223,3223,3224,3224,3223,3223,3223,3223,3223,3223,3223,3224,3223,3224,3224,3223,3224,3224,3224,3224,3223,3224,3224,3224,3223,3224,3223,3223,3223,3224,3223,3224,3224,3223,3224,3224,3224,3224,3224,3224,3224,3224,3224,3224,3223,3224,3224,3224,3224,3224,3224,3224,3224,3224,3224,3224,3223,3224,3223,3224,3224,3224,3223,3224,3224,3224,3224,3224,3224,3223,3224,3224,3223,3224,3224,3224,3224,3224,3224,3224,3224,3224,3224,3224,3224,3224,3224,3224,3224,3224,3224,3224,3224,3224,3223,3224,3224,3224,3224,3224,3224,3224,3224,3224,3224,3224,3224,3224,3224,3225,3224,3225,3224,3224,3224,3224,3224,3225,3224,3224,3224,3224,3224,3224,3224,3224,3224,3224,3224,3225,3225,3225,3224,3224,3224,3224,3225,3224,3224,3224,3225,3225,3225,3225,3224,3225,3224,3224,3224,3225,3225,3224,3224,3225,3225,3225,3156,3119,3104,3168,3181,3187,3190,3193,3194,3196,3197,3198,3102,3091,3078,3165,3174,3178,3181,3183,3185,3186,3186,3188,3189,3189,3190,3191,3191,3191,3192,3193,3193,
34307,0,0,0,0,0,0,0,0,0,0,0,0,0,0,0,0,0,0,0,0,0,0,0,0,0,0,0,0,0,0,0,0,0,0,0,0,0,0,0,0,0,0,0,0,0,0,0,0,0,0,0,0,0,0,0,0,0,0,0,0,0,0,0,0,0,0,0,0,0,0,0,0,0,0,0,0,0,0,0,0,0,0,0,0,0,0,0,0,0,0,0,0,0,0,0,0,0,0,0,0,0,0,0,0,0,0,0,0,0,0,0,0,0,0,0,0,0,0,0,0,0,0,0,0,0,0,0,0,0,0,0,0,0,0,0,0,0,0,0,0,0,0,0,0,0,0,0,0,0,0,0,0,0,0,0,0,0,0,0,0,0,0,0,0,0,0,0,0,0,0,0,0,0,0,0,0,0,0,0,0,0,0,0,0,0,0,0,0,0,0,0,0,0,0,0,0,0,0,0,0,0,0,0,0,0,0,0,0,0,0,0,0,0,0,0,0,0,0,0,0,0,0,0,0,0,0,0,0,0,0,0,0,0,0,0,0,0,0,0,0,0,0,0,0,0,0,0,0,0,0,0,0,0,0,0,0,0,0,0,0,0,0,0,0,0,0,0,0,0,0,0,0,0,0,0,0,0,0,0,0,0,0,0,0,0,0,0,0,0,0,0,0,0,0,0,0,0,0,0,0,0,0,0,0,0,0,0,0,0,0,0,0,0,0,0,0,0,0,0,0,0,0,0,0,0,0,0,0,0,0,0,0,0,0,0,0,0,0,0,0,0,0,0,0,0,0,0,0,0,0,0,0,0,0,0,0,0,0,0,0,0,0,0,0,0,0,0,0,0,0,0,0,0,0,0,0,0,0,0,0,0,0,0,0,0,0,0,0,0,0,0,0,0,0,0,0,0,0,0,0,0,0,0,0,0,0,0,0,0,0,0,0,0,0,0,0,0,0,0,0,0,0,0,0,0,0,0,0,0,0,0,0,0,0,0,0,0,0,0,0,0,0,0,0,0,0,0,0,0,0,0,0,0,0,0,0,0,0,0,0,0,0,0,0,0,0,0,0,0,0,0,0,0,0,0,0,0,0,0,0,0,0,0,0,0,0,0,0,0,0,0,0,0,0,0,0,0,0,0,0,0,0,0,0,0,0,0,0,0,0,0,0,0,0,0,0,0,0,0,0,0,0,0,0,0,0,0,0,0,0,0,0,0,0,0,0,0,0,0,0,0,0,0,0,0,
34308,0,0,0,0,0,0,0,0,0,0,0,0,0,0,0,0,0,0,0,0,0,0,0,0,0,0,0,0,0,0,0,0,0,0,0,0,0,0,0,0,0,0,0,0,0,0,0,0,0,0,0,0,0,0,0,0,0,0,0,0,0,0,0,0,0,0,0,0,0,0,0,0,0,0,0,0,0,0,0,0,0,0,0,0,0,0,0,0,0,0,0,0,0,0,0,0,0,0,0,0,0,0,0,0,0,0,0,0,0,0,0,0,0,0,0,0,0,0,0,0,0,0,0,0,0,0,0,0,0,0,0,0,0,0,0,0,0,0,0,0,0,0,0,0,0,0,0,0,0,0,0,0,0,0,0,0,0,0,0,0,0,0,0,0,0,0,0,0,0,0,0,0,0,0,0,0,0,0,0,0,0,0,0,0,0,0,0,0,0,0,0,0,0,0,0,0,0,0,0,0,0,0,0,0,0,0,0,0,0,0,0,0,0,0,0,0,0,0,0,0,0,0,0,0,0,0,0,0,0,0,0,0,0,0,0,0,0,0,0,0,0,0,0,0,0,0,0,0,0,0,0,0,0,0,0,0,0,0,0,0,0,0,0,0,0,0,0,0,0,0,0,0,0,0,0,0,0,0,0,0,0,0,0,0,0,0,0,0,0,0,0,0,0,0,0,0,0,0,0,0,0,0,0,0,0,0,0,0,0,0,0,0,0,0,0,0,0,0,0,0,0,0,0,0,0,0,0,0,0,0,0,0,0,0,0,0,0,0,0,0,0,0,0,0,0,0,0,0,0,0,0,0,0,0,0,0,0,0,0,0,0,0,0,0,0,0,0,0,0,0,0,0,0,0,0,0,0,0,0,0,0,0,0,0,0,0,0,0,0,0,0,0,0,0,0,0,0,0,0,0,0,0,0,0,0,0,0,0,0,0,0,0,0,0,0,0,0,0,0,0,0,0,0,0,0,0,0,0,0,0,0,0,0,0,0,0,0,0,0,0,0,0,0,0,0,0,0,0,0,0,0,0,0,0,0,0,0,0,0,0,0,0,0,0,0,0,0,0,0,0,0,0,0,0,0,0,0,0,0,0,0,0,0,0,0,0,0,0,0,0,0,0,0,0,0,0,0,0,0,0,0,0,0,0,0,0,0,0,0,0,0,0,0,0,0,0,0,0,0,0,0,0,0,0,0,0,0,0,0,0,0,0,0,0,0,0,0,0,0,0,0,0,0,0,0,
34309,0,0,0,0,0,0,0,0,0,0,0,0,0,0,0,0,0,0,0,0,0,0,0,0,0,0,0,0,0,0,0,0,0,0,0,0,0,0,0,0,0,0,0,0,0,0,0,0,0,0,0,0,0,0,0,0,0,0,0,0,0,0,0,0,0,0,0,0,0,0,0,0,0,0,0,0,0,0,0,0,0,0,0,0,0,0,0,0,0,0,0,0,0,0,0,0,0,0,0,0,0,0,0,0,0,0,2,2,2,0,0,0,0,0,0,0,0,0,0,0,0,0,0,0,0,0,0,0,0,0,0,0,0,0,0,0,0,0,0,0,0,0,0,0,0,0,0,0,0,0,0,0,0,0,0,0,0,0,0,0,0,0,0,0,0,0,0,0,0,0,0,0,0,0,0,0,0,0,0,0,0,0,0,0,0,0,0,0,0,0,0,0,0,0,0,0,0,0,0,0,0,0,0,0,0,0,0,0,0,0,0,0,0,0,0,0,0,0,0,0,0,0,0,0,0,0,0,0,0,0,0,0,0,0,0,0,0,0,0,0,0,0,0,0,0,0,0,0,0,0,0,0,0,0,0,0,0,0,0,0,0,0,0,0,0,0,0,0,0,0,0,0,0,0,0,0,0,0,0,0,0,0,0,0,0,0,0,0,0,0,0,0,0,0,0,0,0,0,0,0,0,0,0,0,0,0,0,0,0,0,0,0,0,0,0,0,0,0,0,0,0,0,0,0,0,0,0,0,0,0,0,0,0,0,0,0,0,0,0,0,0,0,0,0,0,0,0,0,0,0,0,0,0,0,0,0,0,0,0,0,0,0,0,0,0,0,0,0,0,0,0,0,0,0,0,0,0,0,0,0,0,0,0,0,0,0,0,0,0,0,0,0,0,0,0,0,0,0,0,0,0,0,0,0,0,0,0,0,0,0,0,0,0,0,0,0,0,0,0,0,0,0,0,0,0,0,0,0,0,0,0,0,0,0,0,0,0,0,0,0,0,0,0,0,0,0,0,0,0,0,0,0,0,0,0,0,0,0,0,0,0,0,0,0,0,0,0,0,0,0,0,0,0,0,0,0,0,0,0,0,0,0,0,0,0,0,0,0,0,0,0,0,0,0,0,0,0,0,0,0,0,0,0,0,0,0,0,0,0,0,0,0,0,0,0,0,0,0,0,0,0,0,0,0,0,2,2,0,0,0,0,0,0,0,0,0,0,0,0,0,0,0,0,0,0,
34310,116,116,116,116,116,116,116,116,116,116,116,116,116,116,116,116,116,116,116,116,116,116,116,116,116,116,116,116,116,116,116,116,116,116,116,116,116,116,116,116,116,116,116,116,116,116,116,116,116,116,116,116,116,116,116,116,116,116,116,116,116,116,116,116,116,116,116,116,116,116,116,116,116,116,116,116,116,116,116,116,116,116,116,116,116,116,116,116,116,116,116,116,116,116,116,116,116,116,116,116,116,116,116,116,116,116,116,116,116,116,116,116,116,116,116,116,116,116,116,116,116,116,116,116,116,116,116,116,116,116,116,116,116,116,116,116,116,116,116,116,116,116,116,116,116,116,116,116,116,116,116,116,116,116,116,116,116,116,116,116,116,116,116,116,116,116,116,116,116,116,116,116,116,116,116,116,116,116,116,116,116,116,116,116,116,116,116,116,116,116,116,116,116,116,116,116,116,116,116,116,116,116,116,116,116,116,116,116,116,116,116,116,116,116,116,116,116,116,116,116,116,116,116,116,116,116,116,116,116,116,116,116,116,116,116,116,116,116,116,116,116,116,116,116,116,116,116,116,116,116,116,116,116,116,116,116,116,116,116,116,116,116,116,116,116,116,116,116,116,116,116,116,116,116,116,116,116,116,116,116,116,116,116,116,116,116,116,116,116,116,116,116,116,116,116,116,116,116,116,116,116,116,116,116,116,116,116,116,116,116,116,116,116,116,116,116,116,116,116,116,116,116,116,116,116,116,116,116,116,116,116,116,116,116,116,116,116,116,116,116,116,116,116,116,116,116,116,116,116,116,116,116,116,116,116,116,116,116,116,116,116,116,116,116,116,116,116,116,116,116,116,116,116,116,116,116,116,116,116,116,116,116,116,116,116,116,116,116,116,116,116,116,116,116,116,116,116,116,116,116,116,116,116,116,116,116,116,116,116,116,116,116,116,116,116,116,116,116,116,116,116,116,116,116,116,116,116,116,116,116,116,116,116,116,116,116,116,116,116,116,116,116,116,116,116,116,116,116,116,116,116,116,116,116,116,116,116,116,116,116,116,116,116,116,116,116,116,116,116,116,116,116,116,116,116,116,116,116,116,116,116,116,116,116,116,116,116,116,116,116,116,116,116,116,116,116,116,116,116,116,116,116,116,116,116,116,116,116,116,116,116,116,116,116,116,116,116,116,116,116,116,116,116,116,116,116,116,116,116,116,116,116,116,116,116,116,116,116,116,116,116,116,116,116,116,
34311,295,297,297,296,296,295,296,296,296,295,295,296,296,295,295,295,295,296,298,298,300,300,301,303,304,305,306,308,309,309,311,312,315,315,316,316,319,318,317,318,319,318,317,316,317,316,315,316,317,316,316,315,315,314,315,314,313,314,311,312,312,311,311,310,312,309,309,309,310,309,308,308,307,309,309,308,306,307,307,306,306,305,305,305,305,305,306,305,308,307,309,310,311,312,313,315,316,316,318,319,322,324,325,327,328,329,331,332,332,335,336,336,338,340,340,340,342,341,341,340,340,341,342,340,340,339,340,338,337,337,335,337,337,335,335,334,333,332,333,332,330,330,329,329,329,328,328,327,327,327,327,326,326,326,325,323,324,324,324,322,323,323,322,321,322,322,322,320,321,321,320,320,320,319,320,318,320,319,319,320,320,319,319,319,318,319,317,317,319,317,317,317,317,316,316,317,317,317,317,316,317,315,316,316,316,315,316,315,316,316,316,317,315,316,316,316,316,316,314,315,316,316,314,314,315,314,316,316,317,316,315,315,317,316,315,317,316,316,316,316,316,314,316,316,315,316,317,315,317,316,314,316,316,316,315,315,316,315,314,314,315,316,315,316,315,315,314,314,313,316,314,315,316,314,314,314,313,314,314,314,314,314,315,313,314,313,315,312,313,313,312,313,313,313,313,314,313,311,313,312,312,312,314,312,314,312,311,312,312,311,312,311,311,310,311,310,310,312,311,311,311,312,312,311,311,311,311,312,311,311,311,310,310,311,309,310,311,311,309,310,311,310,311,309,310,309,310,311,310,309,311,311,308,309,309,309,309,310,309,309,309,310,310,310,309,310,310,308,307,308,308,308,309,308,308,307,309,308,307,308,308,308,308,309,307,308,308,308,308,307,307,308,308,307,307,307,307,308,308,307,307,307,307,306,306,306,307,306,306,307,307,306,307,306,307,307,308,308,306,306,307,306,307,306,306,307,306,305,307,307,306,306,305,306,307,305,305,307,306,305,306,307,306,305,306,305,305,305,306,305,306,306,306,307,306,304,306,306,306,306,305,304,306,305,305,305,305,304,305,305,305,305,305,305,305,305,305,305,306,306,305,304,304,305,304,305,305,305,306,304,304,304,305,304,306,305,304,304,304,305,305,305,304,305,304,304,303,304,304,304,303,303,304,305,304,306,305,305,304,306,306,306,306,308,307,307,309,308,310,309,310,310,310,311,311,311,312,312,311,312,314,312,312,312,313,
34312,245,245,244,244,244,243,243,243,242,242,242,242,241,287,278,285,292,299,306,313,320,326,332,338,344,351,356,362,367,373,370,356,348,344,340,337,334,332,328,327,324,322,319,317,315,313,311,309,307,305,304,301,299,297,296,295,293,291,290,289,287,286,285,283,282,281,279,278,277,276,275,274,272,272,271,270,269,268,268,267,266,265,265,263,300,305,312,319,326,332,339,345,351,358,363,369,375,381,386,392,397,402,407,412,417,422,426,430,435,445,422,410,403,397,393,388,384,381,377,374,370,366,364,360,357,354,351,348,345,343,340,338,335,333,330,329,326,324,322,320,318,317,315,313,311,309,308,307,305,303,302,301,299,298,297,295,295,294,292,291,290,289,288,287,286,286,285,283,283,282,281,281,280,279,279,278,277,277,276,275,275,274,274,273,273,273,272,271,271,270,270,270,269,269,268,268,268,267,267,267,266,266,266,265,266,265,265,265,264,264,264,263,263,263,263,263,263,262,262,262,262,261,262,261,260,260,260,260,260,260,259,259,259,258,259,259,259,259,259,258,258,258,258,258,258,258,258,258,258,258,257,257,257,257,257,257,257,257,257,256,257,257,257,256,256,257,256,256,256,256,256,256,256,256,255,256,256,256,256,255,255,256,255,256,255,255,254,255,255,255,255,255,255,255,254,255,254,254,254,254,254,254,254,254,253,254,254,253,254,253,254,253,253,253,253,253,253,253,253,253,253,253,253,252,252,252,253,253,252,252,252,252,252,251,252,252,252,252,252,251,251,251,251,251,251,251,251,251,251,251,251,251,251,251,251,251,251,251,251,251,251,251,250,251,250,250,250,250,250,250,250,250,249,250,249,249,249,249,250,249,250,250,249,249,249,249,249,249,249,249,249,249,249,249,249,249,249,249,248,249,248,249,249,248,248,248,249,248,248,248,249,248,248,248,248,248,248,248,248,248,248,248,248,248,248,248,248,248,247,248,248,247,247,247,247,248,247,248,246,247,247,247,247,247,247,247,247,247,247,247,246,247,247,247,246,246,247,246,246,246,247,246,246,246,246,246,246,246,246,246,246,246,246,245,246,246,245,246,246,246,246,246,245,246,245,246,246,245,245,246,245,245,246,245,246,246,245,245,245,245,245,245,245,245,245,245,244,245,245,245,245,245,289,282,289,294,280,275,272,270,269,268,268,267,292,302,311,309,298,293,290,288,287,286,285,284,283,282,281,280,279,278,278,277,276,
34313,231,230,230,230,230,230,230,230,230,230,230,230,230,230,230,231,231,231,232,233,233,234,234,235,235,236,237,238,238,239,240,240,241,240,240,241,240,240,240,240,241,241,240,241,241,241,241,241,240,240,241,240,241,241,241,241,241,241,241,241,241,240,241,240,240,240,241,241,241,240,241,241,241,241,241,241,241,241,241,241,241,241,241,241,241,242,242,243,244,245,245,247,248,249,250,251,252,253,254,255,256,258,258,260,261,262,263,264,265,267,267,267,268,268,268,268,268,268,268,268,269,269,269,269,269,269,269,269,269,269,269,269,269,269,269,269,269,269,269,269,269,269,269,269,269,269,269,269,269,269,269,269,269,269,269,269,269,269,269,269,269,269,269,269,269,269,269,269,268,269,268,268,269,268,268,268,268,268,268,268,268,268,268,268,268,268,268,268,268,268,268,268,268,268,268,268,268,268,268,268,268,268,268,268,268,268,268,268,268,268,268,268,268,268,268,268,268,268,268,268,268,268,268,268,267,267,267,267,267,267,267,267,267,267,267,267,267,267,267,266,266,266,266,266,266,266,266,266,266,266,265,265,265,265,265,265,265,265,265,265,265,264,264,264,264,264,264,264,264,264,264,264,264,264,263,263,263,263,263,263,263,263,263,263,263,263,262,262,262,262,262,262,262,262,262,262,262,262,262,262,261,261,261,261,261,261,261,261,261,261,260,261,261,260,260,260,260,260,260,260,260,260,260,260,260,260,260,260,259,259,259,259,259,259,259,259,259,259,259,259,259,259,259,258,258,258,258,258,258,258,258,258,258,258,258,258,258,258,258,258,258,257,257,257,257,258,257,257,257,257,257,257,257,257,257,257,256,256,257,256,256,256,256,256,256,256,256,256,256,256,256,256,256,255,255,255,255,255,255,255,255,255,255,255,255,255,255,255,255,255,254,255,254,254,254,254,254,254,254,254,254,254,254,254,254,254,254,254,253,253,254,254,253,253,253,253,253,253,253,253,253,253,253,253,253,253,253,253,252,252,252,252,252,252,253,252,252,252,252,252,252,252,251,252,252,252,252,252,252,252,251,251,252,251,251,251,251,251,251,251,251,251,251,251,251,251,251,251,250,251,250,250,250,250,250,250,250,250,250,250,250,250,250,250,250,250,250,250,250,250,250,250,250,250,251,251,252,252,252,252,252,252,252,252,252,253,253,254,254,254,254,255,255,254,254,254,255,254,254,254,254,254,254,254,254,
34314,232,232,232,232,232,232,232,232,232,232,232,232,232,232,232,233,233,234,235,236,237,238,239,241,242,243,244,245,246,248,249,249,249,249,249,249,249,248,248,248,248,248,248,248,248,248,248,248,248,248,248,248,248,248,248,248,248,248,248,248,248,247,248,247,247,247,247,247,247,247,247,247,247,247,247,247,247,247,247,247,247,247,247,247,247,248,249,250,251,253,254,256,258,259,261,263,264,266,268,269,271,273,274,276,278,279,281,283,284,286,286,286,287,287,287,287,287,287,287,287,286,287,287,287,287,286,287,286,286,286,286,286,286,286,286,286,286,286,286,286,285,285,285,285,285,285,285,285,285,285,285,284,284,285,284,284,284,284,284,284,284,284,284,283,283,283,283,283,283,283,283,283,283,283,283,283,282,282,282,282,282,282,282,282,282,282,282,281,281,281,281,281,281,281,281,280,281,280,280,280,280,280,280,280,280,280,280,280,280,279,280,280,279,279,279,279,279,279,279,279,279,279,278,279,278,278,278,278,278,278,277,278,277,277,278,277,277,277,277,277,277,277,277,277,277,277,276,276,276,276,276,276,276,276,276,276,276,275,275,275,275,275,275,275,275,275,275,275,275,275,275,274,274,274,274,274,274,274,274,274,274,274,274,273,274,273,273,273,273,273,273,273,273,273,273,273,272,272,272,272,272,272,272,272,272,272,271,272,271,271,271,271,271,271,271,271,271,271,271,270,270,270,270,270,270,270,270,270,270,270,269,269,269,269,269,269,269,269,269,269,269,269,269,269,269,269,268,269,268,268,268,268,268,268,268,268,268,268,268,267,267,267,267,267,267,267,267,267,267,266,267,267,267,266,266,266,266,266,266,266,266,266,266,266,266,266,265,265,265,265,265,265,265,265,265,265,265,265,264,265,264,264,264,264,264,264,264,264,264,264,264,264,263,263,264,263,263,263,263,263,263,263,263,263,263,263,263,263,262,262,262,262,262,262,262,262,262,262,262,262,262,262,262,261,261,261,261,261,261,261,261,261,261,261,261,261,261,261,261,260,260,260,260,260,260,260,260,260,260,260,260,259,260,259,259,259,259,259,259,259,259,259,259,259,259,259,259,259,259,259,259,258,258,258,258,258,258,258,258,258,258,258,258,258,258,257,257,258,257,257,257,257,257,258,259,260,261,260,261,261,260,261,260,260,261,262,263,264,264,264,264,264,264,264,264,264,264,263,263,263,263,263,263,263,263,
34315,229,229,229,229,229,228,229,229,229,229,228,228,228,228,229,229,229,229,230,231,231,231,232,232,233,234,234,235,235,236,237,237,237,237,237,238,237,238,237,237,237,237,237,238,238,238,237,237,237,238,238,238,238,238,238,238,238,238,238,238,238,238,238,238,238,238,238,238,238,238,238,238,238,238,238,238,238,238,238,238,238,238,238,238,239,239,240,240,241,242,243,244,244,246,246,247,248,249,251,251,252,253,255,256,256,258,259,260,261,262,262,262,263,263,263,263,263,264,264,264,264,264,264,264,264,264,264,264,264,264,264,264,264,264,264,264,264,264,264,264,264,264,265,264,264,264,264,265,265,265,265,264,265,265,264,264,265,265,265,265,264,264,264,264,264,264,264,264,264,264,264,264,264,264,264,264,264,264,264,264,264,264,264,264,265,265,265,265,265,265,265,265,265,265,265,265,265,265,265,265,265,265,265,265,265,265,265,265,265,265,265,265,265,265,265,265,265,265,265,265,265,265,265,265,265,264,264,264,264,264,264,264,264,264,264,264,264,263,263,263,263,263,263,263,263,263,263,262,263,263,262,262,262,262,262,262,262,262,262,262,261,262,261,261,261,261,261,261,261,261,261,261,260,260,260,260,260,260,260,260,260,260,260,260,260,259,259,259,259,259,259,259,259,259,259,259,259,258,259,258,258,258,258,258,258,258,258,258,258,258,257,257,257,257,257,257,257,257,257,257,257,257,257,257,256,256,256,256,256,256,256,256,256,256,256,256,256,256,256,256,255,255,256,255,255,255,255,255,255,255,255,255,255,255,254,255,254,255,255,254,254,254,254,254,254,254,254,254,254,254,254,254,254,254,253,253,253,253,253,253,253,253,253,253,253,253,253,252,253,253,253,252,252,252,252,252,252,252,252,252,252,252,252,252,252,251,252,252,251,251,251,251,251,251,251,251,251,251,251,251,251,251,251,251,251,251,251,251,250,250,251,251,251,250,250,250,250,250,250,250,250,250,250,250,250,250,250,250,250,249,249,249,250,249,250,250,250,249,249,249,249,249,249,249,249,249,249,249,249,249,249,248,249,248,249,248,248,248,248,248,248,248,248,248,248,248,248,248,248,248,248,248,248,247,247,248,248,247,247,247,247,247,247,247,247,247,247,247,247,247,247,247,247,247,248,248,249,249,249,249,249,249,249,249,249,250,250,251,251,251,251,251,251,251,251,251,251,251,251,251,251,251,251,251,251,
34316,232,231,231,231,231,231,231,231,231,231,231,231,231,231,232,232,233,233,234,235,236,237,238,239,240,241,242,243,244,245,247,247,247,247,247,247,247,247,247,247,247,247,247,247,247,247,247,247,246,247,247,247,246,247,246,246,246,246,246,246,246,246,246,246,246,246,246,246,246,246,246,246,246,246,246,246,246,246,246,246,246,246,246,245,246,247,247,249,250,251,252,254,255,257,259,260,262,263,265,267,268,270,272,273,275,276,278,280,282,283,284,284,284,284,284,284,284,284,284,284,284,284,284,284,284,284,284,284,284,284,284,283,283,283,283,283,283,283,283,283,283,282,283,282,282,282,282,282,282,282,282,282,281,282,282,281,281,281,281,281,281,281,281,280,280,281,280,280,280,280,280,280,280,280,280,279,279,279,279,279,279,279,279,279,279,279,278,278,278,278,278,278,278,278,278,278,278,278,278,277,278,277,277,277,277,277,277,277,277,276,277,277,276,276,276,276,276,276,276,276,276,276,276,275,275,275,275,275,275,275,275,275,275,275,275,275,274,274,274,274,274,274,274,274,274,274,273,273,274,273,273,273,273,273,273,273,273,273,273,272,272,272,272,272,272,272,272,272,272,272,271,272,271,271,271,271,271,271,271,271,271,271,271,270,271,270,270,270,270,270,270,270,270,270,270,270,269,269,269,269,269,269,269,269,269,269,269,269,268,268,268,268,268,268,268,268,268,268,268,268,268,268,268,267,267,267,267,267,267,267,267,267,267,267,266,266,266,267,266,266,266,266,266,266,266,266,266,266,266,265,265,265,265,265,265,265,265,265,265,265,265,264,265,264,264,265,264,264,264,264,264,264,264,264,264,264,264,263,264,263,263,263,263,263,263,263,263,263,263,263,262,262,262,262,262,262,262,262,262,262,262,262,262,262,262,262,261,261,261,261,261,261,261,261,261,261,261,261,261,260,260,261,260,260,260,260,260,260,260,260,260,260,260,260,259,260,259,259,259,259,259,259,259,259,259,259,259,259,258,258,259,258,259,258,259,258,258,258,258,258,258,258,258,258,258,258,258,258,257,257,257,257,257,257,257,257,257,257,257,257,257,257,257,257,257,257,257,256,256,256,256,256,256,256,256,256,256,256,256,256,256,256,255,256,255,255,255,255,255,255,255,255,255,256,257,258,258,258,258,258,258,258,258,258,259,259,261,261,261,261,261,262,262,261,261,261,261,261,261,261,261,261,261,261,261,
34317,0,0,0,0,0,0,0,0,0,0,0,0,0,0,0,0,0,0,0,0,0,0,0,0,0,0,0,0,0,0,0,0,0,0,0,0,0,0,0,0,0,0,0,0,0,0,0,0,0,0,0,0,0,0,0,0,0,0,0,0,0,0,0,0,0,0,0,0,0,0,0,0,0,0,0,0,0,0,0,0,0,0,0,0,0,0,0,0,0,0,0,0,0,0,0,0,0,0,0,0,0,0,0,0,0,0,0,0,0,0,0,0,0,0,0,0,0,0,0,0,0,0,0,0,0,0,0,0,0,0,0,0,0,0,0,0,0,0,0,0,0,0,0,0,0,0,0,0,0,0,0,0,0,0,0,0,0,0,0,0,0,0,0,0,0,0,0,0,0,0,0,0,0,0,0,0,0,0,0,0,0,0,0,0,0,0,0,0,0,0,0,0,0,0,0,0,0,0,0,0,0,0,0,0,0,0,0,0,0,0,0,0,0,0,0,0,0,0,0,0,0,0,0,0,0,0,0,0,0,0,0,0,0,0,0,0,0,0,0,0,0,0,0,0,0,0,0,0,0,0,0,0,0,0,0,0,0,0,0,0,0,0,0,0,0,0,0,0,0,0,0,0,0,0,0,0,0,0,0,0,0,0,0,0,0,0,0,0,0,0,0,0,0,0,0,0,0,0,0,0,0,0,0,0,0,0,0,0,0,0,0,0,0,0,0,0,0,0,0,0,0,0,0,0,0,0,0,0,0,0,0,0,0,0,0,0,0,0,0,0,0,0,0,0,0,0,0,0,0,0,0,0,0,0,0,0,0,0,0,0,0,0,0,0,0,0,0,0,0,0,0,0,0,0,0,0,0,0,0,0,0,0,0,0,0,0,0,0,0,0,0,0,0,0,0,0,0,0,0,0,0,0,0,0,0,0,0,0,0,0,0,0,0,0,0,0,0,0,0,0,0,0,0,0,0,0,0,0,0,0,0,0,0,0,0,0,0,0,0,0,0,0,0,0,0,0,0,0,0,0,0,0,0,0,0,0,0,0,0,0,0,0,0,0,0,0,0,0,0,0,0,0,0,0,0,0,0,0,0,0,0,0,0,0,0,0,0,0,0,0,0,0,0,0,0,0,0,0,0,0,0,0,0,0,0,0,0,0,0,0,0,0,0,0,0,0,0,0,0,0,0,0,0,0,0,0,0,0,0,0,0,0,0,0,0,0,0,0,0,0,0,0,0,0,0,
34318,3285,3285,3285,3286,3285,3285,3285,3284,3286,3285,3285,3286,3285,3228,3199,3185,3173,3179,3174,3170,3167,3168,3166,3167,3159,3160,3160,3163,3154,3153,3226,3237,3243,3248,3251,3253,3255,3257,3257,3259,3260,3260,3262,3262,3263,3264,3264,3265,3267,3265,3266,3267,3267,3267,3268,3268,3268,3268,3269,3269,3269,3270,3270,3269,3270,3271,3272,3271,3272,3271,3272,3272,3272,3272,3273,3272,3273,3273,3272,3273,3273,3273,3273,3249,3192,3178,3170,3164,3150,3143,3143,3143,3146,3135,3139,3137,3135,3129,3124,3118,3123,3123,3123,3117,3105,3107,3099,3100,3097,3161,3183,3192,3198,3201,3204,3205,3207,3208,3210,3211,3212,3212,3213,3214,3214,3215,3215,3215,3216,3216,3215,3217,3217,3217,3218,3218,3218,3218,3219,3218,3219,3218,3218,3220,3219,3219,3219,3220,3220,3220,3220,3220,3220,3220,3220,3221,3220,3221,3221,3220,3221,3221,3221,3221,3222,3221,3221,3221,3221,3222,3222,3222,3222,3222,3222,3221,3222,3222,3222,3222,3222,3222,3222,3222,3222,3222,3222,3222,3222,3223,3222,3222,3223,3222,3223,3223,3222,3224,3223,3222,3223,3223,3222,3223,3223,3223,3223,3223,3224,3223,3223,3223,3223,3223,3223,3224,3223,3223,3223,3224,3225,3223,3224,3224,3224,3224,3224,3224,3223,3224,3224,3223,3223,3223,3224,3224,3225,3224,3224,3224,3224,3224,3224,3225,3224,3224,3225,3224,3224,3224,3224,3223,3224,3224,3224,3223,3224,3225,3224,3224,3224,3224,3224,3224,3225,3224,3224,3225,3224,3225,3225,3224,3224,3224,3225,3224,3224,3224,3224,3225,3224,3224,3224,3225,3225,3225,3224,3224,3225,3226,3225,3225,3225,3225,3224,3224,3225,3225,3224,3225,3225,3225,3226,3225,3225,3224,3225,3224,3225,3225,3226,3225,3224,3225,3225,3225,3225,3224,3226,3225,3224,3225,3224,3226,3225,3225,3224,3225,3225,3225,3225,3226,3225,3225,3225,3225,3226,3225,3225,3225,3225,3226,3224,3225,3225,3226,3225,3225,3225,3226,3226,3225,3225,3226,3226,3225,3225,3225,3226,3226,3225,3225,3225,3226,3225,3226,3226,3225,3226,3225,3225,3225,3226,3225,3225,3226,3226,3225,3225,3226,3225,3225,3226,3225,3226,3226,3225,3226,3225,3226,3226,3226,3225,3226,3225,3225,3225,3225,3225,3226,3225,3225,3226,3226,3226,3226,3226,3226,3226,3226,3226,3226,3226,3226,3225,3225,3225,3226,3225,3225,3226,3226,3225,3226,3226,3226,3225,3225,3226,3226,3226,3225,3226,3226,3226,3226,3226,3226,3226,3226,3226,3226,3226,3226,3226,3226,3226,3226,3226,3226,3226,3226,3225,3226,3226,3226,3226,3226,3226,3226,3227,3226,3226,3226,3226,3226,3226,3226,3226,3226,3227,3226,3226,3226,3226,3226,3226,3226,3226,3226,3226,3226,3227,3226,3226,3226,3226,3226,3226,3226,3226,3226,3226,3226,3226,3227,3227,3226,3226,3226,3226,3226,3226,3226,3226,3227,3226,3226,3226,3226,3226,3226,3160,3125,3107,3169,3182,3188,3192,3195,3196,3197,3199,3199,3108,3094,3081,3167,3175,3179,3182,3184,3186,3187,3187,3189,3190,3191,3191,3191,3193,3192,3193,3193,3193,
34319,3286,3285,3285,3285,3285,3285,3285,3286,3285,3285,3286,3285,3285,3226,3197,3184,3176,3179,3171,3168,3167,3164,3165,3162,3160,3155,3159,3161,3153,3153,3224,3236,3243,3247,3251,3252,3254,3256,3257,3258,3259,3260,3261,3262,3263,3263,3263,3265,3265,3265,3265,3265,3266,3267,3267,3268,3268,3268,3268,3268,3269,3269,3269,3269,3270,3270,3271,3270,3270,3271,3271,3271,3271,3272,3273,3273,3272,3273,3273,3273,3273,3273,3273,3249,3192,3177,3168,3162,3149,3143,3143,3144,3145,3135,3138,3134,3135,3132,3125,3120,3122,3121,3119,3114,3105,3107,3100,3099,3098,3161,3182,3192,3197,3200,3203,3204,3205,3207,3208,3209,3211,3211,3211,3212,3212,3213,3214,3214,3215,3215,3215,3216,3216,3216,3216,3216,3216,3217,3216,3217,3218,3218,3217,3217,3218,3218,3217,3219,3218,3219,3218,3219,3218,3219,3218,3219,3218,3219,3219,3219,3219,3219,3219,3219,3220,3220,3219,3219,3220,3220,3220,3220,3221,3221,3220,3221,3221,3220,3221,3220,3221,3221,3221,3221,3220,3221,3221,3221,3220,3221,3221,3221,3221,3221,3221,3221,3222,3221,3221,3221,3221,3222,3222,3221,3221,3222,3222,3221,3222,3222,3222,3222,3222,3221,3222,3222,3222,3222,3222,3222,3221,3222,3222,3222,3222,3222,3222,3223,3222,3222,3222,3222,3221,3222,3222,3222,3223,3222,3222,3222,3222,3223,3222,3223,3222,3222,3222,3222,3222,3222,3223,3222,3222,3222,3222,3222,3222,3223,3222,3222,3223,3222,3222,3223,3223,3223,3222,3223,3222,3223,3223,3223,3223,3222,3223,3222,3223,3223,3223,3223,3223,3223,3223,3223,3223,3223,3223,3223,3223,3223,3223,3224,3223,3223,3223,3223,3223,3223,3223,3223,3223,3223,3224,3223,3223,3224,3223,3223,3224,3223,3222,3223,3223,3224,3223,3223,3224,3223,3223,3224,3222,3223,3223,3223,3224,3224,3223,3224,3224,3224,3224,3224,3224,3223,3224,3224,3223,3223,3224,3223,3224,3223,3224,3224,3224,3224,3223,3223,3224,3224,3224,3224,3224,3224,3224,3223,3223,3223,3224,3224,3224,3223,3224,3224,3223,3223,3224,3224,3224,3225,3224,3223,3224,3224,3224,3225,3224,3224,3224,3224,3224,3224,3223,3224,3224,3224,3224,3224,3224,3223,3224,3224,3224,3224,3224,3224,3224,3224,3224,3224,3223,3225,3224,3224,3224,3224,3225,3224,3225,3224,3224,3224,3224,3225,3224,3224,3224,3224,3225,3225,3225,3225,3224,3226,3224,3223,3224,3224,3223,3224,3224,3224,3224,3224,3224,3225,3225,3225,3224,3224,3225,3224,3225,3224,3225,3225,3224,3224,3224,3224,3223,3224,3224,3225,3225,3225,3224,3225,3226,3225,3224,3224,3224,3224,3224,3225,3224,3225,3224,3225,3225,3224,3224,3225,3225,3224,3224,3224,3224,3224,3224,3224,3225,3225,3224,3225,3225,3226,3224,3225,3225,3224,3225,3224,3225,3225,3226,3225,3225,3225,3225,3225,3226,3225,3224,3225,3226,3224,3225,3225,3225,3225,3158,3124,3106,3168,3181,3187,3190,3193,3195,3196,3197,3198,3106,3094,3084,3165,3174,3179,3182,3185,3185,3187,3188,3188,3189,3190,3190,3191,3192,3192,3192,3193,3194,
34320,3285,3284,3285,3285,3285,3285,3285,3285,3285,3286,3285,3285,3285,3225,3196,3183,3173,3177,3171,3168,3164,3164,3162,3165,3157,3154,3159,3159,3151,3153,3224,3236,3242,3247,3250,3252,3254,3256,3257,3258,3259,3259,3261,3262,3262,3263,3264,3264,3264,3265,3265,3266,3266,3267,3267,3268,3267,3267,3268,3269,3269,3269,3269,3270,3269,3271,3271,3271,3270,3270,3270,3272,3272,3271,3272,3272,3272,3273,3273,3273,3273,3273,3272,3248,3187,3176,3167,3161,3145,3141,3139,3141,3142,3132,3136,3133,3132,3128,3120,3116,3117,3117,3116,3112,3099,3102,3095,3093,3092,3159,3181,3190,3196,3200,3202,3205,3206,3207,3208,3210,3209,3211,3211,3213,3213,3213,3213,3214,3215,3215,3215,3215,3216,3216,3217,3216,3217,3216,3216,3217,3218,3218,3218,3218,3218,3218,3218,3218,3218,3218,3219,3219,3219,3219,3218,3218,3220,3220,3219,3219,3219,3220,3219,3220,3220,3219,3220,3220,3220,3220,3220,3220,3220,3221,3221,3221,3221,3219,3221,3221,3221,3220,3222,3221,3221,3221,3221,3221,3222,3222,3221,3221,3221,3221,3221,3221,3222,3221,3221,3221,3221,3222,3221,3222,3222,3222,3222,3222,3222,3222,3222,3221,3223,3222,3222,3222,3221,3222,3222,3222,3222,3222,3223,3222,3222,3222,3223,3222,3222,3223,3222,3222,3222,3222,3223,3223,3222,3222,3223,3223,3223,3223,3223,3223,3222,3223,3222,3222,3222,3222,3223,3223,3222,3223,3223,3222,3223,3223,3223,3223,3222,3222,3223,3223,3223,3223,3223,3224,3223,3222,3223,3223,3223,3224,3224,3223,3222,3223,3223,3223,3223,3223,3223,3224,3224,3223,3223,3224,3223,3224,3224,3223,3224,3223,3223,3223,3223,3223,3223,3224,3224,3224,3224,3223,3224,3223,3223,3224,3223,3224,3224,3224,3224,3223,3224,3224,3224,3224,3224,3224,3223,3223,3225,3225,3224,3224,3224,3223,3223,3224,3224,3224,3224,3224,3225,3224,3223,3224,3224,3224,3224,3224,3224,3224,3224,3224,3224,3225,3225,3224,3224,3224,3224,3223,3224,3224,3224,3224,3224,3224,3224,3224,3223,3224,3224,3224,3224,3224,3224,3224,3224,3223,3224,3225,3225,3225,3224,3224,3224,3224,3224,3224,3225,3225,3225,3224,3224,3224,3225,3224,3224,3225,3225,3225,3224,3224,3225,3224,3224,3225,3224,3224,3225,3224,3224,3224,3224,3225,3226,3224,3224,3225,3225,3225,3225,3225,3225,3225,3225,3225,3225,3224,3224,3224,3225,3224,3224,3225,3225,3225,3226,3224,3224,3224,3226,3224,3225,3225,3225,3224,3225,3225,3225,3224,3225,3225,3225,3225,3225,3224,3225,3225,3225,3225,3225,3226,3224,3225,3224,3225,3225,3225,3225,3225,3225,3226,3224,3225,3225,3224,3225,3225,3225,3225,3226,3225,3225,3225,3226,3226,3225,3226,3224,3226,3225,3225,3225,3225,3225,3225,3225,3225,3225,3226,3225,3225,3226,3226,3226,3225,3225,3226,3226,3225,3225,3226,3225,3224,3225,3226,3226,3226,3156,3122,3105,3168,3182,3187,3191,3194,3196,3197,3198,3199,3105,3092,3080,3165,3174,3179,3182,3184,3186,3186,3189,3188,3189,3190,3190,3191,3192,3193,3192,3193,3193,
34321,3285,3286,3286,3286,3285,3287,3286,3287,3286,3285,3286,3287,3286,3227,3197,3185,3176,3180,3174,3171,3168,3168,3168,3167,3163,3157,3161,3162,3155,3155,3226,3237,3244,3248,3251,3254,3255,3257,3258,3259,3261,3261,3262,3262,3263,3264,3265,3265,3266,3266,3267,3267,3267,3268,3268,3269,3269,3269,3269,3269,3270,3270,3270,3271,3272,3271,3272,3271,3272,3273,3273,3273,3273,3273,3274,3273,3273,3274,3274,3274,3274,3274,3275,3251,3191,3179,3170,3164,3151,3145,3143,3148,3146,3140,3140,3135,3137,3129,3125,3122,3123,3123,3121,3117,3106,3110,3099,3100,3099,3162,3184,3193,3198,3201,3203,3206,3208,3209,3210,3211,3212,3212,3212,3214,3215,3215,3215,3215,3216,3217,3217,3217,3217,3218,3218,3218,3218,3218,3218,3219,3219,3219,3219,3220,3219,3218,3219,3220,3220,3220,3219,3220,3220,3220,3221,3221,3220,3221,3221,3221,3221,3220,3221,3221,3221,3220,3221,3222,3221,3221,3222,3221,3222,3222,3221,3222,3222,3222,3222,3222,3222,3222,3222,3222,3222,3222,3222,3222,3222,3222,3223,3223,3223,3222,3223,3222,3224,3222,3222,3223,3223,3223,3222,3222,3223,3223,3223,3223,3224,3223,3224,3222,3223,3223,3223,3223,3223,3223,3223,3223,3223,3223,3224,3223,3224,3224,3225,3223,3224,3224,3224,3224,3224,3224,3224,3224,3225,3224,3224,3224,3224,3224,3224,3224,3224,3224,3224,3224,3224,3224,3225,3225,3225,3224,3223,3224,3224,3224,3224,3223,3224,3225,3224,3225,3224,3224,3224,3224,3224,3225,3225,3225,3225,3224,3224,3223,3225,3224,3224,3225,3224,3224,3224,3225,3225,3225,3225,3224,3225,3224,3225,3225,3224,3225,3225,3225,3225,3224,3224,3225,3225,3225,3225,3225,3224,3225,3224,3224,3225,3225,3225,3225,3225,3225,3226,3225,3225,3225,3225,3225,3225,3225,3225,3225,3225,3225,3226,3225,3225,3225,3225,3225,3224,3224,3226,3226,3225,3225,3225,3225,3225,3225,3225,3226,3225,3226,3225,3225,3225,3226,3225,3225,3226,3225,3225,3225,3226,3225,3226,3225,3226,3225,3226,3225,3226,3226,3226,3226,3225,3226,3225,3226,3225,3226,3226,3226,3226,3226,3226,3225,3225,3225,3226,3226,3225,3225,3226,3226,3226,3225,3226,3226,3226,3226,3226,3226,3226,3226,3226,3226,3225,3226,3226,3226,3226,3226,3225,3226,3226,3226,3226,3226,3226,3226,3225,3227,3226,3226,3226,3226,3226,3226,3227,3226,3226,3226,3226,3226,3226,3225,3226,3226,3226,3226,3226,3226,3226,3227,3226,3226,3226,3226,3227,3226,3226,3226,3226,3226,3226,3226,3227,3225,3226,3226,3226,3225,3226,3226,3227,3226,3226,3226,3226,3226,3227,3226,3226,3226,3227,3226,3226,3226,3226,3225,3227,3226,3226,3226,3226,3226,3226,3226,3226,3226,3226,3226,3226,3226,3226,3226,3226,3226,3226,3226,3226,3226,3226,3226,3227,3226,3227,3226,3226,3226,3227,3226,3226,3226,3226,3226,3226,3226,3158,3127,3107,3170,3183,3188,3192,3194,3196,3197,3199,3200,3109,3095,3085,3167,3174,3181,3184,3185,3186,3187,3188,3189,3190,3191,3191,3191,3192,3193,3193,3193,3193,
34322,3285,3285,3285,3285,3285,3285,3285,3286,3285,3286,3285,3285,3285,3225,3196,3183,3173,3177,3168,3166,3164,3164,3163,3164,3158,3157,3159,3159,3152,3152,3223,3236,3242,3247,3250,3252,3254,3255,3257,3258,3260,3260,3260,3261,3262,3262,3263,3264,3265,3265,3266,3265,3266,3267,3267,3267,3267,3267,3268,3269,3269,3269,3269,3269,3270,3270,3270,3271,3271,3271,3271,3271,3272,3272,3272,3272,3272,3273,3272,3273,3273,3273,3273,3248,3188,3176,3168,3158,3146,3142,3139,3144,3141,3136,3137,3132,3136,3125,3121,3119,3120,3120,3117,3113,3102,3106,3095,3096,3094,3160,3182,3190,3197,3199,3203,3204,3206,3208,3208,3209,3211,3211,3212,3212,3213,3213,3214,3215,3215,3215,3215,3216,3215,3216,3216,3217,3217,3218,3216,3218,3217,3218,3218,3218,3219,3218,3218,3218,3218,3219,3218,3219,3219,3219,3219,3220,3219,3219,3219,3219,3220,3220,3219,3219,3220,3220,3219,3220,3221,3221,3221,3221,3220,3220,3221,3221,3220,3220,3221,3221,3221,3222,3221,3221,3222,3221,3222,3221,3221,3221,3222,3221,3222,3222,3221,3222,3222,3221,3221,3221,3222,3222,3222,3222,3222,3222,3222,3221,3222,3221,3222,3222,3222,3222,3222,3222,3222,3222,3222,3222,3222,3222,3222,3222,3222,3222,3222,3222,3222,3223,3222,3222,3222,3222,3223,3222,3223,3223,3222,3222,3222,3222,3222,3223,3222,3223,3222,3223,3222,3223,3223,3223,3223,3222,3223,3223,3223,3223,3223,3223,3223,3223,3223,3223,3223,3224,3223,3224,3224,3223,3223,3223,3224,3223,3223,3223,3224,3224,3223,3223,3223,3224,3223,3224,3223,3224,3223,3224,3224,3223,3222,3223,3223,3223,3224,3223,3223,3223,3223,3224,3223,3223,3224,3224,3223,3223,3224,3224,3224,3224,3224,3224,3223,3223,3224,3223,3224,3224,3223,3224,3224,3223,3224,3224,3223,3224,3224,3223,3224,3224,3224,3224,3224,3224,3224,3224,3224,3225,3223,3224,3224,3225,3224,3224,3224,3224,3224,3224,3224,3223,3225,3224,3224,3224,3224,3224,3224,3223,3224,3224,3224,3224,3224,3223,3224,3224,3224,3224,3224,3225,3225,3224,3224,3224,3225,3224,3224,3224,3225,3224,3224,3224,3225,3225,3225,3225,3225,3225,3224,3225,3224,3224,3225,3224,3224,3225,3224,3224,3225,3225,3225,3225,3225,3224,3225,3225,3224,3224,3225,3225,3225,3224,3224,3224,3225,3225,3225,3226,3224,3225,3224,3225,3225,3225,3224,3225,3224,3225,3225,3225,3225,3224,3225,3225,3226,3225,3224,3225,3225,3225,3225,3225,3225,3225,3224,3225,3225,3224,3225,3225,3225,3226,3225,3224,3225,3224,3225,3225,3225,3225,3225,3225,3225,3225,3225,3225,3225,3225,3225,3225,3225,3224,3224,3225,3225,3225,3225,3226,3225,3226,3224,3226,3226,3225,3225,3225,3225,3225,3225,3224,3224,3225,3225,3224,3225,3225,3226,3225,3225,3225,3225,3226,3225,3225,3225,3225,3225,3226,3225,3225,3226,3225,3156,3121,3105,3168,3181,3187,3192,3194,3195,3196,3198,3200,3107,3093,3081,3166,3175,3179,3182,3184,3186,3186,3188,3189,3189,3190,3191,3191,3192,3192,3192,3193,3193,
34323,3286,3285,3286,3285,3286,3286,3286,3286,3286,3287,3286,3287,3286,3225,3197,3185,3175,3179,3170,3169,3166,3164,3166,3166,3161,3158,3162,3160,3153,3154,3224,3236,3243,3247,3251,3252,3255,3257,3258,3259,3260,3261,3262,3262,3263,3263,3265,3265,3266,3266,3266,3267,3267,3267,3268,3268,3268,3269,3268,3269,3269,3269,3271,3270,3270,3271,3271,3271,3272,3271,3272,3272,3272,3273,3272,3272,3273,3273,3273,3273,3273,3273,3274,3251,3190,3177,3169,3159,3147,3146,3141,3146,3142,3138,3138,3132,3136,3128,3122,3121,3122,3121,3118,3112,3103,3108,3097,3096,3096,3160,3182,3193,3197,3201,3203,3205,3207,3208,3209,3210,3211,3212,3212,3213,3214,3215,3215,3215,3216,3216,3216,3217,3217,3216,3217,3217,3217,3218,3218,3218,3218,3218,3218,3219,3219,3218,3219,3219,3219,3219,3220,3219,3219,3220,3219,3220,3220,3220,3220,3220,3220,3220,3220,3220,3220,3220,3221,3221,3221,3221,3221,3221,3221,3221,3221,3221,3221,3221,3221,3222,3222,3222,3222,3222,3221,3222,3222,3222,3222,3222,3222,3222,3222,3222,3222,3222,3222,3222,3222,3222,3222,3222,3222,3223,3223,3222,3222,3222,3223,3223,3223,3222,3223,3223,3223,3223,3222,3223,3222,3223,3224,3223,3223,3223,3222,3223,3223,3223,3223,3223,3224,3223,3223,3223,3223,3223,3223,3223,3224,3223,3223,3223,3224,3223,3223,3224,3223,3224,3224,3223,3224,3223,3224,3223,3224,3224,3223,3224,3224,3224,3224,3224,3224,3224,3223,3224,3223,3224,3224,3224,3224,3224,3224,3224,3224,3224,3224,3225,3224,3224,3224,3225,3225,3223,3225,3224,3224,3224,3223,3225,3224,3225,3225,3225,3224,3225,3224,3225,3224,3224,3224,3224,3225,3225,3225,3224,3224,3224,3224,3224,3224,3225,3224,3225,3224,3224,3224,3225,3224,3224,3224,3225,3225,3224,3225,3225,3225,3225,3224,3225,3225,3224,3224,3225,3225,3225,3224,3224,3225,3225,3225,3225,3225,3225,3225,3224,3224,3225,3225,3226,3225,3225,3225,3226,3225,3225,3225,3224,3225,3225,3225,3225,3225,3225,3224,3225,3224,3225,3225,3224,3224,3225,3225,3225,3225,3225,3225,3225,3225,3226,3226,3225,3226,3225,3225,3225,3226,3226,3226,3226,3225,3225,3225,3225,3226,3225,3225,3225,3226,3225,3225,3226,3225,3225,3225,3225,3225,3226,3225,3225,3226,3225,3226,3225,3226,3225,3225,3225,3226,3226,3226,3226,3225,3226,3226,3226,3225,3225,3226,3226,3225,3226,3226,3225,3226,3226,3226,3226,3225,3226,3226,3226,3225,3226,3225,3226,3225,3226,3226,3226,3226,3226,3225,3226,3225,3226,3226,3226,3226,3226,3226,3225,3226,3225,3225,3226,3226,3225,3226,3226,3226,3226,3225,3226,3225,3226,3226,3226,3226,3225,3226,3226,3226,3226,3225,3226,3225,3226,3225,3226,3226,3226,3226,3226,3226,3225,3226,3226,3226,3226,3226,3226,3226,3226,3225,3226,3225,3226,3226,3226,3226,3226,3158,3123,3105,3169,3182,3188,3192,3195,3196,3197,3198,3200,3105,3094,3081,3167,3176,3180,3183,3185,3186,3187,3189,3189,3190,3191,3192,3191,3192,3193,3194,3194,3194,
34324,3284,3284,3284,3285,3284,3285,3285,3285,3285,3285,3285,3285,3285,3225,3197,3184,3175,3177,3169,3167,3164,3164,3164,3166,3159,3159,3161,3158,3152,3153,3224,3236,3243,3247,3251,3251,3255,3256,3257,3258,3259,3260,3261,3262,3262,3263,3264,3263,3264,3264,3266,3265,3265,3267,3267,3268,3267,3268,3269,3269,3269,3269,3269,3270,3270,3270,3270,3271,3271,3271,3271,3271,3272,3272,3272,3273,3272,3273,3273,3273,3273,3273,3274,3249,3187,3176,3168,3158,3146,3144,3139,3144,3140,3137,3137,3132,3135,3127,3119,3119,3122,3119,3117,3110,3103,3107,3095,3094,3095,3160,3181,3191,3197,3200,3203,3205,3206,3207,3209,3210,3210,3212,3213,3212,3213,3213,3214,3214,3215,3216,3215,3216,3216,3216,3215,3217,3217,3217,3217,3217,3218,3218,3219,3218,3218,3218,3218,3218,3219,3219,3219,3219,3218,3219,3219,3219,3220,3220,3220,3219,3219,3220,3219,3220,3219,3221,3220,3220,3220,3220,3220,3220,3220,3220,3221,3221,3221,3221,3221,3220,3221,3221,3221,3221,3222,3221,3221,3221,3222,3221,3221,3222,3221,3222,3222,3222,3222,3222,3222,3222,3221,3222,3221,3221,3223,3222,3222,3222,3222,3222,3222,3222,3222,3222,3222,3222,3222,3222,3222,3222,3222,3222,3223,3222,3222,3223,3223,3223,3223,3222,3222,3222,3223,3222,3223,3222,3222,3223,3222,3223,3224,3222,3222,3223,3223,3223,3223,3223,3223,3222,3223,3223,3223,3223,3223,3223,3223,3223,3223,3222,3224,3223,3224,3222,3223,3224,3223,3224,3223,3224,3224,3223,3224,3223,3223,3223,3223,3224,3223,3224,3223,3224,3224,3223,3224,3224,3224,3224,3223,3223,3224,3224,3224,3223,3223,3223,3224,3225,3224,3224,3224,3224,3224,3224,3224,3224,3224,3224,3224,3224,3223,3224,3224,3225,3224,3223,3225,3224,3224,3225,3224,3224,3224,3223,3224,3224,3224,3224,3224,3224,3224,3224,3224,3224,3224,3224,3224,3224,3224,3225,3224,3224,3224,3224,3224,3225,3224,3224,3224,3224,3224,3225,3224,3225,3224,3225,3223,3225,3224,3225,3225,3225,3224,3224,3224,3224,3225,3225,3224,3224,3224,3224,3225,3225,3225,3224,3225,3224,3224,3224,3225,3225,3225,3224,3225,3225,3224,3224,3225,3225,3225,3224,3225,3226,3225,3225,3225,3225,3225,3224,3224,3224,3225,3225,3225,3225,3224,3224,3225,3225,3226,3225,3225,3225,3225,3225,3226,3225,3224,3224,3225,3225,3225,3224,3225,3225,3225,3226,3225,3225,3226,3225,3225,3225,3225,3225,3225,3225,3225,3226,3226,3226,3225,3225,3224,3226,3225,3225,3225,3225,3225,3225,3226,3225,3225,3225,3226,3225,3224,3225,3225,3225,3226,3225,3226,3225,3225,3225,3226,3225,3225,3226,3225,3226,3225,3225,3225,3225,3225,3225,3225,3225,3226,3225,3225,3226,3225,3225,3226,3225,3225,3225,3225,3225,3225,3225,3226,3225,3226,3226,3226,3225,3226,3225,3225,3226,3226,3225,3225,3226,3226,3225,3158,3122,3104,3169,3182,3187,3191,3193,3195,3196,3198,3199,3103,3095,3079,3166,3174,3179,3181,3184,3185,3187,3188,3188,3189,3190,3190,3191,3192,3192,3193,3193,3194,
34325,3286,3285,3286,3286,3285,3286,3286,3285,3286,3286,3287,3286,3286,3227,3201,3182,3177,3179,3170,3168,3167,3164,3166,3165,3161,3161,3162,3161,3154,3154,3225,3237,3243,3248,3251,3253,3255,3257,3258,3259,3260,3261,3262,3262,3262,3265,3264,3265,3266,3266,3267,3267,3267,3267,3268,3268,3268,3269,3268,3269,3269,3270,3271,3270,3270,3271,3271,3272,3271,3272,3272,3271,3272,3272,3272,3273,3273,3273,3273,3273,3273,3274,3274,3251,3190,3178,3166,3160,3147,3146,3141,3147,3142,3139,3138,3133,3137,3128,3121,3123,3124,3121,3119,3113,3104,3110,3097,3096,3096,3161,3182,3192,3197,3201,3203,3205,3207,3208,3209,3209,3210,3212,3212,3213,3214,3214,3214,3214,3215,3215,3216,3217,3216,3217,3217,3217,3217,3217,3217,3218,3218,3218,3218,3218,3218,3219,3218,3219,3218,3218,3219,3219,3219,3219,3219,3219,3220,3220,3220,3220,3219,3219,3221,3221,3220,3220,3220,3221,3221,3220,3221,3221,3221,3221,3221,3221,3221,3221,3220,3221,3221,3221,3221,3222,3221,3221,3222,3222,3222,3221,3221,3221,3221,3222,3222,3222,3221,3221,3222,3222,3221,3222,3221,3222,3222,3222,3222,3222,3221,3222,3222,3222,3222,3222,3222,3222,3222,3222,3222,3222,3222,3223,3222,3222,3222,3223,3223,3222,3223,3223,3222,3222,3222,3222,3224,3223,3223,3223,3223,3223,3223,3223,3223,3223,3223,3223,3222,3223,3223,3223,3223,3223,3222,3223,3224,3223,3223,3223,3223,3223,3224,3223,3224,3223,3223,3223,3223,3223,3223,3223,3223,3223,3223,3224,3224,3223,3223,3223,3223,3223,3223,3223,3224,3223,3224,3224,3223,3224,3223,3224,3224,3224,3223,3224,3224,3224,3225,3224,3223,3223,3224,3224,3224,3223,3224,3224,3224,3224,3224,3223,3224,3223,3223,3224,3225,3224,3225,3224,3223,3224,3224,3224,3223,3224,3224,3225,3224,3224,3224,3224,3224,3223,3224,3223,3224,3224,3224,3224,3224,3224,3223,3224,3223,3224,3223,3224,3223,3224,3224,3224,3224,3224,3224,3224,3225,3224,3224,3225,3224,3225,3224,3223,3224,3224,3224,3225,3225,3224,3224,3224,3224,3225,3225,3225,3224,3224,3224,3225,3224,3225,3225,3224,3224,3224,3223,3225,3224,3225,3225,3225,3224,3225,3225,3224,3225,3225,3225,3225,3224,3224,3225,3225,3224,3224,3224,3225,3225,3224,3224,3225,3225,3225,3225,3225,3224,3226,3225,3225,3225,3224,3225,3225,3225,3225,3225,3225,3225,3225,3226,3225,3225,3225,3225,3226,3225,3226,3224,3225,3225,3224,3225,3225,3225,3225,3225,3225,3225,3225,3225,3225,3225,3224,3225,3225,3225,3225,3225,3225,3225,3224,3225,3225,3225,3225,3226,3225,3224,3225,3225,3225,3225,3225,3225,3225,3226,3225,3225,3225,3225,3226,3225,3225,3225,3225,3224,3225,3226,3226,3225,3225,3225,3225,3225,3226,3225,3225,3226,3225,3226,3225,3226,3225,3225,3225,3225,3226,3226,3225,3224,3225,3225,3225,3157,3122,3106,3169,3182,3188,3191,3193,3195,3197,3198,3199,3105,3097,3082,3166,3175,3179,3183,3185,3186,3187,3187,3189,3190,3190,3191,3192,3193,3192,3193,3194,3194,
34326,3284,3285,3284,3285,3284,3284,3284,3285,3285,3285,3285,3285,3286,3226,3199,3180,3175,3174,3168,3169,3166,3161,3162,3164,3158,3157,3160,3158,3151,3152,3223,3235,3242,3246,3250,3252,3254,3256,3257,3257,3259,3260,3261,3261,3262,3262,3264,3263,3265,3265,3265,3266,3266,3267,3267,3268,3267,3268,3268,3269,3269,3270,3270,3269,3270,3270,3270,3270,3270,3271,3271,3271,3271,3272,3271,3271,3271,3272,3272,3272,3273,3273,3272,3248,3187,3173,3163,3157,3145,3143,3138,3144,3139,3135,3136,3131,3134,3124,3118,3119,3121,3118,3115,3109,3102,3104,3092,3091,3092,3158,3181,3190,3196,3200,3201,3204,3205,3207,3208,3209,3210,3211,3211,3212,3213,3213,3213,3214,3214,3215,3215,3215,3216,3216,3216,3216,3216,3216,3216,3217,3218,3217,3217,3218,3218,3218,3218,3218,3218,3218,3218,3218,3219,3219,3218,3218,3219,3219,3219,3219,3219,3218,3220,3220,3219,3219,3219,3220,3220,3220,3220,3220,3220,3221,3219,3220,3220,3220,3221,3220,3220,3221,3221,3221,3220,3221,3221,3220,3221,3222,3221,3222,3221,3221,3221,3221,3222,3222,3221,3221,3222,3222,3221,3221,3222,3222,3221,3222,3221,3222,3223,3222,3222,3222,3222,3223,3222,3222,3222,3222,3221,3222,3222,3222,3222,3222,3222,3222,3222,3222,3222,3222,3222,3222,3222,3223,3223,3222,3222,3222,3223,3223,3222,3223,3222,3223,3222,3223,3222,3222,3223,3222,3223,3223,3222,3223,3223,3222,3223,3223,3222,3222,3222,3223,3223,3223,3223,3223,3223,3223,3223,3223,3223,3223,3222,3222,3224,3222,3223,3223,3223,3223,3223,3223,3223,3223,3223,3223,3223,3223,3223,3223,3223,3223,3224,3223,3223,3223,3222,3223,3224,3223,3223,3223,3223,3223,3223,3223,3223,3223,3224,3224,3223,3223,3223,3223,3224,3224,3223,3223,3224,3224,3224,3223,3224,3224,3224,3223,3224,3224,3224,3224,3223,3224,3224,3224,3224,3223,3224,3224,3224,3224,3224,3223,3224,3224,3224,3224,3224,3224,3224,3223,3223,3224,3224,3224,3224,3224,3224,3224,3224,3224,3224,3224,3224,3223,3224,3224,3224,3224,3224,3224,3224,3224,3224,3225,3224,3224,3225,3224,3224,3224,3225,3225,3224,3224,3223,3225,3225,3225,3224,3225,3224,3224,3225,3225,3225,3224,3224,3224,3225,3224,3224,3224,3225,3224,3224,3225,3225,3224,3225,3225,3224,3225,3224,3224,3224,3224,3225,3224,3224,3225,3225,3225,3225,3224,3224,3224,3225,3224,3224,3225,3225,3224,3225,3225,3224,3225,3224,3224,3225,3226,3225,3224,3224,3224,3224,3224,3225,3225,3225,3225,3224,3225,3225,3225,3225,3224,3224,3224,3225,3225,3225,3225,3225,3225,3225,3225,3225,3224,3225,3225,3225,3225,3225,3226,3225,3226,3225,3224,3224,3225,3225,3225,3224,3225,3225,3226,3225,3224,3225,3225,3225,3225,3225,3225,3225,3225,3225,3225,3224,3225,3225,3225,3225,3225,3225,3226,3225,3225,3225,3225,3157,3120,3104,3168,3181,3188,3191,3195,3195,3197,3197,3199,3103,3094,3078,3165,3174,3179,3182,3184,3185,3187,3187,3188,3189,3190,3190,3191,3192,3192,3192,3193,3193,
34327,3286,3285,3285,3286,3285,3286,3285,3286,3286,3286,3285,3286,3286,3227,3200,3181,3177,3175,3170,3170,3167,3161,3163,3164,3159,3157,3161,3157,3152,3153,3224,3236,3243,3247,3250,3252,3254,3256,3257,3258,3260,3261,3261,3261,3262,3264,3263,3264,3265,3265,3266,3266,3267,3268,3267,3267,3268,3269,3268,3269,3269,3269,3270,3269,3270,3271,3270,3271,3271,3271,3271,3272,3271,3272,3272,3272,3272,3272,3273,3273,3273,3274,3273,3249,3188,3173,3164,3158,3148,3146,3139,3146,3140,3136,3137,3132,3134,3125,3120,3120,3121,3115,3114,3108,3103,3106,3094,3092,3093,3159,3182,3190,3195,3200,3201,3204,3206,3208,3209,3209,3210,3211,3212,3212,3213,3214,3214,3214,3214,3215,3216,3216,3215,3216,3216,3216,3217,3217,3217,3218,3218,3218,3218,3218,3218,3218,3218,3218,3219,3218,3219,3220,3219,3219,3219,3220,3220,3219,3219,3219,3219,3219,3219,3220,3220,3220,3220,3219,3220,3220,3220,3220,3220,3221,3220,3221,3220,3221,3221,3221,3222,3221,3221,3220,3221,3221,3221,3222,3221,3222,3221,3222,3221,3221,3221,3222,3221,3222,3222,3221,3222,3222,3222,3221,3222,3222,3222,3222,3222,3222,3222,3222,3223,3222,3222,3223,3222,3222,3222,3222,3222,3222,3222,3222,3222,3222,3222,3222,3223,3223,3222,3223,3223,3222,3222,3222,3223,3223,3222,3222,3223,3223,3222,3222,3223,3222,3223,3223,3224,3222,3222,3223,3223,3222,3223,3223,3223,3223,3223,3222,3223,3223,3223,3223,3223,3223,3223,3224,3223,3223,3222,3223,3223,3223,3223,3223,3223,3223,3223,3223,3223,3223,3223,3223,3224,3223,3223,3223,3224,3224,3224,3224,3224,3223,3224,3223,3223,3224,3223,3223,3223,3224,3223,3224,3223,3224,3222,3224,3224,3224,3224,3223,3223,3224,3224,3223,3224,3224,3223,3223,3223,3223,3224,3224,3224,3224,3223,3223,3224,3224,3224,3223,3223,3224,3224,3224,3224,3223,3224,3224,3224,3224,3225,3224,3224,3224,3224,3224,3224,3224,3224,3225,3223,3224,3225,3224,3224,3225,3224,3224,3223,3224,3224,3224,3224,3224,3224,3224,3224,3224,3224,3224,3224,3225,3224,3224,3223,3224,3224,3224,3225,3224,3225,3224,3224,3224,3224,3224,3224,3224,3224,3224,3225,3224,3224,3224,3224,3224,3225,3224,3224,3225,3224,3225,3225,3226,3224,3225,3225,3224,3224,3225,3225,3225,3224,3224,3224,3224,3224,3224,3225,3225,3225,3225,3225,3226,3225,3224,3224,3224,3224,3224,3224,3224,3226,3225,3224,3225,3225,3225,3224,3225,3225,3225,3225,3225,3226,3225,3225,3225,3225,3224,3225,3225,3225,3224,3224,3224,3225,3225,3225,3225,3224,3224,3225,3225,3225,3226,3224,3225,3226,3225,3225,3225,3225,3225,3225,3225,3225,3225,3225,3224,3225,3225,3224,3225,3225,3225,3225,3225,3225,3225,3226,3225,3225,3224,3225,3225,3226,3226,3226,3225,3224,3225,3225,3225,3225,3226,3226,3225,3226,3225,3156,3121,3107,3169,3182,3188,3191,3193,3196,3197,3197,3199,3104,3096,3078,3167,3175,3180,3182,3184,3186,3188,3188,3189,3190,3190,3190,3191,3192,3192,3193,3194,3194,
34328,3285,3285,3285,3284,3285,3285,3285,3285,3285,3285,3286,3285,3285,3228,3200,3182,3179,3175,3171,3171,3168,3164,3164,3166,3160,3161,3162,3158,3153,3151,3224,3237,3243,3247,3251,3252,3255,3256,3258,3258,3260,3261,3262,3262,3263,3264,3264,3265,3265,3265,3267,3265,3267,3267,3267,3268,3268,3268,3268,3270,3269,3269,3269,3270,3270,3270,3270,3271,3270,3271,3271,3271,3272,3273,3273,3272,3272,3273,3273,3273,3273,3273,3273,3249,3189,3174,3165,3160,3150,3149,3143,3147,3142,3138,3140,3135,3137,3128,3123,3123,3125,3119,3117,3112,3107,3110,3098,3097,3097,3161,3182,3191,3197,3200,3203,3204,3207,3207,3209,3209,3211,3211,3213,3214,3213,3213,3215,3215,3215,3216,3215,3215,3216,3216,3217,3218,3217,3217,3217,3218,3218,3218,3218,3217,3218,3218,3218,3219,3218,3219,3219,3219,3219,3219,3219,3219,3220,3219,3219,3219,3220,3220,3220,3220,3220,3220,3220,3219,3221,3220,3221,3220,3220,3221,3220,3221,3221,3221,3222,3221,3221,3221,3221,3221,3221,3221,3221,3220,3221,3221,3221,3221,3222,3222,3222,3221,3221,3222,3221,3221,3222,3222,3222,3222,3223,3222,3222,3222,3222,3222,3222,3222,3222,3222,3222,3222,3222,3223,3222,3222,3223,3222,3222,3222,3222,3222,3223,3222,3223,3223,3222,3223,3223,3222,3222,3223,3222,3223,3223,3222,3222,3222,3222,3222,3222,3222,3223,3222,3222,3222,3223,3223,3223,3223,3222,3223,3223,3224,3224,3223,3224,3223,3223,3223,3224,3223,3223,3223,3223,3224,3223,3224,3223,3223,3224,3224,3224,3224,3223,3223,3223,3223,3224,3223,3224,3224,3223,3223,3223,3224,3224,3223,3224,3224,3224,3223,3224,3223,3223,3224,3223,3223,3223,3223,3223,3224,3224,3224,3224,3223,3224,3224,3225,3224,3223,3223,3225,3223,3223,3225,3223,3224,3224,3224,3224,3224,3224,3223,3223,3224,3224,3225,3223,3224,3224,3224,3224,3223,3223,3224,3224,3224,3224,3225,3223,3224,3223,3224,3224,3225,3225,3224,3224,3223,3225,3224,3224,3225,3224,3224,3224,3225,3224,3224,3224,3225,3223,3225,3223,3224,3225,3224,3224,3225,3224,3224,3225,3225,3224,3224,3223,3224,3225,3224,3224,3224,3224,3225,3224,3225,3224,3224,3225,3224,3224,3224,3224,3224,3225,3224,3224,3224,3224,3224,3224,3224,3225,3225,3225,3225,3224,3224,3225,3224,3223,3224,3225,3225,3223,3225,3225,3225,3225,3224,3225,3225,3225,3225,3225,3224,3225,3224,3226,3224,3224,3224,3225,3224,3225,3224,3225,3225,3224,3225,3224,3225,3224,3225,3225,3225,3224,3225,3225,3225,3224,3225,3225,3225,3224,3225,3225,3225,3225,3225,3225,3225,3224,3225,3225,3225,3225,3225,3225,3225,3225,3225,3224,3225,3225,3224,3225,3225,3225,3224,3224,3225,3225,3225,3225,3225,3224,3225,3225,3225,3225,3225,3225,3225,3225,3225,3225,3226,3226,3225,3225,3225,3226,3225,3225,3225,3226,3225,3160,3121,3107,3168,3182,3188,3191,3193,3195,3197,3198,3198,3105,3097,3081,3166,3174,3179,3182,3184,3185,3186,3188,3188,3189,3189,3190,3191,3192,3192,3193,3193,3193,
34329,3285,3285,3286,3286,3286,3286,3286,3286,3286,3287,3286,3286,3286,3229,3200,3179,3178,3175,3168,3170,3168,3162,3164,3163,3158,3158,3161,3157,3152,3149,3224,3236,3244,3247,3251,3252,3255,3256,3258,3259,3260,3261,3261,3262,3263,3264,3263,3265,3266,3266,3267,3268,3267,3267,3267,3268,3267,3269,3269,3269,3270,3269,3270,3270,3270,3270,3271,3271,3271,3271,3271,3272,3272,3273,3273,3273,3273,3273,3273,3273,3273,3274,3273,3249,3188,3173,3164,3158,3148,3146,3142,3146,3139,3136,3138,3135,3135,3125,3120,3120,3123,3116,3116,3110,3105,3107,3098,3095,3094,3160,3182,3191,3196,3200,3202,3205,3206,3207,3208,3210,3211,3211,3212,3212,3214,3214,3214,3215,3216,3215,3215,3216,3215,3215,3217,3217,3217,3216,3218,3217,3219,3218,3217,3218,3218,3218,3218,3219,3218,3219,3219,3219,3219,3220,3219,3219,3220,3220,3220,3219,3219,3219,3220,3220,3220,3219,3220,3221,3221,3220,3221,3221,3220,3220,3220,3220,3221,3221,3221,3220,3221,3221,3221,3221,3222,3222,3222,3222,3221,3222,3222,3222,3222,3222,3222,3221,3222,3221,3222,3222,3222,3222,3222,3222,3222,3222,3222,3222,3223,3222,3222,3222,3223,3222,3222,3222,3222,3222,3222,3222,3223,3222,3223,3222,3223,3223,3223,3223,3223,3223,3222,3222,3223,3223,3222,3223,3223,3223,3222,3222,3223,3223,3223,3223,3223,3223,3222,3222,3223,3222,3223,3224,3223,3222,3223,3223,3223,3223,3224,3223,3223,3223,3223,3223,3223,3224,3223,3224,3223,3223,3224,3223,3223,3223,3224,3223,3223,3224,3223,3224,3223,3223,3223,3224,3224,3224,3225,3224,3224,3223,3224,3224,3223,3224,3224,3224,3224,3223,3224,3224,3224,3224,3225,3224,3224,3223,3224,3224,3225,3224,3223,3224,3224,3224,3224,3224,3224,3224,3224,3224,3225,3224,3224,3225,3224,3224,3224,3224,3223,3224,3224,3224,3224,3224,3225,3224,3225,3224,3224,3224,3224,3224,3224,3224,3224,3225,3225,3224,3224,3225,3224,3224,3224,3224,3225,3225,3224,3225,3224,3224,3225,3224,3224,3224,3224,3224,3224,3225,3224,3225,3224,3225,3225,3225,3225,3224,3225,3224,3226,3225,3224,3224,3225,3225,3224,3224,3224,3225,3224,3225,3225,3224,3225,3225,3224,3224,3225,3225,3225,3225,3225,3225,3225,3225,3225,3224,3224,3224,3225,3225,3225,3224,3225,3225,3224,3225,3225,3225,3224,3225,3224,3225,3225,3225,3225,3225,3224,3225,3224,3225,3226,3225,3225,3225,3226,3224,3226,3224,3225,3224,3226,3226,3225,3225,3225,3225,3225,3225,3226,3225,3224,3225,3225,3224,3225,3224,3225,3225,3225,3225,3224,3225,3225,3225,3226,3226,3226,3226,3226,3226,3225,3226,3225,3225,3226,3225,3224,3226,3226,3226,3225,3225,3225,3226,3225,3225,3225,3226,3226,3226,3225,3226,3225,3226,3225,3225,3225,3226,3226,3226,3226,3226,3225,3225,3226,3226,3225,3225,3226,3226,3226,3226,3160,3121,3106,3168,3182,3187,3192,3194,3196,3197,3198,3198,3103,3094,3080,3166,3175,3179,3183,3184,3185,3187,3188,3189,3190,3190,3191,3191,3192,3193,3193,3193,3194,
34330,3285,3285,3285,3285,3284,3285,3285,3284,3285,3285,3285,3285,3286,3230,3202,3180,3178,3175,3171,3171,3169,3164,3164,3165,3158,3161,3163,3159,3154,3151,3224,3236,3243,3247,3250,3252,3254,3256,3257,3258,3259,3260,3261,3262,3263,3263,3264,3265,3265,3265,3267,3266,3266,3267,3267,3268,3269,3269,3269,3269,3269,3269,3270,3270,3270,3270,3271,3270,3271,3272,3271,3272,3271,3272,3273,3273,3273,3273,3273,3272,3273,3273,3273,3250,3190,3175,3166,3161,3151,3149,3145,3148,3143,3141,3143,3137,3135,3130,3123,3123,3125,3121,3118,3114,3108,3109,3102,3097,3098,3161,3183,3192,3196,3200,3204,3205,3206,3208,3210,3211,3211,3211,3213,3213,3214,3214,3213,3215,3215,3215,3215,3216,3217,3217,3217,3217,3217,3217,3218,3218,3219,3218,3218,3219,3219,3219,3218,3219,3218,3219,3219,3220,3220,3220,3220,3220,3220,3220,3221,3220,3220,3220,3221,3220,3220,3220,3221,3221,3221,3221,3220,3222,3220,3221,3221,3222,3221,3222,3222,3221,3222,3222,3221,3222,3222,3222,3222,3222,3221,3222,3222,3222,3222,3222,3222,3222,3222,3222,3222,3222,3222,3222,3222,3222,3222,3222,3222,3221,3222,3222,3223,3223,3222,3223,3223,3222,3222,3223,3222,3223,3223,3222,3223,3223,3223,3223,3223,3223,3223,3223,3222,3223,3223,3223,3223,3224,3223,3223,3223,3224,3223,3223,3223,3223,3223,3223,3223,3223,3224,3224,3224,3224,3224,3223,3224,3224,3224,3224,3224,3223,3224,3224,3223,3224,3223,3225,3224,3224,3224,3223,3223,3224,3224,3224,3224,3223,3224,3224,3223,3224,3224,3224,3224,3225,3224,3224,3224,3225,3224,3224,3224,3224,3224,3223,3224,3224,3225,3224,3224,3224,3225,3223,3225,3224,3224,3225,3224,3224,3224,3224,3224,3224,3224,3224,3225,3224,3225,3225,3225,3224,3225,3224,3224,3225,3225,3225,3224,3224,3225,3225,3225,3224,3224,3224,3225,3225,3224,3224,3225,3225,3224,3224,3224,3225,3224,3225,3224,3225,3225,3225,3225,3225,3225,3224,3225,3224,3225,3225,3224,3225,3225,3224,3225,3225,3225,3224,3225,3224,3225,3225,3224,3225,3225,3225,3225,3226,3225,3225,3225,3225,3225,3225,3225,3224,3225,3225,3225,3225,3225,3225,3225,3226,3225,3225,3224,3225,3225,3225,3225,3225,3225,3225,3226,3225,3225,3225,3226,3225,3225,3225,3226,3225,3225,3226,3225,3226,3224,3226,3225,3225,3226,3225,3226,3225,3225,3225,3225,3226,3225,3225,3226,3226,3224,3226,3226,3225,3225,3226,3225,3225,3226,3226,3226,3226,3226,3225,3226,3226,3225,3226,3225,3225,3225,3225,3225,3225,3225,3224,3225,3225,3226,3226,3225,3225,3225,3226,3225,3226,3225,3226,3225,3226,3226,3226,3226,3226,3226,3226,3225,3226,3225,3226,3226,3225,3225,3226,3225,3225,3225,3225,3226,3226,3225,3226,3226,3226,3226,3226,3226,3226,3226,3225,3226,3226,3226,3226,3226,3226,3226,3226,3226,3226,3162,3121,3108,3169,3182,3188,3191,3194,3196,3197,3198,3199,3106,3097,3083,3167,3175,3179,3182,3184,3186,3186,3188,3188,3189,3190,3191,3191,3191,3192,3193,3193,3193,
34331,3286,3286,3285,3286,3286,3286,3286,3286,3286,3287,3287,3287,3287,3229,3200,3179,3178,3173,3170,3170,3168,3162,3161,3163,3157,3157,3161,3157,3150,3150,3224,3236,3243,3248,3250,3254,3255,3257,3258,3259,3260,3261,3262,3262,3263,3265,3265,3265,3265,3266,3267,3267,3266,3267,3267,3268,3269,3268,3269,3269,3269,3271,3270,3270,3271,3271,3271,3272,3272,3271,3272,3272,3272,3272,3273,3272,3273,3274,3273,3273,3273,3274,3274,3250,3189,3172,3164,3158,3150,3146,3143,3146,3140,3139,3141,3134,3132,3129,3121,3121,3122,3117,3115,3111,3106,3106,3098,3096,3094,3161,3182,3192,3197,3201,3203,3205,3208,3208,3210,3211,3211,3213,3213,3214,3215,3215,3215,3215,3215,3217,3217,3216,3217,3217,3218,3217,3218,3218,3218,3218,3219,3219,3219,3219,3219,3219,3219,3219,3220,3219,3221,3220,3220,3220,3221,3221,3221,3221,3221,3220,3221,3221,3220,3221,3221,3221,3221,3222,3222,3221,3221,3221,3222,3222,3221,3222,3222,3222,3222,3222,3222,3223,3222,3222,3222,3222,3223,3222,3222,3222,3222,3223,3223,3223,3223,3222,3223,3223,3223,3223,3223,3223,3223,3223,3223,3222,3223,3224,3223,3223,3223,3223,3223,3223,3223,3224,3223,3223,3223,3223,3224,3223,3224,3223,3223,3224,3224,3223,3224,3224,3223,3224,3223,3224,3223,3223,3224,3223,3224,3224,3224,3224,3224,3224,3224,3224,3225,3224,3224,3224,3224,3224,3224,3224,3224,3224,3225,3224,3224,3224,3224,3224,3224,3224,3224,3224,3225,3224,3224,3225,3225,3224,3225,3225,3224,3224,3225,3224,3224,3224,3225,3225,3225,3225,3225,3225,3224,3224,3225,3224,3226,3225,3225,3225,3225,3224,3225,3225,3224,3225,3225,3224,3226,3226,3225,3225,3225,3225,3225,3226,3225,3225,3225,3225,3226,3225,3226,3224,3226,3226,3224,3225,3225,3225,3225,3226,3225,3225,3226,3225,3225,3225,3225,3225,3226,3225,3226,3225,3225,3225,3224,3225,3225,3226,3225,3225,3225,3226,3225,3226,3226,3226,3226,3226,3226,3226,3226,3226,3225,3225,3225,3225,3225,3225,3226,3226,3225,3226,3226,3226,3225,3226,3225,3225,3226,3226,3225,3226,3226,3226,3226,3225,3226,3226,3226,3225,3225,3226,3226,3226,3226,3226,3225,3226,3226,3226,3226,3226,3226,3226,3226,3226,3226,3225,3226,3226,3226,3226,3226,3226,3226,3226,3226,3226,3226,3226,3226,3225,3226,3226,3226,3225,3226,3226,3226,3226,3226,3226,3226,3226,3226,3226,3226,3226,3226,3226,3226,3226,3226,3226,3226,3226,3226,3226,3226,3226,3226,3226,3226,3226,3226,3226,3226,3226,3226,3226,3226,3227,3226,3226,3226,3226,3226,3226,3226,3226,3226,3227,3226,3226,3226,3226,3226,3226,3226,3226,3226,3227,3226,3226,3226,3226,3227,3226,3226,3227,3226,3226,3227,3227,3226,3227,3226,3226,3227,3227,3226,3226,3226,3226,3226,3227,3227,3226,3227,3226,3226,3226,3226,3226,3227,3226,3161,3121,3109,3169,3183,3188,3192,3195,3197,3197,3200,3200,3104,3095,3082,3166,3175,3180,3182,3185,3187,3187,3189,3189,3190,3191,3191,3193,3193,3193,3193,3193,3194,
34332,3284,3283,3284,3285,3284,3285,3283,3284,3285,3284,3285,3285,3285,3222,3200,3181,3177,3172,3166,3168,3167,3161,3160,3157,3155,3155,3157,3154,3149,3149,3223,3235,3242,3247,3250,3252,3254,3255,3257,3258,3258,3259,3261,3262,3262,3263,3263,3263,3265,3265,3265,3265,3266,3267,3267,3267,3268,3267,3268,3269,3269,3269,3269,3269,3270,3269,3271,3270,3270,3270,3271,3271,3271,3271,3272,3272,3271,3272,3272,3272,3273,3273,3273,3225,3186,3171,3163,3154,3148,3144,3144,3142,3136,3136,3138,3128,3130,3124,3120,3123,3120,3114,3108,3108,3103,3101,3096,3092,3091,3158,3181,3190,3196,3199,3201,3204,3206,3206,3208,3209,3210,3212,3212,3211,3212,3213,3213,3214,3214,3215,3215,3215,3215,3216,3217,3216,3217,3217,3216,3218,3217,3218,3218,3218,3218,3218,3218,3218,3218,3218,3219,3218,3218,3219,3218,3219,3219,3219,3218,3219,3219,3219,3219,3220,3219,3219,3220,3220,3219,3220,3220,3220,3220,3220,3220,3221,3220,3220,3220,3222,3221,3221,3221,3220,3221,3221,3220,3220,3221,3221,3221,3222,3222,3221,3221,3222,3221,3221,3221,3222,3221,3221,3221,3221,3222,3221,3221,3222,3222,3222,3222,3222,3223,3222,3222,3222,3222,3222,3222,3221,3223,3221,3222,3222,3222,3222,3222,3222,3222,3222,3222,3222,3222,3222,3222,3223,3223,3223,3222,3223,3222,3223,3222,3222,3222,3222,3223,3223,3222,3223,3222,3223,3223,3223,3222,3222,3224,3223,3223,3223,3223,3224,3222,3223,3223,3222,3223,3223,3223,3223,3223,3222,3223,3223,3223,3222,3223,3222,3224,3223,3223,3222,3223,3223,3224,3223,3223,3223,3224,3224,3223,3224,3224,3223,3224,3223,3224,3223,3224,3223,3224,3224,3224,3224,3223,3223,3224,3223,3224,3224,3224,3224,3224,3223,3223,3224,3224,3223,3223,3224,3223,3223,3223,3224,3224,3223,3224,3224,3224,3224,3223,3224,3223,3224,3223,3224,3225,3223,3224,3224,3223,3223,3224,3224,3224,3224,3224,3224,3224,3224,3225,3225,3224,3224,3224,3224,3223,3224,3224,3224,3225,3225,3224,3223,3224,3223,3224,3224,3224,3224,3224,3224,3224,3225,3224,3224,3225,3224,3225,3224,3225,3224,3224,3224,3224,3224,3224,3225,3225,3224,3225,3224,3225,3224,3225,3225,3224,3224,3225,3225,3224,3224,3224,3225,3224,3224,3224,3224,3224,3224,3225,3224,3225,3224,3225,3224,3225,3225,3225,3224,3225,3224,3225,3224,3224,3224,3224,3225,3225,3224,3225,3224,3226,3224,3224,3225,3225,3224,3224,3225,3225,3225,3225,3225,3224,3225,3225,3225,3225,3225,3225,3224,3225,3225,3224,3225,3225,3225,3225,3225,3225,3225,3225,3225,3226,3225,3225,3225,3225,3225,3225,3225,3225,3225,3224,3225,3225,3225,3225,3225,3226,3226,3225,3224,3225,3225,3225,3225,3225,3225,3225,3225,3226,3225,3226,3226,3225,3225,3225,3225,3225,3225,3225,3224,3224,3225,3225,3226,3225,3225,3225,3225,3158,3116,3107,3168,3181,3187,3190,3193,3195,3197,3197,3199,3103,3091,3080,3165,3174,3178,3181,3184,3185,3186,3187,3188,3189,3189,3190,3190,3192,3192,3193,3193,3194,
34333,3284,3283,3285,3285,3284,3285,3284,3285,3285,3285,3283,3285,3285,3223,3200,3183,3178,3175,3168,3169,3168,3161,3162,3160,3157,3158,3159,3156,3151,3150,3224,3236,3243,3247,3250,3252,3254,3256,3257,3258,3259,3260,3260,3262,3262,3263,3262,3263,3265,3265,3266,3266,3266,3266,3267,3267,3267,3268,3269,3268,3269,3269,3269,3269,3269,3271,3271,3270,3270,3271,3271,3271,3272,3272,3272,3272,3272,3271,3272,3273,3273,3273,3273,3225,3188,3174,3164,3156,3151,3146,3146,3144,3139,3139,3140,3131,3132,3125,3123,3125,3121,3117,3111,3108,3106,3105,3099,3095,3094,3160,3181,3190,3196,3200,3201,3204,3205,3206,3208,3209,3211,3211,3211,3212,3213,3213,3213,3215,3214,3215,3215,3215,3215,3216,3216,3217,3216,3216,3217,3217,3217,3218,3218,3218,3218,3218,3218,3218,3218,3219,3219,3218,3219,3219,3219,3219,3219,3219,3219,3218,3219,3219,3220,3219,3220,3220,3219,3220,3220,3221,3219,3220,3220,3221,3220,3221,3221,3220,3221,3220,3221,3222,3220,3221,3222,3221,3221,3221,3221,3222,3222,3221,3221,3221,3221,3222,3222,3222,3222,3222,3222,3222,3222,3222,3222,3222,3222,3222,3222,3222,3222,3222,3222,3222,3222,3222,3222,3222,3222,3222,3222,3223,3222,3222,3223,3222,3222,3222,3222,3224,3222,3222,3222,3223,3222,3222,3222,3223,3222,3222,3222,3223,3222,3222,3222,3223,3222,3222,3223,3222,3223,3223,3223,3223,3222,3224,3223,3223,3223,3223,3223,3224,3223,3223,3224,3223,3223,3223,3223,3224,3224,3223,3223,3223,3224,3223,3224,3223,3224,3223,3223,3223,3223,3224,3224,3222,3224,3224,3223,3223,3223,3224,3224,3224,3223,3223,3223,3224,3224,3223,3223,3225,3224,3224,3224,3223,3223,3225,3223,3224,3224,3224,3224,3223,3224,3224,3224,3223,3223,3224,3224,3224,3225,3224,3224,3224,3223,3224,3224,3224,3224,3224,3224,3223,3224,3224,3224,3224,3223,3224,3224,3224,3224,3224,3224,3224,3224,3224,3224,3225,3224,3225,3224,3224,3224,3225,3224,3223,3224,3224,3224,3224,3224,3224,3224,3224,3224,3225,3224,3225,3224,3224,3225,3224,3224,3225,3224,3225,3224,3225,3224,3224,3224,3224,3223,3224,3224,3224,3225,3225,3225,3224,3224,3224,3225,3225,3224,3224,3225,3225,3224,3224,3224,3224,3224,3224,3225,3224,3224,3224,3224,3224,3224,3225,3224,3224,3224,3224,3224,3224,3225,3225,3224,3225,3225,3224,3224,3224,3224,3226,3224,3224,3225,3224,3225,3224,3225,3224,3224,3225,3225,3225,3225,3225,3224,3225,3225,3226,3225,3225,3225,3225,3225,3225,3224,3225,3225,3225,3226,3224,3225,3225,3226,3224,3225,3225,3224,3226,3224,3224,3224,3225,3225,3226,3225,3225,3225,3225,3226,3225,3225,3224,3224,3225,3225,3225,3225,3225,3225,3224,3224,3225,3225,3226,3224,3226,3225,3224,3225,3226,3225,3225,3225,3225,3225,3225,3225,3226,3225,3226,3226,3225,3160,3116,3109,3168,3182,3187,3191,3193,3194,3197,3198,3198,3104,3091,3081,3166,3174,3179,3182,3183,3185,3186,3186,3188,3189,3189,3190,3190,3191,3191,3192,3193,3193,
34400,0,0,0,0,0,0,0,0,0,0,0,0,0,0,0,0,0,0,0,0,0,0,0,0,0,0,0,0,0,0,0,0,0,0,0,0,0,0,0,0,0,0,0,0,0,0,0,0,0,0,0,0,0,0,0,0,0,0,0,0,0,0,0,0,0,0,0,0,0,0,0,0,0,0,0,0,0,0,0,0,0,0,0,0,0,0,0,0,0,0,0,0,0,0,0,0,0,0,0,0,0,0,0,0,0,0,0,0,0,0,0,0,0,0,0,0,0,0,0,0,0,0,0,0,0,0,0,0,0,0,0,0,0,0,0,0,0,0,0,0,0,0,0,0,0,0,0,0,0,0,0,0,0,0,0,0,0,0,0,0,0,0,0,0,0,0,0,0,0,0,0,0,0,0,0,0,0,0,0,0,0,0,0,0,0,0,0,0,0,0,0,0,0,0,0,0,0,0,0,0,0,0,0,0,0,0,0,0,0,0,0,0,0,0,0,0,0,0,0,0,0,0,0,0,0,0,0,0,0,0,0,0,0,0,0,0,0,0,0,0,0,0,0,0,0,0,0,0,0,0,0,0,0,0,0,0,0,0,0,0,0,0,0,0,0,0,0,0,0,0,0,0,0,0,0,0,0,0,0,0,0,0,0,0,0,0,0,0,0,0,0,0,0,0,0,0,0,0,0,0,0,0,0,0,0,0,0,0,0,0,0,0,0,0,0,0,0,0,0,0,0,0,0,0,0,0,0,0,0,0,0,0,0,0,0,0,0,0,0,0,0,0,0,0,0,0,0,0,0,0,0,0,0,0,0,0,0,0,0,0,0,0,0,0,0,0,0,0,0,0,0,0,0,0,0,0,0,0,0,0,0,0,0,0,0,0,0,0,0,0,0,0,0,0,0,0,0,0,0,0,0,0,0,0,0,0,0,0,0,0,0,0,0,0,0,0,0,0,0,0,0,0,0,0,0,0,0,0,0,0,0,0,0,0,0,0,0,0,0,0,0,0,0,0,0,0,0,0,0,0,0,0,0,0,0,0,0,0,0,0,0,0,0,0,0,0,0,0,0,0,0,0,0,0,0,0,0,0,0,0,0,0,0,0,0,0,0,0,0,0,0,0,0,0,0,0,0,0,0,0,0,0,0,0,0,0,0,0,0,0,0,0,0,0,0,0,0,0,0,0,0,0,0,0,0,0,0,0,0,0,0,0,0,0,0,0,0,0,0,0,0,0,0,0,0,
34401,0,0,0,0,0,0,0,0,0,0,0,0,0,0,0,0,0,0,0,0,0,0,0,0,0,0,0,0,0,0,0,0,0,0,0,0,0,0,0,0,0,0,0,0,0,0,0,0,0,0,0,0,0,0,0,0,0,0,0,0,0,0,0,0,0,0,0,0,0,0,0,0,0,0,0,0,0,0,0,0,0,0,0,0,0,0,0,0,0,0,0,0,0,0,0,0,0,0,0,0,0,0,0,0,0,0,0,0,0,0,0,0,0,0,0,0,0,0,0,0,0,0,0,0,0,0,0,0,0,0,0,0,0,0,0,0,0,0,0,0,0,0,0,0,0,0,0,0,0,0,0,0,0,0,0,0,0,0,0,0,0,0,0,0,0,0,0,0,0,0,0,0,0,0,0,0,0,0,0,0,0,0,0,0,0,0,0,0,0,0,0,0,0,0,0,0,0,0,0,0,0,0,0,0,0,0,0,0,0,0,0,0,0,0,0,0,0,0,0,0,0,0,0,0,0,0,0,0,0,0,0,0,0,0,0,0,0,0,0,0,0,0,0,0,0,0,0,0,0,0,0,0,0,0,0,0,0,0,0,0,0,0,0,0,0,0,0,0,0,0,0,0,0,0,0,0,0,0,0,0,0,0,0,0,0,0,0,0,0,0,0,0,0,0,0,0,0,0,0,0,0,0,0,0,0,0,0,0,0,0,0,0,0,0,0,0,0,0,0,0,0,0,0,0,0,0,0,0,0,0,0,0,0,0,0,0,0,0,0,0,0,0,0,0,0,0,0,0,0,0,0,0,0,0,0,0,0,0,0,0,0,0,0,0,0,0,0,0,0,0,0,0,0,0,0,0,0,0,0,0,0,0,0,0,0,0,0,0,0,0,0,0,0,0,0,0,0,0,0,0,0,0,0,0,0,0,0,0,0,0,0,0,0,0,0,0,0,0,0,0,0,0,0,0,0,0,0,0,0,0,0,0,0,0,0,0,0,0,0,0,0,0,0,0,0,0,0,0,0,0,0,0,0,0,0,0,0,0,0,0,0,0,0,0,0,0,0,0,0,0,0,0,0,0,0,0,0,0,0,0,0,0,0,0,0,0,0,0,0,0,0,0,0,0,0,0,0,0,0,0,0,0,0,0,0,0,0,0,0,0,0,0,0,0,0,0,0,0,0,0,0,0,0,0,0,0,0,0,0,0,0,0,0,0,0,0,0,0,0,0,0,0,0,0,0,
34402,0,0,0,0,0,0,0,0,0,0,0,0,0,0,0,0,0,0,0,0,0,0,0,0,0,0,0,0,0,0,0,0,0,0,0,0,0,0,0,0,0,0,0,0,0,0,0,0,0,0,0,0,0,0,0,0,0,0,0,0,0,0,0,0,0,0,0,0,0,0,0,0,0,0,0,0,0,0,0,0,0,0,0,0,0,0,0,0,0,0,0,0,0,0,0,0,0,0,0,0,0,0,0,0,0,0,0,0,0,0,0,0,0,0,0,0,0,0,0,0,0,0,0,0,0,0,0,0,0,0,0,0,0,0,0,0,0,0,0,0,0,0,0,0,0,0,0,0,0,0,0,0,0,0,0,0,0,0,0,0,0,0,0,0,0,0,0,0,0,0,0,0,0,0,0,0,0,0,0,0,0,0,0,0,0,0,0,0,0,0,0,0,0,0,0,0,0,0,0,0,0,0,0,0,0,0,0,0,0,0,0,0,0,0,0,0,0,0,0,0,0,0,0,0,0,0,0,0,0,0,0,0,0,0,0,0,0,0,0,0,0,0,0,0,0,0,0,0,0,0,0,0,0,0,0,0,0,0,0,0,0,0,0,0,0,0,0,0,0,0,0,0,0,0,0,0,0,0,0,0,0,0,0,0,0,0,0,0,0,0,0,0,0,0,0,0,0,0,0,0,0,0,0,0,0,0,0,0,0,0,0,0,0,0,0,0,0,0,0,0,0,0,0,0,0,0,0,0,0,0,0,0,0,0,0,0,0,0,0,0,0,0,0,0,0,0,0,0,0,0,0,0,0,0,0,0,0,0,0,0,0,0,0,0,0,0,0,0,0,0,0,0,0,0,0,0,0,0,0,0,0,0,0,0,0,0,0,0,0,0,0,0,0,0,0,0,0,0,0,0,0,0,0,0,0,0,0,0,0,0,0,0,0,0,0,0,0,0,0,0,0,0,0,0,0,0,0,0,0,0,0,0,0,0,0,0,0,0,0,0,0,0,0,0,0,0,0,0,0,0,0,0,0,0,0,0,0,0,0,0,0,0,0,0,0,0,0,0,0,0,0,0,0,0,0,0,0,0,0,0,0,0,0,0,0,0,0,0,0,0,0,0,0,0,0,0,0,0,0,0,0,0,0,0,0,0,0,0,0,0,0,0,0,0,0,0,0,0,0,0,0,0,0,0,0,0,0,0,0,0,0,0,0,0,0,0,0,0,0,0,0,0,0,0,0,
34403,0,0,0,0,0,0,0,0,0,0,0,0,0,0,0,0,0,0,0,0,0,0,0,0,0,0,0,0,0,0,0,0,0,0,0,0,0,0,0,0,0,0,0,0,0,0,0,0,0,0,0,0,0,0,0,0,0,0,0,0,0,0,0,0,0,0,0,0,0,0,0,0,0,0,0,0,0,0,0,0,0,0,0,0,0,0,0,0,0,0,0,0,0,0,0,0,0,0,0,0,0,0,0,0,0,0,0,0,0,0,0,0,0,0,0,0,0,0,0,0,0,0,0,0,0,0,0,0,0,0,0,0,0,0,0,0,0,0,0,0,0,0,0,0,0,0,0,0,0,0,0,0,0,0,0,0,0,0,0,0,0,0,0,0,0,0,0,0,0,0,0,0,0,0,0,0,0,0,0,0,0,0,0,0,0,0,0,0,0,0,0,0,0,0,0,0,0,0,0,0,0,0,0,0,0,0,0,0,0,0,0,0,0,0,0,0,0,0,0,0,0,0,0,0,0,0,0,0,0,0,0,0,0,0,0,0,0,0,0,0,0,0,0,0,0,0,0,0,0,0,0,0,0,0,0,0,0,0,0,0,0,0,0,0,0,0,0,0,0,0,0,0,0,0,0,0,0,0,0,0,0,0,0,0,0,0,0,0,0,0,0,0,0,0,0,0,0,0,0,0,0,0,0,0,0,0,0,0,0,0,0,0,0,0,0,0,0,0,0,0,0,0,0,0,0,0,0,0,0,0,0,0,0,0,0,0,0,0,0,0,0,0,0,0,0,0,0,0,0,0,0,0,0,0,0,0,0,0,0,0,0,0,0,0,0,0,0,0,0,0,0,0,0,0,0,0,0,0,0,0,0,0,0,0,0,0,0,0,0,0,0,0,0,0,0,0,0,0,0,0,0,0,0,0,0,0,0,0,0,0,0,0,0,0,0,0,0,0,0,0,0,0,0,0,0,0,0,0,0,0,0,0,0,0,0,0,0,0,0,0,0,0,0,0,0,0,0,0,0,0,0,0,0,0,0,0,0,0,0,0,0,0,0,0,0,0,0,0,0,0,0,0,0,0,0,0,0,0,0,0,0,0,0,0,0,0,0,0,0,0,0,0,0,0,0,0,0,0,0,0,0,0,0,0,0,0,0,0,0,0,0,0,0,0,0,0,0,0,0,0,0,0,0,0,0,0,0,0,0,0,0,0,0,0,0,0,0,0,0,0,0,0,0,0,0,
34404,0,0,0,0,0,0,0,0,0,0,0,0,0,0,0,0,0,0,0,0,0,0,0,0,0,0,0,0,0,0,0,0,0,0,0,0,0,0,0,0,0,0,0,0,0,0,0,0,0,0,0,0,0,0,0,0,0,0,0,0,0,0,0,0,0,0,0,0,0,0,0,0,0,0,0,0,0,0,0,0,0,0,0,0,0,0,0,0,0,0,0,0,0,0,0,0,0,0,0,0,0,0,0,0,0,0,0,0,0,0,0,0,0,0,0,0,0,0,0,0,0,0,0,0,0,0,0,0,0,0,0,0,0,0,0,0,0,0,0,0,0,0,0,0,0,0,0,0,0,0,0,0,0,0,0,0,0,0,0,0,0,0,0,0,0,0,0,0,0,0,0,0,0,0,0,0,0,0,0,0,0,0,0,0,0,0,0,0,0,0,0,0,0,0,0,0,0,0,0,0,0,0,0,0,0,0,0,0,0,0,0,0,0,0,0,0,0,0,0,0,0,0,0,0,0,0,0,0,0,0,0,0,0,0,0,0,0,0,0,0,0,0,0,0,0,0,0,0,0,0,0,0,0,0,0,0,0,0,0,0,0,0,0,0,0,0,0,0,0,0,0,0,0,0,0,0,0,0,0,0,0,0,0,0,0,0,0,0,0,0,0,0,0,0,0,0,0,0,0,0,0,0,0,0,0,0,0,0,0,0,0,0,0,0,0,0,0,0,0,0,0,0,0,0,0,0,0,0,0,0,0,0,0,0,0,0,0,0,0,0,0,0,0,0,0,0,0,0,0,0,0,0,0,0,0,0,0,0,0,0,0,0,0,0,0,0,0,0,0,0,0,0,0,0,0,0,0,0,0,0,0,0,0,0,0,0,0,0,0,0,0,0,0,0,0,0,0,0,0,0,0,0,0,0,0,0,0,0,0,0,0,0,0,0,0,0,0,0,0,0,0,0,0,0,0,0,0,0,0,0,0,0,0,0,0,0,0,0,0,0,0,0,0,0,0,0,0,0,0,0,0,0,0,0,0,0,0,0,0,0,0,0,0,0,0,0,0,0,0,0,0,0,0,0,0,0,0,0,0,0,0,0,0,0,0,0,0,0,0,0,0,0,0,0,0,0,0,0,0,0,0,0,0,0,0,0,0,0,0,0,0,0,0,0,0,0,0,0,0,0,0,0,0,0,0,0,0,0,0,0,0,0,0,0,0,0,0,0,0,0,0,0,0,0,0,
34405,0,0,0,0,0,0,0,0,0,0,0,0,0,0,0,0,0,0,0,0,0,0,0,0,0,0,0,0,0,0,0,0,0,0,0,0,0,0,0,0,0,0,0,0,0,0,0,0,0,0,0,0,0,0,0,0,0,0,0,0,0,0,0,0,0,0,0,0,0,0,0,0,0,0,0,0,0,0,0,0,0,0,0,0,0,0,0,0,0,0,0,0,0,0,0,0,0,0,0,0,0,0,0,0,0,0,0,0,0,0,0,0,0,0,0,0,0,0,0,0,0,0,0,0,0,0,0,0,0,0,0,0,0,0,0,0,0,0,0,0,0,0,0,0,0,0,0,0,0,0,0,0,0,0,0,0,0,0,0,0,0,0,0,0,0,0,0,0,0,0,0,0,0,0,0,0,0,0,0,0,0,0,0,0,0,0,0,0,0,0,0,0,0,0,0,0,0,0,0,0,0,0,0,0,0,0,0,0,0,0,0,0,0,0,0,0,0,0,0,0,0,0,0,0,0,0,0,0,0,0,0,0,0,0,0,0,0,0,0,0,0,0,0,0,0,0,0,0,0,0,0,0,0,0,0,0,0,0,0,0,0,0,0,0,0,0,0,0,0,0,0,0,0,0,0,0,0,0,0,0,0,0,0,0,0,0,0,0,0,0,0,0,0,0,0,0,0,0,0,0,0,0,0,0,0,0,0,0,0,0,0,0,0,0,0,0,0,0,0,0,0,0,0,0,0,0,0,0,0,0,0,0,0,0,0,0,0,0,0,0,0,0,0,0,0,0,0,0,0,0,0,0,0,0,0,0,0,0,0,0,0,0,0,0,0,0,0,0,0,0,0,0,0,0,0,0,0,0,0,0,0,0,0,0,0,0,0,0,0,0,0,0,0,0,0,0,0,0,0,0,0,0,0,0,0,0,0,0,0,0,0,0,0,0,0,0,0,0,0,0,0,0,0,0,0,0,0,0,0,0,0,0,0,0,0,0,0,0,0,0,0,0,0,0,0,0,0,0,0,0,0,0,0,0,0,0,0,0,0,0,0,0,0,0,0,0,0,0,0,0,0,0,0,0,0,0,0,0,0,0,0,0,0,0,0,0,0,0,0,0,0,0,0,0,0,0,0,0,0,0,0,0,0,0,0,0,0,0,0,0,0,0,0,0,0,0,0,0,0,0,0,0,0,0,0,0,0,0,0,0,0,0,0,0,0,0,0,0,0,0,0,0,0,0,0,
34406,0,0,0,0,0,0,0,0,0,0,0,0,0,0,0,0,0,0,0,0,0,0,0,0,0,0,0,0,0,0,0,0,0,0,0,0,0,0,0,0,0,0,0,0,0,0,0,0,0,0,0,0,0,0,0,0,0,0,0,0,0,0,0,0,0,0,0,0,0,0,0,0,0,0,0,0,0,0,0,0,0,0,0,0,0,0,0,0,0,0,0,0,0,0,0,0,0,0,0,0,0,0,0,0,0,0,0,0,0,0,0,0,0,0,0,0,0,0,0,0,0,0,0,0,0,0,0,0,0,0,0,0,0,0,0,0,0,0,0,0,0,0,0,0,0,0,0,0,0,0,0,0,0,0,0,0,0,0,0,0,0,0,0,0,0,0,0,0,0,0,0,0,0,0,0,0,0,0,0,0,0,0,0,0,0,0,0,0,0,0,0,0,0,0,0,0,0,0,0,0,0,0,0,0,0,0,0,0,0,0,0,0,0,0,0,0,0,0,0,0,0,0,0,0,0,0,0,0,0,0,0,0,0,0,0,0,0,0,0,0,0,0,0,0,0,0,0,0,0,0,0,0,0,0,0,0,0,0,0,0,0,0,0,0,0,0,0,0,0,0,0,0,0,0,0,0,0,0,0,0,0,0,0,0,0,0,0,0,0,0,0,0,0,0,0,0,0,0,0,0,0,0,0,0,0,0,0,0,0,0,0,0,0,0,0,0,0,0,0,0,0,0,0,0,0,0,0,0,0,0,0,0,0,0,0,0,0,0,0,0,0,0,0,0,0,0,0,0,0,0,0,0,0,0,0,0,0,0,0,0,0,0,0,0,0,0,0,0,0,0,0,0,0,0,0,0,0,0,0,0,0,0,0,0,0,0,0,0,0,0,0,0,0,0,0,0,0,0,0,0,0,0,0,0,0,0,0,0,0,0,0,0,0,0,0,0,0,0,0,0,0,0,0,0,0,0,0,0,0,0,0,0,0,0,0,0,0,0,0,0,0,0,0,0,0,0,0,0,0,0,0,0,0,0,0,0,0,0,0,0,0,0,0,0,0,0,0,0,0,0,0,0,0,0,0,0,0,0,0,0,0,0,0,0,0,0,0,0,0,0,0,0,0,0,0,0,0,0,0,0,0,0,0,0,0,0,0,0,0,0,0,0,0,0,0,0,0,0,0,0,0,0,0,0,0,0,0,0,0,0,0,0,0,0,0,0,0,0,0,0,0,0,0,0,0,
34407,0,0,0,0,0,0,0,0,0,0,0,0,0,0,0,0,0,0,0,0,0,0,0,0,0,0,0,0,0,0,0,0,0,0,0,0,0,0,0,0,0,0,0,0,0,0,0,0,0,0,0,0,0,0,0,0,0,0,0,0,0,0,0,0,0,0,0,0,0,0,0,0,0,0,0,0,0,0,0,0,0,0,0,0,0,0,0,0,0,0,0,0,0,0,0,0,0,0,0,0,0,0,0,0,0,0,0,0,0,0,0,0,0,0,0,0,0,0,0,0,0,0,0,0,0,0,0,0,0,0,0,0,0,0,0,0,0,0,0,0,0,0,0,0,0,0,0,0,0,0,0,0,0,0,0,0,0,0,0,0,0,0,0,0,0,0,0,0,0,0,0,0,0,0,0,0,0,0,0,0,0,0,0,0,0,0,0,0,0,0,0,0,0,0,0,0,0,0,0,0,0,0,0,0,0,0,0,0,0,0,0,0,0,0,0,0,0,0,0,0,0,0,0,0,0,0,0,0,0,0,0,0,0,0,0,0,0,0,0,0,0,0,0,0,0,0,0,0,0,0,0,0,0,0,0,0,0,0,0,0,0,0,0,0,0,0,0,0,0,0,0,0,0,0,0,0,0,0,0,0,0,0,0,0,0,0,0,0,0,0,0,0,0,0,0,0,0,0,0,0,0,0,0,0,0,0,0,0,0,0,0,0,0,0,0,0,0,0,0,0,0,0,0,0,0,0,0,0,0,0,0,0,0,0,0,0,0,0,0,0,0,0,0,0,0,0,0,0,0,0,0,0,0,0,0,0,0,0,0,0,0,0,0,0,0,0,0,0,0,0,0,0,0,0,0,0,0,0,0,0,0,0,0,0,0,0,0,0,0,0,0,0,0,0,0,0,0,0,0,0,0,0,0,0,0,0,0,0,0,0,0,0,0,0,0,0,0,0,0,0,0,0,0,0,0,0,0,0,0,0,0,0,0,0,0,0,0,0,0,0,0,0,0,0,0,0,0,0,0,0,0,0,0,0,0,0,0,0,0,0,0,0,0,0,0,0,0,0,0,0,0,0,0,0,0,0,0,0,0,0,0,0,0,0,0,0,0,0,0,0,0,0,0,0,0,0,0,0,0,0,0,0,0,0,0,0,0,0,0,0,0,0,0,0,0,0,0,0,0,0,0,0,0,0,0,0,0,0,0,0,0,0,0,0,0,0,0,0,0,0,0,0,0,0,0,
34408,0,0,0,0,0,0,0,0,0,0,0,0,0,0,0,0,0,0,0,0,0,0,0,0,0,0,0,0,0,0,0,0,0,0,0,0,0,0,0,0,0,0,0,0,0,0,0,0,0,0,0,0,0,0,0,0,0,0,0,0,0,0,0,0,0,0,0,0,0,0,0,0,0,0,0,0,0,0,0,0,0,0,0,0,0,0,0,0,0,0,0,0,0,0,0,0,0,0,0,0,0,0,0,0,0,0,0,0,0,0,0,0,0,0,0,0,0,0,0,0,0,0,0,0,0,0,0,0,0,0,0,0,0,0,0,0,0,0,0,0,0,0,0,0,0,0,0,0,0,0,0,0,0,0,0,0,0,0,0,0,0,0,0,0,0,0,0,0,0,0,0,0,0,0,0,0,0,0,0,0,0,0,0,0,0,0,0,0,0,0,0,0,0,0,0,0,0,0,0,0,0,0,0,0,0,0,0,0,0,0,0,0,0,0,0,0,0,0,0,0,0,0,0,0,0,0,0,0,0,0,0,0,0,0,0,0,0,0,0,0,0,0,0,0,0,0,0,0,0,0,0,0,0,0,0,0,0,0,0,0,0,0,0,0,0,0,0,0,0,0,0,0,0,0,0,0,0,0,0,0,0,0,0,0,0,0,0,0,0,0,0,0,0,0,0,0,0,0,0,0,0,0,0,0,0,0,0,0,0,0,0,0,0,0,0,0,0,0,0,0,0,0,0,0,0,0,0,0,0,0,0,0,0,0,0,0,0,0,0,0,0,0,0,0,0,0,0,0,0,0,0,0,0,0,0,0,0,0,0,0,0,0,0,0,0,0,0,0,0,0,0,0,0,0,0,0,0,0,0,0,0,0,0,0,0,0,0,0,0,0,0,0,0,0,0,0,0,0,0,0,0,0,0,0,0,0,0,0,0,0,0,0,0,0,0,0,0,0,0,0,0,0,0,0,0,0,0,0,0,0,0,0,0,0,0,0,0,0,0,0,0,0,0,0,0,0,0,0,0,0,0,0,0,0,0,0,0,0,0,0,0,0,0,0,0,0,0,0,0,0,0,0,0,0,0,0,0,0,0,0,0,0,0,0,0,0,0,0,0,0,0,0,0,0,0,0,0,0,0,0,0,0,0,0,0,0,0,0,0,0,0,0,0,0,0,0,0,0,0,0,0,0,0,0,0,0,0,0,0,0,0,0,0,0,0,0,0,0,0,0,0,0,0,0,0,
34409,0,0,0,0,0,0,0,0,0,0,0,0,0,0,0,0,0,0,0,0,0,0,0,0,0,0,0,0,0,0,0,0,0,0,0,0,0,0,0,0,0,0,0,0,0,0,0,0,0,0,0,0,0,0,0,0,0,0,0,0,0,0,0,0,0,0,0,0,0,0,0,0,0,0,0,0,0,0,0,0,0,0,0,0,0,0,0,0,0,0,0,0,0,0,0,0,0,0,0,0,0,0,0,0,0,0,0,0,0,0,0,0,0,0,0,0,0,0,0,0,0,0,0,0,0,0,0,0,0,0,0,0,0,0,0,0,0,0,0,0,0,0,0,0,0,0,0,0,0,0,0,0,0,0,0,0,0,0,0,0,0,0,0,0,0,0,0,0,0,0,0,0,0,0,0,0,0,0,0,0,0,0,0,0,0,0,0,0,0,0,0,0,0,0,0,0,0,0,0,0,0,0,0,0,0,0,0,0,0,0,0,0,0,0,0,0,0,0,0,0,0,0,0,0,0,0,0,0,0,0,0,0,0,0,0,0,0,0,0,0,0,0,0,0,0,0,0,0,0,0,0,0,0,0,0,0,0,0,0,0,0,0,0,0,0,0,0,0,0,0,0,0,0,0,0,0,0,0,0,0,0,0,0,0,0,0,0,0,0,0,0,0,0,0,0,0,0,0,0,0,0,0,0,0,0,0,0,0,0,0,0,0,0,0,0,0,0,0,0,0,0,0,0,0,0,0,0,0,0,0,0,0,0,0,0,0,0,0,0,0,0,0,0,0,0,0,0,0,0,0,0,0,0,0,0,0,0,0,0,0,0,0,0,0,0,0,0,0,0,0,0,0,0,0,0,0,0,0,0,0,0,0,0,0,0,0,0,0,0,0,0,0,0,0,0,0,0,0,0,0,0,0,0,0,0,0,0,0,0,0,0,0,0,0,0,0,0,0,0,0,0,0,0,0,0,0,0,0,0,0,0,0,0,0,0,0,0,0,0,0,0,0,0,0,0,0,0,0,0,0,0,0,0,0,0,0,0,0,0,0,0,0,0,0,0,0,0,0,0,0,0,0,0,0,0,0,0,0,0,0,0,0,0,0,0,0,0,0,0,0,0,0,0,0,0,0,0,0,0,0,0,0,0,0,0,0,0,0,0,0,0,0,0,0,0,0,0,0,0,0,0,0,0,0,0,0,0,0,0,0,0,0,0,0,0,0,0,0,0,0,0,0,0,0,0,
34410,0,0,0,0,0,0,0,0,0,0,0,0,0,0,0,0,0,0,0,0,0,0,0,0,0,0,0,0,0,0,0,0,0,0,0,0,0,0,0,0,0,0,0,0,0,0,0,0,0,0,0,0,0,0,0,0,0,0,0,0,0,0,0,0,0,0,0,0,0,0,0,0,0,0,0,0,0,0,0,0,0,0,0,0,0,0,0,0,0,0,0,0,0,0,0,0,0,0,0,0,0,0,0,0,0,0,0,0,0,0,0,0,0,0,0,0,0,0,0,0,0,0,0,0,0,0,0,0,0,0,0,0,0,0,0,0,0,0,0,0,0,0,0,0,0,0,0,0,0,0,0,0,0,0,0,0,0,0,0,0,0,0,0,0,0,0,0,0,0,0,0,0,0,0,0,0,0,0,0,0,0,0,0,0,0,0,0,0,0,0,0,0,0,0,0,0,0,0,0,0,0,0,0,0,0,0,0,0,0,0,0,0,0,0,0,0,0,0,0,0,0,0,0,0,0,0,0,0,0,0,0,0,0,0,0,0,0,0,0,0,0,0,0,0,0,0,0,0,0,0,0,0,0,0,0,0,0,0,0,0,0,0,0,0,0,0,0,0,0,0,0,0,0,0,0,0,0,0,0,0,0,0,0,0,0,0,0,0,0,0,0,0,0,0,0,0,0,0,0,0,0,0,0,0,0,0,0,0,0,0,0,0,0,0,0,0,0,0,0,0,0,0,0,0,0,0,0,0,0,0,0,0,0,0,0,0,0,0,0,0,0,0,0,0,0,0,0,0,0,0,0,0,0,0,0,0,0,0,0,0,0,0,0,0,0,0,0,0,0,0,0,0,0,0,0,0,0,0,0,0,0,0,0,0,0,0,0,0,0,0,0,0,0,0,0,0,0,0,0,0,0,0,0,0,0,0,0,0,0,0,0,0,0,0,0,0,0,0,0,0,0,0,0,0,0,0,0,0,0,0,0,0,0,0,0,0,0,0,0,0,0,0,0,0,0,0,0,0,0,0,0,0,0,0,0,0,0,0,0,0,0,0,0,0,0,0,0,0,0,0,0,0,0,0,0,0,0,0,0,0,0,0,0,0,0,0,0,0,0,0,0,0,0,0,0,0,0,0,0,0,0,0,0,0,0,0,0,0,0,0,0,0,0,0,0,0,0,0,0,0,0,0,0,0,0,0,0,0,0,0,0,0,0,0,0,0,0,0,0,0,0,0,0,0,0,
34411,0,0,0,0,0,0,0,0,0,0,0,0,0,0,0,0,0,0,0,0,0,0,0,0,0,0,0,0,0,0,0,0,0,0,0,0,0,0,0,0,0,0,0,0,0,0,0,0,0,0,0,0,0,0,0,0,0,0,0,0,0,0,0,0,0,0,0,0,0,0,0,0,0,0,0,0,0,0,0,0,0,0,0,0,0,0,0,0,0,0,0,0,0,0,0,0,0,0,0,0,0,0,0,0,0,0,0,0,0,0,0,0,0,0,0,0,0,0,0,0,0,0,0,0,0,0,0,0,0,0,0,0,0,0,0,0,0,0,0,0,0,0,0,0,0,0,0,0,0,0,0,0,0,0,0,0,0,0,0,0,0,0,0,0,0,0,0,0,0,0,0,0,0,0,0,0,0,0,0,0,0,0,0,0,0,0,0,0,0,0,0,0,0,0,0,0,0,0,0,0,0,0,0,0,0,0,0,0,0,0,0,0,0,0,0,0,0,0,0,0,0,0,0,0,0,0,0,0,0,0,0,0,0,0,0,0,0,0,0,0,0,0,0,0,0,0,0,0,0,0,0,0,0,0,0,0,0,0,0,0,0,0,0,0,0,0,0,0,0,0,0,0,0,0,0,0,0,0,0,0,0,0,0,0,0,0,0,0,0,0,0,0,0,0,0,0,0,0,0,0,0,0,0,0,0,0,0,0,0,0,0,0,0,0,0,0,0,0,0,0,0,0,0,0,0,0,0,0,0,0,0,0,0,0,0,0,0,0,0,0,0,0,0,0,0,0,0,0,0,0,0,0,0,0,0,0,0,0,0,0,0,0,0,0,0,0,0,0,0,0,0,0,0,0,0,0,0,0,0,0,0,0,0,0,0,0,0,0,0,0,0,0,0,0,0,0,0,0,0,0,0,0,0,0,0,0,0,0,0,0,0,0,0,0,0,0,0,0,0,0,0,0,0,0,0,0,0,0,0,0,0,0,0,0,0,0,0,0,0,0,0,0,0,0,0,0,0,0,0,0,0,0,0,0,0,0,0,0,0,0,0,0,0,0,0,0,0,0,0,0,0,0,0,0,0,0,0,0,0,0,0,0,0,0,0,0,0,0,0,0,0,0,0,0,0,0,0,0,0,0,0,0,0,0,0,0,0,0,0,0,0,0,0,0,0,0,0,0,0,0,0,0,0,0,0,0,0,0,0,0,0,0,0,0,0,0,0,0,0,0,0,0,0,0,0,
34412,0,0,0,0,0,0,0,0,0,0,0,0,0,0,0,0,0,0,0,0,0,0,0,0,0,0,0,0,0,0,0,0,0,0,0,0,0,0,0,0,0,0,0,0,0,0,0,0,0,0,0,0,0,0,0,0,0,0,0,0,0,0,0,0,0,0,0,0,0,0,0,0,0,0,0,0,0,0,0,0,0,0,0,0,0,0,0,0,0,0,0,0,0,0,0,0,0,0,0,0,0,0,0,0,0,0,0,0,0,0,0,0,0,0,0,0,0,0,0,0,0,0,0,0,0,0,0,0,0,0,0,0,0,0,0,0,0,0,0,0,0,0,0,0,0,0,0,0,0,0,0,0,0,0,0,0,0,0,0,0,0,0,0,0,0,0,0,0,0,0,0,0,0,0,0,0,0,0,0,0,0,0,0,0,0,0,0,0,0,0,0,0,0,0,0,0,0,0,0,0,0,0,0,0,0,0,0,0,0,0,0,0,0,0,0,0,0,0,0,0,0,0,0,0,0,0,0,0,0,0,0,0,0,0,0,0,0,0,0,0,0,0,0,0,0,0,0,0,0,0,0,0,0,0,0,0,0,0,0,0,0,0,0,0,0,0,0,0,0,0,0,0,0,0,0,0,0,0,0,0,0,0,0,0,0,0,0,0,0,0,0,0,0,0,0,0,0,0,0,0,0,0,0,0,0,0,0,0,0,0,0,0,0,0,0,0,0,0,0,0,0,0,0,0,0,0,0,0,0,0,0,0,0,0,0,0,0,0,0,0,0,0,0,0,0,0,0,0,0,0,0,0,0,0,0,0,0,0,0,0,0,0,0,0,0,0,0,0,0,0,0,0,0,0,0,0,0,0,0,0,0,0,0,0,0,0,0,0,0,0,0,0,0,0,0,0,0,0,0,0,0,0,0,0,0,0,0,0,0,0,0,0,0,0,0,0,0,0,0,0,0,0,0,0,0,0,0,0,0,0,0,0,0,0,0,0,0,0,0,0,0,0,0,0,0,0,0,0,0,0,0,0,0,0,0,0,0,0,0,0,0,0,0,0,0,0,0,0,0,0,0,0,0,0,0,0,0,0,0,0,0,0,0,0,0,0,0,0,0,0,0,0,0,0,0,0,0,0,0,0,0,0,0,0,0,0,0,0,0,0,0,0,0,0,0,0,0,0,0,0,0,0,0,0,0,0,0,0,0,0,0,0,0,0,0,0,0,0,0,0,0,0,0,0,0,
34413,0,0,0,0,0,0,0,0,0,0,0,0,0,0,0,0,0,0,0,0,0,0,0,0,0,0,0,0,0,0,0,0,0,0,0,0,0,0,0,0,0,0,0,0,0,0,0,0,0,0,0,0,0,0,0,0,0,0,0,0,0,0,0,0,0,0,0,0,0,0,0,0,0,0,0,0,0,0,0,0,0,0,0,0,0,0,0,0,0,0,0,0,0,0,0,0,0,0,0,0,0,0,0,0,0,0,0,0,0,0,0,0,0,0,0,0,0,0,0,0,0,0,0,0,0,0,0,0,0,0,0,0,0,0,0,0,0,0,0,0,0,0,0,0,0,0,0,0,0,0,0,0,0,0,0,0,0,0,0,0,0,0,0,0,0,0,0,0,0,0,0,0,0,0,0,0,0,0,0,0,0,0,0,0,0,0,0,0,0,0,0,0,0,0,0,0,0,0,0,0,0,0,0,0,0,0,0,0,0,0,0,0,0,0,0,0,0,0,0,0,0,0,0,0,0,0,0,0,0,0,0,0,0,0,0,0,0,0,0,0,0,0,0,0,0,0,0,0,0,0,0,0,0,0,0,0,0,0,0,0,0,0,0,0,0,0,0,0,0,0,0,0,0,0,0,0,0,0,0,0,0,0,0,0,0,0,0,0,0,0,0,0,0,0,0,0,0,0,0,0,0,0,0,0,0,0,0,0,0,0,0,0,0,0,0,0,0,0,0,0,0,0,0,0,0,0,0,0,0,0,0,0,0,0,0,0,0,0,0,0,0,0,0,0,0,0,0,0,0,0,0,0,0,0,0,0,0,0,0,0,0,0,0,0,0,0,0,0,0,0,0,0,0,0,0,0,0,0,0,0,0,0,0,0,0,0,0,0,0,0,0,0,0,0,0,0,0,0,0,0,0,0,0,0,0,0,0,0,0,0,0,0,0,0,0,0,0,0,0,0,0,0,0,0,0,0,0,0,0,0,0,0,0,0,0,0,0,0,0,0,0,0,0,0,0,0,0,0,0,0,0,0,0,0,0,0,0,0,0,0,0,0,0,0,0,0,0,0,0,0,0,0,0,0,0,0,0,0,0,0,0,0,0,0,0,0,0,0,0,0,0,0,0,0,0,0,0,0,0,0,0,0,0,0,0,0,0,0,0,0,0,0,0,0,0,0,0,0,0,0,0,0,0,0,0,0,0,0,0,0,0,0,0,0,0,0,0,0,0,0,0,0,0,0,0,
34414,0,0,0,0,0,0,0,0,0,0,0,0,0,0,0,0,0,0,0,0,0,0,0,0,0,0,0,0,0,0,0,0,0,0,0,0,0,0,0,0,0,0,0,0,0,0,0,0,0,0,0,0,0,0,0,0,0,0,0,0,0,0,0,0,0,0,0,0,0,0,0,0,0,0,0,0,0,0,0,0,0,0,0,0,0,0,0,0,0,0,0,0,0,0,0,0,0,0,0,0,0,0,0,0,0,0,0,0,0,0,0,0,0,0,0,0,0,0,0,0,0,0,0,0,0,0,0,0,0,0,0,0,0,0,0,0,0,0,0,0,0,0,0,0,0,0,0,0,0,0,0,0,0,0,0,0,0,0,0,0,0,0,0,0,0,0,0,0,0,0,0,0,0,0,0,0,0,0,0,0,0,0,0,0,0,0,0,0,0,0,0,0,0,0,0,0,0,0,0,0,0,0,0,0,0,0,0,0,0,0,0,0,0,0,0,0,0,0,0,0,0,0,0,0,0,0,0,0,0,0,0,0,0,0,0,0,0,0,0,0,0,0,0,0,0,0,0,0,0,0,0,0,0,0,0,0,0,0,0,0,0,0,0,0,0,0,0,0,0,0,0,0,0,0,0,0,0,0,0,0,0,0,0,0,0,0,0,0,0,0,0,0,0,0,0,0,0,0,0,0,0,0,0,0,0,0,0,0,0,0,0,0,0,0,0,0,0,0,0,0,0,0,0,0,0,0,0,0,0,0,0,0,0,0,0,0,0,0,0,0,0,0,0,0,0,0,0,0,0,0,0,0,0,0,0,0,0,0,0,0,0,0,0,0,0,0,0,0,0,0,0,0,0,0,0,0,0,0,0,0,0,0,0,0,0,0,0,0,0,0,0,0,0,0,0,0,0,0,0,0,0,0,0,0,0,0,0,0,0,0,0,0,0,0,0,0,0,0,0,0,0,0,0,0,0,0,0,0,0,0,0,0,0,0,0,0,0,0,0,0,0,0,0,0,0,0,0,0,0,0,0,0,0,0,0,0,0,0,0,0,0,0,0,0,0,0,0,0,0,0,0,0,0,0,0,0,0,0,0,0,0,0,0,0,0,0,0,0,0,0,0,0,0,0,0,0,0,0,0,0,0,0,0,0,0,0,0,0,0,0,0,0,0,0,0,0,0,0,0,0,0,0,0,0,0,0,0,0,0,0,0,0,0,0,0,0,0,0,0,0,0,0,0,0,0,
34415,0,0,0,0,0,0,0,0,0,0,0,0,0,0,0,0,0,0,0,0,0,0,0,0,0,0,0,0,0,0,0,0,0,0,0,0,0,0,0,0,0,0,0,0,0,0,0,0,0,0,0,0,0,0,0,0,0,0,0,0,0,0,0,0,0,0,0,0,0,0,0,0,0,0,0,0,0,0,0,0,0,0,0,0,0,0,0,0,0,0,0,0,0,0,0,0,0,0,0,0,0,0,0,0,0,0,0,0,0,0,0,0,0,0,0,0,0,0,0,0,0,0,0,0,0,0,0,0,0,0,0,0,0,0,0,0,0,0,0,0,0,0,0,0,0,0,0,0,0,0,0,0,0,0,0,0,0,0,0,0,0,0,0,0,0,0,0,0,0,0,0,0,0,0,0,0,0,0,0,0,0,0,0,0,0,0,0,0,0,0,0,0,0,0,0,0,0,0,0,0,0,0,0,0,0,0,0,0,0,0,0,0,0,0,0,0,0,0,0,0,0,0,0,0,0,0,0,0,0,0,0,0,0,0,0,0,0,0,0,0,0,0,0,0,0,0,0,0,0,0,0,0,0,0,0,0,0,0,0,0,0,0,0,0,0,0,0,0,0,0,0,0,0,0,0,0,0,0,0,0,0,0,0,0,0,0,0,0,0,0,0,0,0,0,0,0,0,0,0,0,0,0,0,0,0,0,0,0,0,0,0,0,0,0,0,0,0,0,0,0,0,0,0,0,0,0,0,0,0,0,0,0,0,0,0,0,0,0,0,0,0,0,0,0,0,0,0,0,0,0,0,0,0,0,0,0,0,0,0,0,0,0,0,0,0,0,0,0,0,0,0,0,0,0,0,0,0,0,0,0,0,0,0,0,0,0,0,0,0,0,0,0,0,0,0,0,0,0,0,0,0,0,0,0,0,0,0,0,0,0,0,0,0,0,0,0,0,0,0,0,0,0,0,0,0,0,0,0,0,0,0,0,0,0,0,0,0,0,0,0,0,0,0,0,0,0,0,0,0,0,0,0,0,0,0,0,0,0,0,0,0,0,0,0,0,0,0,0,0,0,0,0,0,0,0,0,0,0,0,0,0,0,0,0,0,0,0,0,0,0,0,0,0,0,0,0,0,0,0,0,0,0,0,0,0,0,0,0,0,0,0,0,0,0,0,0,0,0,0,0,0,0,0,0,0,0,0,0,0,0,0,0,0,0,0,0,0,0,0,0,0,0,0,0,0,
34416,0,0,0,0,0,0,0,0,0,0,0,0,0,0,0,0,0,0,0,0,0,0,0,0,0,0,0,0,0,0,0,0,0,0,0,0,0,0,0,0,0,0,0,0,0,0,0,0,0,0,0,0,0,0,0,0,0,0,0,0,0,0,0,0,0,0,0,0,0,0,0,0,0,0,0,0,0,0,0,0,0,0,0,0,0,0,0,0,0,0,0,0,0,0,0,0,0,0,0,0,0,0,0,0,0,0,0,0,0,0,0,0,0,0,0,0,0,0,0,0,0,0,0,0,0,0,0,0,0,0,0,0,0,0,0,0,0,0,0,0,0,0,0,0,0,0,0,0,0,0,0,0,0,0,0,0,0,0,0,0,0,0,0,0,0,0,0,0,0,0,0,0,0,0,0,0,0,0,0,0,0,0,0,0,0,0,0,0,0,0,0,0,0,0,0,0,0,0,0,0,0,0,0,0,0,0,0,0,0,0,0,0,0,0,0,0,0,0,0,0,0,0,0,0,0,0,0,0,0,0,0,0,0,0,0,0,0,0,0,0,0,0,0,0,0,0,0,0,0,0,0,0,0,0,0,0,0,0,0,0,0,0,0,0,0,0,0,0,0,0,0,0,0,0,0,0,0,0,0,0,0,0,0,0,0,0,0,0,0,0,0,0,0,0,0,0,0,0,0,0,0,0,0,0,0,0,0,0,0,0,0,0,0,0,0,0,0,0,0,0,0,0,0,0,0,0,0,0,0,0,0,0,0,0,0,0,0,0,0,0,0,0,0,0,0,0,0,0,0,0,0,0,0,0,0,0,0,0,0,0,0,0,0,0,0,0,0,0,0,0,0,0,0,0,0,0,0,0,0,0,0,0,0,0,0,0,0,0,0,0,0,0,0,0,0,0,0,0,0,0,0,0,0,0,0,0,0,0,0,0,0,0,0,0,0,0,0,0,0,0,0,0,0,0,0,0,0,0,0,0,0,0,0,0,0,0,0,0,0,0,0,0,0,0,0,0,0,0,0,0,0,0,0,0,0,0,0,0,0,0,0,0,0,0,0,0,0,0,0,0,0,0,0,0,0,0,0,0,0,0,0,0,0,0,0,0,0,0,0,0,0,0,0,0,0,0,0,0,0,0,0,0,0,0,0,0,0,0,0,0,0,0,0,0,0,0,0,0,0,0,0,0,0,0,0,0,0,0,0,0,0,0,0,0,0,0,0,0,0,0,0,0,0,0,0,
34417,0,0,0,0,0,0,0,0,0,0,0,0,0,0,0,0,0,0,0,0,0,0,0,0,0,0,0,0,0,0,0,0,0,0,0,0,0,0,0,0,0,0,0,0,0,0,0,0,0,0,0,0,0,0,0,0,0,0,0,0,0,0,0,0,0,0,0,0,0,0,0,0,0,0,0,0,0,0,0,0,0,0,0,0,0,0,0,0,0,0,0,0,0,0,0,0,0,0,0,0,0,0,0,0,0,0,0,0,0,0,0,0,0,0,0,0,0,0,0,0,0,0,0,0,0,0,0,0,0,0,0,0,0,0,0,0,0,0,0,0,0,0,0,0,0,0,0,0,0,0,0,0,0,0,0,0,0,0,0,0,0,0,0,0,0,0,0,0,0,0,0,0,0,0,0,0,0,0,0,0,0,0,0,0,0,0,0,0,0,0,0,0,0,0,0,0,0,0,0,0,0,0,0,0,0,0,0,0,0,0,0,0,0,0,0,0,0,0,0,0,0,0,0,0,0,0,0,0,0,0,0,0,0,0,0,0,0,0,0,0,0,0,0,0,0,0,0,0,0,0,0,0,0,0,0,0,0,0,0,0,0,0,0,0,0,0,0,0,0,0,0,0,0,0,0,0,0,0,0,0,0,0,0,0,0,0,0,0,0,0,0,0,0,0,0,0,0,0,0,0,0,0,0,0,0,0,0,0,0,0,0,0,0,0,0,0,0,0,0,0,0,0,0,0,0,0,0,0,0,0,0,0,0,0,0,0,0,0,0,0,0,0,0,0,0,0,0,0,0,0,0,0,0,0,0,0,0,0,0,0,0,0,0,0,0,0,0,0,0,0,0,0,0,0,0,0,0,0,0,0,0,0,0,0,0,0,0,0,0,0,0,0,0,0,0,0,0,0,0,0,0,0,0,0,0,0,0,0,0,0,0,0,0,0,0,0,0,0,0,0,0,0,0,0,0,0,0,0,0,0,0,0,0,0,0,0,0,0,0,0,0,0,0,0,0,0,0,0,0,0,0,0,0,0,0,0,0,0,0,0,0,0,0,0,0,0,0,0,0,0,0,0,0,0,0,0,0,0,0,0,0,0,0,0,0,0,0,0,0,0,0,0,0,0,0,0,0,0,0,0,0,0,0,0,0,0,0,0,0,0,0,0,0,0,0,0,0,0,0,0,0,0,0,0,0,0,0,0,0,0,0,0,0,0,0,0,0,0,0,0,0,0,0,0,0,
34418,0,0,0,0,0,0,0,0,0,0,0,0,0,0,0,0,0,0,0,0,0,0,0,0,0,0,0,0,0,0,0,0,0,0,0,0,0,0,0,0,0,0,0,0,0,0,0,0,0,0,0,0,0,0,0,0,0,0,0,0,0,0,0,0,0,0,0,0,0,0,0,0,0,0,0,0,0,0,0,0,0,0,0,0,0,0,0,0,0,0,0,0,0,0,0,0,0,0,0,0,0,0,0,0,0,0,0,0,0,0,0,0,0,0,0,0,0,0,0,0,0,0,0,0,0,0,0,0,0,0,0,0,0,0,0,0,0,0,0,0,0,0,0,0,0,0,0,0,0,0,0,0,0,0,0,0,0,0,0,0,0,0,0,0,0,0,0,0,0,0,0,0,0,0,0,0,0,0,0,0,0,0,0,0,0,0,0,0,0,0,0,0,0,0,0,0,0,0,0,0,0,0,0,0,0,0,0,0,0,0,0,0,0,0,0,0,0,0,0,0,0,0,0,0,0,0,0,0,0,0,0,0,0,0,0,0,0,0,0,0,0,0,0,0,0,0,0,0,0,0,0,0,0,0,0,0,0,0,0,0,0,0,0,0,0,0,0,0,0,0,0,0,0,0,0,0,0,0,0,0,0,0,0,0,0,0,0,0,0,0,0,0,0,0,0,0,0,0,0,0,0,0,0,0,0,0,0,0,0,0,0,0,0,0,0,0,0,0,0,0,0,0,0,0,0,0,0,0,0,0,0,0,0,0,0,0,0,0,0,0,0,0,0,0,0,0,0,0,0,0,0,0,0,0,0,0,0,0,0,0,0,0,0,0,0,0,0,0,0,0,0,0,0,0,0,0,0,0,0,0,0,0,0,0,0,0,0,0,0,0,0,0,0,0,0,0,0,0,0,0,0,0,0,0,0,0,0,0,0,0,0,0,0,0,0,0,0,0,0,0,0,0,0,0,0,0,0,0,0,0,0,0,0,0,0,0,0,0,0,0,0,0,0,0,0,0,0,0,0,0,0,0,0,0,0,0,0,0,0,0,0,0,0,0,0,0,0,0,0,0,0,0,0,0,0,0,0,0,0,0,0,0,0,0,0,0,0,0,0,0,0,0,0,0,0,0,0,0,0,0,0,0,0,0,0,0,0,0,0,0,0,0,0,0,0,0,0,0,0,0,0,0,0,0,0,0,0,0,0,0,0,0,0,0,0,0,0,0,0,0,0,0,0,0,0,
34419,0,0,0,0,0,0,0,0,0,0,0,0,0,0,0,0,0,0,0,0,0,0,0,0,0,0,0,0,0,0,0,0,0,0,0,0,0,0,0,0,0,0,0,0,0,0,0,0,0,0,0,0,0,0,0,0,0,0,0,0,0,0,0,0,0,0,0,0,0,0,0,0,0,0,0,0,0,0,0,0,0,0,0,0,0,0,0,0,0,0,0,0,0,0,0,0,0,0,0,0,0,0,0,0,0,0,0,0,0,0,0,0,0,0,0,0,0,0,0,0,0,0,0,0,0,0,0,0,0,0,0,0,0,0,0,0,0,0,0,0,0,0,0,0,0,0,0,0,0,0,0,0,0,0,0,0,0,0,0,0,0,0,0,0,0,0,0,0,0,0,0,0,0,0,0,0,0,0,0,0,0,0,0,0,0,0,0,0,0,0,0,0,0,0,0,0,0,0,0,0,0,0,0,0,0,0,0,0,0,0,0,0,0,0,0,0,0,0,0,0,0,0,0,0,0,0,0,0,0,0,0,0,0,0,0,0,0,0,0,0,0,0,0,0,0,0,0,0,0,0,0,0,0,0,0,0,0,0,0,0,0,0,0,0,0,0,0,0,0,0,0,0,0,0,0,0,0,0,0,0,0,0,0,0,0,0,0,0,0,0,0,0,0,0,0,0,0,0,0,0,0,0,0,0,0,0,0,0,0,0,0,0,0,0,0,0,0,0,0,0,0,0,0,0,0,0,0,0,0,0,0,0,0,0,0,0,0,0,0,0,0,0,0,0,0,0,0,0,0,0,0,0,0,0,0,0,0,0,0,0,0,0,0,0,0,0,0,0,0,0,0,0,0,0,0,0,0,0,0,0,0,0,0,0,0,0,0,0,0,0,0,0,0,0,0,0,0,0,0,0,0,0,0,0,0,0,0,0,0,0,0,0,0,0,0,0,0,0,0,0,0,0,0,0,0,0,0,0,0,0,0,0,0,0,0,0,0,0,0,0,0,0,0,0,0,0,0,0,0,0,0,0,0,0,0,0,0,0,0,0,0,0,0,0,0,0,0,0,0,0,0,0,0,0,0,0,0,0,0,0,0,0,0,0,0,0,0,0,0,0,0,0,0,0,0,0,0,0,0,0,0,0,0,0,0,0,0,0,0,0,0,0,0,0,0,0,0,0,0,0,0,0,0,0,0,0,0,0,0,0,0,0,0,0,0,0,0,0,0,0,0,0,0,0,0,
34420,0,0,0,0,0,0,0,0,0,0,0,0,0,0,0,0,0,0,0,0,0,0,0,0,0,0,0,0,0,0,0,0,0,0,0,0,0,0,0,0,0,0,0,0,0,0,0,0,0,0,0,0,0,0,0,0,0,0,0,0,0,0,0,0,0,0,0,0,0,0,0,0,0,0,0,0,0,0,0,0,0,0,0,0,0,0,0,0,0,0,0,0,0,0,0,0,0,0,0,0,0,0,0,0,0,0,0,0,0,0,0,0,0,0,0,0,0,0,0,0,0,0,0,0,0,0,0,0,0,0,0,0,0,0,0,0,0,0,0,0,0,0,0,0,0,0,0,0,0,0,0,0,0,0,0,0,0,0,0,0,0,0,0,0,0,0,0,0,0,0,0,0,0,0,0,0,0,0,0,0,0,0,0,0,0,0,0,0,0,0,0,0,0,0,0,0,0,0,0,0,0,0,0,0,0,0,0,0,0,0,0,0,0,0,0,0,0,0,0,0,0,0,0,0,0,0,0,0,0,0,0,0,0,0,0,0,0,0,0,0,0,0,0,0,0,0,0,0,0,0,0,0,0,0,0,0,0,0,0,0,0,0,0,0,0,0,0,0,0,0,0,0,0,0,0,0,0,0,0,0,0,0,0,0,0,0,0,0,0,0,0,0,0,0,0,0,0,0,0,0,0,0,0,0,0,0,0,0,0,0,0,0,0,0,0,0,0,0,0,0,0,0,0,0,0,0,0,0,0,0,0,0,0,0,0,0,0,0,0,0,0,0,0,0,0,0,0,0,0,0,0,0,0,0,0,0,0,0,0,0,0,0,0,0,0,0,0,0,0,0,0,0,0,0,0,0,0,0,0,0,0,0,0,0,0,0,0,0,0,0,0,0,0,0,0,0,0,0,0,0,0,0,0,0,0,0,0,0,0,0,0,0,0,0,0,0,0,0,0,0,0,0,0,0,0,0,0,0,0,0,0,0,0,0,0,0,0,0,0,0,0,0,0,0,0,0,0,0,0,0,0,0,0,0,0,0,0,0,0,0,0,0,0,0,0,0,0,0,0,0,0,0,0,0,0,0,0,0,0,0,0,0,0,0,0,0,0,0,0,0,0,0,0,0,0,0,0,0,0,0,0,0,0,0,0,0,0,0,0,0,0,0,0,0,0,0,0,0,0,0,0,0,0,0,0,0,0,0,0,0,0,0,0,0,0,0,0,0,0,0,0,0,0,0,0,
34421,0,0,0,0,0,0,0,0,0,0,0,0,0,0,0,0,0,0,0,0,0,0,0,0,0,0,0,0,0,0,0,0,0,0,0,0,0,0,0,0,0,0,0,0,0,0,0,0,0,0,0,0,0,0,0,0,0,0,0,0,0,0,0,0,0,0,0,0,0,0,0,0,0,0,0,0,0,0,0,0,0,0,0,0,0,0,0,0,0,0,0,0,0,0,0,0,0,0,0,0,0,0,0,0,0,0,0,0,0,0,0,0,0,0,0,0,0,0,0,0,0,0,0,0,0,0,0,0,0,0,0,0,0,0,0,0,0,0,0,0,0,0,0,0,0,0,0,0,0,0,0,0,0,0,0,0,0,0,0,0,0,0,0,0,0,0,0,0,0,0,0,0,0,0,0,0,0,0,0,0,0,0,0,0,0,0,0,0,0,0,0,0,0,0,0,0,0,0,0,0,0,0,0,0,0,0,0,0,0,0,0,0,0,0,0,0,0,0,0,0,0,0,0,0,0,0,0,0,0,0,0,0,0,0,0,0,0,0,0,0,0,0,0,0,0,0,0,0,0,0,0,0,0,0,0,0,0,0,0,0,0,0,0,0,0,0,0,0,0,0,0,0,0,0,0,0,0,0,0,0,0,0,0,0,0,0,0,0,0,0,0,0,0,0,0,0,0,0,0,0,0,0,0,0,0,0,0,0,0,0,0,0,0,0,0,0,0,0,0,0,0,0,0,0,0,0,0,0,0,0,0,0,0,0,0,0,0,0,0,0,0,0,0,0,0,0,0,0,0,0,0,0,0,0,0,0,0,0,0,0,0,0,0,0,0,0,0,0,0,0,0,0,0,0,0,0,0,0,0,0,0,0,0,0,0,0,0,0,0,0,0,0,0,0,0,0,0,0,0,0,0,0,0,0,0,0,0,0,0,0,0,0,0,0,0,0,0,0,0,0,0,0,0,0,0,0,0,0,0,0,0,0,0,0,0,0,0,0,0,0,0,0,0,0,0,0,0,0,0,0,0,0,0,0,0,0,0,0,0,0,0,0,0,0,0,0,0,0,0,0,0,0,0,0,0,0,0,0,0,0,0,0,0,0,0,0,0,0,0,0,0,0,0,0,0,0,0,0,0,0,0,0,0,0,0,0,0,0,0,0,0,0,0,0,0,0,0,0,0,0,0,0,0,0,0,0,0,0,0,0,0,0,0,0,0,0,0,0,0,0,0,0,0,0,0,
34422,0,0,0,0,0,0,0,0,0,0,0,0,0,0,0,0,0,0,0,0,0,0,0,0,0,0,0,0,0,0,0,0,0,0,0,0,0,0,0,0,0,0,0,0,0,0,0,0,0,0,0,0,0,0,0,0,0,0,0,0,0,0,0,0,0,0,0,0,0,0,0,0,0,0,0,0,0,0,0,0,0,0,0,0,0,0,0,0,0,0,0,0,0,0,0,0,0,0,0,0,0,0,0,0,0,0,0,0,0,0,0,0,0,0,0,0,0,0,0,0,0,0,0,0,0,0,0,0,0,0,0,0,0,0,0,0,0,0,0,0,0,0,0,0,0,0,0,0,0,0,0,0,0,0,0,0,0,0,0,0,0,0,0,0,0,0,0,0,0,0,0,0,0,0,0,0,0,0,0,0,0,0,0,0,0,0,0,0,0,0,0,0,0,0,0,0,0,0,0,0,0,0,0,0,0,0,0,0,0,0,0,0,0,0,0,0,0,0,0,0,0,0,0,0,0,0,0,0,0,0,0,0,0,0,0,0,0,0,0,0,0,0,0,0,0,0,0,0,0,0,0,0,0,0,0,0,0,0,0,0,0,0,0,0,0,0,0,0,0,0,0,0,0,0,0,0,0,0,0,0,0,0,0,0,0,0,0,0,0,0,0,0,0,0,0,0,0,0,0,0,0,0,0,0,0,0,0,0,0,0,0,0,0,0,0,0,0,0,0,0,0,0,0,0,0,0,0,0,0,0,0,0,0,0,0,0,0,0,0,0,0,0,0,0,0,0,0,0,0,0,0,0,0,0,0,0,0,0,0,0,0,0,0,0,0,0,0,0,0,0,0,0,0,0,0,0,0,0,0,0,0,0,0,0,0,0,0,0,0,0,0,0,0,0,0,0,0,0,0,0,0,0,0,0,0,0,0,0,0,0,0,0,0,0,0,0,0,0,0,0,0,0,0,0,0,0,0,0,0,0,0,0,0,0,0,0,0,0,0,0,0,0,0,0,0,0,0,0,0,0,0,0,0,0,0,0,0,0,0,0,0,0,0,0,0,0,0,0,0,0,0,0,0,0,0,0,0,0,0,0,0,0,0,0,0,0,0,0,0,0,0,0,0,0,0,0,0,0,0,0,0,0,0,0,0,0,0,0,0,0,0,0,0,0,0,0,0,0,0,0,0,0,0,0,0,0,0,0,0,0,0,0,0,0,0,0,0,0,0,0,0,0,0,0,0,
34423,0,0,0,0,0,0,0,0,0,0,0,0,0,0,0,0,0,0,0,0,0,0,0,0,0,0,0,0,0,0,0,0,0,0,0,0,0,0,0,0,0,0,0,0,0,0,0,0,0,0,0,0,0,0,0,0,0,0,0,0,0,0,0,0,0,0,0,0,0,0,0,0,0,0,0,0,0,0,0,0,0,0,0,0,0,0,0,0,0,0,0,0,0,0,0,0,0,0,0,0,0,0,0,0,0,0,0,0,0,0,0,0,0,0,0,0,0,0,0,0,0,0,0,0,0,0,0,0,0,0,0,0,0,0,0,0,0,0,0,0,0,0,0,0,0,0,0,0,0,0,0,0,0,0,0,0,0,0,0,0,0,0,0,0,0,0,0,0,0,0,0,0,0,0,0,0,0,0,0,0,0,0,0,0,0,0,0,0,0,0,0,0,0,0,0,0,0,0,0,0,0,0,0,0,0,0,0,0,0,0,0,0,0,0,0,0,0,0,0,0,0,0,0,0,0,0,0,0,0,0,0,0,0,0,0,0,0,0,0,0,0,0,0,0,0,0,0,0,0,0,0,0,0,0,0,0,0,0,0,0,0,0,0,0,0,0,0,0,0,0,0,0,0,0,0,0,0,0,0,0,0,0,0,0,0,0,0,0,0,0,0,0,0,0,0,0,0,0,0,0,0,0,0,0,0,0,0,0,0,0,0,0,0,0,0,0,0,0,0,0,0,0,0,0,0,0,0,0,0,0,0,0,0,0,0,0,0,0,0,0,0,0,0,0,0,0,0,0,0,0,0,0,0,0,0,0,0,0,0,0,0,0,0,0,0,0,0,0,0,0,0,0,0,0,0,0,0,0,0,0,0,0,0,0,0,0,0,0,0,0,0,0,0,0,0,0,0,0,0,0,0,0,0,0,0,0,0,0,0,0,0,0,0,0,0,0,0,0,0,0,0,0,0,0,0,0,0,0,0,0,0,0,0,0,0,0,0,0,0,0,0,0,0,0,0,0,0,0,0,0,0,0,0,0,0,0,0,0,0,0,0,0,0,0,0,0,0,0,0,0,0,0,0,0,0,0,0,0,0,0,0,0,0,0,0,0,0,0,0,0,0,0,0,0,0,0,0,0,0,0,0,0,0,0,0,0,0,0,0,0,0,0,0,0,0,0,0,0,0,0,0,0,0,0,0,0,0,0,0,0,0,0,0,0,0,0,0,0,0,0,0,0,0,0,0,
34424,0,0,0,0,0,0,0,0,0,0,0,0,0,0,0,0,0,0,0,0,0,0,0,0,0,0,0,0,0,0,0,0,0,0,0,0,0,0,0,0,0,0,0,0,0,0,0,0,0,0,0,0,0,0,0,0,0,0,0,0,0,0,0,0,0,0,0,0,0,0,0,0,0,0,0,0,0,0,0,0,0,0,0,0,0,0,0,0,0,0,0,0,0,0,0,0,0,0,0,0,0,0,0,0,0,0,0,0,0,0,0,0,0,0,0,0,0,0,0,0,0,0,0,0,0,0,0,0,0,0,0,0,0,0,0,0,0,0,0,0,0,0,0,0,0,0,0,0,0,0,0,0,0,0,0,0,0,0,0,0,0,0,0,0,0,0,0,0,0,0,0,0,0,0,0,0,0,0,0,0,0,0,0,0,0,0,0,0,0,0,0,0,0,0,0,0,0,0,0,0,0,0,0,0,0,0,0,0,0,0,0,0,0,0,0,0,0,0,0,0,0,0,0,0,0,0,0,0,0,0,0,0,0,0,0,0,0,0,0,0,0,0,0,0,0,0,0,0,0,0,0,0,0,0,0,0,0,0,0,0,0,0,0,0,0,0,0,0,0,0,0,0,0,0,0,0,0,0,0,0,0,0,0,0,0,0,0,0,0,0,0,0,0,0,0,0,0,0,0,0,0,0,0,0,0,0,0,0,0,0,0,0,0,0,0,0,0,0,0,0,0,0,0,0,0,0,0,0,0,0,0,0,0,0,0,0,0,0,0,0,0,0,0,0,0,0,0,0,0,0,0,0,0,0,0,0,0,0,0,0,0,0,0,0,0,0,0,0,0,0,0,0,0,0,0,0,0,0,0,0,0,0,0,0,0,0,0,0,0,0,0,0,0,0,0,0,0,0,0,0,0,0,0,0,0,0,0,0,0,0,0,0,0,0,0,0,0,0,0,0,0,0,0,0,0,0,0,0,0,0,0,0,0,0,0,0,0,0,0,0,0,0,0,0,0,0,0,0,0,0,0,0,0,0,0,0,0,0,0,0,0,0,0,0,0,0,0,0,0,0,0,0,0,0,0,0,0,0,0,0,0,0,0,0,0,0,0,0,0,0,0,0,0,0,0,0,0,0,0,0,0,0,0,0,0,0,0,0,0,0,0,0,0,0,0,0,0,0,0,0,0,0,0,0,0,0,0,0,0,0,0,0,0,0,0,0,0,0,0,0,0,0,0,0,0,
34425,0,0,0,0,0,0,0,0,0,0,0,0,0,0,0,0,0,0,0,0,0,0,0,0,0,0,0,0,0,0,0,0,0,0,0,0,0,0,0,0,0,0,0,0,0,0,0,0,0,0,0,0,0,0,0,0,0,0,0,0,0,0,0,0,0,0,0,0,0,0,0,0,0,0,0,0,0,0,0,0,0,0,0,0,0,0,0,0,0,0,0,0,0,0,0,0,0,0,0,0,0,0,0,0,0,0,0,0,0,0,0,0,0,0,0,0,0,0,0,0,0,0,0,0,0,0,0,0,0,0,0,0,0,0,0,0,0,0,0,0,0,0,0,0,0,0,0,0,0,0,0,0,0,0,0,0,0,0,0,0,0,0,0,0,0,0,0,0,0,0,0,0,0,0,0,0,0,0,0,0,0,0,0,0,0,0,0,0,0,0,0,0,0,0,0,0,0,0,0,0,0,0,0,0,0,0,0,0,0,0,0,0,0,0,0,0,0,0,0,0,0,0,0,0,0,0,0,0,0,0,0,0,0,0,0,0,0,0,0,0,0,0,0,0,0,0,0,0,0,0,0,0,0,0,0,0,0,0,0,0,0,0,0,0,0,0,0,0,0,0,0,0,0,0,0,0,0,0,0,0,0,0,0,0,0,0,0,0,0,0,0,0,0,0,0,0,0,0,0,0,0,0,0,0,0,0,0,0,0,0,0,0,0,0,0,0,0,0,0,0,0,0,0,0,0,0,0,0,0,0,0,0,0,0,0,0,0,0,0,0,0,0,0,0,0,0,0,0,0,0,0,0,0,0,0,0,0,0,0,0,0,0,0,0,0,0,0,0,0,0,0,0,0,0,0,0,0,0,0,0,0,0,0,0,0,0,0,0,0,0,0,0,0,0,0,0,0,0,0,0,0,0,0,0,0,0,0,0,0,0,0,0,0,0,0,0,0,0,0,0,0,0,0,0,0,0,0,0,0,0,0,0,0,0,0,0,0,0,0,0,0,0,0,0,0,0,0,0,0,0,0,0,0,0,0,0,0,0,0,0,0,0,0,0,0,0,0,0,0,0,0,0,0,0,0,0,0,0,0,0,0,0,0,0,0,0,0,0,0,0,0,0,0,0,0,0,0,0,0,0,0,0,0,0,0,0,0,0,0,0,0,0,0,0,0,0,0,0,0,0,0,0,0,0,0,0,0,0,0,0,0,0,0,0,0,0,0,0,0,0,0,0,0,0,0,
34426,0,0,0,0,0,0,0,0,0,0,0,0,0,0,0,0,0,0,0,0,0,0,0,0,0,0,0,0,0,0,0,0,0,0,0,0,0,0,0,0,0,0,0,0,0,0,0,0,0,0,0,0,0,0,0,0,0,0,0,0,0,0,0,0,0,0,0,0,0,0,0,0,0,0,0,0,0,0,0,0,0,0,0,0,0,0,0,0,0,0,0,0,0,0,0,0,0,0,0,0,0,0,0,0,0,0,0,0,0,0,0,0,0,0,0,0,0,0,0,0,0,0,0,0,0,0,0,0,0,0,0,0,0,0,0,0,0,0,0,0,0,0,0,0,0,0,0,0,0,0,0,0,0,0,0,0,0,0,0,0,0,0,0,0,0,0,0,0,0,0,0,0,0,0,0,0,0,0,0,0,0,0,0,0,0,0,0,0,0,0,0,0,0,0,0,0,0,0,0,0,0,0,0,0,0,0,0,0,0,0,0,0,0,0,0,0,0,0,0,0,0,0,0,0,0,0,0,0,0,0,0,0,0,0,0,0,0,0,0,0,0,0,0,0,0,0,0,0,0,0,0,0,0,0,0,0,0,0,0,0,0,0,0,0,0,0,0,0,0,0,0,0,0,0,0,0,0,0,0,0,0,0,0,0,0,0,0,0,0,0,0,0,0,0,0,0,0,0,0,0,0,0,0,0,0,0,0,0,0,0,0,0,0,0,0,0,0,0,0,0,0,0,0,0,0,0,0,0,0,0,0,0,0,0,0,0,0,0,0,0,0,0,0,0,0,0,0,0,0,0,0,0,0,0,0,0,0,0,0,0,0,0,0,0,0,0,0,0,0,0,0,0,0,0,0,0,0,0,0,0,0,0,0,0,0,0,0,0,0,0,0,0,0,0,0,0,0,0,0,0,0,0,0,0,0,0,0,0,0,0,0,0,0,0,0,0,0,0,0,0,0,0,0,0,0,0,0,0,0,0,0,0,0,0,0,0,0,0,0,0,0,0,0,0,0,0,0,0,0,0,0,0,0,0,0,0,0,0,0,0,0,0,0,0,0,0,0,0,0,0,0,0,0,0,0,0,0,0,0,0,0,0,0,0,0,0,0,0,0,0,0,0,0,0,0,0,0,0,0,0,0,0,0,0,0,0,0,0,0,0,0,0,0,0,0,0,0,0,0,0,0,0,0,0,0,0,0,0,0,0,0,0,0,0,0,0,0,0,0,0,0,0,0,0,0,
34427,0,0,0,0,0,0,0,0,0,0,0,0,0,0,0,0,0,0,0,0,0,0,0,0,0,0,0,0,0,0,0,0,0,0,0,0,0,0,0,0,0,0,0,0,0,0,0,0,0,0,0,0,0,0,0,0,0,0,0,0,0,0,0,0,0,0,0,0,0,0,0,0,0,0,0,0,0,0,0,0,0,0,0,0,0,0,0,0,0,0,0,0,0,0,0,0,0,0,0,0,0,0,0,0,0,0,0,0,0,0,0,0,0,0,0,0,0,0,0,0,0,0,0,0,0,0,0,0,0,0,0,0,0,0,0,0,0,0,0,0,0,0,0,0,0,0,0,0,0,0,0,0,0,0,0,0,0,0,0,0,0,0,0,0,0,0,0,0,0,0,0,0,0,0,0,0,0,0,0,0,0,0,0,0,0,0,0,0,0,0,0,0,0,0,0,0,0,0,0,0,0,0,0,0,0,0,0,0,0,0,0,0,0,0,0,0,0,0,0,0,0,0,0,0,0,0,0,0,0,0,0,0,0,0,0,0,0,0,0,0,0,0,0,0,0,0,0,0,0,0,0,0,0,0,0,0,0,0,0,0,0,0,0,0,0,0,0,0,0,0,0,0,0,0,0,0,0,0,0,0,0,0,0,0,0,0,0,0,0,0,0,0,0,0,0,0,0,0,0,0,0,0,0,0,0,0,0,0,0,0,0,0,0,0,0,0,0,0,0,0,0,0,0,0,0,0,0,0,0,0,0,0,0,0,0,0,0,0,0,0,0,0,0,0,0,0,0,0,0,0,0,0,0,0,0,0,0,0,0,0,0,0,0,0,0,0,0,0,0,0,0,0,0,0,0,0,0,0,0,0,0,0,0,0,0,0,0,0,0,0,0,0,0,0,0,0,0,0,0,0,0,0,0,0,0,0,0,0,0,0,0,0,0,0,0,0,0,0,0,0,0,0,0,0,0,0,0,0,0,0,0,0,0,0,0,0,0,0,0,0,0,0,0,0,0,0,0,0,0,0,0,0,0,0,0,0,0,0,0,0,0,0,0,0,0,0,0,0,0,0,0,0,0,0,0,0,0,0,0,0,0,0,0,0,0,0,0,0,0,0,0,0,0,0,0,0,0,0,0,0,0,0,0,0,0,0,0,0,0,0,0,0,0,0,0,0,0,0,0,0,0,0,0,0,0,0,0,0,0,0,0,0,0,0,0,0,0,0,0,0,0,0,0,0,0,
34428,0,0,0,0,0,0,0,0,0,0,0,0,0,0,0,0,0,0,0,0,0,0,0,0,0,0,0,0,0,0,0,0,0,0,0,0,0,0,0,0,0,0,0,0,0,0,0,0,0,0,0,0,0,0,0,0,0,0,0,0,0,0,0,0,0,0,0,0,0,0,0,0,0,0,0,0,0,0,0,0,0,0,0,0,0,0,0,0,0,0,0,0,0,0,0,0,0,0,0,0,0,0,0,0,0,0,0,0,0,0,0,0,0,0,0,0,0,0,0,0,0,0,0,0,0,0,0,0,0,0,0,0,0,0,0,0,0,0,0,0,0,0,0,0,0,0,0,0,0,0,0,0,0,0,0,0,0,0,0,0,0,0,0,0,0,0,0,0,0,0,0,0,0,0,0,0,0,0,0,0,0,0,0,0,0,0,0,0,0,0,0,0,0,0,0,0,0,0,0,0,0,0,0,0,0,0,0,0,0,0,0,0,0,0,0,0,0,0,0,0,0,0,0,0,0,0,0,0,0,0,0,0,0,0,0,0,0,0,0,0,0,0,0,0,0,0,0,0,0,0,0,0,0,0,0,0,0,0,0,0,0,0,0,0,0,0,0,0,0,0,0,0,0,0,0,0,0,0,0,0,0,0,0,0,0,0,0,0,0,0,0,0,0,0,0,0,0,0,0,0,0,0,0,0,0,0,0,0,0,0,0,0,0,0,0,0,0,0,0,0,0,0,0,0,0,0,0,0,0,0,0,0,0,0,0,0,0,0,0,0,0,0,0,0,0,0,0,0,0,0,0,0,0,0,0,0,0,0,0,0,0,0,0,0,0,0,0,0,0,0,0,0,0,0,0,0,0,0,0,0,0,0,0,0,0,0,0,0,0,0,0,0,0,0,0,0,0,0,0,0,0,0,0,0,0,0,0,0,0,0,0,0,0,0,0,0,0,0,0,0,0,0,0,0,0,0,0,0,0,0,0,0,0,0,0,0,0,0,0,0,0,0,0,0,0,0,0,0,0,0,0,0,0,0,0,0,0,0,0,0,0,0,0,0,0,0,0,0,0,0,0,0,0,0,0,0,0,0,0,0,0,0,0,0,0,0,0,0,0,0,0,0,0,0,0,0,0,0,0,0,0,0,0,0,0,0,0,0,0,0,0,0,0,0,0,0,0,0,0,0,0,0,0,0,0,0,0,0,0,0,0,0,0,0,0,0,0,0,0,0,0,0,0,0,0,
34429,0,0,0,0,0,0,0,0,0,0,0,0,0,0,0,0,0,0,0,0,0,0,0,0,0,0,0,0,0,0,0,0,0,0,0,0,0,0,0,0,0,0,0,0,0,0,0,0,0,0,0,0,0,0,0,0,0,0,0,0,0,0,0,0,0,0,0,0,0,0,0,0,0,0,0,0,0,0,0,0,0,0,0,0,0,0,0,0,0,0,0,0,0,0,0,0,0,0,0,0,0,0,0,0,0,0,0,0,0,0,0,0,0,0,0,0,0,0,0,0,0,0,0,0,0,0,0,0,0,0,0,0,0,0,0,0,0,0,0,0,0,0,0,0,0,0,0,0,0,0,0,0,0,0,0,0,0,0,0,0,0,0,0,0,0,0,0,0,0,0,0,0,0,0,0,0,0,0,0,0,0,0,0,0,0,0,0,0,0,0,0,0,0,0,0,0,0,0,0,0,0,0,0,0,0,0,0,0,0,0,0,0,0,0,0,0,0,0,0,0,0,0,0,0,0,0,0,0,0,0,0,0,0,0,0,0,0,0,0,0,0,0,0,0,0,0,0,0,0,0,0,0,0,0,0,0,0,0,0,0,0,0,0,0,0,0,0,0,0,0,0,0,0,0,0,0,0,0,0,0,0,0,0,0,0,0,0,0,0,0,0,0,0,0,0,0,0,0,0,0,0,0,0,0,0,0,0,0,0,0,0,0,0,0,0,0,0,0,0,0,0,0,0,0,0,0,0,0,0,0,0,0,0,0,0,0,0,0,0,0,0,0,0,0,0,0,0,0,0,0,0,0,0,0,0,0,0,0,0,0,0,0,0,0,0,0,0,0,0,0,0,0,0,0,0,0,0,0,0,0,0,0,0,0,0,0,0,0,0,0,0,0,0,0,0,0,0,0,0,0,0,0,0,0,0,0,0,0,0,0,0,0,0,0,0,0,0,0,0,0,0,0,0,0,0,0,0,0,0,0,0,0,0,0,0,0,0,0,0,0,0,0,0,0,0,0,0,0,0,0,0,0,0,0,0,0,0,0,0,0,0,0,0,0,0,0,0,0,0,0,0,0,0,0,0,0,0,0,0,0,0,0,0,0,0,0,0,0,0,0,0,0,0,0,0,0,0,0,0,0,0,0,0,0,0,0,0,0,0,0,0,0,0,0,0,0,0,0,0,0,0,0,0,0,0,0,0,0,0,0,0,0,0,0,0,0,0,0,0,0,0,0,0,0,0,
34430,0,0,0,0,0,0,0,0,0,0,0,0,0,0,0,0,0,0,0,0,0,0,0,0,0,0,0,0,0,0,0,0,0,0,0,0,0,0,0,0,0,0,0,0,0,0,0,0,0,0,0,0,0,0,0,0,0,0,0,0,0,0,0,0,0,0,0,0,0,0,0,0,0,0,0,0,0,0,0,0,0,0,0,0,0,0,0,0,0,0,0,0,0,0,0,0,0,0,0,0,0,0,0,0,0,0,0,0,0,0,0,0,0,0,0,0,0,0,0,0,0,0,0,0,0,0,0,0,0,0,0,0,0,0,0,0,0,0,0,0,0,0,0,0,0,0,0,0,0,0,0,0,0,0,0,0,0,0,0,0,0,0,0,0,0,0,0,0,0,0,0,0,0,0,0,0,0,0,0,0,0,0,0,0,0,0,0,0,0,0,0,0,0,0,0,0,0,0,0,0,0,0,0,0,0,0,0,0,0,0,0,0,0,0,0,0,0,0,0,0,0,0,0,0,0,0,0,0,0,0,0,0,0,0,0,0,0,0,0,0,0,0,0,0,0,0,0,0,0,0,0,0,0,0,0,0,0,0,0,0,0,0,0,0,0,0,0,0,0,0,0,0,0,0,0,0,0,0,0,0,0,0,0,0,0,0,0,0,0,0,0,0,0,0,0,0,0,0,0,0,0,0,0,0,0,0,0,0,0,0,0,0,0,0,0,0,0,0,0,0,0,0,0,0,0,0,0,0,0,0,0,0,0,0,0,0,0,0,0,0,0,0,0,0,0,0,0,0,0,0,0,0,0,0,0,0,0,0,0,0,0,0,0,0,0,0,0,0,0,0,0,0,0,0,0,0,0,0,0,0,0,0,0,0,0,0,0,0,0,0,0,0,0,0,0,0,0,0,0,0,0,0,0,0,0,0,0,0,0,0,0,0,0,0,0,0,0,0,0,0,0,0,0,0,0,0,0,0,0,0,0,0,0,0,0,0,0,0,0,0,0,0,0,0,0,0,0,0,0,0,0,0,0,0,0,0,0,0,0,0,0,0,0,0,0,0,0,0,0,0,0,0,0,0,0,0,0,0,0,0,0,0,0,0,0,0,0,0,0,0,0,0,0,0,0,0,0,0,0,0,0,0,0,0,0,0,0,0,0,0,0,0,0,0,0,0,0,0,0,0,0,0,0,0,0,0,0,0,0,0,0,0,0,0,0,0,0,0,0,0,0,0,0,0,0,
34431,0,0,0,0,0,0,0,0,0,0,0,0,0,0,0,0,0,0,0,0,0,0,0,0,0,0,0,0,0,0,0,0,0,0,0,0,0,0,0,0,0,0,0,0,0,0,0,0,0,0,0,0,0,0,0,0,0,0,0,0,0,0,0,0,0,0,0,0,0,0,0,0,0,0,0,0,0,0,0,0,0,0,0,0,0,0,0,0,0,0,0,0,0,0,0,0,0,0,0,0,0,0,0,0,0,0,0,0,0,0,0,0,0,0,0,0,0,0,0,0,0,0,0,0,0,0,0,0,0,0,0,0,0,0,0,0,0,0,0,0,0,0,0,0,0,0,0,0,0,0,0,0,0,0,0,0,0,0,0,0,0,0,0,0,0,0,0,0,0,0,0,0,0,0,0,0,0,0,0,0,0,0,0,0,0,0,0,0,0,0,0,0,0,0,0,0,0,0,0,0,0,0,0,0,0,0,0,0,0,0,0,0,0,0,0,0,0,0,0,0,0,0,0,0,0,0,0,0,0,0,0,0,0,0,0,0,0,0,0,0,0,0,0,0,0,0,0,0,0,0,0,0,0,0,0,0,0,0,0,0,0,0,0,0,0,0,0,0,0,0,0,0,0,0,0,0,0,0,0,0,0,0,0,0,0,0,0,0,0,0,0,0,0,0,0,0,0,0,0,0,0,0,0,0,0,0,0,0,0,0,0,0,0,0,0,0,0,0,0,0,0,0,0,0,0,0,0,0,0,0,0,0,0,0,0,0,0,0,0,0,0,0,0,0,0,0,0,0,0,0,0,0,0,0,0,0,0,0,0,0,0,0,0,0,0,0,0,0,0,0,0,0,0,0,0,0,0,0,0,0,0,0,0,0,0,0,0,0,0,0,0,0,0,0,0,0,0,0,0,0,0,0,0,0,0,0,0,0,0,0,0,0,0,0,0,0,0,0,0,0,0,0,0,0,0,0,0,0,0,0,0,0,0,0,0,0,0,0,0,0,0,0,0,0,0,0,0,0,0,0,0,0,0,0,0,0,0,0,0,0,0,0,0,0,0,0,0,0,0,0,0,0,0,0,0,0,0,0,0,0,0,0,0,0,0,0,0,0,0,0,0,0,0,0,0,0,0,0,0,0,0,0,0,0,0,0,0,0,0,0,0,0,0,0,0,0,0,0,0,0,0,0,0,0,0,0,0,0,0,0,0,0,0,0,0,0,0,0,0,0,0,0,0,0,0,
34432,0,0,0,0,0,0,0,0,0,0,0,0,0,0,0,0,0,0,0,0,0,0,0,0,0,0,0,0,0,0,0,0,0,0,0,0,0,0,0,0,0,0,0,0,0,0,0,0,0,0,0,0,0,0,0,0,0,0,0,0,0,0,0,0,0,0,0,0,0,0,0,0,0,0,0,0,0,0,0,0,0,0,0,0,0,0,0,0,0,0,0,0,0,0,0,0,0,0,0,0,0,0,0,0,0,0,0,0,0,0,0,0,0,0,0,0,0,0,0,0,0,0,0,0,0,0,0,0,0,0,0,0,0,0,0,0,0,0,0,0,0,0,0,0,0,0,0,0,0,0,0,0,0,0,0,0,0,0,0,0,0,0,0,0,0,0,0,0,0,0,0,0,0,0,0,0,0,0,0,0,0,0,0,0,0,0,0,0,0,0,0,0,0,0,0,0,0,0,0,0,0,0,0,0,0,0,0,0,0,0,0,0,0,0,0,0,0,0,0,0,0,0,0,0,0,0,0,0,0,0,0,0,0,0,0,0,0,0,0,0,0,0,0,0,0,0,0,0,0,0,0,0,0,0,0,0,0,0,0,0,0,0,0,0,0,0,0,0,0,0,0,0,0,0,0,0,0,0,0,0,0,0,0,0,0,0,0,0,0,0,0,0,0,0,0,0,0,0,0,0,0,0,0,0,0,0,0,0,0,0,0,0,0,0,0,0,0,0,0,0,0,0,0,0,0,0,0,0,0,0,0,0,0,0,0,0,0,0,0,0,0,0,0,0,0,0,0,0,0,0,0,0,0,0,0,0,0,0,0,0,0,0,0,0,0,0,0,0,0,0,0,0,0,0,0,0,0,0,0,0,0,0,0,0,0,0,0,0,0,0,0,0,0,0,0,0,0,0,0,0,0,0,0,0,0,0,0,0,0,0,0,0,0,0,0,0,0,0,0,0,0,0,0,0,0,0,0,0,0,0,0,0,0,0,0,0,0,0,0,0,0,0,0,0,0,0,0,0,0,0,0,0,0,0,0,0,0,0,0,0,0,0,0,0,0,0,0,0,0,0,0,0,0,0,0,0,0,0,0,0,0,0,0,0,0,0,0,0,0,0,0,0,0,0,0,0,0,0,0,0,0,0,0,0,0,0,0,0,0,0,0,0,0,0,0,0,0,0,0,0,0,0,0,0,0,0,0,0,0,0,0,0,0,0,0,0,0,0,0,0,0,0,0,0,0,
34433,0,0,0,0,0,0,0,0,0,0,0,0,0,0,0,0,0,0,0,0,0,0,0,0,0,0,0,0,0,0,0,0,0,0,0,0,0,0,0,0,0,0,0,0,0,0,0,0,0,0,0,0,0,0,0,0,0,0,0,0,0,0,0,0,0,0,0,0,0,0,0,0,0,0,0,0,0,0,0,0,0,0,0,0,0,0,0,0,0,0,0,0,0,0,0,0,0,0,0,0,0,0,0,0,0,0,0,0,0,0,0,0,0,0,0,0,0,0,0,0,0,0,0,0,0,0,0,0,0,0,0,0,0,0,0,0,0,0,0,0,0,0,0,0,0,0,0,0,0,0,0,0,0,0,0,0,0,0,0,0,0,0,0,0,0,0,0,0,0,0,0,0,0,0,0,0,0,0,0,0,0,0,0,0,0,0,0,0,0,0,0,0,0,0,0,0,0,0,0,0,0,0,0,0,0,0,0,0,0,0,0,0,0,0,0,0,0,0,0,0,0,0,0,0,0,0,0,0,0,0,0,0,0,0,0,0,0,0,0,0,0,0,0,0,0,0,0,0,0,0,0,0,0,0,0,0,0,0,0,0,0,0,0,0,0,0,0,0,0,0,0,0,0,0,0,0,0,0,0,0,0,0,0,0,0,0,0,0,0,0,0,0,0,0,0,0,0,0,0,0,0,0,0,0,0,0,0,0,0,0,0,0,0,0,0,0,0,0,0,0,0,0,0,0,0,0,0,0,0,0,0,0,0,0,0,0,0,0,0,0,0,0,0,0,0,0,0,0,0,0,0,0,0,0,0,0,0,0,0,0,0,0,0,0,0,0,0,0,0,0,0,0,0,0,0,0,0,0,0,0,0,0,0,0,0,0,0,0,0,0,0,0,0,0,0,0,0,0,0,0,0,0,0,0,0,0,0,0,0,0,0,0,0,0,0,0,0,0,0,0,0,0,0,0,0,0,0,0,0,0,0,0,0,0,0,0,0,0,0,0,0,0,0,0,0,0,0,0,0,0,0,0,0,0,0,0,0,0,0,0,0,0,0,0,0,0,0,0,0,0,0,0,0,0,0,0,0,0,0,0,0,0,0,0,0,0,0,0,0,0,0,0,0,0,0,0,0,0,0,0,0,0,0,0,0,0,0,0,0,0,0,0,0,0,0,0,0,0,0,0,0,0,0,0,0,0,0,0,0,0,0,0,0,0,0,0,0,0,0,0,0,0,0,0,0,
34500,0,0,0,0,0,0,0,0,0,0,0,0,0,0,0,0,0,0,0,0,0,0,0,0,0,0,0,0,0,0,0,0,0,0,0,0,0,0,0,0,0,0,0,0,0,0,0,0,0,0,0,0,0,0,0,0,0,0,0,0,0,0,0,0,0,0,0,0,0,0,0,0,0,0,0,0,0,0,0,0,0,0,0,0,0,0,0,0,0,0,0,0,0,0,0,0,0,0,0,0,0,0,0,0,0,0,0,0,0,0,0,0,0,0,0,0,0,0,0,0,0,0,0,0,0,0,0,0,0,0,0,0,0,0,0,0,0,0,0,0,0,0,0,0,0,0,0,0,0,0,0,0,0,0,0,0,0,0,0,0,0,0,0,0,0,0,0,0,0,0,0,0,0,0,0,0,0,0,0,0,0,0,0,0,0,0,0,0,0,0,0,0,0,0,0,0,0,0,0,0,0,0,0,0,0,0,0,0,0,0,0,0,0,0,0,0,0,0,0,0,0,0,0,0,0,0,0,0,0,0,0,0,0,0,0,0,0,0,0,0,0,0,0,0,0,0,0,0,0,0,0,0,0,0,0,0,0,0,0,0,0,0,0,0,0,0,0,0,0,0,0,0,0,0,0,0,0,0,0,0,0,0,0,0,0,0,0,0,0,0,0,0,0,0,0,0,0,0,0,0,0,0,0,0,0,0,0,0,0,0,0,0,0,0,0,0,0,0,0,0,0,0,0,0,0,0,0,0,0,0,0,0,0,0,0,0,0,0,0,0,0,0,0,0,0,0,0,0,0,0,0,0,0,0,0,0,0,0,0,0,0,0,0,0,0,0,0,0,0,0,0,0,0,0,0,0,0,0,0,0,0,0,0,0,0,0,0,0,0,0,0,0,0,0,0,0,0,0,0,0,0,0,0,0,0,0,0,0,0,0,0,0,0,0,0,0,0,0,0,0,0,0,0,0,0,0,0,0,0,0,0,0,0,0,0,0,0,0,0,0,0,0,0,0,0,0,0,0,0,0,0,0,0,0,0,0,0,0,0,0,0,0,0,0,0,0,0,0,0,0,0,0,0,0,0,0,0,0,0,0,0,0,0,0,0,0,0,0,0,0,0,0,0,0,0,0,0,0,0,0,0,0,0,0,0,0,0,0,0,0,0,0,0,0,0,0,0,0,0,0,0,0,0,0,0,0,0,0,0,0,0,0,0,0,0,0,0,0,0,0,0,0,0,0,0,
34501,0,0,0,0,0,0,0,0,0,0,0,0,0,0,0,0,0,0,0,0,0,0,0,0,0,0,0,0,0,0,0,0,0,0,0,0,0,0,0,0,0,0,0,0,0,0,0,0,0,0,0,0,0,0,0,0,0,0,0,0,0,0,0,0,0,0,0,0,0,0,0,0,0,0,0,0,0,0,0,0,0,0,0,0,0,0,0,0,0,0,0,0,0,0,0,0,0,0,0,0,0,0,0,0,0,0,0,0,0,0,0,0,0,0,0,0,0,0,0,0,0,0,0,0,0,0,0,0,0,0,0,0,0,0,0,0,0,0,0,0,0,0,0,0,0,0,0,0,0,0,0,0,0,0,0,0,0,0,0,0,0,0,0,0,0,0,0,0,0,0,0,0,0,0,0,0,0,0,0,0,0,0,0,0,0,0,0,0,0,0,0,0,0,0,0,0,0,0,0,0,0,0,0,0,0,0,0,0,0,0,0,0,0,0,0,0,0,0,0,0,0,0,0,0,0,0,0,0,0,0,0,0,0,0,0,0,0,0,0,0,0,0,0,0,0,0,0,0,0,0,0,0,0,0,0,0,0,0,0,0,0,0,0,0,0,0,0,0,0,0,0,0,0,0,0,0,0,0,0,0,0,0,0,0,0,0,0,0,0,0,0,0,0,0,0,0,0,0,0,0,0,0,0,0,0,0,0,0,0,0,0,0,0,0,0,0,0,0,0,0,0,0,0,0,0,0,0,0,0,0,0,0,0,0,0,0,0,0,0,0,0,0,0,0,0,0,0,0,0,0,0,0,0,0,0,0,0,0,0,0,0,0,0,0,0,0,0,0,0,0,0,0,0,0,0,0,0,0,0,0,0,0,0,0,0,0,0,0,0,0,0,0,0,0,0,0,0,0,0,0,0,0,0,0,0,0,0,0,0,0,0,0,0,0,0,0,0,0,0,0,0,0,0,0,0,0,0,0,0,0,0,0,0,0,0,0,0,0,0,0,0,0,0,0,0,0,0,0,0,0,0,0,0,0,0,0,0,0,0,0,0,0,0,0,0,0,0,0,0,0,0,0,0,0,0,0,0,0,0,0,0,0,0,0,0,0,0,0,0,0,0,0,0,0,0,0,0,0,0,0,0,0,0,0,0,0,0,0,0,0,0,0,0,0,0,0,0,0,0,0,0,0,0,0,0,0,0,0,0,0,0,0,0,0,0,0,0,0,0,0,0,0,0,0,0,
34502,0,0,0,0,0,0,0,0,0,0,0,0,0,0,0,0,0,0,0,0,0,0,0,0,0,0,0,0,0,0,0,0,0,0,0,0,0,0,0,0,0,0,0,0,0,0,0,0,0,0,0,0,0,0,0,0,0,0,0,0,0,0,0,0,0,0,0,0,0,0,0,0,0,0,0,0,0,0,0,0,0,0,0,0,0,0,0,0,0,0,0,0,0,0,0,0,0,0,0,0,0,0,0,0,0,0,0,0,0,0,0,0,0,0,0,0,0,0,0,0,0,0,0,0,0,0,0,0,0,0,0,0,0,0,0,0,0,0,0,0,0,0,0,0,0,0,0,0,0,0,0,0,0,0,0,0,0,0,0,0,0,0,0,0,0,0,0,0,0,0,0,0,0,0,0,0,0,0,0,0,0,0,0,0,0,0,0,0,0,0,0,0,0,0,0,0,0,0,0,0,0,0,0,0,0,0,0,0,0,0,0,0,0,0,0,0,0,0,0,0,0,0,0,0,0,0,0,0,0,0,0,0,0,0,0,0,0,0,0,0,0,0,0,0,0,0,0,0,0,0,0,0,0,0,0,0,0,0,0,0,0,0,0,0,0,0,0,0,0,0,0,0,0,0,0,0,0,0,0,0,0,0,0,0,0,0,0,0,0,0,0,0,0,0,0,0,0,0,0,0,0,0,0,0,0,0,0,0,0,0,0,0,0,0,0,0,0,0,0,0,0,0,0,0,0,0,0,0,0,0,0,0,0,0,0,0,0,0,0,0,0,0,0,0,0,0,0,0,0,0,0,0,0,0,0,0,0,0,0,0,0,0,0,0,0,0,0,0,0,0,0,0,0,0,0,0,0,0,0,0,0,0,0,0,0,0,0,0,0,0,0,0,0,0,0,0,0,0,0,0,0,0,0,0,0,0,0,0,0,0,0,0,0,0,0,0,0,0,0,0,0,0,0,0,0,0,0,0,0,0,0,0,0,0,0,0,0,0,0,0,0,0,0,0,0,0,0,0,0,0,0,0,0,0,0,0,0,0,0,0,0,0,0,0,0,0,0,0,0,0,0,0,0,0,0,0,0,0,0,0,0,0,0,0,0,0,0,0,0,0,0,0,0,0,0,0,0,0,0,0,0,0,0,0,0,0,0,0,0,0,0,0,0,0,0,0,0,0,0,0,0,0,0,0,0,0,0,0,0,0,0,0,0,0,0,0,0,0,0,0,0,0,0,0,0,
34503,0,0,0,0,0,0,0,0,0,0,0,0,0,0,0,0,0,0,0,0,0,0,0,0,0,0,0,0,0,0,0,0,0,0,0,0,0,0,0,0,0,0,0,0,0,0,0,0,0,0,0,0,0,0,0,0,0,0,0,0,0,0,0,0,0,0,0,0,0,0,0,0,0,0,0,0,0,0,0,0,0,0,0,0,0,0,0,0,0,0,0,0,0,0,0,0,0,0,0,0,0,0,0,0,0,0,0,0,0,0,0,0,0,0,0,0,0,0,0,0,0,0,0,0,0,0,0,0,0,0,0,0,0,0,0,0,0,0,0,0,0,0,0,0,0,0,0,0,0,0,0,0,0,0,0,0,0,0,0,0,0,0,0,0,0,0,0,0,0,0,0,0,0,0,0,0,0,0,0,0,0,0,0,0,0,0,0,0,0,0,0,0,0,0,0,0,0,0,0,0,0,0,0,0,0,0,0,0,0,0,0,0,0,0,0,0,0,0,0,0,0,0,0,0,0,0,0,0,0,0,0,0,0,0,0,0,0,0,0,0,0,0,0,0,0,0,0,0,0,0,0,0,0,0,0,0,0,0,0,0,0,0,0,0,0,0,0,0,0,0,0,0,0,0,0,0,0,0,0,0,0,0,0,0,0,0,0,0,0,0,0,0,0,0,0,0,0,0,0,0,0,0,0,0,0,0,0,0,0,0,0,0,0,0,0,0,0,0,0,0,0,0,0,0,0,0,0,0,0,0,0,0,0,0,0,0,0,0,0,0,0,0,0,0,0,0,0,0,0,0,0,0,0,0,0,0,0,0,0,0,0,0,0,0,0,0,0,0,0,0,0,0,0,0,0,0,0,0,0,0,0,0,0,0,0,0,0,0,0,0,0,0,0,0,0,0,0,0,0,0,0,0,0,0,0,0,0,0,0,0,0,0,0,0,0,0,0,0,0,0,0,0,0,0,0,0,0,0,0,0,0,0,0,0,0,0,0,0,0,0,0,0,0,0,0,0,0,0,0,0,0,0,0,0,0,0,0,0,0,0,0,0,0,0,0,0,0,0,0,0,0,0,0,0,0,0,0,0,0,0,0,0,0,0,0,0,0,0,0,0,0,0,0,0,0,0,0,0,0,0,0,0,0,0,0,0,0,0,0,0,0,0,0,0,0,0,0,0,0,0,0,0,0,0,0,0,0,0,0,0,0,0,0,0,0,0,0,0,0,0,0,0,0,0,0,
34504,0,0,0,0,0,0,0,0,0,0,0,0,0,0,0,0,0,0,0,0,0,0,0,0,0,0,0,0,0,0,0,0,0,0,0,0,0,0,0,0,0,0,0,0,0,0,0,0,0,0,0,0,0,0,0,0,0,0,0,0,0,0,0,0,0,0,0,0,0,0,0,0,0,0,0,0,0,0,0,0,0,0,0,0,0,0,0,0,0,0,0,0,0,0,0,0,0,0,0,0,0,0,0,0,0,0,0,0,0,0,0,0,0,0,0,0,0,0,0,0,0,0,0,0,0,0,0,0,0,0,0,0,0,0,0,0,0,0,0,0,0,0,0,0,0,0,0,0,0,0,0,0,0,0,0,0,0,0,0,0,0,0,0,0,0,0,0,0,0,0,0,0,0,0,0,0,0,0,0,0,0,0,0,0,0,0,0,0,0,0,0,0,0,0,0,0,0,0,0,0,0,0,0,0,0,0,0,0,0,0,0,0,0,0,0,0,0,0,0,0,0,0,0,0,0,0,0,0,0,0,0,0,0,0,0,0,0,0,0,0,0,0,0,0,0,0,0,0,0,0,0,0,0,0,0,0,0,0,0,0,0,0,0,0,0,0,0,0,0,0,0,0,0,0,0,0,0,0,0,0,0,0,0,0,0,0,0,0,0,0,0,0,0,0,0,0,0,0,0,0,0,0,0,0,0,0,0,0,0,0,0,0,0,0,0,0,0,0,0,0,0,0,0,0,0,0,0,0,0,0,0,0,0,0,0,0,0,0,0,0,0,0,0,0,0,0,0,0,0,0,0,0,0,0,0,0,0,0,0,0,0,0,0,0,0,0,0,0,0,0,0,0,0,0,0,0,0,0,0,0,0,0,0,0,0,0,0,0,0,0,0,0,0,0,0,0,0,0,0,0,0,0,0,0,0,0,0,0,0,0,0,0,0,0,0,0,0,0,0,0,0,0,0,0,0,0,0,0,0,0,0,0,0,0,0,0,0,0,0,0,0,0,0,0,0,0,0,0,0,0,0,0,0,0,0,0,0,0,0,0,0,0,0,0,0,0,0,0,0,0,0,0,0,0,0,0,0,0,0,0,0,0,0,0,0,0,0,0,0,0,0,0,0,0,0,0,0,0,0,0,0,0,0,0,0,0,0,0,0,0,0,0,0,0,0,0,0,0,0,0,0,0,0,0,0,0,0,0,0,0,0,0,0,0,0,0,0,0,0,0,0,0,0,0,0,
34505,0,0,0,0,0,0,0,0,0,0,0,0,0,0,0,0,0,0,0,0,0,0,0,0,0,0,0,0,0,0,0,0,0,0,0,0,0,0,0,0,0,0,0,0,0,0,0,0,0,0,0,0,0,0,0,0,0,0,0,0,0,0,0,0,0,0,0,0,0,0,0,0,0,0,0,0,0,0,0,0,0,0,0,0,0,0,0,0,0,0,0,0,0,0,0,0,0,0,0,0,0,0,0,0,0,0,0,0,0,0,0,0,0,0,0,0,0,0,0,0,0,0,0,0,0,0,0,0,0,0,0,0,0,0,0,0,0,0,0,0,0,0,0,0,0,0,0,0,0,0,0,0,0,0,0,0,0,0,0,0,0,0,0,0,0,0,0,0,0,0,0,0,0,0,0,0,0,0,0,0,0,0,0,0,0,0,0,0,0,0,0,0,0,0,0,0,0,0,0,0,0,0,0,0,0,0,0,0,0,0,0,0,0,0,0,0,0,0,0,0,0,0,0,0,0,0,0,0,0,0,0,0,0,0,0,0,0,0,0,0,0,0,0,0,0,0,0,0,0,0,0,0,0,0,0,0,0,0,0,0,0,0,0,0,0,0,0,0,0,0,0,0,0,0,0,0,0,0,0,0,0,0,0,0,0,0,0,0,0,0,0,0,0,0,0,0,0,0,0,0,0,0,0,0,0,0,0,0,0,0,0,0,0,0,0,0,0,0,0,0,0,0,0,0,0,0,0,0,0,0,0,0,0,0,0,0,0,0,0,0,0,0,0,0,0,0,0,0,0,0,0,0,0,0,0,0,0,0,0,0,0,0,0,0,0,0,0,0,0,0,0,0,0,0,0,0,0,0,0,0,0,0,0,0,0,0,0,0,0,0,0,0,0,0,0,0,0,0,0,0,0,0,0,0,0,0,0,0,0,0,0,0,0,0,0,0,0,0,0,0,0,0,0,0,0,0,0,0,0,0,0,0,0,0,0,0,0,0,0,0,0,0,0,0,0,0,0,0,0,0,0,0,0,0,0,0,0,0,0,0,0,0,0,0,0,0,0,0,0,0,0,0,0,0,0,0,0,0,0,0,0,0,0,0,0,0,0,0,0,0,0,0,0,0,0,0,0,0,0,0,0,0,0,0,0,0,0,0,0,0,0,0,0,0,0,0,0,0,0,0,0,0,0,0,0,0,0,0,0,0,0,0,0,0,0,0,0,0,0,0,0,0,0,0,0,
34506,0,0,0,0,0,0,0,0,0,0,0,0,0,0,0,0,0,0,0,0,0,0,0,0,0,0,0,0,0,0,0,0,0,0,0,0,0,0,0,0,0,0,0,0,0,0,0,0,0,0,0,0,0,0,0,0,0,0,0,0,0,0,0,0,0,0,0,0,0,0,0,0,0,0,0,0,0,0,0,0,0,0,0,0,0,0,0,0,0,0,0,0,0,0,0,0,0,0,0,0,0,0,0,0,0,0,0,0,0,0,0,0,0,0,0,0,0,0,0,0,0,0,0,0,0,0,0,0,0,0,0,0,0,0,0,0,0,0,0,0,0,0,0,0,0,0,0,0,0,0,0,0,0,0,0,0,0,0,0,0,0,0,0,0,0,0,0,0,0,0,0,0,0,0,0,0,0,0,0,0,0,0,0,0,0,0,0,0,0,0,0,0,0,0,0,0,0,0,0,0,0,0,0,0,0,0,0,0,0,0,0,0,0,0,0,0,0,0,0,0,0,0,0,0,0,0,0,0,0,0,0,0,0,0,0,0,0,0,0,0,0,0,0,0,0,0,0,0,0,0,0,0,0,0,0,0,0,0,0,0,0,0,0,0,0,0,0,0,0,0,0,0,0,0,0,0,0,0,0,0,0,0,0,0,0,0,0,0,0,0,0,0,0,0,0,0,0,0,0,0,0,0,0,0,0,0,0,0,0,0,0,0,0,0,0,0,0,0,0,0,0,0,0,0,0,0,0,0,0,0,0,0,0,0,0,0,0,0,0,0,0,0,0,0,0,0,0,0,0,0,0,0,0,0,0,0,0,0,0,0,0,0,0,0,0,0,0,0,0,0,0,0,0,0,0,0,0,0,0,0,0,0,0,0,0,0,0,0,0,0,0,0,0,0,0,0,0,0,0,0,0,0,0,0,0,0,0,0,0,0,0,0,0,0,0,0,0,0,0,0,0,0,0,0,0,0,0,0,0,0,0,0,0,0,0,0,0,0,0,0,0,0,0,0,0,0,0,0,0,0,0,0,0,0,0,0,0,0,0,0,0,0,0,0,0,0,0,0,0,0,0,0,0,0,0,0,0,0,0,0,0,0,0,0,0,0,0,0,0,0,0,0,0,0,0,0,0,0,0,0,0,0,0,0,0,0,0,0,0,0,0,0,0,0,0,0,0,0,0,0,0,0,0,0,0,0,0,0,0,0,0,0,0,0,0,0,0,0,0,0,0,0,0,0,0,
34507,0,0,0,0,0,0,0,0,0,0,0,0,0,0,0,0,0,0,0,0,0,0,0,0,0,0,0,0,0,0,0,0,0,0,0,0,0,0,0,0,0,0,0,0,0,0,0,0,0,0,0,0,0,0,0,0,0,0,0,0,0,0,0,0,0,0,0,0,0,0,0,0,0,0,0,0,0,0,0,0,0,0,0,0,0,0,0,0,0,0,0,0,0,0,0,0,0,0,0,0,0,0,0,0,0,0,0,0,0,0,0,0,0,0,0,0,0,0,0,0,0,0,0,0,0,0,0,0,0,0,0,0,0,0,0,0,0,0,0,0,0,0,0,0,0,0,0,0,0,0,0,0,0,0,0,0,0,0,0,0,0,0,0,0,0,0,0,0,0,0,0,0,0,0,0,0,0,0,0,0,0,0,0,0,0,0,0,0,0,0,0,0,0,0,0,0,0,0,0,0,0,0,0,0,0,0,0,0,0,0,0,0,0,0,0,0,0,0,0,0,0,0,0,0,0,0,0,0,0,0,0,0,0,0,0,0,0,0,0,0,0,0,0,0,0,0,0,0,0,0,0,0,0,0,0,0,0,0,0,0,0,0,0,0,0,0,0,0,0,0,0,0,0,0,0,0,0,0,0,0,0,0,0,0,0,0,0,0,0,0,0,0,0,0,0,0,0,0,0,0,0,0,0,0,0,0,0,0,0,0,0,0,0,0,0,0,0,0,0,0,0,0,0,0,0,0,0,0,0,0,0,0,0,0,0,0,0,0,0,0,0,0,0,0,0,0,0,0,0,0,0,0,0,0,0,0,0,0,0,0,0,0,0,0,0,0,0,0,0,0,0,0,0,0,0,0,0,0,0,0,0,0,0,0,0,0,0,0,0,0,0,0,0,0,0,0,0,0,0,0,0,0,0,0,0,0,0,0,0,0,0,0,0,0,0,0,0,0,0,0,0,0,0,0,0,0,0,0,0,0,0,0,0,0,0,0,0,0,0,0,0,0,0,0,0,0,0,0,0,0,0,0,0,0,0,0,0,0,0,0,0,0,0,0,0,0,0,0,0,0,0,0,0,0,0,0,0,0,0,0,0,0,0,0,0,0,0,0,0,0,0,0,0,0,0,0,0,0,0,0,0,0,0,0,0,0,0,0,0,0,0,0,0,0,0,0,0,0,0,0,0,0,0,0,0,0,0,0,0,0,0,0,0,0,0,0,0,0,0,0,0,0,0,0,0,
34508,0,0,0,0,0,0,0,0,0,0,0,0,0,0,0,0,0,0,0,0,0,0,0,0,0,0,0,0,0,0,0,0,0,0,0,0,0,0,0,0,0,0,0,0,0,0,0,0,0,0,0,0,0,0,0,0,0,0,0,0,0,0,0,0,0,0,0,0,0,0,0,0,0,0,0,0,0,0,0,0,0,0,0,0,0,0,0,0,0,0,0,0,0,0,0,0,0,0,0,0,0,0,0,0,0,0,0,0,0,0,0,0,0,0,0,0,0,0,0,0,0,0,0,0,0,0,0,0,0,0,0,0,0,0,0,0,0,0,0,0,0,0,0,0,0,0,0,0,0,0,0,0,0,0,0,0,0,0,0,0,0,0,0,0,0,0,0,0,0,0,0,0,0,0,0,0,0,0,0,0,0,0,0,0,0,0,0,0,0,0,0,0,0,0,0,0,0,0,0,0,0,0,0,0,0,0,0,0,0,0,0,0,0,0,0,0,0,0,0,0,0,0,0,0,0,0,0,0,0,0,0,0,0,0,0,0,0,0,0,0,0,0,0,0,0,0,0,0,0,0,0,0,0,0,0,0,0,0,0,0,0,0,0,0,0,0,0,0,0,0,0,0,0,0,0,0,0,0,0,0,0,0,0,0,0,0,0,0,0,0,0,0,0,0,0,0,0,0,0,0,0,0,0,0,0,0,0,0,0,0,0,0,0,0,0,0,0,0,0,0,0,0,0,0,0,0,0,0,0,0,0,0,0,0,0,0,0,0,0,0,0,0,0,0,0,0,0,0,0,0,0,0,0,0,0,0,0,0,0,0,0,0,0,0,0,0,0,0,0,0,0,0,0,0,0,0,0,0,0,0,0,0,0,0,0,0,0,0,0,0,0,0,0,0,0,0,0,0,0,0,0,0,0,0,0,0,0,0,0,0,0,0,0,0,0,0,0,0,0,0,0,0,0,0,0,0,0,0,0,0,0,0,0,0,0,0,0,0,0,0,0,0,0,0,0,0,0,0,0,0,0,0,0,0,0,0,0,0,0,0,0,0,0,0,0,0,0,0,0,0,0,0,0,0,0,0,0,0,0,0,0,0,0,0,0,0,0,0,0,0,0,0,0,0,0,0,0,0,0,0,0,0,0,0,0,0,0,0,0,0,0,0,0,0,0,0,0,0,0,0,0,0,0,0,0,0,0,0,0,0,0,0,0,0,0,0,0,0,0,0,0,0,0,0,0,
34509,0,0,0,0,0,0,0,0,0,0,0,0,0,0,0,0,0,0,0,0,0,0,0,0,0,0,0,0,0,0,0,0,0,0,0,0,0,0,0,0,0,0,0,0,0,0,0,0,0,0,0,0,0,0,0,0,0,0,0,0,0,0,0,0,0,0,0,0,0,0,0,0,0,0,0,0,0,0,0,0,0,0,0,0,0,0,0,0,0,0,0,0,0,0,0,0,0,0,0,0,0,0,0,0,0,0,0,0,0,0,0,0,0,0,0,0,0,0,0,0,0,0,0,0,0,0,0,0,0,0,0,0,0,0,0,0,0,0,0,0,0,0,0,0,0,0,0,0,0,0,0,0,0,0,0,0,0,0,0,0,0,0,0,0,0,0,0,0,0,0,0,0,0,0,0,0,0,0,0,0,0,0,0,0,0,0,0,0,0,0,0,0,0,0,0,0,0,0,0,0,0,0,0,0,0,0,0,0,0,0,0,0,0,0,0,0,0,0,0,0,0,0,0,0,0,0,0,0,0,0,0,0,0,0,0,0,0,0,0,0,0,0,0,0,0,0,0,0,0,0,0,0,0,0,0,0,0,0,0,0,0,0,0,0,0,0,0,0,0,0,0,0,0,0,0,0,0,0,0,0,0,0,0,0,0,0,0,0,0,0,0,0,0,0,0,0,0,0,0,0,0,0,0,0,0,0,0,0,0,0,0,0,0,0,0,0,0,0,0,0,0,0,0,0,0,0,0,0,0,0,0,0,0,0,0,0,0,0,0,0,0,0,0,0,0,0,0,0,0,0,0,0,0,0,0,0,0,0,0,0,0,0,0,0,0,0,0,0,0,0,0,0,0,0,0,0,0,0,0,0,0,0,0,0,0,0,0,0,0,0,0,0,0,0,0,0,0,0,0,0,0,0,0,0,0,0,0,0,0,0,0,0,0,0,0,0,0,0,0,0,0,0,0,0,0,0,0,0,0,0,0,0,0,0,0,0,0,0,0,0,0,0,0,0,0,0,0,0,0,0,0,0,0,0,0,0,0,0,0,0,0,0,0,0,0,0,0,0,0,0,0,0,0,0,0,0,0,0,0,0,0,0,0,0,0,0,0,0,0,0,0,0,0,0,0,0,0,0,0,0,0,0,0,0,0,0,0,0,0,0,0,0,0,0,0,0,0,0,0,0,0,0,0,0,0,0,0,0,0,0,0,0,0,0,0,0,0,0,0,0,0,0,0,0,0,
34510,0,0,0,0,0,0,0,0,0,0,0,0,0,0,0,0,0,0,0,0,0,0,0,0,0,0,0,0,0,0,0,0,0,0,0,0,0,0,0,0,0,0,0,0,0,0,0,0,0,0,0,0,0,0,0,0,0,0,0,0,0,0,0,0,0,0,0,0,0,0,0,0,0,0,0,0,0,0,0,0,0,0,0,0,0,0,0,0,0,0,0,0,0,0,0,0,0,0,0,0,0,0,0,0,0,0,0,0,0,0,0,0,0,0,0,0,0,0,0,0,0,0,0,0,0,0,0,0,0,0,0,0,0,0,0,0,0,0,0,0,0,0,0,0,0,0,0,0,0,0,0,0,0,0,0,0,0,0,0,0,0,0,0,0,0,0,0,0,0,0,0,0,0,0,0,0,0,0,0,0,0,0,0,0,0,0,0,0,0,0,0,0,0,0,0,0,0,0,0,0,0,0,0,0,0,0,0,0,0,0,0,0,0,0,0,0,0,0,0,0,0,0,0,0,0,0,0,0,0,0,0,0,0,0,0,0,0,0,0,0,0,0,0,0,0,0,0,0,0,0,0,0,0,0,0,0,0,0,0,0,0,0,0,0,0,0,0,0,0,0,0,0,0,0,0,0,0,0,0,0,0,0,0,0,0,0,0,0,0,0,0,0,0,0,0,0,0,0,0,0,0,0,0,0,0,0,0,0,0,0,0,0,0,0,0,0,0,0,0,0,0,0,0,0,0,0,0,0,0,0,0,0,0,0,0,0,0,0,0,0,0,0,0,0,0,0,0,0,0,0,0,0,0,0,0,0,0,0,0,0,0,0,0,0,0,0,0,0,0,0,0,0,0,0,0,0,0,0,0,0,0,0,0,0,0,0,0,0,0,0,0,0,0,0,0,0,0,0,0,0,0,0,0,0,0,0,0,0,0,0,0,0,0,0,0,0,0,0,0,0,0,0,0,0,0,0,0,0,0,0,0,0,0,0,0,0,0,0,0,0,0,0,0,0,0,0,0,0,0,0,0,0,0,0,0,0,0,0,0,0,0,0,0,0,0,0,0,0,0,0,0,0,0,0,0,0,0,0,0,0,0,0,0,0,0,0,0,0,0,0,0,0,0,0,0,0,0,0,0,0,0,0,0,0,0,0,0,0,0,0,0,0,0,0,0,0,0,0,0,0,0,0,0,0,0,0,0,0,0,0,0,0,0,0,0,0,0,0,0,0,0,0,0,0,0,
34511,0,0,0,0,0,0,0,0,0,0,0,0,0,0,0,0,0,0,0,0,0,0,0,0,0,0,0,0,0,0,0,0,0,0,0,0,0,0,0,0,0,0,0,0,0,0,0,0,0,0,0,0,0,0,0,0,0,0,0,0,0,0,0,0,0,0,0,0,0,0,0,0,0,0,0,0,0,0,0,0,0,0,0,0,0,0,0,0,0,0,0,0,0,0,0,0,0,0,0,0,0,0,0,0,0,0,0,0,0,0,0,0,0,0,0,0,0,0,0,0,0,0,0,0,0,0,0,0,0,0,0,0,0,0,0,0,0,0,0,0,0,0,0,0,0,0,0,0,0,0,0,0,0,0,0,0,0,0,0,0,0,0,0,0,0,0,0,0,0,0,0,0,0,0,0,0,0,0,0,0,0,0,0,0,0,0,0,0,0,0,0,0,0,0,0,0,0,0,0,0,0,0,0,0,0,0,0,0,0,0,0,0,0,0,0,0,0,0,0,0,0,0,0,0,0,0,0,0,0,0,0,0,0,0,0,0,0,0,0,0,0,0,0,0,0,0,0,0,0,0,0,0,0,0,0,0,0,0,0,0,0,0,0,0,0,0,0,0,0,0,0,0,0,0,0,0,0,0,0,0,0,0,0,0,0,0,0,0,0,0,0,0,0,0,0,0,0,0,0,0,0,0,0,0,0,0,0,0,0,0,0,0,0,0,0,0,0,0,0,0,0,0,0,0,0,0,0,0,0,0,0,0,0,0,0,0,0,0,0,0,0,0,0,0,0,0,0,0,0,0,0,0,0,0,0,0,0,0,0,0,0,0,0,0,0,0,0,0,0,0,0,0,0,0,0,0,0,0,0,0,0,0,0,0,0,0,0,0,0,0,0,0,0,0,0,0,0,0,0,0,0,0,0,0,0,0,0,0,0,0,0,0,0,0,0,0,0,0,0,0,0,0,0,0,0,0,0,0,0,0,0,0,0,0,0,0,0,0,0,0,0,0,0,0,0,0,0,0,0,0,0,0,0,0,0,0,0,0,0,0,0,0,0,0,0,0,0,0,0,0,0,0,0,0,0,0,0,0,0,0,0,0,0,0,0,0,0,0,0,0,0,0,0,0,0,0,0,0,0,0,0,0,0,0,0,0,0,0,0,0,0,0,0,0,0,0,0,0,0,0,0,0,0,0,0,0,0,0,0,0,0,0,0,0,0,0,0,0,0,0,0,0,0,0,0,
34512,0,0,0,0,0,0,0,0,0,0,0,0,0,0,0,0,0,0,0,0,0,0,0,0,0,0,0,0,0,0,0,0,0,0,0,0,0,0,0,0,0,0,0,0,0,0,0,0,0,0,0,0,0,0,0,0,0,0,0,0,0,0,0,0,0,0,0,0,0,0,0,0,0,0,0,0,0,0,0,0,0,0,0,0,0,0,0,0,0,0,0,0,0,0,0,0,0,0,0,0,0,0,0,0,0,0,0,0,0,0,0,0,0,0,0,0,0,0,0,0,0,0,0,0,0,0,0,0,0,0,0,0,0,0,0,0,0,0,0,0,0,0,0,0,0,0,0,0,0,0,0,0,0,0,0,0,0,0,0,0,0,0,0,0,0,0,0,0,0,0,0,0,0,0,0,0,0,0,0,0,0,0,0,0,0,0,0,0,0,0,0,0,0,0,0,0,0,0,0,0,0,0,0,0,0,0,0,0,0,0,0,0,0,0,0,0,0,0,0,0,0,0,0,0,0,0,0,0,0,0,0,0,0,0,0,0,0,0,0,0,0,0,0,0,0,0,0,0,0,0,0,0,0,0,0,0,0,0,0,0,0,0,0,0,0,0,0,0,0,0,0,0,0,0,0,0,0,0,0,0,0,0,0,0,0,0,0,0,0,0,0,0,0,0,0,0,0,0,0,0,0,0,0,0,0,0,0,0,0,0,0,0,0,0,0,0,0,0,0,0,0,0,0,0,0,0,0,0,0,0,0,0,0,0,0,0,0,0,0,0,0,0,0,0,0,0,0,0,0,0,0,0,0,0,0,0,0,0,0,0,0,0,0,0,0,0,0,0,0,0,0,0,0,0,0,0,0,0,0,0,0,0,0,0,0,0,0,0,0,0,0,0,0,0,0,0,0,0,0,0,0,0,0,0,0,0,0,0,0,0,0,0,0,0,0,0,0,0,0,0,0,0,0,0,0,0,0,0,0,0,0,0,0,0,0,0,0,0,0,0,0,0,0,0,0,0,0,0,0,0,0,0,0,0,0,0,0,0,0,0,0,0,0,0,0,0,0,0,0,0,0,0,0,0,0,0,0,0,0,0,0,0,0,0,0,0,0,0,0,0,0,0,0,0,0,0,0,0,0,0,0,0,0,0,0,0,0,0,0,0,0,0,0,0,0,0,0,0,0,0,0,0,0,0,0,0,0,0,0,0,0,0,0,0,0,0,0,0,0,0,0,0,0,0,0,
34513,0,0,0,0,0,0,0,0,0,0,0,0,0,0,0,0,0,0,0,0,0,0,0,0,0,0,0,0,0,0,0,0,0,0,0,0,0,0,0,0,0,0,0,0,0,0,0,0,0,0,0,0,0,0,0,0,0,0,0,0,0,0,0,0,0,0,0,0,0,0,0,0,0,0,0,0,0,0,0,0,0,0,0,0,0,0,0,0,0,0,0,0,0,0,0,0,0,0,0,0,0,0,0,0,0,0,0,0,0,0,0,0,0,0,0,0,0,0,0,0,0,0,0,0,0,0,0,0,0,0,0,0,0,0,0,0,0,0,0,0,0,0,0,0,0,0,0,0,0,0,0,0,0,0,0,0,0,0,0,0,0,0,0,0,0,0,0,0,0,0,0,0,0,0,0,0,0,0,0,0,0,0,0,0,0,0,0,0,0,0,0,0,0,0,0,0,0,0,0,0,0,0,0,0,0,0,0,0,0,0,0,0,0,0,0,0,0,0,0,0,0,0,0,0,0,0,0,0,0,0,0,0,0,0,0,0,0,0,0,0,0,0,0,0,0,0,0,0,0,0,0,0,0,0,0,0,0,0,0,0,0,0,0,0,0,0,0,0,0,0,0,0,0,0,0,0,0,0,0,0,0,0,0,0,0,0,0,0,0,0,0,0,0,0,0,0,0,0,0,0,0,0,0,0,0,0,0,0,0,0,0,0,0,0,0,0,0,0,0,0,0,0,0,0,0,0,0,0,0,0,0,0,0,0,0,0,0,0,0,0,0,0,0,0,0,0,0,0,0,0,0,0,0,0,0,0,0,0,0,0,0,0,0,0,0,0,0,0,0,0,0,0,0,0,0,0,0,0,0,0,0,0,0,0,0,0,0,0,0,0,0,0,0,0,0,0,0,0,0,0,0,0,0,0,0,0,0,0,0,0,0,0,0,0,0,0,0,0,0,0,0,0,0,0,0,0,0,0,0,0,0,0,0,0,0,0,0,0,0,0,0,0,0,0,0,0,0,0,0,0,0,0,0,0,0,0,0,0,0,0,0,0,0,0,0,0,0,0,0,0,0,0,0,0,0,0,0,0,0,0,0,0,0,0,0,0,0,0,0,0,0,0,0,0,0,0,0,0,0,0,0,0,0,0,0,0,0,0,0,0,0,0,0,0,0,0,0,0,0,0,0,0,0,0,0,0,0,0,0,0,0,0,0,0,0,0,0,0,0,0,0,0,0,0,0,
34514,0,0,0,0,0,0,0,0,0,0,0,0,0,0,0,0,0,0,0,0,0,0,0,0,0,0,0,0,0,0,0,0,0,0,0,0,0,0,0,0,0,0,0,0,0,0,0,0,0,0,0,0,0,0,0,0,0,0,0,0,0,0,0,0,0,0,0,0,0,0,0,0,0,0,0,0,0,0,0,0,0,0,0,0,0,0,0,0,0,0,0,0,0,0,0,0,0,0,0,0,0,0,0,0,0,0,0,0,0,0,0,0,0,0,0,0,0,0,0,0,0,0,0,0,0,0,0,0,0,0,0,0,0,0,0,0,0,0,0,0,0,0,0,0,0,0,0,0,0,0,0,0,0,0,0,0,0,0,0,0,0,0,0,0,0,0,0,0,0,0,0,0,0,0,0,0,0,0,0,0,0,0,0,0,0,0,0,0,0,0,0,0,0,0,0,0,0,0,0,0,0,0,0,0,0,0,0,0,0,0,0,0,0,0,0,0,0,0,0,0,0,0,0,0,0,0,0,0,0,0,0,0,0,0,0,0,0,0,0,0,0,0,0,0,0,0,0,0,0,0,0,0,0,0,0,0,0,0,0,0,0,0,0,0,0,0,0,0,0,0,0,0,0,0,0,0,0,0,0,0,0,0,0,0,0,0,0,0,0,0,0,0,0,0,0,0,0,0,0,0,0,0,0,0,0,0,0,0,0,0,0,0,0,0,0,0,0,0,0,0,0,0,0,0,0,0,0,0,0,0,0,0,0,0,0,0,0,0,0,0,0,0,0,0,0,0,0,0,0,0,0,0,0,0,0,0,0,0,0,0,0,0,0,0,0,0,0,0,0,0,0,0,0,0,0,0,0,0,0,0,0,0,0,0,0,0,0,0,0,0,0,0,0,0,0,0,0,0,0,0,0,0,0,0,0,0,0,0,0,0,0,0,0,0,0,0,0,0,0,0,0,0,0,0,0,0,0,0,0,0,0,0,0,0,0,0,0,0,0,0,0,0,0,0,0,0,0,0,0,0,0,0,0,0,0,0,0,0,0,0,0,0,0,0,0,0,0,0,0,0,0,0,0,0,0,0,0,0,0,0,0,0,0,0,0,0,0,0,0,0,0,0,0,0,0,0,0,0,0,0,0,0,0,0,0,0,0,0,0,0,0,0,0,0,0,0,0,0,0,0,0,0,0,0,0,0,0,0,0,0,0,0,0,0,0,0,0,0,0,0,0,0,0,0,0,
34515,0,0,0,0,0,0,0,0,0,0,0,0,0,0,0,0,0,0,0,0,0,0,0,0,0,0,0,0,0,0,0,0,0,0,0,0,0,0,0,0,0,0,0,0,0,0,0,0,0,0,0,0,0,0,0,0,0,0,0,0,0,0,0,0,0,0,0,0,0,0,0,0,0,0,0,0,0,0,0,0,0,0,0,0,0,0,0,0,0,0,0,0,0,0,0,0,0,0,0,0,0,0,0,0,0,0,0,0,0,0,0,0,0,0,0,0,0,0,0,0,0,0,0,0,0,0,0,0,0,0,0,0,0,0,0,0,0,0,0,0,0,0,0,0,0,0,0,0,0,0,0,0,0,0,0,0,0,0,0,0,0,0,0,0,0,0,0,0,0,0,0,0,0,0,0,0,0,0,0,0,0,0,0,0,0,0,0,0,0,0,0,0,0,0,0,0,0,0,0,0,0,0,0,0,0,0,0,0,0,0,0,0,0,0,0,0,0,0,0,0,0,0,0,0,0,0,0,0,0,0,0,0,0,0,0,0,0,0,0,0,0,0,0,0,0,0,0,0,0,0,0,0,0,0,0,0,0,0,0,0,0,0,0,0,0,0,0,0,0,0,0,0,0,0,0,0,0,0,0,0,0,0,0,0,0,0,0,0,0,0,0,0,0,0,0,0,0,0,0,0,0,0,0,0,0,0,0,0,0,0,0,0,0,0,0,0,0,0,0,0,0,0,0,0,0,0,0,0,0,0,0,0,0,0,0,0,0,0,0,0,0,0,0,0,0,0,0,0,0,0,0,0,0,0,0,0,0,0,0,0,0,0,0,0,0,0,0,0,0,0,0,0,0,0,0,0,0,0,0,0,0,0,0,0,0,0,0,0,0,0,0,0,0,0,0,0,0,0,0,0,0,0,0,0,0,0,0,0,0,0,0,0,0,0,0,0,0,0,0,0,0,0,0,0,0,0,0,0,0,0,0,0,0,0,0,0,0,0,0,0,0,0,0,0,0,0,0,0,0,0,0,0,0,0,0,0,0,0,0,0,0,0,0,0,0,0,0,0,0,0,0,0,0,0,0,0,0,0,0,0,0,0,0,0,0,0,0,0,0,0,0,0,0,0,0,0,0,0,0,0,0,0,0,0,0,0,0,0,0,0,0,0,0,0,0,0,0,0,0,0,0,0,0,0,0,0,0,0,0,0,0,0,0,0,0,0,0,0,0,0,0,0,0,0,0,
34516,0,0,0,0,0,0,0,0,0,0,0,0,0,0,0,0,0,0,0,0,0,0,0,0,0,0,0,0,0,0,0,0,0,0,0,0,0,0,0,0,0,0,0,0,0,0,0,0,0,0,0,0,0,0,0,0,0,0,0,0,0,0,0,0,0,0,0,0,0,0,0,0,0,0,0,0,0,0,0,0,0,0,0,0,0,0,0,0,0,0,0,0,0,0,0,0,0,0,0,0,0,0,0,0,0,0,0,0,0,0,0,0,0,0,0,0,0,0,0,0,0,0,0,0,0,0,0,0,0,0,0,0,0,0,0,0,0,0,0,0,0,0,0,0,0,0,0,0,0,0,0,0,0,0,0,0,0,0,0,0,0,0,0,0,0,0,0,0,0,0,0,0,0,0,0,0,0,0,0,0,0,0,0,0,0,0,0,0,0,0,0,0,0,0,0,0,0,0,0,0,0,0,0,0,0,0,0,0,0,0,0,0,0,0,0,0,0,0,0,0,0,0,0,0,0,0,0,0,0,0,0,0,0,0,0,0,0,0,0,0,0,0,0,0,0,0,0,0,0,0,0,0,0,0,0,0,0,0,0,0,0,0,0,0,0,0,0,0,0,0,0,0,0,0,0,0,0,0,0,0,0,0,0,0,0,0,0,0,0,0,0,0,0,0,0,0,0,0,0,0,0,0,0,0,0,0,0,0,0,0,0,0,0,0,0,0,0,0,0,0,0,0,0,0,0,0,0,0,0,0,0,0,0,0,0,0,0,0,0,0,0,0,0,0,0,0,0,0,0,0,0,0,0,0,0,0,0,0,0,0,0,0,0,0,0,0,0,0,0,0,0,0,0,0,0,0,0,0,0,0,0,0,0,0,0,0,0,0,0,0,0,0,0,0,0,0,0,0,0,0,0,0,0,0,0,0,0,0,0,0,0,0,0,0,0,0,0,0,0,0,0,0,0,0,0,0,0,0,0,0,0,0,0,0,0,0,0,0,0,0,0,0,0,0,0,0,0,0,0,0,0,0,0,0,0,0,0,0,0,0,0,0,0,0,0,0,0,0,0,0,0,0,0,0,0,0,0,0,0,0,0,0,0,0,0,0,0,0,0,0,0,0,0,0,0,0,0,0,0,0,0,0,0,0,0,0,0,0,0,0,0,0,0,0,0,0,0,0,0,0,0,0,0,0,0,0,0,0,0,0,0,0,0,0,0,0,0,0,0,0,0,0,0,0,0,
34517,0,0,0,0,0,0,0,0,0,0,0,0,0,0,0,0,0,0,0,0,0,0,0,0,0,0,0,0,0,0,0,0,0,0,0,0,0,0,0,0,0,0,0,0,0,0,0,0,0,0,0,0,0,0,0,0,0,0,0,0,0,0,0,0,0,0,0,0,0,0,0,0,0,0,0,0,0,0,0,0,0,0,0,0,0,0,0,0,0,0,0,0,0,0,0,0,0,0,0,0,0,0,0,0,0,0,0,0,0,0,0,0,0,0,0,0,0,0,0,0,0,0,0,0,0,0,0,0,0,0,0,0,0,0,0,0,0,0,0,0,0,0,0,0,0,0,0,0,0,0,0,0,0,0,0,0,0,0,0,0,0,0,0,0,0,0,0,0,0,0,0,0,0,0,0,0,0,0,0,0,0,0,0,0,0,0,0,0,0,0,0,0,0,0,0,0,0,0,0,0,0,0,0,0,0,0,0,0,0,0,0,0,0,0,0,0,0,0,0,0,0,0,0,0,0,0,0,0,0,0,0,0,0,0,0,0,0,0,0,0,0,0,0,0,0,0,0,0,0,0,0,0,0,0,0,0,0,0,0,0,0,0,0,0,0,0,0,0,0,0,0,0,0,0,0,0,0,0,0,0,0,0,0,0,0,0,0,0,0,0,0,0,0,0,0,0,0,0,0,0,0,0,0,0,0,0,0,0,0,0,0,0,0,0,0,0,0,0,0,0,0,0,0,0,0,0,0,0,0,0,0,0,0,0,0,0,0,0,0,0,0,0,0,0,0,0,0,0,0,0,0,0,0,0,0,0,0,0,0,0,0,0,0,0,0,0,0,0,0,0,0,0,0,0,0,0,0,0,0,0,0,0,0,0,0,0,0,0,0,0,0,0,0,0,0,0,0,0,0,0,0,0,0,0,0,0,0,0,0,0,0,0,0,0,0,0,0,0,0,0,0,0,0,0,0,0,0,0,0,0,0,0,0,0,0,0,0,0,0,0,0,0,0,0,0,0,0,0,0,0,0,0,0,0,0,0,0,0,0,0,0,0,0,0,0,0,0,0,0,0,0,0,0,0,0,0,0,0,0,0,0,0,0,0,0,0,0,0,0,0,0,0,0,0,0,0,0,0,0,0,0,0,0,0,0,0,0,0,0,0,0,0,0,0,0,0,0,0,0,0,0,0,0,0,0,0,0,0,0,0,0,0,0,0,0,0,0,0,0,0,0,0,0,0,0,
34518,0,0,0,0,0,0,0,0,0,0,0,0,0,0,0,0,0,0,0,0,0,0,0,0,0,0,0,0,0,0,0,0,0,0,0,0,0,0,0,0,0,0,0,0,0,0,0,0,0,0,0,0,0,0,0,0,0,0,0,0,0,0,0,0,0,0,0,0,0,0,0,0,0,0,0,0,0,0,0,0,0,0,0,0,0,0,0,0,0,0,0,0,0,0,0,0,0,0,0,0,0,0,0,0,0,0,0,0,0,0,0,0,0,0,0,0,0,0,0,0,0,0,0,0,0,0,0,0,0,0,0,0,0,0,0,0,0,0,0,0,0,0,0,0,0,0,0,0,0,0,0,0,0,0,0,0,0,0,0,0,0,0,0,0,0,0,0,0,0,0,0,0,0,0,0,0,0,0,0,0,0,0,0,0,0,0,0,0,0,0,0,0,0,0,0,0,0,0,0,0,0,0,0,0,0,0,0,0,0,0,0,0,0,0,0,0,0,0,0,0,0,0,0,0,0,0,0,0,0,0,0,0,0,0,0,0,0,0,0,0,0,0,0,0,0,0,0,0,0,0,0,0,0,0,0,0,0,0,0,0,0,0,0,0,0,0,0,0,0,0,0,0,0,0,0,0,0,0,0,0,0,0,0,0,0,0,0,0,0,0,0,0,0,0,0,0,0,0,0,0,0,0,0,0,0,0,0,0,0,0,0,0,0,0,0,0,0,0,0,0,0,0,0,0,0,0,0,0,0,0,0,0,0,0,0,0,0,0,0,0,0,0,0,0,0,0,0,0,0,0,0,0,0,0,0,0,0,0,0,0,0,0,0,0,0,0,0,0,0,0,0,0,0,0,0,0,0,0,0,0,0,0,0,0,0,0,0,0,0,0,0,0,0,0,0,0,0,0,0,0,0,0,0,0,0,0,0,0,0,0,0,0,0,0,0,0,0,0,0,0,0,0,0,0,0,0,0,0,0,0,0,0,0,0,0,0,0,0,0,0,0,0,0,0,0,0,0,0,0,0,0,0,0,0,0,0,0,0,0,0,0,0,0,0,0,0,0,0,0,0,0,0,0,0,0,0,0,0,0,0,0,0,0,0,0,0,0,0,0,0,0,0,0,0,0,0,0,0,0,0,0,0,0,0,0,0,0,0,0,0,0,0,0,0,0,0,0,0,0,0,0,0,0,0,0,0,0,0,0,0,0,0,0,0,0,0,0,0,0,0,0,0,0,0,0,
34519,0,0,0,0,0,0,0,0,0,0,0,0,0,0,0,0,0,0,0,0,0,0,0,0,0,0,0,0,0,0,0,0,0,0,0,0,0,0,0,0,0,0,0,0,0,0,0,0,0,0,0,0,0,0,0,0,0,0,0,0,0,0,0,0,0,0,0,0,0,0,0,0,0,0,0,0,0,0,0,0,0,0,0,0,0,0,0,0,0,0,0,0,0,0,0,0,0,0,0,0,0,0,0,0,0,0,0,0,0,0,0,0,0,0,0,0,0,0,0,0,0,0,0,0,0,0,0,0,0,0,0,0,0,0,0,0,0,0,0,0,0,0,0,0,0,0,0,0,0,0,0,0,0,0,0,0,0,0,0,0,0,0,0,0,0,0,0,0,0,0,0,0,0,0,0,0,0,0,0,0,0,0,0,0,0,0,0,0,0,0,0,0,0,0,0,0,0,0,0,0,0,0,0,0,0,0,0,0,0,0,0,0,0,0,0,0,0,0,0,0,0,0,0,0,0,0,0,0,0,0,0,0,0,0,0,0,0,0,0,0,0,0,0,0,0,0,0,0,0,0,0,0,0,0,0,0,0,0,0,0,0,0,0,0,0,0,0,0,0,0,0,0,0,0,0,0,0,0,0,0,0,0,0,0,0,0,0,0,0,0,0,0,0,0,0,0,0,0,0,0,0,0,0,0,0,0,0,0,0,0,0,0,0,0,0,0,0,0,0,0,0,0,0,0,0,0,0,0,0,0,0,0,0,0,0,0,0,0,0,0,0,0,0,0,0,0,0,0,0,0,0,0,0,0,0,0,0,0,0,0,0,0,0,0,0,0,0,0,0,0,0,0,0,0,0,0,0,0,0,0,0,0,0,0,0,0,0,0,0,0,0,0,0,0,0,0,0,0,0,0,0,0,0,0,0,0,0,0,0,0,0,0,0,0,0,0,0,0,0,0,0,0,0,0,0,0,0,0,0,0,0,0,0,0,0,0,0,0,0,0,0,0,0,0,0,0,0,0,0,0,0,0,0,0,0,0,0,0,0,0,0,0,0,0,0,0,0,0,0,0,0,0,0,0,0,0,0,0,0,0,0,0,0,0,0,0,0,0,0,0,0,0,0,0,0,0,0,0,0,0,0,0,0,0,0,0,0,0,0,0,0,0,0,0,0,0,0,0,0,0,0,0,0,0,0,0,0,0,0,0,0,0,0,0,0,0,0,0,0,0,0,0,0,0,0,
34520,0,0,0,0,0,0,0,0,0,0,0,0,0,0,0,0,0,0,0,0,0,0,0,0,0,0,0,0,0,0,0,0,0,0,0,0,0,0,0,0,0,0,0,0,0,0,0,0,0,0,0,0,0,0,0,0,0,0,0,0,0,0,0,0,0,0,0,0,0,0,0,0,0,0,0,0,0,0,0,0,0,0,0,0,0,0,0,0,0,0,0,0,0,0,0,0,0,0,0,0,0,0,0,0,0,0,0,0,0,0,0,0,0,0,0,0,0,0,0,0,0,0,0,0,0,0,0,0,0,0,0,0,0,0,0,0,0,0,0,0,0,0,0,0,0,0,0,0,0,0,0,0,0,0,0,0,0,0,0,0,0,0,0,0,0,0,0,0,0,0,0,0,0,0,0,0,0,0,0,0,0,0,0,0,0,0,0,0,0,0,0,0,0,0,0,0,0,0,0,0,0,0,0,0,0,0,0,0,0,0,0,0,0,0,0,0,0,0,0,0,0,0,0,0,0,0,0,0,0,0,0,0,0,0,0,0,0,0,0,0,0,0,0,0,0,0,0,0,0,0,0,0,0,0,0,0,0,0,0,0,0,0,0,0,0,0,0,0,0,0,0,0,0,0,0,0,0,0,0,0,0,0,0,0,0,0,0,0,0,0,0,0,0,0,0,0,0,0,0,0,0,0,0,0,0,0,0,0,0,0,0,0,0,0,0,0,0,0,0,0,0,0,0,0,0,0,0,0,0,0,0,0,0,0,0,0,0,0,0,0,0,0,0,0,0,0,0,0,0,0,0,0,0,0,0,0,0,0,0,0,0,0,0,0,0,0,0,0,0,0,0,0,0,0,0,0,0,0,0,0,0,0,0,0,0,0,0,0,0,0,0,0,0,0,0,0,0,0,0,0,0,0,0,0,0,0,0,0,0,0,0,0,0,0,0,0,0,0,0,0,0,0,0,0,0,0,0,0,0,0,0,0,0,0,0,0,0,0,0,0,0,0,0,0,0,0,0,0,0,0,0,0,0,0,0,0,0,0,0,0,0,0,0,0,0,0,0,0,0,0,0,0,0,0,0,0,0,0,0,0,0,0,0,0,0,0,0,0,0,0,0,0,0,0,0,0,0,0,0,0,0,0,0,0,0,0,0,0,0,0,0,0,0,0,0,0,0,0,0,0,0,0,0,0,0,0,0,0,0,0,0,0,0,0,0,0,0,0,0,0,0,0,0,0,0,
34521,0,0,0,0,0,0,0,0,0,0,0,0,0,0,0,0,0,0,0,0,0,0,0,0,0,0,0,0,0,0,0,0,0,0,0,0,0,0,0,0,0,0,0,0,0,0,0,0,0,0,0,0,0,0,0,0,0,0,0,0,0,0,0,0,0,0,0,0,0,0,0,0,0,0,0,0,0,0,0,0,0,0,0,0,0,0,0,0,0,0,0,0,0,0,0,0,0,0,0,0,0,0,0,0,0,0,0,0,0,0,0,0,0,0,0,0,0,0,0,0,0,0,0,0,0,0,0,0,0,0,0,0,0,0,0,0,0,0,0,0,0,0,0,0,0,0,0,0,0,0,0,0,0,0,0,0,0,0,0,0,0,0,0,0,0,0,0,0,0,0,0,0,0,0,0,0,0,0,0,0,0,0,0,0,0,0,0,0,0,0,0,0,0,0,0,0,0,0,0,0,0,0,0,0,0,0,0,0,0,0,0,0,0,0,0,0,0,0,0,0,0,0,0,0,0,0,0,0,0,0,0,0,0,0,0,0,0,0,0,0,0,0,0,0,0,0,0,0,0,0,0,0,0,0,0,0,0,0,0,0,0,0,0,0,0,0,0,0,0,0,0,0,0,0,0,0,0,0,0,0,0,0,0,0,0,0,0,0,0,0,0,0,0,0,0,0,0,0,0,0,0,0,0,0,0,0,0,0,0,0,0,0,0,0,0,0,0,0,0,0,0,0,0,0,0,0,0,0,0,0,0,0,0,0,0,0,0,0,0,0,0,0,0,0,0,0,0,0,0,0,0,0,0,0,0,0,0,0,0,0,0,0,0,0,0,0,0,0,0,0,0,0,0,0,0,0,0,0,0,0,0,0,0,0,0,0,0,0,0,0,0,0,0,0,0,0,0,0,0,0,0,0,0,0,0,0,0,0,0,0,0,0,0,0,0,0,0,0,0,0,0,0,0,0,0,0,0,0,0,0,0,0,0,0,0,0,0,0,0,0,0,0,0,0,0,0,0,0,0,0,0,0,0,0,0,0,0,0,0,0,0,0,0,0,0,0,0,0,0,0,0,0,0,0,0,0,0,0,0,0,0,0,0,0,0,0,0,0,0,0,0,0,0,0,0,0,0,0,0,0,0,0,0,0,0,0,0,0,0,0,0,0,0,0,0,0,0,0,0,0,0,0,0,0,0,0,0,0,0,0,0,0,0,0,0,0,0,0,0,0,0,0,0,0,0,
34522,0,0,0,0,0,0,0,0,0,0,0,0,0,0,0,0,0,0,0,0,0,0,0,0,0,0,0,0,0,0,0,0,0,0,0,0,0,0,0,0,0,0,0,0,0,0,0,0,0,0,0,0,0,0,0,0,0,0,0,0,0,0,0,0,0,0,0,0,0,0,0,0,0,0,0,0,0,0,0,0,0,0,0,0,0,0,0,0,0,0,0,0,0,0,0,0,0,0,0,0,0,0,0,0,0,0,0,0,0,0,0,0,0,0,0,0,0,0,0,0,0,0,0,0,0,0,0,0,0,0,0,0,0,0,0,0,0,0,0,0,0,0,0,0,0,0,0,0,0,0,0,0,0,0,0,0,0,0,0,0,0,0,0,0,0,0,0,0,0,0,0,0,0,0,0,0,0,0,0,0,0,0,0,0,0,0,0,0,0,0,0,0,0,0,0,0,0,0,0,0,0,0,0,0,0,0,0,0,0,0,0,0,0,0,0,0,0,0,0,0,0,0,0,0,0,0,0,0,0,0,0,0,0,0,0,0,0,0,0,0,0,0,0,0,0,0,0,0,0,0,0,0,0,0,0,0,0,0,0,0,0,0,0,0,0,0,0,0,0,0,0,0,0,0,0,0,0,0,0,0,0,0,0,0,0,0,0,0,0,0,0,0,0,0,0,0,0,0,0,0,0,0,0,0,0,0,0,0,0,0,0,0,0,0,0,0,0,0,0,0,0,0,0,0,0,0,0,0,0,0,0,0,0,0,0,0,0,0,0,0,0,0,0,0,0,0,0,0,0,0,0,0,0,0,0,0,0,0,0,0,0,0,0,0,0,0,0,0,0,0,0,0,0,0,0,0,0,0,0,0,0,0,0,0,0,0,0,0,0,0,0,0,0,0,0,0,0,0,0,0,0,0,0,0,0,0,0,0,0,0,0,0,0,0,0,0,0,0,0,0,0,0,0,0,0,0,0,0,0,0,0,0,0,0,0,0,0,0,0,0,0,0,0,0,0,0,0,0,0,0,0,0,0,0,0,0,0,0,0,0,0,0,0,0,0,0,0,0,0,0,0,0,0,0,0,0,0,0,0,0,0,0,0,0,0,0,0,0,0,0,0,0,0,0,0,0,0,0,0,0,0,0,0,0,0,0,0,0,0,0,0,0,0,0,0,0,0,0,0,0,0,0,0,0,0,0,0,0,0,0,0,0,0,0,0,0,0,0,0,0,0,0,0,0,0,
34523,0,0,0,0,0,0,0,0,0,0,0,0,0,0,0,0,0,0,0,0,0,0,0,0,0,0,0,0,0,0,0,0,0,0,0,0,0,0,0,0,0,0,0,0,0,0,0,0,0,0,0,0,0,0,0,0,0,0,0,0,0,0,0,0,0,0,0,0,0,0,0,0,0,0,0,0,0,0,0,0,0,0,0,0,0,0,0,0,0,0,0,0,0,0,0,0,0,0,0,0,0,0,0,0,0,0,0,0,0,0,0,0,0,0,0,0,0,0,0,0,0,0,0,0,0,0,0,0,0,0,0,0,0,0,0,0,0,0,0,0,0,0,0,0,0,0,0,0,0,0,0,0,0,0,0,0,0,0,0,0,0,0,0,0,0,0,0,0,0,0,0,0,0,0,0,0,0,0,0,0,0,0,0,0,0,0,0,0,0,0,0,0,0,0,0,0,0,0,0,0,0,0,0,0,0,0,0,0,0,0,0,0,0,0,0,0,0,0,0,0,0,0,0,0,0,0,0,0,0,0,0,0,0,0,0,0,0,0,0,0,0,0,0,0,0,0,0,0,0,0,0,0,0,0,0,0,0,0,0,0,0,0,0,0,0,0,0,0,0,0,0,0,0,0,0,0,0,0,0,0,0,0,0,0,0,0,0,0,0,0,0,0,0,0,0,0,0,0,0,0,0,0,0,0,0,0,0,0,0,0,0,0,0,0,0,0,0,0,0,0,0,0,0,0,0,0,0,0,0,0,0,0,0,0,0,0,0,0,0,0,0,0,0,0,0,0,0,0,0,0,0,0,0,0,0,0,0,0,0,0,0,0,0,0,0,0,0,0,0,0,0,0,0,0,0,0,0,0,0,0,0,0,0,0,0,0,0,0,0,0,0,0,0,0,0,0,0,0,0,0,0,0,0,0,0,0,0,0,0,0,0,0,0,0,0,0,0,0,0,0,0,0,0,0,0,0,0,0,0,0,0,0,0,0,0,0,0,0,0,0,0,0,0,0,0,0,0,0,0,0,0,0,0,0,0,0,0,0,0,0,0,0,0,0,0,0,0,0,0,0,0,0,0,0,0,0,0,0,0,0,0,0,0,0,0,0,0,0,0,0,0,0,0,0,0,0,0,0,0,0,0,0,0,0,0,0,0,0,0,0,0,0,0,0,0,0,0,0,0,0,0,0,0,0,0,0,0,0,0,0,0,0,0,0,0,0,0,0,0,0,0,0,0,0,0,
34524,0,0,0,0,0,0,0,0,0,0,0,0,0,0,0,0,0,0,0,0,0,0,0,0,0,0,0,0,0,0,0,0,0,0,0,0,0,0,0,0,0,0,0,0,0,0,0,0,0,0,0,0,0,0,0,0,0,0,0,0,0,0,0,0,0,0,0,0,0,0,0,0,0,0,0,0,0,0,0,0,0,0,0,0,0,0,0,0,0,0,0,0,0,0,0,0,0,0,0,0,0,0,0,0,0,0,0,0,0,0,0,0,0,0,0,0,0,0,0,0,0,0,0,0,0,0,0,0,0,0,0,0,0,0,0,0,0,0,0,0,0,0,0,0,0,0,0,0,0,0,0,0,0,0,0,0,0,0,0,0,0,0,0,0,0,0,0,0,0,0,0,0,0,0,0,0,0,0,0,0,0,0,0,0,0,0,0,0,0,0,0,0,0,0,0,0,0,0,0,0,0,0,0,0,0,0,0,0,0,0,0,0,0,0,0,0,0,0,0,0,0,0,0,0,0,0,0,0,0,0,0,0,0,0,0,0,0,0,0,0,0,0,0,0,0,0,0,0,0,0,0,0,0,0,0,0,0,0,0,0,0,0,0,0,0,0,0,0,0,0,0,0,0,0,0,0,0,0,0,0,0,0,0,0,0,0,0,0,0,0,0,0,0,0,0,0,0,0,0,0,0,0,0,0,0,0,0,0,0,0,0,0,0,0,0,0,0,0,0,0,0,0,0,0,0,0,0,0,0,0,0,0,0,0,0,0,0,0,0,0,0,0,0,0,0,0,0,0,0,0,0,0,0,0,0,0,0,0,0,0,0,0,0,0,0,0,0,0,0,0,0,0,0,0,0,0,0,0,0,0,0,0,0,0,0,0,0,0,0,0,0,0,0,0,0,0,0,0,0,0,0,0,0,0,0,0,0,0,0,0,0,0,0,0,0,0,0,0,0,0,0,0,0,0,0,0,0,0,0,0,0,0,0,0,0,0,0,0,0,0,0,0,0,0,0,0,0,0,0,0,0,0,0,0,0,0,0,0,0,0,0,0,0,0,0,0,0,0,0,0,0,0,0,0,0,0,0,0,0,0,0,0,0,0,0,0,0,0,0,0,0,0,0,0,0,0,0,0,0,0,0,0,0,0,0,0,0,0,0,0,0,0,0,0,0,0,0,0,0,0,0,0,0,0,0,0,0,0,0,0,0,0,0,0,0,0,0,0,0,0,0,0,0,0,0,
34525,0,0,0,0,0,0,0,0,0,0,0,0,0,0,0,0,0,0,0,0,0,0,0,0,0,0,0,0,0,0,0,0,0,0,0,0,0,0,0,0,0,0,0,0,0,0,0,0,0,0,0,0,0,0,0,0,0,0,0,0,0,0,0,0,0,0,0,0,0,0,0,0,0,0,0,0,0,0,0,0,0,0,0,0,0,0,0,0,0,0,0,0,0,0,0,0,0,0,0,0,0,0,0,0,0,0,0,0,0,0,0,0,0,0,0,0,0,0,0,0,0,0,0,0,0,0,0,0,0,0,0,0,0,0,0,0,0,0,0,0,0,0,0,0,0,0,0,0,0,0,0,0,0,0,0,0,0,0,0,0,0,0,0,0,0,0,0,0,0,0,0,0,0,0,0,0,0,0,0,0,0,0,0,0,0,0,0,0,0,0,0,0,0,0,0,0,0,0,0,0,0,0,0,0,0,0,0,0,0,0,0,0,0,0,0,0,0,0,0,0,0,0,0,0,0,0,0,0,0,0,0,0,0,0,0,0,0,0,0,0,0,0,0,0,0,0,0,0,0,0,0,0,0,0,0,0,0,0,0,0,0,0,0,0,0,0,0,0,0,0,0,0,0,0,0,0,0,0,0,0,0,0,0,0,0,0,0,0,0,0,0,0,0,0,0,0,0,0,0,0,0,0,0,0,0,0,0,0,0,0,0,0,0,0,0,0,0,0,0,0,0,0,0,0,0,0,0,0,0,0,0,0,0,0,0,0,0,0,0,0,0,0,0,0,0,0,0,0,0,0,0,0,0,0,0,0,0,0,0,0,0,0,0,0,0,0,0,0,0,0,0,0,0,0,0,0,0,0,0,0,0,0,0,0,0,0,0,0,0,0,0,0,0,0,0,0,0,0,0,0,0,0,0,0,0,0,0,0,0,0,0,0,0,0,0,0,0,0,0,0,0,0,0,0,0,0,0,0,0,0,0,0,0,0,0,0,0,0,0,0,0,0,0,0,0,0,0,0,0,0,0,0,0,0,0,0,0,0,0,0,0,0,0,0,0,0,0,0,0,0,0,0,0,0,0,0,0,0,0,0,0,0,0,0,0,0,0,0,0,0,0,0,0,0,0,0,0,0,0,0,0,0,0,0,0,0,0,0,0,0,0,0,0,0,0,0,0,0,0,0,0,0,0,0,0,0,0,0,0,0,0,0,0,0,0,0,0,0,0,0,0,0,0,0,0,
34526,0,0,0,0,0,0,0,0,0,0,0,0,0,0,0,0,0,0,0,0,0,0,0,0,0,0,0,0,0,0,0,0,0,0,0,0,0,0,0,0,0,0,0,0,0,0,0,0,0,0,0,0,0,0,0,0,0,0,0,0,0,0,0,0,0,0,0,0,0,0,0,0,0,0,0,0,0,0,0,0,0,0,0,0,0,0,0,0,0,0,0,0,0,0,0,0,0,0,0,0,0,0,0,0,0,0,0,0,0,0,0,0,0,0,0,0,0,0,0,0,0,0,0,0,0,0,0,0,0,0,0,0,0,0,0,0,0,0,0,0,0,0,0,0,0,0,0,0,0,0,0,0,0,0,0,0,0,0,0,0,0,0,0,0,0,0,0,0,0,0,0,0,0,0,0,0,0,0,0,0,0,0,0,0,0,0,0,0,0,0,0,0,0,0,0,0,0,0,0,0,0,0,0,0,0,0,0,0,0,0,0,0,0,0,0,0,0,0,0,0,0,0,0,0,0,0,0,0,0,0,0,0,0,0,0,0,0,0,0,0,0,0,0,0,0,0,0,0,0,0,0,0,0,0,0,0,0,0,0,0,0,0,0,0,0,0,0,0,0,0,0,0,0,0,0,0,0,0,0,0,0,0,0,0,0,0,0,0,0,0,0,0,0,0,0,0,0,0,0,0,0,0,0,0,0,0,0,0,0,0,0,0,0,0,0,0,0,0,0,0,0,0,0,0,0,0,0,0,0,0,0,0,0,0,0,0,0,0,0,0,0,0,0,0,0,0,0,0,0,0,0,0,0,0,0,0,0,0,0,0,0,0,0,0,0,0,0,0,0,0,0,0,0,0,0,0,0,0,0,0,0,0,0,0,0,0,0,0,0,0,0,0,0,0,0,0,0,0,0,0,0,0,0,0,0,0,0,0,0,0,0,0,0,0,0,0,0,0,0,0,0,0,0,0,0,0,0,0,0,0,0,0,0,0,0,0,0,0,0,0,0,0,0,0,0,0,0,0,0,0,0,0,0,0,0,0,0,0,0,0,0,0,0,0,0,0,0,0,0,0,0,0,0,0,0,0,0,0,0,0,0,0,0,0,0,0,0,0,0,0,0,0,0,0,0,0,0,0,0,0,0,0,0,0,0,0,0,0,0,0,0,0,0,0,0,0,0,0,0,0,0,0,0,0,0,0,0,0,0,0,0,0,0,0,0,0,0,0,0,0,0,0,0,0,0,
34527,0,0,0,0,0,0,0,0,0,0,0,0,0,0,0,0,0,0,0,0,0,0,0,0,0,0,0,0,0,0,0,0,0,0,0,0,0,0,0,0,0,0,0,0,0,0,0,0,0,0,0,0,0,0,0,0,0,0,0,0,0,0,0,0,0,0,0,0,0,0,0,0,0,0,0,0,0,0,0,0,0,0,0,0,0,0,0,0,0,0,0,0,0,0,0,0,0,0,0,0,0,0,0,0,0,0,0,0,0,0,0,0,0,0,0,0,0,0,0,0,0,0,0,0,0,0,0,0,0,0,0,0,0,0,0,0,0,0,0,0,0,0,0,0,0,0,0,0,0,0,0,0,0,0,0,0,0,0,0,0,0,0,0,0,0,0,0,0,0,0,0,0,0,0,0,0,0,0,0,0,0,0,0,0,0,0,0,0,0,0,0,0,0,0,0,0,0,0,0,0,0,0,0,0,0,0,0,0,0,0,0,0,0,0,0,0,0,0,0,0,0,0,0,0,0,0,0,0,0,0,0,0,0,0,0,0,0,0,0,0,0,0,0,0,0,0,0,0,0,0,0,0,0,0,0,0,0,0,0,0,0,0,0,0,0,0,0,0,0,0,0,0,0,0,0,0,0,0,0,0,0,0,0,0,0,0,0,0,0,0,0,0,0,0,0,0,0,0,0,0,0,0,0,0,0,0,0,0,0,0,0,0,0,0,0,0,0,0,0,0,0,0,0,0,0,0,0,0,0,0,0,0,0,0,0,0,0,0,0,0,0,0,0,0,0,0,0,0,0,0,0,0,0,0,0,0,0,0,0,0,0,0,0,0,0,0,0,0,0,0,0,0,0,0,0,0,0,0,0,0,0,0,0,0,0,0,0,0,0,0,0,0,0,0,0,0,0,0,0,0,0,0,0,0,0,0,0,0,0,0,0,0,0,0,0,0,0,0,0,0,0,0,0,0,0,0,0,0,0,0,0,0,0,0,0,0,0,0,0,0,0,0,0,0,0,0,0,0,0,0,0,0,0,0,0,0,0,0,0,0,0,0,0,0,0,0,0,0,0,0,0,0,0,0,0,0,0,0,0,0,0,0,0,0,0,0,0,0,0,0,0,0,0,0,0,0,0,0,0,0,0,0,0,0,0,0,0,0,0,0,0,0,0,0,0,0,0,0,0,0,0,0,0,0,0,0,0,0,0,0,0,0,0,0,0,0,0,0,0,0,0,0,0,0,0,
34528,0,0,0,0,0,0,0,0,0,0,0,0,0,0,0,0,0,0,0,0,0,0,0,0,0,0,0,0,0,0,0,0,0,0,0,0,0,0,0,0,0,0,0,0,0,0,0,0,0,0,0,0,0,0,0,0,0,0,0,0,0,0,0,0,0,0,0,0,0,0,0,0,0,0,0,0,0,0,0,0,0,0,0,0,0,0,0,0,0,0,0,0,0,0,0,0,0,0,0,0,0,0,0,0,0,0,0,0,0,0,0,0,0,0,0,0,0,0,0,0,0,0,0,0,0,0,0,0,0,0,0,0,0,0,0,0,0,0,0,0,0,0,0,0,0,0,0,0,0,0,0,0,0,0,0,0,0,0,0,0,0,0,0,0,0,0,0,0,0,0,0,0,0,0,0,0,0,0,0,0,0,0,0,0,0,0,0,0,0,0,0,0,0,0,0,0,0,0,0,0,0,0,0,0,0,0,0,0,0,0,0,0,0,0,0,0,0,0,0,0,0,0,0,0,0,0,0,0,0,0,0,0,0,0,0,0,0,0,0,0,0,0,0,0,0,0,0,0,0,0,0,0,0,0,0,0,0,0,0,0,0,0,0,0,0,0,0,0,0,0,0,0,0,0,0,0,0,0,0,0,0,0,0,0,0,0,0,0,0,0,0,0,0,0,0,0,0,0,0,0,0,0,0,0,0,0,0,0,0,0,0,0,0,0,0,0,0,0,0,0,0,0,0,0,0,0,0,0,0,0,0,0,0,0,0,0,0,0,0,0,0,0,0,0,0,0,0,0,0,0,0,0,0,0,0,0,0,0,0,0,0,0,0,0,0,0,0,0,0,0,0,0,0,0,0,0,0,0,0,0,0,0,0,0,0,0,0,0,0,0,0,0,0,0,0,0,0,0,0,0,0,0,0,0,0,0,0,0,0,0,0,0,0,0,0,0,0,0,0,0,0,0,0,0,0,0,0,0,0,0,0,0,0,0,0,0,0,0,0,0,0,0,0,0,0,0,0,0,0,0,0,0,0,0,0,0,0,0,0,0,0,0,0,0,0,0,0,0,0,0,0,0,0,0,0,0,0,0,0,0,0,0,0,0,0,0,0,0,0,0,0,0,0,0,0,0,0,0,0,0,0,0,0,0,0,0,0,0,0,0,0,0,0,0,0,0,0,0,0,0,0,0,0,0,0,0,0,0,0,0,0,0,0,0,0,0,0,0,0,0,0,0,0,0,0,
34529,0,0,0,0,0,0,0,0,0,0,0,0,0,0,0,0,0,0,0,0,0,0,0,0,0,0,0,0,0,0,0,0,0,0,0,0,0,0,0,0,0,0,0,0,0,0,0,0,0,0,0,0,0,0,0,0,0,0,0,0,0,0,0,0,0,0,0,0,0,0,0,0,0,0,0,0,0,0,0,0,0,0,0,0,0,0,0,0,0,0,0,0,0,0,0,0,0,0,0,0,0,0,0,0,0,0,0,0,0,0,0,0,0,0,0,0,0,0,0,0,0,0,0,0,0,0,0,0,0,0,0,0,0,0,0,0,0,0,0,0,0,0,0,0,0,0,0,0,0,0,0,0,0,0,0,0,0,0,0,0,0,0,0,0,0,0,0,0,0,0,0,0,0,0,0,0,0,0,0,0,0,0,0,0,0,0,0,0,0,0,0,0,0,0,0,0,0,0,0,0,0,0,0,0,0,0,0,0,0,0,0,0,0,0,0,0,0,0,0,0,0,0,0,0,0,0,0,0,0,0,0,0,0,0,0,0,0,0,0,0,0,0,0,0,0,0,0,0,0,0,0,0,0,0,0,0,0,0,0,0,0,0,0,0,0,0,0,0,0,0,0,0,0,0,0,0,0,0,0,0,0,0,0,0,0,0,0,0,0,0,0,0,0,0,0,0,0,0,0,0,0,0,0,0,0,0,0,0,0,0,0,0,0,0,0,0,0,0,0,0,0,0,0,0,0,0,0,0,0,0,0,0,0,0,0,0,0,0,0,0,0,0,0,0,0,0,0,0,0,0,0,0,0,0,0,0,0,0,0,0,0,0,0,0,0,0,0,0,0,0,0,0,0,0,0,0,0,0,0,0,0,0,0,0,0,0,0,0,0,0,0,0,0,0,0,0,0,0,0,0,0,0,0,0,0,0,0,0,0,0,0,0,0,0,0,0,0,0,0,0,0,0,0,0,0,0,0,0,0,0,0,0,0,0,0,0,0,0,0,0,0,0,0,0,0,0,0,0,0,0,0,0,0,0,0,0,0,0,0,0,0,0,0,0,0,0,0,0,0,0,0,0,0,0,0,0,0,0,0,0,0,0,0,0,0,0,0,0,0,0,0,0,0,0,0,0,0,0,0,0,0,0,0,0,0,0,0,0,0,0,0,0,0,0,0,0,0,0,0,0,0,0,0,0,0,0,0,0,0,0,0,0,0,0,0,0,0,0,0,0,0,0,0,0,0,
34530,0,0,0,0,0,0,0,0,0,0,0,0,0,0,0,0,0,0,0,0,0,0,0,0,0,0,0,0,0,0,0,0,0,0,0,0,0,0,0,0,0,0,0,0,0,0,0,0,0,0,0,0,0,0,0,0,0,0,0,0,0,0,0,0,0,0,0,0,0,0,0,0,0,0,0,0,0,0,0,0,0,0,0,0,0,0,0,0,0,0,0,0,0,0,0,0,0,0,0,0,0,0,0,0,0,0,0,0,0,0,0,0,0,0,0,0,0,0,0,0,0,0,0,0,0,0,0,0,0,0,0,0,0,0,0,0,0,0,0,0,0,0,0,0,0,0,0,0,0,0,0,0,0,0,0,0,0,0,0,0,0,0,0,0,0,0,0,0,0,0,0,0,0,0,0,0,0,0,0,0,0,0,0,0,0,0,0,0,0,0,0,0,0,0,0,0,0,0,0,0,0,0,0,0,0,0,0,0,0,0,0,0,0,0,0,0,0,0,0,0,0,0,0,0,0,0,0,0,0,0,0,0,0,0,0,0,0,0,0,0,0,0,0,0,0,0,0,0,0,0,0,0,0,0,0,0,0,0,0,0,0,0,0,0,0,0,0,0,0,0,0,0,0,0,0,0,0,0,0,0,0,0,0,0,0,0,0,0,0,0,0,0,0,0,0,0,0,0,0,0,0,0,0,0,0,0,0,0,0,0,0,0,0,0,0,0,0,0,0,0,0,0,0,0,0,0,0,0,0,0,0,0,0,0,0,0,0,0,0,0,0,0,0,0,0,0,0,0,0,0,0,0,0,0,0,0,0,0,0,0,0,0,0,0,0,0,0,0,0,0,0,0,0,0,0,0,0,0,0,0,0,0,0,0,0,0,0,0,0,0,0,0,0,0,0,0,0,0,0,0,0,0,0,0,0,0,0,0,0,0,0,0,0,0,0,0,0,0,0,0,0,0,0,0,0,0,0,0,0,0,0,0,0,0,0,0,0,0,0,0,0,0,0,0,0,0,0,0,0,0,0,0,0,0,0,0,0,0,0,0,0,0,0,0,0,0,0,0,0,0,0,0,0,0,0,0,0,0,0,0,0,0,0,0,0,0,0,0,0,0,0,0,0,0,0,0,0,0,0,0,0,0,0,0,0,0,0,0,0,0,0,0,0,0,0,0,0,0,0,0,0,0,0,0,0,0,0,0,0,0,0,0,0,0,0,0,0,0,0,0,0,0,0,0,0,
34531,0,0,0,0,0,0,0,0,0,0,0,0,0,0,0,0,0,0,0,0,0,0,0,0,0,0,0,0,0,0,0,0,0,0,0,0,0,0,0,0,0,0,0,0,0,0,0,0,0,0,0,0,0,0,0,0,0,0,0,0,0,0,0,0,0,0,0,0,0,0,0,0,0,0,0,0,0,0,0,0,0,0,0,0,0,0,0,0,0,0,0,0,0,0,0,0,0,0,0,0,0,0,0,0,0,0,0,0,0,0,0,0,0,0,0,0,0,0,0,0,0,0,0,0,0,0,0,0,0,0,0,0,0,0,0,0,0,0,0,0,0,0,0,0,0,0,0,0,0,0,0,0,0,0,0,0,0,0,0,0,0,0,0,0,0,0,0,0,0,0,0,0,0,0,0,0,0,0,0,0,0,0,0,0,0,0,0,0,0,0,0,0,0,0,0,0,0,0,0,0,0,0,0,0,0,0,0,0,0,0,0,0,0,0,0,0,0,0,0,0,0,0,0,0,0,0,0,0,0,0,0,0,0,0,0,0,0,0,0,0,0,0,0,0,0,0,0,0,0,0,0,0,0,0,0,0,0,0,0,0,0,0,0,0,0,0,0,0,0,0,0,0,0,0,0,0,0,0,0,0,0,0,0,0,0,0,0,0,0,0,0,0,0,0,0,0,0,0,0,0,0,0,0,0,0,0,0,0,0,0,0,0,0,0,0,0,0,0,0,0,0,0,0,0,0,0,0,0,0,0,0,0,0,0,0,0,0,0,0,0,0,0,0,0,0,0,0,0,0,0,0,0,0,0,0,0,0,0,0,0,0,0,0,0,0,0,0,0,0,0,0,0,0,0,0,0,0,0,0,0,0,0,0,0,0,0,0,0,0,0,0,0,0,0,0,0,0,0,0,0,0,0,0,0,0,0,0,0,0,0,0,0,0,0,0,0,0,0,0,0,0,0,0,0,0,0,0,0,0,0,0,0,0,0,0,0,0,0,0,0,0,0,0,0,0,0,0,0,0,0,0,0,0,0,0,0,0,0,0,0,0,0,0,0,0,0,0,0,0,0,0,0,0,0,0,0,0,0,0,0,0,0,0,0,0,0,0,0,0,0,0,0,0,0,0,0,0,0,0,0,0,0,0,0,0,0,0,0,0,0,0,0,0,0,0,0,0,0,0,0,0,0,0,0,0,0,0,0,0,0,0,0,0,0,0,0,0,0,0,0,0,0,0,0,0,
34532,0,0,0,0,0,0,0,0,0,0,0,0,0,0,0,0,0,0,0,0,0,0,0,0,0,0,0,0,0,0,0,0,0,0,0,0,0,0,0,0,0,0,0,0,0,0,0,0,0,0,0,0,0,0,0,0,0,0,0,0,0,0,0,0,0,0,0,0,0,0,0,0,0,0,0,0,0,0,0,0,0,0,0,0,0,0,0,0,0,0,0,0,0,0,0,0,0,0,0,0,0,0,0,0,0,0,0,0,0,0,0,0,0,0,0,0,0,0,0,0,0,0,0,0,0,0,0,0,0,0,0,0,0,0,0,0,0,0,0,0,0,0,0,0,0,0,0,0,0,0,0,0,0,0,0,0,0,0,0,0,0,0,0,0,0,0,0,0,0,0,0,0,0,0,0,0,0,0,0,0,0,0,0,0,0,0,0,0,0,0,0,0,0,0,0,0,0,0,0,0,0,0,0,0,0,0,0,0,0,0,0,0,0,0,0,0,0,0,0,0,0,0,0,0,0,0,0,0,0,0,0,0,0,0,0,0,0,0,0,0,0,0,0,0,0,0,0,0,0,0,0,0,0,0,0,0,0,0,0,0,0,0,0,0,0,0,0,0,0,0,0,0,0,0,0,0,0,0,0,0,0,0,0,0,0,0,0,0,0,0,0,0,0,0,0,0,0,0,0,0,0,0,0,0,0,0,0,0,0,0,0,0,0,0,0,0,0,0,0,0,0,0,0,0,0,0,0,0,0,0,0,0,0,0,0,0,0,0,0,0,0,0,0,0,0,0,0,0,0,0,0,0,0,0,0,0,0,0,0,0,0,0,0,0,0,0,0,0,0,0,0,0,0,0,0,0,0,0,0,0,0,0,0,0,0,0,0,0,0,0,0,0,0,0,0,0,0,0,0,0,0,0,0,0,0,0,0,0,0,0,0,0,0,0,0,0,0,0,0,0,0,0,0,0,0,0,0,0,0,0,0,0,0,0,0,0,0,0,0,0,0,0,0,0,0,0,0,0,0,0,0,0,0,0,0,0,0,0,0,0,0,0,0,0,0,0,0,0,0,0,0,0,0,0,0,0,0,0,0,0,0,0,0,0,0,0,0,0,0,0,0,0,0,0,0,0,0,0,0,0,0,0,0,0,0,0,0,0,0,0,0,0,0,0,0,0,0,0,0,0,0,0,0,0,0,0,0,0,0,0,0,0,0,0,0,0,0,0,0,0,0,0,0,0,0,
34533,0,0,0,0,0,0,0,0,0,0,0,0,0,0,0,0,0,0,0,0,0,0,0,0,0,0,0,0,0,0,0,0,0,0,0,0,0,0,0,0,0,0,0,0,0,0,0,0,0,0,0,0,0,0,0,0,0,0,0,0,0,0,0,0,0,0,0,0,0,0,0,0,0,0,0,0,0,0,0,0,0,0,0,0,0,0,0,0,0,0,0,0,0,0,0,0,0,0,0,0,0,0,0,0,0,0,0,0,0,0,0,0,0,0,0,0,0,0,0,0,0,0,0,0,0,0,0,0,0,0,0,0,0,0,0,0,0,0,0,0,0,0,0,0,0,0,0,0,0,0,0,0,0,0,0,0,0,0,0,0,0,0,0,0,0,0,0,0,0,0,0,0,0,0,0,0,0,0,0,0,0,0,0,0,0,0,0,0,0,0,0,0,0,0,0,0,0,0,0,0,0,0,0,0,0,0,0,0,0,0,0,0,0,0,0,0,0,0,0,0,0,0,0,0,0,0,0,0,0,0,0,0,0,0,0,0,0,0,0,0,0,0,0,0,0,0,0,0,0,0,0,0,0,0,0,0,0,0,0,0,0,0,0,0,0,0,0,0,0,0,0,0,0,0,0,0,0,0,0,0,0,0,0,0,0,0,0,0,0,0,0,0,0,0,0,0,0,0,0,0,0,0,0,0,0,0,0,0,0,0,0,0,0,0,0,0,0,0,0,0,0,0,0,0,0,0,0,0,0,0,0,0,0,0,0,0,0,0,0,0,0,0,0,0,0,0,0,0,0,0,0,0,0,0,0,0,0,0,0,0,0,0,0,0,0,0,0,0,0,0,0,0,0,0,0,0,0,0,0,0,0,0,0,0,0,0,0,0,0,0,0,0,0,0,0,0,0,0,0,0,0,0,0,0,0,0,0,0,0,0,0,0,0,0,0,0,0,0,0,0,0,0,0,0,0,0,0,0,0,0,0,0,0,0,0,0,0,0,0,0,0,0,0,0,0,0,0,0,0,0,0,0,0,0,0,0,0,0,0,0,0,0,0,0,0,0,0,0,0,0,0,0,0,0,0,0,0,0,0,0,0,0,0,0,0,0,0,0,0,0,0,0,0,0,0,0,0,0,0,0,0,0,0,0,0,0,0,0,0,0,0,0,0,0,0,0,0,0,0,0,0,0,0,0,0,0,0,0,0,0,0,0,0,0,0,0,0,0,0,0,0,0,0,0,0,
34600,0,0,0,0,0,0,0,0,0,0,0,0,0,0,0,0,0,0,0,0,0,0,0,0,0,0,0,0,0,0,0,0,0,0,0,0,0,0,0,0,0,0,0,0,0,0,0,0,0,0,0,0,0,0,0,0,0,0,0,0,0,0,0,0,0,0,0,0,0,0,0,0,0,0,0,0,0,0,0,0,0,0,0,0,0,0,0,0,0,0,0,0,0,0,0,0,0,0,0,0,0,0,0,0,0,0,0,0,0,0,0,0,0,0,0,0,0,0,0,0,0,0,0,0,0,0,0,0,0,0,0,0,0,0,0,0,0,0,0,0,0,0,0,0,0,0,0,0,0,0,0,0,0,0,0,0,0,0,0,0,0,0,0,0,0,0,0,0,0,0,0,0,0,0,0,0,0,0,0,0,0,0,0,0,0,0,0,0,0,0,0,0,0,0,0,0,0,0,0,0,0,0,0,0,0,0,0,0,0,0,0,0,0,0,0,0,0,0,0,0,0,0,0,0,0,0,0,0,0,0,0,0,0,0,0,0,0,0,0,0,0,0,0,0,0,0,0,0,0,0,0,0,0,0,0,0,0,0,0,0,0,0,0,0,0,0,0,0,0,0,0,0,0,0,0,0,0,0,0,0,0,0,0,0,0,0,0,0,0,0,0,0,0,0,0,0,0,0,0,0,0,0,0,0,0,0,0,0,0,0,0,0,0,0,0,0,0,0,0,0,0,0,0,0,0,0,0,0,0,0,0,0,0,0,0,0,0,0,0,0,0,0,0,0,0,0,0,0,0,0,0,0,0,0,0,0,0,0,0,0,0,0,0,0,0,0,0,0,0,0,0,0,0,0,0,0,0,0,0,0,0,0,0,0,0,0,0,0,0,0,0,0,0,0,0,0,0,0,0,0,0,0,0,0,0,0,0,0,0,0,0,0,0,0,0,0,0,0,0,0,0,0,0,0,0,0,0,0,0,0,0,0,0,0,0,0,0,0,0,0,0,0,0,0,0,0,0,0,0,0,0,0,0,0,0,0,0,0,0,0,0,0,0,0,0,0,0,0,0,0,0,0,0,0,0,0,0,0,0,0,0,0,0,0,0,0,0,0,0,0,0,0,0,0,0,0,0,0,0,0,0,0,0,0,0,0,0,0,0,0,0,0,0,0,0,0,0,0,0,0,0,0,0,0,0,0,0,0,0,0,0,0,0,0,0,0,0,0,0,0,0,0,0,0,0,
34601,0,0,0,0,0,0,0,0,0,0,0,0,0,0,0,0,0,0,0,0,0,0,0,0,0,0,0,0,0,0,0,0,0,0,0,0,0,0,0,0,0,0,0,0,0,0,0,0,0,0,0,0,0,0,0,0,0,0,0,0,0,0,0,0,0,0,0,0,0,0,0,0,0,0,0,0,0,0,0,0,0,0,0,0,0,0,0,0,0,0,0,0,0,0,0,0,0,0,0,0,0,0,0,0,0,0,0,0,0,0,0,0,0,0,0,0,0,0,0,0,0,0,0,0,0,0,0,0,0,0,0,0,0,0,0,0,0,0,0,0,0,0,0,0,0,0,0,0,0,0,0,0,0,0,0,0,0,0,0,0,0,0,0,0,0,0,0,0,0,0,0,0,0,0,0,0,0,0,0,0,0,0,0,0,0,0,0,0,0,0,0,0,0,0,0,0,0,0,0,0,0,0,0,0,0,0,0,0,0,0,0,0,0,0,0,0,0,0,0,0,0,0,0,0,0,0,0,0,0,0,0,0,0,0,0,0,0,0,0,0,0,0,0,0,0,0,0,0,0,0,0,0,0,0,0,0,0,0,0,0,0,0,0,0,0,0,0,0,0,0,0,0,0,0,0,0,0,0,0,0,0,0,0,0,0,0,0,0,0,0,0,0,0,0,0,0,0,0,0,0,0,0,0,0,0,0,0,0,0,0,0,0,0,0,0,0,0,0,0,0,0,0,0,0,0,0,0,0,0,0,0,0,0,0,0,0,0,0,0,0,0,0,0,0,0,0,0,0,0,0,0,0,0,0,0,0,0,0,0,0,0,0,0,0,0,0,0,0,0,0,0,0,0,0,0,0,0,0,0,0,0,0,0,0,0,0,0,0,0,0,0,0,0,0,0,0,0,0,0,0,0,0,0,0,0,0,0,0,0,0,0,0,0,0,0,0,0,0,0,0,0,0,0,0,0,0,0,0,0,0,0,0,0,0,0,0,0,0,0,0,0,0,0,0,0,0,0,0,0,0,0,0,0,0,0,0,0,0,0,0,0,0,0,0,0,0,0,0,0,0,0,0,0,0,0,0,0,0,0,0,0,0,0,0,0,0,0,0,0,0,0,0,0,0,0,0,0,0,0,0,0,0,0,0,0,0,0,0,0,0,0,0,0,0,0,0,0,0,0,0,0,0,0,0,0,0,0,0,0,0,0,0,0,0,0,0,0,0,0,0,0,0,0,0,0,
34602,0,0,0,0,0,0,0,0,0,0,0,0,0,0,0,0,0,0,0,0,0,0,0,0,0,0,0,0,0,0,0,0,0,0,0,0,0,0,0,0,0,0,0,0,0,0,0,0,0,0,0,0,0,0,0,0,0,0,0,0,0,0,0,0,0,0,0,0,0,0,0,0,0,0,0,0,0,0,0,0,0,0,0,0,0,0,0,0,0,0,0,0,0,0,0,0,0,0,0,0,0,0,0,0,0,0,0,0,0,0,0,0,0,0,0,0,0,0,0,0,0,0,0,0,0,0,0,0,0,0,0,0,0,0,0,0,0,0,0,0,0,0,0,0,0,0,0,0,0,0,0,0,0,0,0,0,0,0,0,0,0,0,0,0,0,0,0,0,0,0,0,0,0,0,0,0,0,0,0,0,0,0,0,0,0,0,0,0,0,0,0,0,0,0,0,0,0,0,0,0,0,0,0,0,0,0,0,0,0,0,0,0,0,0,0,0,0,0,0,0,0,0,0,0,0,0,0,0,0,0,0,0,0,0,0,0,0,0,0,0,0,0,0,0,0,0,0,0,0,0,0,0,0,0,0,0,0,0,0,0,0,0,0,0,0,0,0,0,0,0,0,0,0,0,0,0,0,0,0,0,0,0,0,0,0,0,0,0,0,0,0,0,0,0,0,0,0,0,0,0,0,0,0,0,0,0,0,0,0,0,0,0,0,0,0,0,0,0,0,0,0,0,0,0,0,0,0,0,0,0,0,0,0,0,0,0,0,0,0,0,0,0,0,0,0,0,0,0,0,0,0,0,0,0,0,0,0,0,0,0,0,0,0,0,0,0,0,0,0,0,0,0,0,0,0,0,0,0,0,0,0,0,0,0,0,0,0,0,0,0,0,0,0,0,0,0,0,0,0,0,0,0,0,0,0,0,0,0,0,0,0,0,0,0,0,0,0,0,0,0,0,0,0,0,0,0,0,0,0,0,0,0,0,0,0,0,0,0,0,0,0,0,0,0,0,0,0,0,0,0,0,0,0,0,0,0,0,0,0,0,0,0,0,0,0,0,0,0,0,0,0,0,0,0,0,0,0,0,0,0,0,0,0,0,0,0,0,0,0,0,0,0,0,0,0,0,0,0,0,0,0,0,0,0,0,0,0,0,0,0,0,0,0,0,0,0,0,0,0,0,0,0,0,0,0,0,0,0,0,0,0,0,0,0,0,0,0,0,0,0,0,0,0,0,0,
34603,0,0,0,0,0,0,0,0,0,0,0,0,0,0,0,0,0,0,0,0,0,0,0,0,0,0,0,0,0,0,0,0,0,0,0,0,0,0,0,0,0,0,0,0,0,0,0,0,0,0,0,0,0,0,0,0,0,0,0,0,0,0,0,0,0,0,0,0,0,0,0,0,0,0,0,0,0,0,0,0,0,0,0,0,0,0,0,0,0,0,0,0,0,0,0,0,0,0,0,0,0,0,0,0,0,0,0,0,0,0,0,0,0,0,0,0,0,0,0,0,0,0,0,0,0,0,0,0,0,0,0,0,0,0,0,0,0,0,0,0,0,0,0,0,0,0,0,0,0,0,0,0,0,0,0,0,0,0,0,0,0,0,0,0,0,0,0,0,0,0,0,0,0,0,0,0,0,0,0,0,0,0,0,0,0,0,0,0,0,0,0,0,0,0,0,0,0,0,0,0,0,0,0,0,0,0,0,0,0,0,0,0,0,0,0,0,0,0,0,0,0,0,0,0,0,0,0,0,0,0,0,0,0,0,0,0,0,0,0,0,0,0,0,0,0,0,0,0,0,0,0,0,0,0,0,0,0,0,0,0,0,0,0,0,0,0,0,0,0,0,0,0,0,0,0,0,0,0,0,0,0,0,0,0,0,0,0,0,0,0,0,0,0,0,0,0,0,0,0,0,0,0,0,0,0,0,0,0,0,0,0,0,0,0,0,0,0,0,0,0,0,0,0,0,0,0,0,0,0,0,0,0,0,0,0,0,0,0,0,0,0,0,0,0,0,0,0,0,0,0,0,0,0,0,0,0,0,0,0,0,0,0,0,0,0,0,0,0,0,0,0,0,0,0,0,0,0,0,0,0,0,0,0,0,0,0,0,0,0,0,0,0,0,0,0,0,0,0,0,0,0,0,0,0,0,0,0,0,0,0,0,0,0,0,0,0,0,0,0,0,0,0,0,0,0,0,0,0,0,0,0,0,0,0,0,0,0,0,0,0,0,0,0,0,0,0,0,0,0,0,0,0,0,0,0,0,0,0,0,0,0,0,0,0,0,0,0,0,0,0,0,0,0,0,0,0,0,0,0,0,0,0,0,0,0,0,0,0,0,0,0,0,0,0,0,0,0,0,0,0,0,0,0,0,0,0,0,0,0,0,0,0,0,0,0,0,0,0,0,0,0,0,0,0,0,0,0,0,0,0,0,0,0,0,0,0,0,0,0,0,0,0,0,0,0,
34604,0,0,0,0,0,0,0,0,0,0,0,0,0,0,0,0,0,0,0,0,0,0,0,0,0,0,0,0,0,0,0,0,0,0,0,0,0,0,0,0,0,0,0,0,0,0,0,0,0,0,0,0,0,0,0,0,0,0,0,0,0,0,0,0,0,0,0,0,0,0,0,0,0,0,0,0,0,0,0,0,0,0,0,0,0,0,0,0,0,0,0,0,0,0,0,0,0,0,0,0,0,0,0,0,0,0,0,0,0,0,0,0,0,0,0,0,0,0,0,0,0,0,0,0,0,0,0,0,0,0,0,0,0,0,0,0,0,0,0,0,0,0,0,0,0,0,0,0,0,0,0,0,0,0,0,0,0,0,0,0,0,0,0,0,0,0,0,0,0,0,0,0,0,0,0,0,0,0,0,0,0,0,0,0,0,0,0,0,0,0,0,0,0,0,0,0,0,0,0,0,0,0,0,0,0,0,0,0,0,0,0,0,0,0,0,0,0,0,0,0,0,0,0,0,0,0,0,0,0,0,0,0,0,0,0,0,0,0,0,0,0,0,0,0,0,0,0,0,0,0,0,0,0,0,0,0,0,0,0,0,0,0,0,0,0,0,0,0,0,0,0,0,0,0,0,0,0,0,0,0,0,0,0,0,0,0,0,0,0,0,0,0,0,0,0,0,0,0,0,0,0,0,0,0,0,0,0,0,0,0,0,0,0,0,0,0,0,0,0,0,0,0,0,0,0,0,0,0,0,0,0,0,0,0,0,0,0,0,0,0,0,0,0,0,0,0,0,0,0,0,0,0,0,0,0,0,0,0,0,0,0,0,0,0,0,0,0,0,0,0,0,0,0,0,0,0,0,0,0,0,0,0,0,0,0,0,0,0,0,0,0,0,0,0,0,0,0,0,0,0,0,0,0,0,0,0,0,0,0,0,0,0,0,0,0,0,0,0,0,0,0,0,0,0,0,0,0,0,0,0,0,0,0,0,0,0,0,0,0,0,0,0,0,0,0,0,0,0,0,0,0,0,0,0,0,0,0,0,0,0,0,0,0,0,0,0,0,0,0,0,0,0,0,0,0,0,0,0,0,0,0,0,0,0,0,0,0,0,0,0,0,0,0,0,0,0,0,0,0,0,0,0,0,0,0,0,0,0,0,0,0,0,0,0,0,0,0,0,0,0,0,0,0,0,0,0,0,0,0,0,0,0,0,0,0,0,0,0,0,0,0,0,0,0,0,
34605,0,0,0,0,0,0,0,0,0,0,0,0,0,0,0,0,0,0,0,0,0,0,0,0,0,0,0,0,0,0,0,0,0,0,0,0,0,0,0,0,0,0,0,0,0,0,0,0,0,0,0,0,0,0,0,0,0,0,0,0,0,0,0,0,0,0,0,0,0,0,0,0,0,0,0,0,0,0,0,0,0,0,0,0,0,0,0,0,0,0,0,0,0,0,0,0,0,0,0,0,0,0,0,0,0,0,0,0,0,0,0,0,0,0,0,0,0,0,0,0,0,0,0,0,0,0,0,0,0,0,0,0,0,0,0,0,0,0,0,0,0,0,0,0,0,0,0,0,0,0,0,0,0,0,0,0,0,0,0,0,0,0,0,0,0,0,0,0,0,0,0,0,0,0,0,0,0,0,0,0,0,0,0,0,0,0,0,0,0,0,0,0,0,0,0,0,0,0,0,0,0,0,0,0,0,0,0,0,0,0,0,0,0,0,0,0,0,0,0,0,0,0,0,0,0,0,0,0,0,0,0,0,0,0,0,0,0,0,0,0,0,0,0,0,0,0,0,0,0,0,0,0,0,0,0,0,0,0,0,0,0,0,0,0,0,0,0,0,0,0,0,0,0,0,0,0,0,0,0,0,0,0,0,0,0,0,0,0,0,0,0,0,0,0,0,0,0,0,0,0,0,0,0,0,0,0,0,0,0,0,0,0,0,0,0,0,0,0,0,0,0,0,0,0,0,0,0,0,0,0,0,0,0,0,0,0,0,0,0,0,0,0,0,0,0,0,0,0,0,0,0,0,0,0,0,0,0,0,0,0,0,0,0,0,0,0,0,0,0,0,0,0,0,0,0,0,0,0,0,0,0,0,0,0,0,0,0,0,0,0,0,0,0,0,0,0,0,0,0,0,0,0,0,0,0,0,0,0,0,0,0,0,0,0,0,0,0,0,0,0,0,0,0,0,0,0,0,0,0,0,0,0,0,0,0,0,0,0,0,0,0,0,0,0,0,0,0,0,0,0,0,0,0,0,0,0,0,0,0,0,0,0,0,0,0,0,0,0,0,0,0,0,0,0,0,0,0,0,0,0,0,0,0,0,0,0,0,0,0,0,0,0,0,0,0,0,0,0,0,0,0,0,0,0,0,0,0,0,0,0,0,0,0,0,0,0,0,0,0,0,0,0,0,0,0,0,0,0,0,0,0,0,0,0,0,0,0,0,0,0,0,0,0,0,0,
34606,0,0,0,0,0,0,0,0,0,0,0,0,0,0,0,0,0,0,0,0,0,0,0,0,0,0,0,0,0,0,0,0,0,0,0,0,0,0,0,0,0,0,0,0,0,0,0,0,0,0,0,0,0,0,0,0,0,0,0,0,0,0,0,0,0,0,0,0,0,0,0,0,0,0,0,0,0,0,0,0,0,0,0,0,0,0,0,0,0,0,0,0,0,0,0,0,0,0,0,0,0,0,0,0,0,0,0,0,0,0,0,0,0,0,0,0,0,0,0,0,0,0,0,0,0,0,0,0,0,0,0,0,0,0,0,0,0,0,0,0,0,0,0,0,0,0,0,0,0,0,0,0,0,0,0,0,0,0,0,0,0,0,0,0,0,0,0,0,0,0,0,0,0,0,0,0,0,0,0,0,0,0,0,0,0,0,0,0,0,0,0,0,0,0,0,0,0,0,0,0,0,0,0,0,0,0,0,0,0,0,0,0,0,0,0,0,0,0,0,0,0,0,0,0,0,0,0,0,0,0,0,0,0,0,0,0,0,0,0,0,0,0,0,0,0,0,0,0,0,0,0,0,0,0,0,0,0,0,0,0,0,0,0,0,0,0,0,0,0,0,0,0,0,0,0,0,0,0,0,0,0,0,0,0,0,0,0,0,0,0,0,0,0,0,0,0,0,0,0,0,0,0,0,0,0,0,0,0,0,0,0,0,0,0,0,0,0,0,0,0,0,0,0,0,0,0,0,0,0,0,0,0,0,0,0,0,0,0,0,0,0,0,0,0,0,0,0,0,0,0,0,0,0,0,0,0,0,0,0,0,0,0,0,0,0,0,0,0,0,0,0,0,0,0,0,0,0,0,0,0,0,0,0,0,0,0,0,0,0,0,0,0,0,0,0,0,0,0,0,0,0,0,0,0,0,0,0,0,0,0,0,0,0,0,0,0,0,0,0,0,0,0,0,0,0,0,0,0,0,0,0,0,0,0,0,0,0,0,0,0,0,0,0,0,0,0,0,0,0,0,0,0,0,0,0,0,0,0,0,0,0,0,0,0,0,0,0,0,0,0,0,0,0,0,0,0,0,0,0,0,0,0,0,0,0,0,0,0,0,0,0,0,0,0,0,0,0,0,0,0,0,0,0,0,0,0,0,0,0,0,0,0,0,0,0,0,0,0,0,0,0,0,0,0,0,0,0,0,0,0,0,0,0,0,0,0,0,0,0,0,0,0,0,0,0,
34607,0,0,0,0,0,0,0,0,0,0,0,0,0,0,0,0,0,0,0,0,0,0,0,0,0,0,0,0,0,0,0,0,0,0,0,0,0,0,0,0,0,0,0,0,0,0,0,0,0,0,0,0,0,0,0,0,0,0,0,0,0,0,0,0,0,0,0,0,0,0,0,0,0,0,0,0,0,0,0,0,0,0,0,0,0,0,0,0,0,0,0,0,0,0,0,0,0,0,0,0,0,0,0,0,0,0,0,0,0,0,0,0,0,0,0,0,0,0,0,0,0,0,0,0,0,0,0,0,0,0,0,0,0,0,0,0,0,0,0,0,0,0,0,0,0,0,0,0,0,0,0,0,0,0,0,0,0,0,0,0,0,0,0,0,0,0,0,0,0,0,0,0,0,0,0,0,0,0,0,0,0,0,0,0,0,0,0,0,0,0,0,0,0,0,0,0,0,0,0,0,0,0,0,0,0,0,0,0,0,0,0,0,0,0,0,0,0,0,0,0,0,0,0,0,0,0,0,0,0,0,0,0,0,0,0,0,0,0,0,0,0,0,0,0,0,0,0,0,0,0,0,0,0,0,0,0,0,0,0,0,0,0,0,0,0,0,0,0,0,0,0,0,0,0,0,0,0,0,0,0,0,0,0,0,0,0,0,0,0,0,0,0,0,0,0,0,0,0,0,0,0,0,0,0,0,0,0,0,0,0,0,0,0,0,0,0,0,0,0,0,0,0,0,0,0,0,0,0,0,0,0,0,0,0,0,0,0,0,0,0,0,0,0,0,0,0,0,0,0,0,0,0,0,0,0,0,0,0,0,0,0,0,0,0,0,0,0,0,0,0,0,0,0,0,0,0,0,0,0,0,0,0,0,0,0,0,0,0,0,0,0,0,0,0,0,0,0,0,0,0,0,0,0,0,0,0,0,0,0,0,0,0,0,0,0,0,0,0,0,0,0,0,0,0,0,0,0,0,0,0,0,0,0,0,0,0,0,0,0,0,0,0,0,0,0,0,0,0,0,0,0,0,0,0,0,0,0,0,0,0,0,0,0,0,0,0,0,0,0,0,0,0,0,0,0,0,0,0,0,0,0,0,0,0,0,0,0,0,0,0,0,0,0,0,0,0,0,0,0,0,0,0,0,0,0,0,0,0,0,0,0,0,0,0,0,0,0,0,0,0,0,0,0,0,0,0,0,0,0,0,0,0,0,0,0,0,0,0,0,0,0,0,0,0,0,
34608,0,0,0,0,0,0,0,0,0,0,0,0,0,0,0,0,0,0,0,0,0,0,0,0,0,0,0,0,0,0,0,0,0,0,0,0,0,0,0,0,0,0,0,0,0,0,0,0,0,0,0,0,0,0,0,0,0,0,0,0,0,0,0,0,0,0,0,0,0,0,0,0,0,0,0,0,0,0,0,0,0,0,0,0,0,0,0,0,0,0,0,0,0,0,0,0,0,0,0,0,0,0,0,0,0,0,0,0,0,0,0,0,0,0,0,0,0,0,0,0,0,0,0,0,0,0,0,0,0,0,0,0,0,0,0,0,0,0,0,0,0,0,0,0,0,0,0,0,0,0,0,0,0,0,0,0,0,0,0,0,0,0,0,0,0,0,0,0,0,0,0,0,0,0,0,0,0,0,0,0,0,0,0,0,0,0,0,0,0,0,0,0,0,0,0,0,0,0,0,0,0,0,0,0,0,0,0,0,0,0,0,0,0,0,0,0,0,0,0,0,0,0,0,0,0,0,0,0,0,0,0,0,0,0,0,0,0,0,0,0,0,0,0,0,0,0,0,0,0,0,0,0,0,0,0,0,0,0,0,0,0,0,0,0,0,0,0,0,0,0,0,0,0,0,0,0,0,0,0,0,0,0,0,0,0,0,0,0,0,0,0,0,0,0,0,0,0,0,0,0,0,0,0,0,0,0,0,0,0,0,0,0,0,0,0,0,0,0,0,0,0,0,0,0,0,0,0,0,0,0,0,0,0,0,0,0,0,0,0,0,0,0,0,0,0,0,0,0,0,0,0,0,0,0,0,0,0,0,0,0,0,0,0,0,0,0,0,0,0,0,0,0,0,0,0,0,0,0,0,0,0,0,0,0,0,0,0,0,0,0,0,0,0,0,0,0,0,0,0,0,0,0,0,0,0,0,0,0,0,0,0,0,0,0,0,0,0,0,0,0,0,0,0,0,0,0,0,0,0,0,0,0,0,0,0,0,0,0,0,0,0,0,0,0,0,0,0,0,0,0,0,0,0,0,0,0,0,0,0,0,0,0,0,0,0,0,0,0,0,0,0,0,0,0,0,0,0,0,0,0,0,0,0,0,0,0,0,0,0,0,0,0,0,0,0,0,0,0,0,0,0,0,0,0,0,0,0,0,0,0,0,0,0,0,0,0,0,0,0,0,0,0,0,0,0,0,0,0,0,0,0,0,0,0,0,0,0,0,0,0,0,0,0,0,0,
34609,0,0,0,0,0,0,0,0,0,0,0,0,0,0,0,0,0,0,0,0,0,0,0,0,0,0,0,0,0,0,0,0,0,0,0,0,0,0,0,0,0,0,0,0,0,0,0,0,0,0,0,0,0,0,0,0,0,0,0,0,0,0,0,0,0,0,0,0,0,0,0,0,0,0,0,0,0,0,0,0,0,0,0,0,0,0,0,0,0,0,0,0,0,0,0,0,0,0,0,0,0,0,0,0,0,0,0,0,0,0,0,0,0,0,0,0,0,0,0,0,0,0,0,0,0,0,0,0,0,0,0,0,0,0,0,0,0,0,0,0,0,0,0,0,0,0,0,0,0,0,0,0,0,0,0,0,0,0,0,0,0,0,0,0,0,0,0,0,0,0,0,0,0,0,0,0,0,0,0,0,0,0,0,0,0,0,0,0,0,0,0,0,0,0,0,0,0,0,0,0,0,0,0,0,0,0,0,0,0,0,0,0,0,0,0,0,0,0,0,0,0,0,0,0,0,0,0,0,0,0,0,0,0,0,0,0,0,0,0,0,0,0,0,0,0,0,0,0,0,0,0,0,0,0,0,0,0,0,0,0,0,0,0,0,0,0,0,0,0,0,0,0,0,0,0,0,0,0,0,0,0,0,0,0,0,0,0,0,0,0,0,0,0,0,0,0,0,0,0,0,0,0,0,0,0,0,0,0,0,0,0,0,0,0,0,0,0,0,0,0,0,0,0,0,0,0,0,0,0,0,0,0,0,0,0,0,0,0,0,0,0,0,0,0,0,0,0,0,0,0,0,0,0,0,0,0,0,0,0,0,0,0,0,0,0,0,0,0,0,0,0,0,0,0,0,0,0,0,0,0,0,0,0,0,0,0,0,0,0,0,0,0,0,0,0,0,0,0,0,0,0,0,0,0,0,0,0,0,0,0,0,0,0,0,0,0,0,0,0,0,0,0,0,0,0,0,0,0,0,0,0,0,0,0,0,0,0,0,0,0,0,0,0,0,0,0,0,0,0,0,0,0,0,0,0,0,0,0,0,0,0,0,0,0,0,0,0,0,0,0,0,0,0,0,0,0,0,0,0,0,0,0,0,0,0,0,0,0,0,0,0,0,0,0,0,0,0,0,0,0,0,0,0,0,0,0,0,0,0,0,0,0,0,0,0,0,0,0,0,0,0,0,0,0,0,0,0,0,0,0,0,0,0,0,0,0,0,0,0,0,0,0,0,0,0,
34610,0,0,0,0,0,0,0,0,0,0,0,0,0,0,0,0,0,0,0,0,0,0,0,0,0,0,0,0,0,0,0,0,0,0,0,0,0,0,0,0,0,0,0,0,0,0,0,0,0,0,0,0,0,0,0,0,0,0,0,0,0,0,0,0,0,0,0,0,0,0,0,0,0,0,0,0,0,0,0,0,0,0,0,0,0,0,0,0,0,0,0,0,0,0,0,0,0,0,0,0,0,0,0,0,0,0,0,0,0,0,0,0,0,0,0,0,0,0,0,0,0,0,0,0,0,0,0,0,0,0,0,0,0,0,0,0,0,0,0,0,0,0,0,0,0,0,0,0,0,0,0,0,0,0,0,0,0,0,0,0,0,0,0,0,0,0,0,0,0,0,0,0,0,0,0,0,0,0,0,0,0,0,0,0,0,0,0,0,0,0,0,0,0,0,0,0,0,0,0,0,0,0,0,0,0,0,0,0,0,0,0,0,0,0,0,0,0,0,0,0,0,0,0,0,0,0,0,0,0,0,0,0,0,0,0,0,0,0,0,0,0,0,0,0,0,0,0,0,0,0,0,0,0,0,0,0,0,0,0,0,0,0,0,0,0,0,0,0,0,0,0,0,0,0,0,0,0,0,0,0,0,0,0,0,0,0,0,0,0,0,0,0,0,0,0,0,0,0,0,0,0,0,0,0,0,0,0,0,0,0,0,0,0,0,0,0,0,0,0,0,0,0,0,0,0,0,0,0,0,0,0,0,0,0,0,0,0,0,0,0,0,0,0,0,0,0,0,0,0,0,0,0,0,0,0,0,0,0,0,0,0,0,0,0,0,0,0,0,0,0,0,0,0,0,0,0,0,0,0,0,0,0,0,0,0,0,0,0,0,0,0,0,0,0,0,0,0,0,0,0,0,0,0,0,0,0,0,0,0,0,0,0,0,0,0,0,0,0,0,0,0,0,0,0,0,0,0,0,0,0,0,0,0,0,0,0,0,0,0,0,0,0,0,0,0,0,0,0,0,0,0,0,0,0,0,0,0,0,0,0,0,0,0,0,0,0,0,0,0,0,0,0,0,0,0,0,0,0,0,0,0,0,0,0,0,0,0,0,0,0,0,0,0,0,0,0,0,0,0,0,0,0,0,0,0,0,0,0,0,0,0,0,0,0,0,0,0,0,0,0,0,0,0,0,0,0,0,0,0,0,0,0,0,0,0,0,0,0,0,0,0,0,0,0,0,
34611,0,0,0,0,0,0,0,0,0,0,0,0,0,0,0,0,0,0,0,0,0,0,0,0,0,0,0,0,0,0,0,0,0,0,0,0,0,0,0,0,0,0,0,0,0,0,0,0,0,0,0,0,0,0,0,0,0,0,0,0,0,0,0,0,0,0,0,0,0,0,0,0,0,0,0,0,0,0,0,0,0,0,0,0,0,0,0,0,0,0,0,0,0,0,0,0,0,0,0,0,0,0,0,0,0,0,0,0,0,0,0,0,0,0,0,0,0,0,0,0,0,0,0,0,0,0,0,0,0,0,0,0,0,0,0,0,0,0,0,0,0,0,0,0,0,0,0,0,0,0,0,0,0,0,0,0,0,0,0,0,0,0,0,0,0,0,0,0,0,0,0,0,0,0,0,0,0,0,0,0,0,0,0,0,0,0,0,0,0,0,0,0,0,0,0,0,0,0,0,0,0,0,0,0,0,0,0,0,0,0,0,0,0,0,0,0,0,0,0,0,0,0,0,0,0,0,0,0,0,0,0,0,0,0,0,0,0,0,0,0,0,0,0,0,0,0,0,0,0,0,0,0,0,0,0,0,0,0,0,0,0,0,0,0,0,0,0,0,0,0,0,0,0,0,0,0,0,0,0,0,0,0,0,0,0,0,0,0,0,0,0,0,0,0,0,0,0,0,0,0,0,0,0,0,0,0,0,0,0,0,0,0,0,0,0,0,0,0,0,0,0,0,0,0,0,0,0,0,0,0,0,0,0,0,0,0,0,0,0,0,0,0,0,0,0,0,0,0,0,0,0,0,0,0,0,0,0,0,0,0,0,0,0,0,0,0,0,0,0,0,0,0,0,0,0,0,0,0,0,0,0,0,0,0,0,0,0,0,0,0,0,0,0,0,0,0,0,0,0,0,0,0,0,0,0,0,0,0,0,0,0,0,0,0,0,0,0,0,0,0,0,0,0,0,0,0,0,0,0,0,0,0,0,0,0,0,0,0,0,0,0,0,0,0,0,0,0,0,0,0,0,0,0,0,0,0,0,0,0,0,0,0,0,0,0,0,0,0,0,0,0,0,0,0,0,0,0,0,0,0,0,0,0,0,0,0,0,0,0,0,0,0,0,0,0,0,0,0,0,0,0,0,0,0,0,0,0,0,0,0,0,0,0,0,0,0,0,0,0,0,0,0,0,0,0,0,0,0,0,0,0,0,0,0,0,0,0,0,0,0,0,0,0,0,0,
34612,0,0,0,0,0,0,0,0,0,0,0,0,0,0,0,0,0,0,0,0,0,0,0,0,0,0,0,0,0,0,0,0,0,0,0,0,0,0,0,0,0,0,0,0,0,0,0,0,0,0,0,0,0,0,0,0,0,0,0,0,0,0,0,0,0,0,0,0,0,0,0,0,0,0,0,0,0,0,0,0,0,0,0,0,0,0,0,0,0,0,0,0,0,0,0,0,0,0,0,0,0,0,0,0,0,0,0,0,0,0,0,0,0,0,0,0,0,0,0,0,0,0,0,0,0,0,0,0,0,0,0,0,0,0,0,0,0,0,0,0,0,0,0,0,0,0,0,0,0,0,0,0,0,0,0,0,0,0,0,0,0,0,0,0,0,0,0,0,0,0,0,0,0,0,0,0,0,0,0,0,0,0,0,0,0,0,0,0,0,0,0,0,0,0,0,0,0,0,0,0,0,0,0,0,0,0,0,0,0,0,0,0,0,0,0,0,0,0,0,0,0,0,0,0,0,0,0,0,0,0,0,0,0,0,0,0,0,0,0,0,0,0,0,0,0,0,0,0,0,0,0,0,0,0,0,0,0,0,0,0,0,0,0,0,0,0,0,0,0,0,0,0,0,0,0,0,0,0,0,0,0,0,0,0,0,0,0,0,0,0,0,0,0,0,0,0,0,0,0,0,0,0,0,0,0,0,0,0,0,0,0,0,0,0,0,0,0,0,0,0,0,0,0,0,0,0,0,0,0,0,0,0,0,0,0,0,0,0,0,0,0,0,0,0,0,0,0,0,0,0,0,0,0,0,0,0,0,0,0,0,0,0,0,0,0,0,0,0,0,0,0,0,0,0,0,0,0,0,0,0,0,0,0,0,0,0,0,0,0,0,0,0,0,0,0,0,0,0,0,0,0,0,0,0,0,0,0,0,0,0,0,0,0,0,0,0,0,0,0,0,0,0,0,0,0,0,0,0,0,0,0,0,0,0,0,0,0,0,0,0,0,0,0,0,0,0,0,0,0,0,0,0,0,0,0,0,0,0,0,0,0,0,0,0,0,0,0,0,0,0,0,0,0,0,0,0,0,0,0,0,0,0,0,0,0,0,0,0,0,0,0,0,0,0,0,0,0,0,0,0,0,0,0,0,0,0,0,0,0,0,0,0,0,0,0,0,0,0,0,0,0,0,0,0,0,0,0,0,0,0,0,0,0,0,0,0,0,0,0,0,0,0,0,0,0,
34613,0,0,0,0,0,0,0,0,0,0,0,0,0,0,0,0,0,0,0,0,0,0,0,0,0,0,0,0,0,0,0,0,0,0,0,0,0,0,0,0,0,0,0,0,0,0,0,0,0,0,0,0,0,0,0,0,0,0,0,0,0,0,0,0,0,0,0,0,0,0,0,0,0,0,0,0,0,0,0,0,0,0,0,0,0,0,0,0,0,0,0,0,0,0,0,0,0,0,0,0,0,0,0,0,0,0,0,0,0,0,0,0,0,0,0,0,0,0,0,0,0,0,0,0,0,0,0,0,0,0,0,0,0,0,0,0,0,0,0,0,0,0,0,0,0,0,0,0,0,0,0,0,0,0,0,0,0,0,0,0,0,0,0,0,0,0,0,0,0,0,0,0,0,0,0,0,0,0,0,0,0,0,0,0,0,0,0,0,0,0,0,0,0,0,0,0,0,0,0,0,0,0,0,0,0,0,0,0,0,0,0,0,0,0,0,0,0,0,0,0,0,0,0,0,0,0,0,0,0,0,0,0,0,0,0,0,0,0,0,0,0,0,0,0,0,0,0,0,0,0,0,0,0,0,0,0,0,0,0,0,0,0,0,0,0,0,0,0,0,0,0,0,0,0,0,0,0,0,0,0,0,0,0,0,0,0,0,0,0,0,0,0,0,0,0,0,0,0,0,0,0,0,0,0,0,0,0,0,0,0,0,0,0,0,0,0,0,0,0,0,0,0,0,0,0,0,0,0,0,0,0,0,0,0,0,0,0,0,0,0,0,0,0,0,0,0,0,0,0,0,0,0,0,0,0,0,0,0,0,0,0,0,0,0,0,0,0,0,0,0,0,0,0,0,0,0,0,0,0,0,0,0,0,0,0,0,0,0,0,0,0,0,0,0,0,0,0,0,0,0,0,0,0,0,0,0,0,0,0,0,0,0,0,0,0,0,0,0,0,0,0,0,0,0,0,0,0,0,0,0,0,0,0,0,0,0,0,0,0,0,0,0,0,0,0,0,0,0,0,0,0,0,0,0,0,0,0,0,0,0,0,0,0,0,0,0,0,0,0,0,0,0,0,0,0,0,0,0,0,0,0,0,0,0,0,0,0,0,0,0,0,0,0,0,0,0,0,0,0,0,0,0,0,0,0,0,0,0,0,0,0,0,0,0,0,0,0,0,0,0,0,0,0,0,0,0,0,0,0,0,0,0,0,0,0,0,0,0,0,0,0,0,0,0,0,
34614,0,0,0,0,0,0,0,0,0,0,0,0,0,0,0,0,0,0,0,0,0,0,0,0,0,0,0,0,0,0,0,0,0,0,0,0,0,0,0,0,0,0,0,0,0,0,0,0,0,0,0,0,0,0,0,0,0,0,0,0,0,0,0,0,0,0,0,0,0,0,0,0,0,0,0,0,0,0,0,0,0,0,0,0,0,0,0,0,0,0,0,0,0,0,0,0,0,0,0,0,0,0,0,0,0,0,0,0,0,0,0,0,0,0,0,0,0,0,0,0,0,0,0,0,0,0,0,0,0,0,0,0,0,0,0,0,0,0,0,0,0,0,0,0,0,0,0,0,0,0,0,0,0,0,0,0,0,0,0,0,0,0,0,0,0,0,0,0,0,0,0,0,0,0,0,0,0,0,0,0,0,0,0,0,0,0,0,0,0,0,0,0,0,0,0,0,0,0,0,0,0,0,0,0,0,0,0,0,0,0,0,0,0,0,0,0,0,0,0,0,0,0,0,0,0,0,0,0,0,0,0,0,0,0,0,0,0,0,0,0,0,0,0,0,0,0,0,0,0,0,0,0,0,0,0,0,0,0,0,0,0,0,0,0,0,0,0,0,0,0,0,0,0,0,0,0,0,0,0,0,0,0,0,0,0,0,0,0,0,0,0,0,0,0,0,0,0,0,0,0,0,0,0,0,0,0,0,0,0,0,0,0,0,0,0,0,0,0,0,0,0,0,0,0,0,0,0,0,0,0,0,0,0,0,0,0,0,0,0,0,0,0,0,0,0,0,0,0,0,0,0,0,0,0,0,0,0,0,0,0,0,0,0,0,0,0,0,0,0,0,0,0,0,0,0,0,0,0,0,0,0,0,0,0,0,0,0,0,0,0,0,0,0,0,0,0,0,0,0,0,0,0,0,0,0,0,0,0,0,0,0,0,0,0,0,0,0,0,0,0,0,0,0,0,0,0,0,0,0,0,0,0,0,0,0,0,0,0,0,0,0,0,0,0,0,0,0,0,0,0,0,0,0,0,0,0,0,0,0,0,0,0,0,0,0,0,0,0,0,0,0,0,0,0,0,0,0,0,0,0,0,0,0,0,0,0,0,0,0,0,0,0,0,0,0,0,0,0,0,0,0,0,0,0,0,0,0,0,0,0,0,0,0,0,0,0,0,0,0,0,0,0,0,0,0,0,0,0,0,0,0,0,0,0,0,0,0,0,0,0,0,0,0,0,0,
34615,0,0,0,0,0,0,0,0,0,0,0,0,0,0,0,0,0,0,0,0,0,0,0,0,0,0,0,0,0,0,0,0,0,0,0,0,0,0,0,0,0,0,0,0,0,0,0,0,0,0,0,0,0,0,0,0,0,0,0,0,0,0,0,0,0,0,0,0,0,0,0,0,0,0,0,0,0,0,0,0,0,0,0,0,0,0,0,0,0,0,0,0,0,0,0,0,0,0,0,0,0,0,0,0,0,0,0,0,0,0,0,0,0,0,0,0,0,0,0,0,0,0,0,0,0,0,0,0,0,0,0,0,0,0,0,0,0,0,0,0,0,0,0,0,0,0,0,0,0,0,0,0,0,0,0,0,0,0,0,0,0,0,0,0,0,0,0,0,0,0,0,0,0,0,0,0,0,0,0,0,0,0,0,0,0,0,0,0,0,0,0,0,0,0,0,0,0,0,0,0,0,0,0,0,0,0,0,0,0,0,0,0,0,0,0,0,0,0,0,0,0,0,0,0,0,0,0,0,0,0,0,0,0,0,0,0,0,0,0,0,0,0,0,0,0,0,0,0,0,0,0,0,0,0,0,0,0,0,0,0,0,0,0,0,0,0,0,0,0,0,0,0,0,0,0,0,0,0,0,0,0,0,0,0,0,0,0,0,0,0,0,0,0,0,0,0,0,0,0,0,0,0,0,0,0,0,0,0,0,0,0,0,0,0,0,0,0,0,0,0,0,0,0,0,0,0,0,0,0,0,0,0,0,0,0,0,0,0,0,0,0,0,0,0,0,0,0,0,0,0,0,0,0,0,0,0,0,0,0,0,0,0,0,0,0,0,0,0,0,0,0,0,0,0,0,0,0,0,0,0,0,0,0,0,0,0,0,0,0,0,0,0,0,0,0,0,0,0,0,0,0,0,0,0,0,0,0,0,0,0,0,0,0,0,0,0,0,0,0,0,0,0,0,0,0,0,0,0,0,0,0,0,0,0,0,0,0,0,0,0,0,0,0,0,0,0,0,0,0,0,0,0,0,0,0,0,0,0,0,0,0,0,0,0,0,0,0,0,0,0,0,0,0,0,0,0,0,0,0,0,0,0,0,0,0,0,0,0,0,0,0,0,0,0,0,0,0,0,0,0,0,0,0,0,0,0,0,0,0,0,0,0,0,0,0,0,0,0,0,0,0,0,0,0,0,0,0,0,0,0,0,0,0,0,0,0,0,0,0,0,0,0,0,0,0,
34616,0,0,0,0,0,0,0,0,0,0,0,0,0,0,0,0,0,0,0,0,0,0,0,0,0,0,0,0,0,0,0,0,0,0,0,0,0,0,0,0,0,0,0,0,0,0,0,0,0,0,0,0,0,0,0,0,0,0,0,0,0,0,0,0,0,0,0,0,0,0,0,0,0,0,0,0,0,0,0,0,0,0,0,0,0,0,0,0,0,0,0,0,0,0,0,0,0,0,0,0,0,0,0,0,0,0,0,0,0,0,0,0,0,0,0,0,0,0,0,0,0,0,0,0,0,0,0,0,0,0,0,0,0,0,0,0,0,0,0,0,0,0,0,0,0,0,0,0,0,0,0,0,0,0,0,0,0,0,0,0,0,0,0,0,0,0,0,0,0,0,0,0,0,0,0,0,0,0,0,0,0,0,0,0,0,0,0,0,0,0,0,0,0,0,0,0,0,0,0,0,0,0,0,0,0,0,0,0,0,0,0,0,0,0,0,0,0,0,0,0,0,0,0,0,0,0,0,0,0,0,0,0,0,0,0,0,0,0,0,0,0,0,0,0,0,0,0,0,0,0,0,0,0,0,0,0,0,0,0,0,0,0,0,0,0,0,0,0,0,0,0,0,0,0,0,0,0,0,0,0,0,0,0,0,0,0,0,0,0,0,0,0,0,0,0,0,0,0,0,0,0,0,0,0,0,0,0,0,0,0,0,0,0,0,0,0,0,0,0,0,0,0,0,0,0,0,0,0,0,0,0,0,0,0,0,0,0,0,0,0,0,0,0,0,0,0,0,0,0,0,0,0,0,0,0,0,0,0,0,0,0,0,0,0,0,0,0,0,0,0,0,0,0,0,0,0,0,0,0,0,0,0,0,0,0,0,0,0,0,0,0,0,0,0,0,0,0,0,0,0,0,0,0,0,0,0,0,0,0,0,0,0,0,0,0,0,0,0,0,0,0,0,0,0,0,0,0,0,0,0,0,0,0,0,0,0,0,0,0,0,0,0,0,0,0,0,0,0,0,0,0,0,0,0,0,0,0,0,0,0,0,0,0,0,0,0,0,0,0,0,0,0,0,0,0,0,0,0,0,0,0,0,0,0,0,0,0,0,0,0,0,0,0,0,0,0,0,0,0,0,0,0,0,0,0,0,0,0,0,0,0,0,0,0,0,0,0,0,0,0,0,0,0,0,0,0,0,0,0,0,0,0,0,0,0,0,0,0,0,0,0,0,0,0,0,
34617,0,0,0,0,0,0,0,0,0,0,0,0,0,0,0,0,0,0,0,0,0,0,0,0,0,0,0,0,0,0,0,0,0,0,0,0,0,0,0,0,0,0,0,0,0,0,0,0,0,0,0,0,0,0,0,0,0,0,0,0,0,0,0,0,0,0,0,0,0,0,0,0,0,0,0,0,0,0,0,0,0,0,0,0,0,0,0,0,0,0,0,0,0,0,0,0,0,0,0,0,0,0,0,0,0,0,0,0,0,0,0,0,0,0,0,0,0,0,0,0,0,0,0,0,0,0,0,0,0,0,0,0,0,0,0,0,0,0,0,0,0,0,0,0,0,0,0,0,0,0,0,0,0,0,0,0,0,0,0,0,0,0,0,0,0,0,0,0,0,0,0,0,0,0,0,0,0,0,0,0,0,0,0,0,0,0,0,0,0,0,0,0,0,0,0,0,0,0,0,0,0,0,0,0,0,0,0,0,0,0,0,0,0,0,0,0,0,0,0,0,0,0,0,0,0,0,0,0,0,0,0,0,0,0,0,0,0,0,0,0,0,0,0,0,0,0,0,0,0,0,0,0,0,0,0,0,0,0,0,0,0,0,0,0,0,0,0,0,0,0,0,0,0,0,0,0,0,0,0,0,0,0,0,0,0,0,0,0,0,0,0,0,0,0,0,0,0,0,0,0,0,0,0,0,0,0,0,0,0,0,0,0,0,0,0,0,0,0,0,0,0,0,0,0,0,0,0,0,0,0,0,0,0,0,0,0,0,0,0,0,0,0,0,0,0,0,0,0,0,0,0,0,0,0,0,0,0,0,0,0,0,0,0,0,0,0,0,0,0,0,0,0,0,0,0,0,0,0,0,0,0,0,0,0,0,0,0,0,0,0,0,0,0,0,0,0,0,0,0,0,0,0,0,0,0,0,0,0,0,0,0,0,0,0,0,0,0,0,0,0,0,0,0,0,0,0,0,0,0,0,0,0,0,0,0,0,0,0,0,0,0,0,0,0,0,0,0,0,0,0,0,0,0,0,0,0,0,0,0,0,0,0,0,0,0,0,0,0,0,0,0,0,0,0,0,0,0,0,0,0,0,0,0,0,0,0,0,0,0,0,0,0,0,0,0,0,0,0,0,0,0,0,0,0,0,0,0,0,0,0,0,0,0,0,0,0,0,0,0,0,0,0,0,0,0,0,0,0,0,0,0,0,0,0,0,0,0,0,0,0,0,0,0,0,0,
34618,0,0,0,0,0,0,0,0,0,0,0,0,0,0,0,0,0,0,0,0,0,0,0,0,0,0,0,0,0,0,0,0,0,0,0,0,0,0,0,0,0,0,0,0,0,0,0,0,0,0,0,0,0,0,0,0,0,0,0,0,0,0,0,0,0,0,0,0,0,0,0,0,0,0,0,0,0,0,0,0,0,0,0,0,0,0,0,0,0,0,0,0,0,0,0,0,0,0,0,0,0,0,0,0,0,0,0,0,0,0,0,0,0,0,0,0,0,0,0,0,0,0,0,0,0,0,0,0,0,0,0,0,0,0,0,0,0,0,0,0,0,0,0,0,0,0,0,0,0,0,0,0,0,0,0,0,0,0,0,0,0,0,0,0,0,0,0,0,0,0,0,0,0,0,0,0,0,0,0,0,0,0,0,0,0,0,0,0,0,0,0,0,0,0,0,0,0,0,0,0,0,0,0,0,0,0,0,0,0,0,0,0,0,0,0,0,0,0,0,0,0,0,0,0,0,0,0,0,0,0,0,0,0,0,0,0,0,0,0,0,0,0,0,0,0,0,0,0,0,0,0,0,0,0,0,0,0,0,0,0,0,0,0,0,0,0,0,0,0,0,0,0,0,0,0,0,0,0,0,0,0,0,0,0,0,0,0,0,0,0,0,0,0,0,0,0,0,0,0,0,0,0,0,0,0,0,0,0,0,0,0,0,0,0,0,0,0,0,0,0,0,0,0,0,0,0,0,0,0,0,0,0,0,0,0,0,0,0,0,0,0,0,0,0,0,0,0,0,0,0,0,0,0,0,0,0,0,0,0,0,0,0,0,0,0,0,0,0,0,0,0,0,0,0,0,0,0,0,0,0,0,0,0,0,0,0,0,0,0,0,0,0,0,0,0,0,0,0,0,0,0,0,0,0,0,0,0,0,0,0,0,0,0,0,0,0,0,0,0,0,0,0,0,0,0,0,0,0,0,0,0,0,0,0,0,0,0,0,0,0,0,0,0,0,0,0,0,0,0,0,0,0,0,0,0,0,0,0,0,0,0,0,0,0,0,0,0,0,0,0,0,0,0,0,0,0,0,0,0,0,0,0,0,0,0,0,0,0,0,0,0,0,0,0,0,0,0,0,0,0,0,0,0,0,0,0,0,0,0,0,0,0,0,0,0,0,0,0,0,0,0,0,0,0,0,0,0,0,0,0,0,0,0,0,0,0,0,0,0,0,0,0,0,0,0,
34619,0,0,0,0,0,0,0,0,0,0,0,0,0,0,0,0,0,0,0,0,0,0,0,0,0,0,0,0,0,0,0,0,0,0,0,0,0,0,0,0,0,0,0,0,0,0,0,0,0,0,0,0,0,0,0,0,0,0,0,0,0,0,0,0,0,0,0,0,0,0,0,0,0,0,0,0,0,0,0,0,0,0,0,0,0,0,0,0,0,0,0,0,0,0,0,0,0,0,0,0,0,0,0,0,0,0,0,0,0,0,0,0,0,0,0,0,0,0,0,0,0,0,0,0,0,0,0,0,0,0,0,0,0,0,0,0,0,0,0,0,0,0,0,0,0,0,0,0,0,0,0,0,0,0,0,0,0,0,0,0,0,0,0,0,0,0,0,0,0,0,0,0,0,0,0,0,0,0,0,0,0,0,0,0,0,0,0,0,0,0,0,0,0,0,0,0,0,0,0,0,0,0,0,0,0,0,0,0,0,0,0,0,0,0,0,0,0,0,0,0,0,0,0,0,0,0,0,0,0,0,0,0,0,0,0,0,0,0,0,0,0,0,0,0,0,0,0,0,0,0,0,0,0,0,0,0,0,0,0,0,0,0,0,0,0,0,0,0,0,0,0,0,0,0,0,0,0,0,0,0,0,0,0,0,0,0,0,0,0,0,0,0,0,0,0,0,0,0,0,0,0,0,0,0,0,0,0,0,0,0,0,0,0,0,0,0,0,0,0,0,0,0,0,0,0,0,0,0,0,0,0,0,0,0,0,0,0,0,0,0,0,0,0,0,0,0,0,0,0,0,0,0,0,0,0,0,0,0,0,0,0,0,0,0,0,0,0,0,0,0,0,0,0,0,0,0,0,0,0,0,0,0,0,0,0,0,0,0,0,0,0,0,0,0,0,0,0,0,0,0,0,0,0,0,0,0,0,0,0,0,0,0,0,0,0,0,0,0,0,0,0,0,0,0,0,0,0,0,0,0,0,0,0,0,0,0,0,0,0,0,0,0,0,0,0,0,0,0,0,0,0,0,0,0,0,0,0,0,0,0,0,0,0,0,0,0,0,0,0,0,0,0,0,0,0,0,0,0,0,0,0,0,0,0,0,0,0,0,0,0,0,0,0,0,0,0,0,0,0,0,0,0,0,0,0,0,0,0,0,0,0,0,0,0,0,0,0,0,0,0,0,0,0,0,0,0,0,0,0,0,0,0,0,0,0,0,0,0,0,0,0,0,0,0,0,
34620,0,0,0,0,0,0,0,0,0,0,0,0,0,0,0,0,0,0,0,0,0,0,0,0,0,0,0,0,0,0,0,0,0,0,0,0,0,0,0,0,0,0,0,0,0,0,0,0,0,0,0,0,0,0,0,0,0,0,0,0,0,0,0,0,0,0,0,0,0,0,0,0,0,0,0,0,0,0,0,0,0,0,0,0,0,0,0,0,0,0,0,0,0,0,0,0,0,0,0,0,0,0,0,0,0,0,0,0,0,0,0,0,0,0,0,0,0,0,0,0,0,0,0,0,0,0,0,0,0,0,0,0,0,0,0,0,0,0,0,0,0,0,0,0,0,0,0,0,0,0,0,0,0,0,0,0,0,0,0,0,0,0,0,0,0,0,0,0,0,0,0,0,0,0,0,0,0,0,0,0,0,0,0,0,0,0,0,0,0,0,0,0,0,0,0,0,0,0,0,0,0,0,0,0,0,0,0,0,0,0,0,0,0,0,0,0,0,0,0,0,0,0,0,0,0,0,0,0,0,0,0,0,0,0,0,0,0,0,0,0,0,0,0,0,0,0,0,0,0,0,0,0,0,0,0,0,0,0,0,0,0,0,0,0,0,0,0,0,0,0,0,0,0,0,0,0,0,0,0,0,0,0,0,0,0,0,0,0,0,0,0,0,0,0,0,0,0,0,0,0,0,0,0,0,0,0,0,0,0,0,0,0,0,0,0,0,0,0,0,0,0,0,0,0,0,0,0,0,0,0,0,0,0,0,0,0,0,0,0,0,0,0,0,0,0,0,0,0,0,0,0,0,0,0,0,0,0,0,0,0,0,0,0,0,0,0,0,0,0,0,0,0,0,0,0,0,0,0,0,0,0,0,0,0,0,0,0,0,0,0,0,0,0,0,0,0,0,0,0,0,0,0,0,0,0,0,0,0,0,0,0,0,0,0,0,0,0,0,0,0,0,0,0,0,0,0,0,0,0,0,0,0,0,0,0,0,0,0,0,0,0,0,0,0,0,0,0,0,0,0,0,0,0,0,0,0,0,0,0,0,0,0,0,0,0,0,0,0,0,0,0,0,0,0,0,0,0,0,0,0,0,0,0,0,0,0,0,0,0,0,0,0,0,0,0,0,0,0,0,0,0,0,0,0,0,0,0,0,0,0,0,0,0,0,0,0,0,0,0,0,0,0,0,0,0,0,0,0,0,0,0,0,0,0,0,0,0,0,0,0,0,0,0,0,0,
34621,0,0,0,0,0,0,0,0,0,0,0,0,0,0,0,0,0,0,0,0,0,0,0,0,0,0,0,0,0,0,0,0,0,0,0,0,0,0,0,0,0,0,0,0,0,0,0,0,0,0,0,0,0,0,0,0,0,0,0,0,0,0,0,0,0,0,0,0,0,0,0,0,0,0,0,0,0,0,0,0,0,0,0,0,0,0,0,0,0,0,0,0,0,0,0,0,0,0,0,0,0,0,0,0,0,0,0,0,0,0,0,0,0,0,0,0,0,0,0,0,0,0,0,0,0,0,0,0,0,0,0,0,0,0,0,0,0,0,0,0,0,0,0,0,0,0,0,0,0,0,0,0,0,0,0,0,0,0,0,0,0,0,0,0,0,0,0,0,0,0,0,0,0,0,0,0,0,0,0,0,0,0,0,0,0,0,0,0,0,0,0,0,0,0,0,0,0,0,0,0,0,0,0,0,0,0,0,0,0,0,0,0,0,0,0,0,0,0,0,0,0,0,0,0,0,0,0,0,0,0,0,0,0,0,0,0,0,0,0,0,0,0,0,0,0,0,0,0,0,0,0,0,0,0,0,0,0,0,0,0,0,0,0,0,0,0,0,0,0,0,0,0,0,0,0,0,0,0,0,0,0,0,0,0,0,0,0,0,0,0,0,0,0,0,0,0,0,0,0,0,0,0,0,0,0,0,0,0,0,0,0,0,0,0,0,0,0,0,0,0,0,0,0,0,0,0,0,0,0,0,0,0,0,0,0,0,0,0,0,0,0,0,0,0,0,0,0,0,0,0,0,0,0,0,0,0,0,0,0,0,0,0,0,0,0,0,0,0,0,0,0,0,0,0,0,0,0,0,0,0,0,0,0,0,0,0,0,0,0,0,0,0,0,0,0,0,0,0,0,0,0,0,0,0,0,0,0,0,0,0,0,0,0,0,0,0,0,0,0,0,0,0,0,0,0,0,0,0,0,0,0,0,0,0,0,0,0,0,0,0,0,0,0,0,0,0,0,0,0,0,0,0,0,0,0,0,0,0,0,0,0,0,0,0,0,0,0,0,0,0,0,0,0,0,0,0,0,0,0,0,0,0,0,0,0,0,0,0,0,0,0,0,0,0,0,0,0,0,0,0,0,0,0,0,0,0,0,0,0,0,0,0,0,0,0,0,0,0,0,0,0,0,0,0,0,0,0,0,0,0,0,0,0,0,0,0,0,0,0,0,0,0,0,0,0,
34622,0,0,0,0,0,0,0,0,0,0,0,0,0,0,0,0,0,0,0,0,0,0,0,0,0,0,0,0,0,0,0,0,0,0,0,0,0,0,0,0,0,0,0,0,0,0,0,0,0,0,0,0,0,0,0,0,0,0,0,0,0,0,0,0,0,0,0,0,0,0,0,0,0,0,0,0,0,0,0,0,0,0,0,0,0,0,0,0,0,0,0,0,0,0,0,0,0,0,0,0,0,0,0,0,0,0,0,0,0,0,0,0,0,0,0,0,0,0,0,0,0,0,0,0,0,0,0,0,0,0,0,0,0,0,0,0,0,0,0,0,0,0,0,0,0,0,0,0,0,0,0,0,0,0,0,0,0,0,0,0,0,0,0,0,0,0,0,0,0,0,0,0,0,0,0,0,0,0,0,0,0,0,0,0,0,0,0,0,0,0,0,0,0,0,0,0,0,0,0,0,0,0,0,0,0,0,0,0,0,0,0,0,0,0,0,0,0,0,0,0,0,0,0,0,0,0,0,0,0,0,0,0,0,0,0,0,0,0,0,0,0,0,0,0,0,0,0,0,0,0,0,0,0,0,0,0,0,0,0,0,0,0,0,0,0,0,0,0,0,0,0,0,0,0,0,0,0,0,0,0,0,0,0,0,0,0,0,0,0,0,0,0,0,0,0,0,0,0,0,0,0,0,0,0,0,0,0,0,0,0,0,0,0,0,0,0,0,0,0,0,0,0,0,0,0,0,0,0,0,0,0,0,0,0,0,0,0,0,0,0,0,0,0,0,0,0,0,0,0,0,0,0,0,0,0,0,0,0,0,0,0,0,0,0,0,0,0,0,0,0,0,0,0,0,0,0,0,0,0,0,0,0,0,0,0,0,0,0,0,0,0,0,0,0,0,0,0,0,0,0,0,0,0,0,0,0,0,0,0,0,0,0,0,0,0,0,0,0,0,0,0,0,0,0,0,0,0,0,0,0,0,0,0,0,0,0,0,0,0,0,0,0,0,0,0,0,0,0,0,0,0,0,0,0,0,0,0,0,0,0,0,0,0,0,0,0,0,0,0,0,0,0,0,0,0,0,0,0,0,0,0,0,0,0,0,0,0,0,0,0,0,0,0,0,0,0,0,0,0,0,0,0,0,0,0,0,0,0,0,0,0,0,0,0,0,0,0,0,0,0,0,0,0,0,0,0,0,0,0,0,0,0,0,0,0,0,0,0,0,0,0,0,0,0,0,
34623,0,0,0,0,0,0,0,0,0,0,0,0,0,0,0,0,0,0,0,0,0,0,0,0,0,0,0,0,0,0,0,0,0,0,0,0,0,0,0,0,0,0,0,0,0,0,0,0,0,0,0,0,0,0,0,0,0,0,0,0,0,0,0,0,0,0,0,0,0,0,0,0,0,0,0,0,0,0,0,0,0,0,0,0,0,0,0,0,0,0,0,0,0,0,0,0,0,0,0,0,0,0,0,0,0,0,0,0,0,0,0,0,0,0,0,0,0,0,0,0,0,0,0,0,0,0,0,0,0,0,0,0,0,0,0,0,0,0,0,0,0,0,0,0,0,0,0,0,0,0,0,0,0,0,0,0,0,0,0,0,0,0,0,0,0,0,0,0,0,0,0,0,0,0,0,0,0,0,0,0,0,0,0,0,0,0,0,0,0,0,0,0,0,0,0,0,0,0,0,0,0,0,0,0,0,0,0,0,0,0,0,0,0,0,0,0,0,0,0,0,0,0,0,0,0,0,0,0,0,0,0,0,0,0,0,0,0,0,0,0,0,0,0,0,0,0,0,0,0,0,0,0,0,0,0,0,0,0,0,0,0,0,0,0,0,0,0,0,0,0,0,0,0,0,0,0,0,0,0,0,0,0,0,0,0,0,0,0,0,0,0,0,0,0,0,0,0,0,0,0,0,0,0,0,0,0,0,0,0,0,0,0,0,0,0,0,0,0,0,0,0,0,0,0,0,0,0,0,0,0,0,0,0,0,0,0,0,0,0,0,0,0,0,0,0,0,0,0,0,0,0,0,0,0,0,0,0,0,0,0,0,0,0,0,0,0,0,0,0,0,0,0,0,0,0,0,0,0,0,0,0,0,0,0,0,0,0,0,0,0,0,0,0,0,0,0,0,0,0,0,0,0,0,0,0,0,0,0,0,0,0,0,0,0,0,0,0,0,0,0,0,0,0,0,0,0,0,0,0,0,0,0,0,0,0,0,0,0,0,0,0,0,0,0,0,0,0,0,0,0,0,0,0,0,0,0,0,0,0,0,0,0,0,0,0,0,0,0,0,0,0,0,0,0,0,0,0,0,0,0,0,0,0,0,0,0,0,0,0,0,0,0,0,0,0,0,0,0,0,0,0,0,0,0,0,0,0,0,0,0,0,0,0,0,0,0,0,0,0,0,0,0,0,0,0,0,0,0,0,0,0,0,0,0,0,0,0,0,0,0,0,0,0,0,0,
34624,0,0,0,0,0,0,0,0,0,0,0,0,0,0,0,0,0,0,0,0,0,0,0,0,0,0,0,0,0,0,0,0,0,0,0,0,0,0,0,0,0,0,0,0,0,0,0,0,0,0,0,0,0,0,0,0,0,0,0,0,0,0,0,0,0,0,0,0,0,0,0,0,0,0,0,0,0,0,0,0,0,0,0,0,0,0,0,0,0,0,0,0,0,0,0,0,0,0,0,0,0,0,0,0,0,0,0,0,0,0,0,0,0,0,0,0,0,0,0,0,0,0,0,0,0,0,0,0,0,0,0,0,0,0,0,0,0,0,0,0,0,0,0,0,0,0,0,0,0,0,0,0,0,0,0,0,0,0,0,0,0,0,0,0,0,0,0,0,0,0,0,0,0,0,0,0,0,0,0,0,0,0,0,0,0,0,0,0,0,0,0,0,0,0,0,0,0,0,0,0,0,0,0,0,0,0,0,0,0,0,0,0,0,0,0,0,0,0,0,0,0,0,0,0,0,0,0,0,0,0,0,0,0,0,0,0,0,0,0,0,0,0,0,0,0,0,0,0,0,0,0,0,0,0,0,0,0,0,0,0,0,0,0,0,0,0,0,0,0,0,0,0,0,0,0,0,0,0,0,0,0,0,0,0,0,0,0,0,0,0,0,0,0,0,0,0,0,0,0,0,0,0,0,0,0,0,0,0,0,0,0,0,0,0,0,0,0,0,0,0,0,0,0,0,0,0,0,0,0,0,0,0,0,0,0,0,0,0,0,0,0,0,0,0,0,0,0,0,0,0,0,0,0,0,0,0,0,0,0,0,0,0,0,0,0,0,0,0,0,0,0,0,0,0,0,0,0,0,0,0,0,0,0,0,0,0,0,0,0,0,0,0,0,0,0,0,0,0,0,0,0,0,0,0,0,0,0,0,0,0,0,0,0,0,0,0,0,0,0,0,0,0,0,0,0,0,0,0,0,0,0,0,0,0,0,0,0,0,0,0,0,0,0,0,0,0,0,0,0,0,0,0,0,0,0,0,0,0,0,0,0,0,0,0,0,0,0,0,0,0,0,0,0,0,0,0,0,0,0,0,0,0,0,0,0,0,0,0,0,0,0,0,0,0,0,0,0,0,0,0,0,0,0,0,0,0,0,0,0,0,0,0,0,0,0,0,0,0,0,0,0,0,0,0,0,0,0,0,0,0,0,0,0,0,0,0,0,0,0,0,0,0,0,0,0,
34625,0,0,0,0,0,0,0,0,0,0,0,0,0,0,0,0,0,0,0,0,0,0,0,0,0,0,0,0,0,0,0,0,0,0,0,0,0,0,0,0,0,0,0,0,0,0,0,0,0,0,0,0,0,0,0,0,0,0,0,0,0,0,0,0,0,0,0,0,0,0,0,0,0,0,0,0,0,0,0,0,0,0,0,0,0,0,0,0,0,0,0,0,0,0,0,0,0,0,0,0,0,0,0,0,0,0,0,0,0,0,0,0,0,0,0,0,0,0,0,0,0,0,0,0,0,0,0,0,0,0,0,0,0,0,0,0,0,0,0,0,0,0,0,0,0,0,0,0,0,0,0,0,0,0,0,0,0,0,0,0,0,0,0,0,0,0,0,0,0,0,0,0,0,0,0,0,0,0,0,0,0,0,0,0,0,0,0,0,0,0,0,0,0,0,0,0,0,0,0,0,0,0,0,0,0,0,0,0,0,0,0,0,0,0,0,0,0,0,0,0,0,0,0,0,0,0,0,0,0,0,0,0,0,0,0,0,0,0,0,0,0,0,0,0,0,0,0,0,0,0,0,0,0,0,0,0,0,0,0,0,0,0,0,0,0,0,0,0,0,0,0,0,0,0,0,0,0,0,0,0,0,0,0,0,0,0,0,0,0,0,0,0,0,0,0,0,0,0,0,0,0,0,0,0,0,0,0,0,0,0,0,0,0,0,0,0,0,0,0,0,0,0,0,0,0,0,0,0,0,0,0,0,0,0,0,0,0,0,0,0,0,0,0,0,0,0,0,0,0,0,0,0,0,0,0,0,0,0,0,0,0,0,0,0,0,0,0,0,0,0,0,0,0,0,0,0,0,0,0,0,0,0,0,0,0,0,0,0,0,0,0,0,0,0,0,0,0,0,0,0,0,0,0,0,0,0,0,0,0,0,0,0,0,0,0,0,0,0,0,0,0,0,0,0,0,0,0,0,0,0,0,0,0,0,0,0,0,0,0,0,0,0,0,0,0,0,0,0,0,0,0,0,0,0,0,0,0,0,0,0,0,0,0,0,0,0,0,0,0,0,0,0,0,0,0,0,0,0,0,0,0,0,0,0,0,0,0,0,0,0,0,0,0,0,0,0,0,0,0,0,0,0,0,0,0,0,0,0,0,0,0,0,0,0,0,0,0,0,0,0,0,0,0,0,0,0,0,0,0,0,0,0,0,0,0,0,0,0,0,0,0,0,0,0,0,
34626,0,0,0,0,0,0,0,0,0,0,0,0,0,0,0,0,0,0,0,0,0,0,0,0,0,0,0,0,0,0,0,0,0,0,0,0,0,0,0,0,0,0,0,0,0,0,0,0,0,0,0,0,0,0,0,0,0,0,0,0,0,0,0,0,0,0,0,0,0,0,0,0,0,0,0,0,0,0,0,0,0,0,0,0,0,0,0,0,0,0,0,0,0,0,0,0,0,0,0,0,0,0,0,0,0,0,0,0,0,0,0,0,0,0,0,0,0,0,0,0,0,0,0,0,0,0,0,0,0,0,0,0,0,0,0,0,0,0,0,0,0,0,0,0,0,0,0,0,0,0,0,0,0,0,0,0,0,0,0,0,0,0,0,0,0,0,0,0,0,0,0,0,0,0,0,0,0,0,0,0,0,0,0,0,0,0,0,0,0,0,0,0,0,0,0,0,0,0,0,0,0,0,0,0,0,0,0,0,0,0,0,0,0,0,0,0,0,0,0,0,0,0,0,0,0,0,0,0,0,0,0,0,0,0,0,0,0,0,0,0,0,0,0,0,0,0,0,0,0,0,0,0,0,0,0,0,0,0,0,0,0,0,0,0,0,0,0,0,0,0,0,0,0,0,0,0,0,0,0,0,0,0,0,0,0,0,0,0,0,0,0,0,0,0,0,0,0,0,0,0,0,0,0,0,0,0,0,0,0,0,0,0,0,0,0,0,0,0,0,0,0,0,0,0,0,0,0,0,0,0,0,0,0,0,0,0,0,0,0,0,0,0,0,0,0,0,0,0,0,0,0,0,0,0,0,0,0,0,0,0,0,0,0,0,0,0,0,0,0,0,0,0,0,0,0,0,0,0,0,0,0,0,0,0,0,0,0,0,0,0,0,0,0,0,0,0,0,0,0,0,0,0,0,0,0,0,0,0,0,0,0,0,0,0,0,0,0,0,0,0,0,0,0,0,0,0,0,0,0,0,0,0,0,0,0,0,0,0,0,0,0,0,0,0,0,0,0,0,0,0,0,0,0,0,0,0,0,0,0,0,0,0,0,0,0,0,0,0,0,0,0,0,0,0,0,0,0,0,0,0,0,0,0,0,0,0,0,0,0,0,0,0,0,0,0,0,0,0,0,0,0,0,0,0,0,0,0,0,0,0,0,0,0,0,0,0,0,0,0,0,0,0,0,0,0,0,0,0,0,0,0,0,0,0,0,0,0,0,0,0,0,0,0,0,0,
34627,0,0,0,0,0,0,0,0,0,0,0,0,0,0,0,0,0,0,0,0,0,0,0,0,0,0,0,0,0,0,0,0,0,0,0,0,0,0,0,0,0,0,0,0,0,0,0,0,0,0,0,0,0,0,0,0,0,0,0,0,0,0,0,0,0,0,0,0,0,0,0,0,0,0,0,0,0,0,0,0,0,0,0,0,0,0,0,0,0,0,0,0,0,0,0,0,0,0,0,0,0,0,0,0,0,0,0,0,0,0,0,0,0,0,0,0,0,0,0,0,0,0,0,0,0,0,0,0,0,0,0,0,0,0,0,0,0,0,0,0,0,0,0,0,0,0,0,0,0,0,0,0,0,0,0,0,0,0,0,0,0,0,0,0,0,0,0,0,0,0,0,0,0,0,0,0,0,0,0,0,0,0,0,0,0,0,0,0,0,0,0,0,0,0,0,0,0,0,0,0,0,0,0,0,0,0,0,0,0,0,0,0,0,0,0,0,0,0,0,0,0,0,0,0,0,0,0,0,0,0,0,0,0,0,0,0,0,0,0,0,0,0,0,0,0,0,0,0,0,0,0,0,0,0,0,0,0,0,0,0,0,0,0,0,0,0,0,0,0,0,0,0,0,0,0,0,0,0,0,0,0,0,0,0,0,0,0,0,0,0,0,0,0,0,0,0,0,0,0,0,0,0,0,0,0,0,0,0,0,0,0,0,0,0,0,0,0,0,0,0,0,0,0,0,0,0,0,0,0,0,0,0,0,0,0,0,0,0,0,0,0,0,0,0,0,0,0,0,0,0,0,0,0,0,0,0,0,0,0,0,0,0,0,0,0,0,0,0,0,0,0,0,0,0,0,0,0,0,0,0,0,0,0,0,0,0,0,0,0,0,0,0,0,0,0,0,0,0,0,0,0,0,0,0,0,0,0,0,0,0,0,0,0,0,0,0,0,0,0,0,0,0,0,0,0,0,0,0,0,0,0,0,0,0,0,0,0,0,0,0,0,0,0,0,0,0,0,0,0,0,0,0,0,0,0,0,0,0,0,0,0,0,0,0,0,0,0,0,0,0,0,0,0,0,0,0,0,0,0,0,0,0,0,0,0,0,0,0,0,0,0,0,0,0,0,0,0,0,0,0,0,0,0,0,0,0,0,0,0,0,0,0,0,0,0,0,0,0,0,0,0,0,0,0,0,0,0,0,0,0,0,0,0,0,0,0,0,0,0,0,0,0,0,0,0,
34628,0,0,0,0,0,0,0,0,0,0,0,0,0,0,0,0,0,0,0,0,0,0,0,0,0,0,0,0,0,0,0,0,0,0,0,0,0,0,0,0,0,0,0,0,0,0,0,0,0,0,0,0,0,0,0,0,0,0,0,0,0,0,0,0,0,0,0,0,0,0,0,0,0,0,0,0,0,0,0,0,0,0,0,0,0,0,0,0,0,0,0,0,0,0,0,0,0,0,0,0,0,0,0,0,0,0,0,0,0,0,0,0,0,0,0,0,0,0,0,0,0,0,0,0,0,0,0,0,0,0,0,0,0,0,0,0,0,0,0,0,0,0,0,0,0,0,0,0,0,0,0,0,0,0,0,0,0,0,0,0,0,0,0,0,0,0,0,0,0,0,0,0,0,0,0,0,0,0,0,0,0,0,0,0,0,0,0,0,0,0,0,0,0,0,0,0,0,0,0,0,0,0,0,0,0,0,0,0,0,0,0,0,0,0,0,0,0,0,0,0,0,0,0,0,0,0,0,0,0,0,0,0,0,0,0,0,0,0,0,0,0,0,0,0,0,0,0,0,0,0,0,0,0,0,0,0,0,0,0,0,0,0,0,0,0,0,0,0,0,0,0,0,0,0,0,0,0,0,0,0,0,0,0,0,0,0,0,0,0,0,0,0,0,0,0,0,0,0,0,0,0,0,0,0,0,0,0,0,0,0,0,0,0,0,0,0,0,0,0,0,0,0,0,0,0,0,0,0,0,0,0,0,0,0,0,0,0,0,0,0,0,0,0,0,0,0,0,0,0,0,0,0,0,0,0,0,0,0,0,0,0,0,0,0,0,0,0,0,0,0,0,0,0,0,0,0,0,0,0,0,0,0,0,0,0,0,0,0,0,0,0,0,0,0,0,0,0,0,0,0,0,0,0,0,0,0,0,0,0,0,0,0,0,0,0,0,0,0,0,0,0,0,0,0,0,0,0,0,0,0,0,0,0,0,0,0,0,0,0,0,0,0,0,0,0,0,0,0,0,0,0,0,0,0,0,0,0,0,0,0,0,0,0,0,0,0,0,0,0,0,0,0,0,0,0,0,0,0,0,0,0,0,0,0,0,0,0,0,0,0,0,0,0,0,0,0,0,0,0,0,0,0,0,0,0,0,0,0,0,0,0,0,0,0,0,0,0,0,0,0,0,0,0,0,0,0,0,0,0,0,0,0,0,0,0,0,0,0,0,0,0,0,0,0,0,
34629,0,0,0,0,0,0,0,0,0,0,0,0,0,0,0,0,0,0,0,0,0,0,0,0,0,0,0,0,0,0,0,0,0,0,0,0,0,0,0,0,0,0,0,0,0,0,0,0,0,0,0,0,0,0,0,0,0,0,0,0,0,0,0,0,0,0,0,0,0,0,0,0,0,0,0,0,0,0,0,0,0,0,0,0,0,0,0,0,0,0,0,0,0,0,0,0,0,0,0,0,0,0,0,0,0,0,0,0,0,0,0,0,0,0,0,0,0,0,0,0,0,0,0,0,0,0,0,0,0,0,0,0,0,0,0,0,0,0,0,0,0,0,0,0,0,0,0,0,0,0,0,0,0,0,0,0,0,0,0,0,0,0,0,0,0,0,0,0,0,0,0,0,0,0,0,0,0,0,0,0,0,0,0,0,0,0,0,0,0,0,0,0,0,0,0,0,0,0,0,0,0,0,0,0,0,0,0,0,0,0,0,0,0,0,0,0,0,0,0,0,0,0,0,0,0,0,0,0,0,0,0,0,0,0,0,0,0,0,0,0,0,0,0,0,0,0,0,0,0,0,0,0,0,0,0,0,0,0,0,0,0,0,0,0,0,0,0,0,0,0,0,0,0,0,0,0,0,0,0,0,0,0,0,0,0,0,0,0,0,0,0,0,0,0,0,0,0,0,0,0,0,0,0,0,0,0,0,0,0,0,0,0,0,0,0,0,0,0,0,0,0,0,0,0,0,0,0,0,0,0,0,0,0,0,0,0,0,0,0,0,0,0,0,0,0,0,0,0,0,0,0,0,0,0,0,0,0,0,0,0,0,0,0,0,0,0,0,0,0,0,0,0,0,0,0,0,0,0,0,0,0,0,0,0,0,0,0,0,0,0,0,0,0,0,0,0,0,0,0,0,0,0,0,0,0,0,0,0,0,0,0,0,0,0,0,0,0,0,0,0,0,0,0,0,0,0,0,0,0,0,0,0,0,0,0,0,0,0,0,0,0,0,0,0,0,0,0,0,0,0,0,0,0,0,0,0,0,0,0,0,0,0,0,0,0,0,0,0,0,0,0,0,0,0,0,0,0,0,0,0,0,0,0,0,0,0,0,0,0,0,0,0,0,0,0,0,0,0,0,0,0,0,0,0,0,0,0,0,0,0,0,0,0,0,0,0,0,0,0,0,0,0,0,0,0,0,0,0,0,0,0,0,0,0,0,0,0,0,0,0,0,0,0,0,0,
34630,0,0,0,0,0,0,0,0,0,0,0,0,0,0,0,0,0,0,0,0,0,0,0,0,0,0,0,0,0,0,0,0,0,0,0,0,0,0,0,0,0,0,0,0,0,0,0,0,0,0,0,0,0,0,0,0,0,0,0,0,0,0,0,0,0,0,0,0,0,0,0,0,0,0,0,0,0,0,0,0,0,0,0,0,0,0,0,0,0,0,0,0,0,0,0,0,0,0,0,0,0,0,0,0,0,0,0,0,0,0,0,0,0,0,0,0,0,0,0,0,0,0,0,0,0,0,0,0,0,0,0,0,0,0,0,0,0,0,0,0,0,0,0,0,0,0,0,0,0,0,0,0,0,0,0,0,0,0,0,0,0,0,0,0,0,0,0,0,0,0,0,0,0,0,0,0,0,0,0,0,0,0,0,0,0,0,0,0,0,0,0,0,0,0,0,0,0,0,0,0,0,0,0,0,0,0,0,0,0,0,0,0,0,0,0,0,0,0,0,0,0,0,0,0,0,0,0,0,0,0,0,0,0,0,0,0,0,0,0,0,0,0,0,0,0,0,0,0,0,0,0,0,0,0,0,0,0,0,0,0,0,0,0,0,0,0,0,0,0,0,0,0,0,0,0,0,0,0,0,0,0,0,0,0,0,0,0,0,0,0,0,0,0,0,0,0,0,0,0,0,0,0,0,0,0,0,0,0,0,0,0,0,0,0,0,0,0,0,0,0,0,0,0,0,0,0,0,0,0,0,0,0,0,0,0,0,0,0,0,0,0,0,0,0,0,0,0,0,0,0,0,0,0,0,0,0,0,0,0,0,0,0,0,0,0,0,0,0,0,0,0,0,0,0,0,0,0,0,0,0,0,0,0,0,0,0,0,0,0,0,0,0,0,0,0,0,0,0,0,0,0,0,0,0,0,0,0,0,0,0,0,0,0,0,0,0,0,0,0,0,0,0,0,0,0,0,0,0,0,0,0,0,0,0,0,0,0,0,0,0,0,0,0,0,0,0,0,0,0,0,0,0,0,0,0,0,0,0,0,0,0,0,0,0,0,0,0,0,0,0,0,0,0,0,0,0,0,0,0,0,0,0,0,0,0,0,0,0,0,0,0,0,0,0,0,0,0,0,0,0,0,0,0,0,0,0,0,0,0,0,0,0,0,0,0,0,0,0,0,0,0,0,0,0,0,0,0,0,0,0,0,0,0,0,0,0,0,0,0,0,0,0,0,0,0,
34631,0,0,0,0,0,0,0,0,0,0,0,0,0,0,0,0,0,0,0,0,0,0,0,0,0,0,0,0,0,0,0,0,0,0,0,0,0,0,0,0,0,0,0,0,0,0,0,0,0,0,0,0,0,0,0,0,0,0,0,0,0,0,0,0,0,0,0,0,0,0,0,0,0,0,0,0,0,0,0,0,0,0,0,0,0,0,0,0,0,0,0,0,0,0,0,0,0,0,0,0,0,0,0,0,0,0,0,0,0,0,0,0,0,0,0,0,0,0,0,0,0,0,0,0,0,0,0,0,0,0,0,0,0,0,0,0,0,0,0,0,0,0,0,0,0,0,0,0,0,0,0,0,0,0,0,0,0,0,0,0,0,0,0,0,0,0,0,0,0,0,0,0,0,0,0,0,0,0,0,0,0,0,0,0,0,0,0,0,0,0,0,0,0,0,0,0,0,0,0,0,0,0,0,0,0,0,0,0,0,0,0,0,0,0,0,0,0,0,0,0,0,0,0,0,0,0,0,0,0,0,0,0,0,0,0,0,0,0,0,0,0,0,0,0,0,0,0,0,0,0,0,0,0,0,0,0,0,0,0,0,0,0,0,0,0,0,0,0,0,0,0,0,0,0,0,0,0,0,0,0,0,0,0,0,0,0,0,0,0,0,0,0,0,0,0,0,0,0,0,0,0,0,0,0,0,0,0,0,0,0,0,0,0,0,0,0,0,0,0,0,0,0,0,0,0,0,0,0,0,0,0,0,0,0,0,0,0,0,0,0,0,0,0,0,0,0,0,0,0,0,0,0,0,0,0,0,0,0,0,0,0,0,0,0,0,0,0,0,0,0,0,0,0,0,0,0,0,0,0,0,0,0,0,0,0,0,0,0,0,0,0,0,0,0,0,0,0,0,0,0,0,0,0,0,0,0,0,0,0,0,0,0,0,0,0,0,0,0,0,0,0,0,0,0,0,0,0,0,0,0,0,0,0,0,0,0,0,0,0,0,0,0,0,0,0,0,0,0,0,0,0,0,0,0,0,0,0,0,0,0,0,0,0,0,0,0,0,0,0,0,0,0,0,0,0,0,0,0,0,0,0,0,0,0,0,0,0,0,0,0,0,0,0,0,0,0,0,0,0,0,0,0,0,0,0,0,0,0,0,0,0,0,0,0,0,0,0,0,0,0,0,0,0,0,0,0,0,0,0,0,0,0,0,0,0,0,0,0,0,0,0,0,0,0,0,
34632,0,0,0,0,0,0,0,0,0,0,0,0,0,0,0,0,0,0,0,0,0,0,0,0,0,0,0,0,0,0,0,0,0,0,0,0,0,0,0,0,0,0,0,0,0,0,0,0,0,0,0,0,0,0,0,0,0,0,0,0,0,0,0,0,0,0,0,0,0,0,0,0,0,0,0,0,0,0,0,0,0,0,0,0,0,0,0,0,0,0,0,0,0,0,0,0,0,0,0,0,0,0,0,0,0,0,0,0,0,0,0,0,0,0,0,0,0,0,0,0,0,0,0,0,0,0,0,0,0,0,0,0,0,0,0,0,0,0,0,0,0,0,0,0,0,0,0,0,0,0,0,0,0,0,0,0,0,0,0,0,0,0,0,0,0,0,0,0,0,0,0,0,0,0,0,0,0,0,0,0,0,0,0,0,0,0,0,0,0,0,0,0,0,0,0,0,0,0,0,0,0,0,0,0,0,0,0,0,0,0,0,0,0,0,0,0,0,0,0,0,0,0,0,0,0,0,0,0,0,0,0,0,0,0,0,0,0,0,0,0,0,0,0,0,0,0,0,0,0,0,0,0,0,0,0,0,0,0,0,0,0,0,0,0,0,0,0,0,0,0,0,0,0,0,0,0,0,0,0,0,0,0,0,0,0,0,0,0,0,0,0,0,0,0,0,0,0,0,0,0,0,0,0,0,0,0,0,0,0,0,0,0,0,0,0,0,0,0,0,0,0,0,0,0,0,0,0,0,0,0,0,0,0,0,0,0,0,0,0,0,0,0,0,0,0,0,0,0,0,0,0,0,0,0,0,0,0,0,0,0,0,0,0,0,0,0,0,0,0,0,0,0,0,0,0,0,0,0,0,0,0,0,0,0,0,0,0,0,0,0,0,0,0,0,0,0,0,0,0,0,0,0,0,0,0,0,0,0,0,0,0,0,0,0,0,0,0,0,0,0,0,0,0,0,0,0,0,0,0,0,0,0,0,0,0,0,0,0,0,0,0,0,0,0,0,0,0,0,0,0,0,0,0,0,0,0,0,0,0,0,0,0,0,0,0,0,0,0,0,0,0,0,0,0,0,0,0,0,0,0,0,0,0,0,0,0,0,0,0,0,0,0,0,0,0,0,0,0,0,0,0,0,0,0,0,0,0,0,0,0,0,0,0,0,0,0,0,0,0,0,0,0,0,0,0,0,0,0,0,0,0,0,0,0,0,0,0,0,0,0,0,0,0,0,0,
34633,0,0,0,0,0,0,0,0,0,0,0,0,0,0,0,0,0,0,0,0,0,0,0,0,0,0,0,0,0,0,0,0,0,0,0,0,0,0,0,0,0,0,0,0,0,0,0,0,0,0,0,0,0,0,0,0,0,0,0,0,0,0,0,0,0,0,0,0,0,0,0,0,0,0,0,0,0,0,0,0,0,0,0,0,0,0,0,0,0,0,0,0,0,0,0,0,0,0,0,0,0,0,0,0,0,0,0,0,0,0,0,0,0,0,0,0,0,0,0,0,0,0,0,0,0,0,0,0,0,0,0,0,0,0,0,0,0,0,0,0,0,0,0,0,0,0,0,0,0,0,0,0,0,0,0,0,0,0,0,0,0,0,0,0,0,0,0,0,0,0,0,0,0,0,0,0,0,0,0,0,0,0,0,0,0,0,0,0,0,0,0,0,0,0,0,0,0,0,0,0,0,0,0,0,0,0,0,0,0,0,0,0,0,0,0,0,0,0,0,0,0,0,0,0,0,0,0,0,0,0,0,0,0,0,0,0,0,0,0,0,0,0,0,0,0,0,0,0,0,0,0,0,0,0,0,0,0,0,0,0,0,0,0,0,0,0,0,0,0,0,0,0,0,0,0,0,0,0,0,0,0,0,0,0,0,0,0,0,0,0,0,0,0,0,0,0,0,0,0,0,0,0,0,0,0,0,0,0,0,0,0,0,0,0,0,0,0,0,0,0,0,0,0,0,0,0,0,0,0,0,0,0,0,0,0,0,0,0,0,0,0,0,0,0,0,0,0,0,0,0,0,0,0,0,0,0,0,0,0,0,0,0,0,0,0,0,0,0,0,0,0,0,0,0,0,0,0,0,0,0,0,0,0,0,0,0,0,0,0,0,0,0,0,0,0,0,0,0,0,0,0,0,0,0,0,0,0,0,0,0,0,0,0,0,0,0,0,0,0,0,0,0,0,0,0,0,0,0,0,0,0,0,0,0,0,0,0,0,0,0,0,0,0,0,0,0,0,0,0,0,0,0,0,0,0,0,0,0,0,0,0,0,0,0,0,0,0,0,0,0,0,0,0,0,0,0,0,0,0,0,0,0,0,0,0,0,0,0,0,0,0,0,0,0,0,0,0,0,0,0,0,0,0,0,0,0,0,0,0,0,0,0,0,0,0,0,0,0,0,0,0,0,0,0,0,0,0,0,0,0,0,0,0,0,0,0,0,0,0,0,0,0,0,0,0,
35000,298,299,300,302,303,304,306,307,304,309,310,311,312,313,314,315,316,317,318,319,319,320,321,322,322,323,324,324,325,326,326,327,328,328,328,329,330,331,331,331,332,333,333,333,334,335,335,335,336,336,337,337,338,338,338,339,339,340,340,340,340,341,341,341,341,342,342,343,343,343,344,344,344,345,345,345,345,345,346,346,346,346,346,347,347,348,348,348,348,349,348,349,350,349,349,349,350,350,350,350,350,350,350,350,351,351,351,351,352,352,352,352,351,353,354,353,353,354,354,354,354,355,355,355,355,355,355,355,355,356,356,356,356,356,356,356,356,357,357,357,357,357,357,357,358,358,357,358,358,358,358,358,358,358,358,358,358,358,358,358,359,358,358,356,353,350,348,346,344,342,340,338,336,335,333,332,331,329,328,327,325,324,323,322,321,320,319,318,317,316,314,314,313,312,311,310,310,309,308,308,307,306,306,305,304,303,302,302,302,301,300,300,299,299,298,298,297,296,296,296,296,295,294,295,293,292,291,290,290,289,290,288,288,287,287,287,287,286,286,285,285,285,284,284,283,283,283,282,282,282,281,281,280,281,281,281,280,280,280,280,280,279,280,280,279,279,279,279,279,279,278,278,278,277,278,277,277,277,277,277,277,276,276,276,276,276,276,276,275,275,275,275,275,275,275,274,274,275,274,274,274,274,273,273,273,273,273,273,273,273,272,272,272,272,272,272,272,272,272,272,272,271,271,271,271,271,271,271,271,271,271,271,271,270,270,270,270,270,270,270,270,270,270,270,270,270,270,270,270,269,269,269,270,269,269,269,269,269,269,269,269,269,269,268,269,269,268,268,268,268,268,268,268,268,268,268,268,268,268,268,268,268,268,268,268,268,268,268,268,268,268,268,267,268,267,267,268,267,267,267,267,267,267,267,267,267,268,267,267,267,267,267,267,267,267,267,267,267,267,267,267,267,267,267,267,267,267,267,267,267,267,267,267,267,267,267,267,267,267,267,267,267,267,267,267,267,267,267,267,267,267,267,267,267,267,267,264,267,267,267,267,267,267,267,267,267,267,267,267,267,267,267,267,267,267,267,266,267,267,266,267,266,266,266,266,266,266,266,266,266,266,266,266,264,266,266,266,266,267,269,270,272,273,275,276,277,279,280,281,282,283,284,286,287,289,291,293,294,296,297,299,300,302,303,305,306,308,309,310,312,313,315,316,317,318,320,321,322,322,321,319,317,315,314,312,
35001,322,324,326,328,329,331,333,335,336,338,339,341,342,343,345,346,347,348,350,351,351,353,354,355,356,357,358,359,360,361,361,363,364,364,365,366,366,368,368,368,370,371,371,372,373,373,373,374,375,375,376,377,377,378,378,379,379,380,381,381,382,382,382,383,383,384,384,385,385,386,386,387,387,387,388,388,389,389,390,390,391,391,391,392,392,392,392,393,393,393,393,394,394,394,394,394,395,395,395,395,395,396,396,396,397,397,397,397,398,398,398,398,398,398,398,399,399,399,399,399,399,399,400,400,401,401,401,401,401,401,401,401,401,402,402,402,402,403,403,403,403,403,403,403,404,404,404,404,404,404,405,405,405,405,405,405,406,407,407,407,407,407,406,402,398,394,391,387,384,381,379,376,374,372,370,368,366,364,363,361,360,358,356,355,353,352,350,349,348,346,345,344,342,341,340,339,338,337,336,335,334,333,332,331,330,329,328,328,327,326,325,324,324,323,323,322,321,320,320,320,319,318,318,318,314,312,311,310,310,309,308,307,306,306,305,304,304,303,302,302,301,300,300,299,299,298,298,297,297,296,296,296,295,294,294,294,294,293,293,293,293,292,292,292,291,291,291,290,290,290,290,289,289,289,288,288,288,287,288,287,287,287,287,286,286,286,286,285,285,285,285,285,285,285,284,284,284,284,284,283,283,283,283,283,283,282,282,282,282,282,282,282,281,281,281,281,281,281,281,281,280,280,280,280,280,280,280,280,280,280,280,280,279,279,280,279,279,279,279,279,279,279,279,279,279,278,278,278,278,278,278,278,278,278,277,277,278,277,277,277,277,277,277,277,277,277,277,277,277,277,277,277,277,276,277,277,277,277,277,277,277,276,277,276,276,276,276,276,276,276,277,276,276,276,276,276,276,276,276,276,276,276,276,276,276,276,276,276,276,276,276,280,276,276,276,276,276,276,276,276,276,276,276,276,276,276,276,276,275,276,276,276,276,276,276,275,276,276,276,275,275,276,275,275,276,276,276,276,275,276,275,275,275,275,275,275,275,275,275,275,275,275,275,275,275,275,275,275,275,275,275,275,275,275,275,275,275,274,275,275,275,274,275,275,274,274,274,274,274,274,274,274,274,274,274,274,274,274,276,278,280,282,284,285,287,289,291,292,294,295,296,298,300,303,306,308,311,313,315,317,320,322,324,326,328,330,332,334,336,338,339,341,343,345,346,348,350,351,352,349,346,343,341,338,336,
35002,322,324,326,328,329,331,333,335,336,338,339,341,342,343,345,345,346,348,350,351,351,353,354,355,356,357,358,359,360,361,361,363,364,364,365,366,366,368,368,368,370,371,371,372,373,373,373,374,375,375,376,377,377,378,378,379,379,380,381,381,382,382,383,383,383,384,384,385,385,386,386,387,387,387,388,388,389,389,390,390,391,391,391,392,392,392,392,393,393,393,394,394,394,394,394,394,395,395,395,395,395,395,396,396,397,397,397,397,397,398,398,398,398,398,398,399,399,399,399,399,399,399,400,399,400,401,401,401,401,401,401,401,401,402,402,402,402,403,403,403,403,403,403,403,404,404,404,404,404,405,405,405,405,405,405,405,406,406,407,407,407,407,406,402,398,394,391,387,384,381,379,376,374,372,370,368,366,364,363,361,360,358,356,355,353,351,350,349,348,346,345,344,342,341,340,339,338,337,336,335,334,333,332,331,330,329,328,328,327,326,325,324,324,323,323,322,321,320,320,319,318,318,318,318,314,312,311,310,310,309,308,307,306,306,305,304,304,303,302,302,301,300,300,299,299,298,298,297,297,296,296,295,295,294,294,294,294,294,293,293,293,292,292,292,291,291,291,290,290,290,290,289,289,289,288,288,288,287,288,287,287,287,287,287,286,286,286,285,285,285,285,285,285,285,284,284,284,284,284,283,283,283,283,283,283,282,282,282,282,282,282,282,281,281,281,281,281,281,281,281,280,280,280,280,280,280,280,280,280,280,280,280,279,279,280,279,279,279,279,279,279,279,279,279,278,278,278,278,278,278,278,278,278,278,277,277,277,277,277,277,277,277,277,277,277,277,277,277,277,277,277,277,277,276,277,277,277,277,277,277,277,276,277,276,276,276,276,276,276,276,277,276,276,276,276,276,276,276,276,276,276,276,276,276,276,276,276,276,276,276,276,280,276,276,276,276,276,276,276,276,276,276,276,276,278,276,276,276,275,276,276,276,276,276,276,275,276,275,275,275,275,276,276,275,276,276,276,276,275,276,275,275,275,275,275,275,275,275,275,275,276,275,275,275,275,275,275,275,275,275,275,275,275,275,275,275,275,274,275,275,275,274,275,275,274,275,275,274,274,274,274,274,274,274,274,274,274,275,276,278,280,282,284,285,287,289,291,292,294,295,296,298,300,303,306,308,311,313,315,317,320,322,324,326,328,330,332,334,336,338,339,341,343,345,346,348,350,351,352,349,346,343,341,338,336,
35010,260,261,260,260,260,260,260,261,261,262,263,263,264,264,263,263,263,263,262,262,262,262,262,262,262,262,262,262,262,261,262,262,262,263,264,265,265,266,267,267,268,269,269,270,269,268,267,267,266,266,266,267,267,266,266,266,266,267,267,267,267,267,267,267,267,267,268,267,267,267,268,267,268,268,267,268,268,268,268,270,271,273,274,275,275,276,276,276,276,276,276,276,276,276,276,277,277,277,276,277,277,276,277,277,278,280,281,283,285,286,286,287,286,287,287,287,287,287,287,287,287,287,286,286,286,287,286,286,286,287,288,289,290,292,293,294,295,296,297,299,300,302,303,304,306,307,309,310,312,314,315,317,319,321,322,324,326,327,329,331,332,331,331,331,331,331,331,331,331,331,330,331,331,331,331,331,331,331,330,331,330,331,331,331,331,331,331,330,331,330,331,330,330,330,330,330,330,329,330,330,329,329,329,329,329,329,329,329,329,329,329,328,328,328,328,328,328,328,328,328,328,328,327,328,327,327,327,327,326,327,326,326,327,326,326,326,326,325,325,325,325,325,325,325,325,325,325,325,324,325,324,324,324,324,324,323,323,323,323,323,323,323,322,322,322,322,322,322,322,322,322,321,321,321,321,321,321,321,321,320,320,320,320,320,320,320,319,320,319,319,319,319,319,319,318,318,318,318,318,318,318,317,317,317,317,317,317,317,316,316,316,316,316,316,315,315,315,315,315,315,315,315,314,314,314,314,314,314,314,313,313,314,313,313,313,313,313,312,312,312,312,312,312,311,311,312,311,311,311,311,311,310,311,310,310,310,310,310,310,310,309,309,309,309,309,309,309,309,308,308,308,308,308,307,308,307,307,307,307,307,307,306,307,306,306,306,306,306,306,305,305,306,305,305,305,305,304,305,304,304,304,304,304,304,304,303,303,303,303,303,303,303,302,302,302,302,302,302,302,302,301,302,302,301,301,301,301,300,301,300,301,300,300,300,300,299,300,299,299,300,299,299,299,299,299,298,299,299,298,298,298,298,298,298,298,298,297,298,297,297,297,297,297,297,297,296,296,296,296,296,296,296,296,296,296,296,295,295,295,295,295,295,295,295,294,294,294,295,294,294,294,294,294,294,294,294,293,293,293,293,293,293,293,293,293,292,293,292,292,292,292,292,292,292,291,293,293,293,293,293,292,294,296,297,297,296,296,295,295,295,297,299,300,302,303,304,306,307,307,306,306,306,306,306,305,
35011,257,257,257,257,257,257,257,257,257,257,257,257,257,257,257,257,257,257,257,257,257,257,257,257,257,257,257,257,257,257,257,257,257,258,258,258,259,259,260,260,261,262,262,263,263,263,263,263,263,263,263,263,263,263,263,263,263,263,263,263,263,263,263,263,263,263,263,263,263,263,263,263,263,263,264,263,263,264,263,263,264,264,263,264,264,264,264,263,264,264,264,264,264,264,264,264,264,264,264,264,264,264,264,265,264,265,264,264,264,265,265,265,266,267,267,268,268,269,270,270,272,272,273,274,274,276,277,277,279,279,280,281,283,284,285,286,287,288,290,291,292,293,294,295,296,297,299,299,301,302,302,304,305,306,308,308,310,311,313,314,316,317,317,317,318,317,319,318,319,319,319,319,320,319,319,319,320,320,320,320,319,319,319,319,319,319,319,319,319,319,319,319,319,319,319,318,318,318,318,318,318,318,318,318,318,318,318,317,317,317,317,317,317,317,316,316,317,316,316,316,316,315,315,315,314,314,314,314,314,314,314,313,313,313,313,313,313,313,312,312,312,312,312,312,312,311,312,311,311,311,311,310,310,310,310,310,310,310,309,310,309,309,309,309,308,309,308,308,308,308,308,307,307,307,307,307,307,307,306,306,306,306,306,306,306,305,305,305,305,305,304,304,304,304,304,304,304,304,303,303,303,304,303,302,303,302,302,302,302,302,302,301,302,301,301,300,301,301,300,300,300,300,300,300,300,300,299,300,299,299,299,299,299,299,299,298,298,298,298,297,298,297,297,297,297,297,297,297,296,297,296,296,296,296,296,296,295,295,295,295,295,295,295,295,294,295,295,294,294,294,294,294,293,294,294,293,293,293,293,293,293,292,292,292,292,292,292,292,292,291,292,291,291,291,291,291,291,291,291,291,290,290,291,290,290,290,290,290,289,289,290,289,289,289,289,289,289,289,288,288,288,288,288,288,288,288,288,287,287,287,287,287,287,287,287,287,287,287,287,287,286,287,286,286,286,286,285,285,286,285,285,285,285,285,285,285,285,284,284,285,284,284,284,284,284,284,284,283,283,283,283,283,283,283,283,283,283,283,283,282,282,282,282,282,282,282,282,282,282,281,281,281,281,281,281,281,281,281,281,281,280,280,280,280,280,280,280,280,280,280,280,280,279,280,279,280,280,280,280,280,280,281,281,282,282,282,283,283,283,283,284,284,285,286,287,288,289,290,290,291,291,291,291,292,292,
35100,3,3,3,3,3,3,3,3,3,3,3,3,3,3,3,3,3,3,3,3,3,3,3,3,3,3,3,3,3,3,3,3,3,3,3,3,3,3,3,3,3,3,3,3,3,3,3,3,3,3,3,3,3,3,3,3,3,3,3,3,3,3,3,3,3,3,3,3,3,3,3,3,3,3,3,3,3,3,3,3,3,3,3,3,3,3,3,3,3,3,3,3,3,3,3,3,3,3,3,3,3,3,3,3,3,3,3,3,3,3,3,3,3,3,3,3,3,3,3,3,3,3,3,3,3,3,3,3,3,3,3,3,3,3,3,3,3,3,3,3,3,3,3,3,3,3,3,3,3,3,3,3,3,3,3,3,3,3,3,3,3,6,6,6,6,6,6,6,6,6,6,6,6,6,6,6,6,6,6,6,6,6,6,6,6,6,6,6,6,6,6,6,6,6,6,6,6,6,6,6,6,6,6,6,6,6,6,6,6,6,6,6,6,6,6,6,6,6,6,6,6,4,4,4,1,1,4,4,4,4,4,4,4,4,4,4,4,4,4,4,4,4,4,4,4,4,4,4,4,4,4,4,4,4,4,4,4,4,4,4,4,4,4,4,4,4,4,4,4,4,4,4,4,4,4,4,4,4,4,4,4,4,4,4,4,4,4,4,4,4,4,4,4,4,4,4,4,4,4,4,4,4,4,4,4,4,4,4,4,4,4,4,4,4,4,4,4,4,4,4,4,4,4,4,4,4,4,4,4,4,4,4,4,4,4,4,4,4,4,4,4,4,4,4,4,4,4,4,4,4,4,4,4,4,4,4,4,4,4,4,4,4,4,4,4,4,4,4,4,4,4,4,4,4,4,4,4,4,4,4,4,4,4,4,4,4,4,4,4,4,4,4,4,4,4,4,4,4,4,4,4,4,4,4,4,4,4,4,4,4,4,4,4,4,4,4,4,4,4,4,4,4,4,4,4,4,4,4,4,4,4,4,4,4,4,4,4,4,4,4,4,4,4,4,4,4,4,4,4,4,4,4,4,4,4,4,4,4,4,4,4,4,4,4,4,4,4,4,4,4,4,4,4,4,4,4,4,4,4,4,4,4,4,4,4,4,4,4,4,4,4,4,4,4,4,4,4,4,4,4,4,4,4,4,4,4,4,4,4,4,4,4,4,4,4,4,4,4,4,4,4,4,4,4,4,4,4,4,4,4,4,4,4,4,4,4,4,1,1,1,1,1,1,1,1,
35110,576,576,576,576,576,576,576,576,576,576,576,576,576,576,576,576,576,576,576,576,576,576,576,576,576,576,576,576,576,576,576,576,576,576,576,576,576,576,576,576,576,576,576,576,576,576,576,576,576,576,576,576,576,576,576,576,576,576,576,576,576,576,576,576,576,576,576,576,576,576,576,576,576,576,576,576,576,576,576,576,576,576,576,576,576,576,576,576,576,576,576,576,576,576,576,576,576,576,576,576,576,576,576,576,576,576,576,576,576,576,576,576,576,576,576,576,576,576,576,576,576,576,576,576,576,576,576,576,576,576,576,576,576,576,576,576,576,576,576,576,576,576,576,576,576,576,576,576,576,576,576,576,576,576,576,576,576,576,576,576,576,576,576,576,576,576,576,576,576,576,576,576,576,576,576,576,576,576,576,576,576,576,576,576,576,576,576,576,576,576,576,576,576,576,576,576,576,576,576,576,576,576,576,576,576,576,576,576,576,576,576,576,576,576,576,576,576,576,576,576,576,576,576,576,576,576,576,576,576,576,576,576,576,576,576,576,576,576,576,576,576,576,576,576,576,576,576,576,576,576,576,576,576,576,576,576,576,576,576,576,576,576,576,576,576,576,576,576,576,576,576,576,576,576,576,576,576,576,576,576,576,576,576,576,576,576,576,576,576,576,576,576,576,576,576,576,576,576,576,576,576,576,576,576,576,576,576,576,576,576,576,576,576,576,576,576,576,576,576,576,576,576,576,576,576,576,576,576,576,576,576,576,576,576,576,576,576,576,576,576,576,576,576,576,576,576,576,576,576,576,576,576,576,576,576,576,576,576,576,576,576,576,576,576,576,576,576,576,576,576,576,576,576,576,576,576,576,576,576,576,576,576,576,576,576,576,576,576,576,576,576,576,576,576,576,576,576,576,576,576,576,576,576,576,576,576,576,576,576,576,576,576,576,576,576,576,576,576,576,576,576,576,576,576,576,576,576,576,576,576,576,576,576,576,576,576,576,576,576,576,576,576,576,576,576,576,576,576,576,576,576,576,576,576,576,576,576,576,576,576,576,576,576,576,576,576,576,576,576,576,576,576,576,576,576,576,576,576,576,576,576,576,576,576,576,576,576,576,576,576,576,576,576,576,576,576,576,576,576,576,576,576,576,576,576,576,576,576,576,576,576,576,576,576,576,576,576,576,576,576,576,576,576,576,576,576,576,576,576,576,576,576,576,576,576,576,576,576,576,576,576,576,576,576,576,
35111,500,500,500,500,500,500,500,500,500,500,500,500,500,500,500,500,500,500,500,500,500,500,500,500,500,500,500,500,500,500,500,500,500,500,500,500,500,500,500,500,500,500,500,500,500,500,500,500,500,500,500,500,500,500,500,500,500,500,500,500,500,500,500,500,500,500,500,500,500,500,500,500,500,500,500,500,500,500,500,500,500,500,500,500,500,500,500,500,500,500,500,500,500,500,500,500,500,500,500,500,500,500,500,500,500,500,500,500,500,500,500,500,500,500,500,500,500,500,500,500,500,500,500,500,500,500,500,500,500,500,500,500,500,500,500,500,500,500,500,500,500,500,500,500,500,500,500,500,500,500,500,500,500,500,500,500,500,500,500,500,500,500,500,500,500,500,500,500,500,500,500,500,500,500,500,500,500,500,500,500,500,500,500,500,500,500,500,500,500,500,500,500,500,500,500,500,500,500,500,500,500,500,500,500,500,500,500,500,500,500,500,500,500,500,500,500,500,500,500,500,500,500,500,500,500,500,500,500,500,500,500,500,500,500,500,500,500,500,500,500,500,500,500,500,500,500,500,500,500,500,500,500,500,500,500,500,500,500,500,500,500,500,500,500,500,500,500,500,500,500,500,500,500,500,500,500,500,500,500,500,500,500,500,500,500,500,500,500,500,500,500,500,500,500,500,500,500,500,500,500,500,500,500,500,500,500,500,500,500,500,500,500,500,500,500,500,500,500,500,500,500,500,500,500,500,500,500,500,500,500,500,500,500,500,500,500,500,500,500,500,500,500,500,500,500,500,500,500,500,500,500,500,500,500,500,500,500,500,500,500,500,500,500,500,500,500,500,500,500,500,500,500,500,500,500,500,500,500,500,500,500,500,500,500,500,500,500,500,500,500,500,500,500,500,500,500,500,500,500,500,500,500,500,500,500,500,500,500,500,500,500,500,500,500,500,500,500,500,500,500,500,500,500,500,500,500,500,500,500,500,500,500,500,500,500,500,500,500,500,500,500,500,500,500,500,500,500,500,500,500,500,500,500,500,500,500,500,500,500,500,500,500,500,500,500,500,500,500,500,500,500,500,500,500,500,500,500,500,500,500,500,500,500,500,500,500,500,500,500,500,500,500,500,500,500,500,500,500,500,500,500,500,500,500,500,500,500,500,500,500,500,500,500,500,500,500,500,500,500,500,500,500,500,500,500,500,500,500,500,500,500,500,500,500,500,500,500,500,500,500,500,500,500,500,500,
35112,500,500,500,500,500,500,500,500,500,500,500,500,500,500,500,500,500,500,500,500,500,500,500,500,500,500,500,500,500,500,500,500,500,500,500,500,500,500,500,500,500,500,500,500,500,500,500,500,500,500,500,500,500,500,500,500,500,500,500,500,500,500,500,500,500,500,500,500,500,500,500,500,500,500,500,500,500,500,500,500,500,500,500,500,500,500,500,500,500,500,500,500,500,500,500,500,500,500,500,500,500,500,500,500,500,500,500,500,500,500,500,500,500,500,500,500,500,500,500,500,500,500,500,500,500,500,500,500,500,500,500,500,500,500,500,500,500,500,500,500,500,500,500,500,500,500,500,500,500,500,500,500,500,500,500,500,500,500,500,500,500,500,500,500,500,500,500,500,500,500,500,500,500,500,500,500,500,500,500,500,500,500,500,500,500,500,500,500,500,500,500,500,500,500,500,500,500,500,500,500,500,500,500,500,500,500,500,500,500,500,500,500,500,500,500,500,500,500,500,500,500,500,500,500,500,500,500,500,500,500,500,500,500,500,500,500,500,500,500,500,500,500,500,500,500,500,500,500,500,500,500,500,500,500,500,500,500,500,500,500,500,500,500,500,500,500,500,500,500,500,500,500,500,500,500,500,500,500,500,500,500,500,500,500,500,500,500,500,500,500,500,500,500,500,500,500,500,500,500,500,500,500,500,500,500,500,500,500,500,500,500,500,500,500,500,500,500,500,500,500,500,500,500,500,500,500,500,500,500,500,500,500,500,500,500,500,500,500,500,500,500,500,500,500,500,500,500,500,500,500,500,500,500,500,500,500,500,500,500,500,500,500,500,500,500,500,500,500,500,500,500,500,500,500,500,500,500,500,500,500,500,500,500,500,500,500,500,500,500,500,500,500,500,500,500,500,500,500,500,500,500,500,500,500,500,500,500,500,500,500,500,500,500,500,500,500,500,500,500,500,500,500,500,500,500,500,500,500,500,500,500,500,500,500,500,500,500,500,500,500,500,500,500,500,500,500,500,500,500,500,500,500,500,500,500,500,500,500,500,500,500,500,500,500,500,500,500,500,500,500,500,500,500,500,500,500,500,500,500,500,500,500,500,500,500,500,500,500,500,500,500,500,500,500,500,500,500,500,500,500,500,500,500,500,500,500,500,500,500,500,500,500,500,500,500,500,500,500,500,500,500,500,500,500,500,500,500,500,500,500,500,500,500,500,250,250,250,0,0,0,0,0,0,0,0,
36000,0,0,0,0,0,0,0,0,0,0,0,0,0,0,0,0,0,0,0,0,0,0,0,0,0,0,0,0,0,0,0,0,0,0,0,0,0,0,0,0,0,0,0,0,0,0,0,0,0,0,0,0,0,0,0,0,0,0,0,0,0,0,0,0,0,0,0,0,0,0,0,0,0,0,0,0,0,0,0,0,0,0,0,0,0,0,0,0,0,0,0,0,0,0,0,0,0,0,0,0,0,0,0,0,0,0,0,0,0,0,0,0,0,0,0,0,0,0,0,0,0,0,0,0,0,0,0,0,0,0,0,0,0,0,0,0,0,0,0,0,0,0,0,0,0,0,0,0,0,0,0,0,0,0,0,0,0,0,0,0,0,0,0,0,0,0,0,0,0,0,0,0,0,0,0,0,0,0,0,0,0,0,0,0,0,0,0,0,0,0,0,0,0,0,0,0,0,0,0,0,0,0,0,0,0,0,0,0,0,0,0,0,0,0,0,0,0,0,0,0,0,0,0,0,0,0,0,0,0,0,0,0,0,0,0,0,0,0,0,0,0,0,0,0,0,0,0,0,0,0,0,0,0,0,0,0,0,0,0,0,0,0,0,0,0,0,0,0,0,0,0,0,0,0,0,0,0,0,0,0,0,0,0,0,0,0,0,0,0,0,0,0,0,0,0,0,0,0,0,0,0,0,0,0,0,0,0,0,0,0,0,0,0,0,0,0,0,0,0,0,0,0,0,0,0,0,0,0,0,0,0,0,0,0,0,0,0,0,0,0,0,0,0,0,0,0,0,0,0,0,0,0,0,0,0,0,0,0,0,0,0,0,0,0,0,0,0,0,0,0,0,0,0,0,0,0,0,0,0,0,0,0,0,0,0,0,0,0,0,0,0,0,0,0,0,0,0,0,0,0,0,0,0,0,0,0,0,0,0,0,0,0,0,0,0,0,0,0,0,0,0,0,0,0,0,0,0,0,0,0,0,0,0,0,0,0,0,0,0,0,0,0,0,0,0,0,0,0,0,0,0,0,0,0,0,0,0,0,0,0,0,0,0,0,0,0,0,0,0,0,0,0,0,0,0,0,0,0,0,0,0,0,0,0,0,0,0,0,0,0,0,0,0,0,0,0,0,0,0,0,0,0,0,0,0,0,0,0,0,0,0,0,0,0,0,0,0,0,0,0,0,0,0,0,0,0,0,0,0,0,0,0,0,0,0,0,0,0,0,0,0,0,0,0,0,
36001,0,0,0,0,0,0,0,0,0,0,0,0,0,0,0,0,0,0,0,0,0,0,0,0,0,0,0,0,0,0,0,0,0,0,0,0,0,0,0,0,0,0,0,0,0,0,0,0,0,0,0,0,0,0,0,0,0,0,0,0,0,0,0,0,0,0,0,0,0,0,0,0,0,0,0,0,0,0,0,0,0,0,0,0,0,0,0,0,0,0,0,0,0,0,0,0,0,0,0,0,0,0,0,0,0,0,0,0,0,0,0,0,0,0,0,0,0,0,0,0,0,0,0,0,0,0,0,0,0,0,0,0,0,0,0,0,0,0,0,0,0,0,0,0,0,0,0,0,0,0,0,0,0,0,0,0,0,0,0,0,0,0,0,0,0,0,0,0,0,0,0,0,0,0,0,0,0,0,0,0,0,0,0,0,0,0,0,0,0,0,0,0,0,0,0,0,0,0,0,0,0,0,0,0,0,0,0,0,0,0,0,0,0,0,0,0,0,0,0,0,0,0,0,0,0,0,0,0,0,0,0,0,0,0,0,0,0,0,0,0,0,0,0,0,0,0,0,0,0,0,0,0,0,0,0,0,0,0,0,0,0,0,0,0,0,0,0,0,0,0,0,0,0,0,0,0,0,0,0,0,0,0,0,0,0,0,0,0,0,0,0,0,0,0,0,0,0,0,0,0,0,0,0,0,0,0,0,0,0,0,0,0,0,0,0,0,0,0,0,0,0,0,0,0,0,0,0,0,0,0,0,0,0,0,0,0,0,0,0,0,0,0,0,0,0,0,0,0,0,0,0,0,0,0,0,0,0,0,0,0,0,0,0,0,0,0,0,0,0,0,0,0,0,0,0,0,0,0,0,0,0,0,0,0,0,0,0,0,0,0,0,0,0,0,0,0,0,0,0,0,0,0,0,0,0,0,0,0,0,0,0,0,0,0,0,0,0,0,0,0,0,0,0,0,0,0,0,0,0,0,0,0,0,0,0,0,0,0,0,0,0,0,0,0,0,0,0,0,0,0,0,0,0,0,0,0,0,0,0,0,0,0,0,0,0,0,0,0,0,0,0,0,0,0,0,0,0,0,0,0,0,0,0,0,0,0,0,0,0,0,0,0,0,0,0,0,0,0,0,0,0,0,0,0,0,0,0,0,0,0,0,0,0,0,0,0,0,0,0,0,0,0,0,0,0,0,0,0,0,0,0,0,0,0,0,0,0,0,0,0,0,0,0,0,0,
36100,0,0,0,0,0,0,0,0,0,0,0,0,0,0,0,0,0,0,0,0,0,0,0,0,0,0,0,0,0,0,0,0,0,0,0,0,0,0,0,0,0,0,0,0,0,0,0,0,0,0,0,0,0,0,0,0,0,0,0,0,0,0,0,0,0,0,0,0,0,0,0,0,0,0,0,0,0,0,0,0,0,0,0,0,0,0,0,0,0,0,0,0,0,0,0,0,0,0,0,0,0,0,0,0,0,0,0,0,0,0,0,0,0,0,0,0,0,0,0,0,0,0,0,0,0,0,0,0,0,0,0,0,0,0,0,0,0,0,0,0,0,0,0,0,0,0,0,0,0,0,0,0,0,0,0,0,0,0,0,0,0,0,0,0,0,0,0,0,0,0,0,0,0,0,0,0,0,0,0,0,0,0,0,0,0,0,0,0,0,0,0,0,0,0,0,0,0,0,0,0,0,0,0,0,0,0,0,0,0,0,0,0,0,0,0,0,0,0,0,0,0,0,0,0,0,0,0,0,0,0,0,0,0,0,0,0,0,0,0,0,0,0,0,0,0,0,0,0,0,0,0,0,0,0,0,0,0,0,0,0,0,0,0,0,0,0,0,0,0,0,0,0,0,0,0,0,0,0,0,0,0,0,0,0,0,0,0,0,0,0,0,0,0,0,0,0,0,0,0,0,0,0,0,0,0,0,0,0,0,0,0,0,0,0,0,0,0,0,0,0,0,0,0,0,0,0,0,0,0,0,0,0,0,0,0,0,0,0,0,0,0,0,0,0,0,0,0,0,0,0,0,0,0,0,0,0,0,0,0,0,0,0,0,0,0,0,0,0,0,0,0,0,0,0,0,0,0,0,0,0,0,0,0,0,0,0,0,0,0,0,0,0,0,0,0,0,0,0,0,0,0,0,0,0,0,0,0,0,0,0,0,0,0,0,0,0,0,0,0,0,0,0,0,0,0,0,0,0,0,0,0,0,0,0,0,0,0,0,0,0,0,0,0,0,0,0,0,0,0,0,0,0,0,0,0,0,0,0,0,0,0,0,0,0,0,0,0,0,0,0,0,0,0,0,0,0,0,0,0,0,0,0,0,0,0,0,0,0,0,0,0,0,0,0,0,0,0,0,0,0,0,0,0,0,0,0,0,0,0,0,0,0,0,0,0,0,0,0,0,0,0,0,0,0,0,0,0,0,0,0,0,0,0,0,0,0,0,0,0,0,0,0,0,0,0,
36101,0,0,0,0,0,0,0,0,0,0,0,0,0,0,0,0,0,0,0,0,0,0,0,0,0,0,0,0,0,0,0,0,0,0,0,0,0,0,0,0,0,0,0,0,0,0,0,0,0,0,0,0,0,0,0,0,0,0,0,0,0,0,0,0,0,0,0,0,0,0,0,0,0,0,0,0,0,0,0,0,0,0,0,0,0,0,0,0,0,0,0,0,0,0,0,0,0,0,0,0,0,0,0,0,0,0,0,0,0,0,0,0,0,0,0,0,0,0,0,0,0,0,0,0,0,0,0,0,0,0,0,0,0,0,0,0,0,0,0,0,0,0,0,0,0,0,0,0,0,0,0,0,0,0,0,0,0,0,0,0,0,0,0,0,0,0,0,0,0,0,0,0,0,0,0,0,0,0,0,0,0,0,0,0,0,0,0,0,0,0,0,0,0,0,0,0,0,0,0,0,0,0,0,0,0,0,0,0,0,0,0,0,0,0,0,0,0,0,0,0,0,128,128,128,0,0,128,128,128,128,128,128,128,128,128,128,128,128,128,128,128,128,128,128,128,128,128,128,128,128,128,128,128,128,128,128,128,128,128,128,128,128,128,128,128,128,128,128,128,128,128,128,128,128,128,128,128,128,128,128,128,128,128,128,128,128,128,128,128,128,128,128,128,128,128,128,128,128,128,128,128,128,128,128,128,128,128,128,128,128,128,128,128,128,128,128,128,128,128,128,128,128,128,128,128,128,128,128,128,128,128,128,128,128,128,128,128,128,128,128,128,128,128,128,128,128,128,128,128,128,128,128,128,128,128,128,128,128,128,128,128,128,128,128,128,128,128,128,128,128,128,128,128,128,128,128,128,128,128,128,128,128,128,128,128,128,128,128,128,128,128,128,128,128,128,128,128,128,128,128,128,128,128,128,128,128,128,128,128,128,128,128,128,128,128,128,128,128,128,128,128,128,128,128,128,128,128,128,128,128,128,128,128,128,128,128,128,128,128,128,128,128,128,128,128,128,128,128,128,128,128,128,128,128,128,128,128,128,128,128,128,128,128,128,128,128,128,128,128,128,128,128,128,128,128,128,128,128,128,128,128,128,128,128,128,128,128,128,128,128,128,128,128,128,128,128,128,128,128,128,128,128,128,128,128,128,128,128,128,128,128,128,128,128,128,128,128,128,128,128,128,128,128,128,128,128,128,128,128,128,128,128,128,128,128,128,128,128,128,128,128,128,128,128,128,
36102,0,0,0,0,0,0,0,0,0,0,0,0,0,0,0,0,0,0,0,0,0,0,0,0,0,0,0,0,0,0,0,0,0,0,0,0,0,0,0,0,0,0,0,0,0,0,0,0,0,0,0,0,0,0,0,0,0,0,0,0,0,0,0,0,0,0,0,0,0,0,0,0,0,0,0,0,0,0,0,0,0,0,0,0,0,0,0,0,0,0,0,0,0,0,0,0,0,0,0,0,0,0,0,0,0,0,0,0,0,0,0,0,0,0,0,0,0,0,0,0,0,0,0,0,0,0,0,0,0,0,0,0,0,0,0,0,0,0,0,0,0,0,0,0,0,0,0,0,0,0,0,0,0,0,0,0,0,0,0,0,0,0,0,0,0,0,0,0,0,0,0,0,0,0,0,0,0,0,0,0,0,0,0,0,0,0,0,0,0,0,0,0,0,0,0,0,0,0,0,0,0,0,0,0,0,0,0,0,0,0,0,0,0,0,0,0,0,0,0,0,0,0,0,0,0,0,0,0,0,0,0,0,0,0,0,0,0,0,0,0,0,0,0,0,0,0,0,0,0,0,0,0,0,0,0,0,0,0,0,0,0,0,0,0,0,0,0,0,0,0,0,0,0,0,0,0,0,0,0,0,0,0,0,0,0,0,0,0,0,0,0,0,0,0,0,0,0,0,0,0,0,0,0,0,0,0,0,0,0,0,0,0,0,0,0,0,0,0,0,0,0,0,0,0,0,0,0,0,0,0,0,0,0,0,0,0,0,0,0,0,0,0,0,0,0,0,0,0,0,0,0,0,0,0,0,0,0,0,0,0,0,0,0,0,0,0,0,0,0,0,0,0,0,0,0,0,0,0,0,0,0,0,0,0,0,0,0,0,0,0,0,0,0,0,0,0,0,0,0,0,0,0,0,0,0,0,0,0,0,0,0,0,0,0,0,0,0,0,0,0,0,0,0,0,0,0,0,0,0,0,0,0,0,0,0,0,0,0,0,0,0,0,0,0,0,0,0,0,0,0,0,0,0,0,0,0,0,0,0,0,0,0,0,0,0,0,0,0,0,0,0,0,0,0,0,0,0,0,0,0,0,0,0,0,0,0,0,0,0,0,0,0,0,0,0,0,0,0,0,0,0,0,0,0,0,0,0,0,0,0,0,0,0,0,0,0,0,0,0,0,0,0,0,0,0,0,0,0,0,0,0,0,0,0,0,0,0,0,0,0,0,0,0,0,0,
36103,0,0,0,0,0,0,0,0,0,0,0,0,0,0,0,0,0,0,0,0,0,0,0,0,0,0,0,0,0,0,0,0,0,0,0,0,0,0,0,0,0,0,0,0,0,0,0,0,0,0,0,0,0,0,0,0,0,0,0,0,0,0,0,0,0,0,0,0,0,0,0,0,0,0,0,0,0,0,0,0,0,0,0,0,0,0,0,0,0,0,0,0,0,0,0,0,0,0,0,0,0,0,0,0,0,0,0,0,0,0,0,0,0,0,0,0,0,0,0,0,0,0,0,0,0,0,0,0,0,0,0,0,0,0,0,0,0,0,0,0,0,0,0,0,0,0,0,0,0,0,0,0,0,0,0,0,0,0,0,0,0,0,0,0,0,0,0,0,0,0,0,0,0,0,0,0,0,0,0,0,0,0,0,0,0,0,0,0,0,0,0,0,0,0,0,0,0,0,0,0,0,0,0,0,0,0,0,0,0,0,0,0,0,0,0,0,0,0,0,0,0,0,0,0,0,0,0,0,0,0,0,0,0,0,0,0,0,0,0,0,0,0,0,0,0,0,0,0,0,0,0,0,0,0,0,0,0,0,0,0,0,0,0,0,0,0,0,0,0,0,0,0,0,0,0,0,0,0,0,0,0,0,0,0,0,0,0,0,0,0,0,0,0,0,0,0,0,0,0,0,0,0,0,0,0,0,0,0,0,0,0,0,0,0,0,0,0,0,0,0,0,0,0,0,0,0,0,0,0,0,0,0,0,0,0,0,0,0,0,0,0,0,0,0,0,0,0,0,0,0,0,0,0,0,0,0,0,0,0,0,0,0,0,0,0,0,0,0,0,0,0,0,0,0,0,0,0,0,0,0,0,0,0,0,0,0,0,0,0,0,0,0,0,0,0,0,0,0,0,0,0,0,0,0,0,0,0,0,0,0,0,0,0,0,0,0,0,0,0,0,0,0,0,0,0,0,0,0,0,0,0,0,0,0,0,0,0,0,0,0,0,0,0,0,0,0,0,0,0,0,0,0,0,0,0,0,0,0,0,0,0,0,0,0,0,0,0,0,0,0,0,0,0,0,0,0,0,0,0,0,0,0,0,0,0,0,0,0,0,0,0,0,0,0,0,0,0,0,0,0,0,0,0,0,0,0,0,0,0,0,0,0,0,0,0,0,0,0,0,0,0,0,0,0,0,0,0,0,0,0,0,0,0,0,0,0,0,0,0,0,0,0,0,0,0,
37000,1,1,1,1,1,1,1,1,1,1,1,1,1,1,1,1,1,1,1,1,1,1,1,1,1,1,1,1,1,1,1,1,1,1,1,1,1,1,1,1,1,1,1,1,1,1,1,1,1,1,1,1,1,1,1,1,1,1,1,1,1,1,1,1,1,1,1,1,1,1,1,1,1,1,1,1,1,1,1,1,1,1,1,1,1,1,1,1,1,1,1,1,1,1,1,1,1,1,1,1,1,1,1,1,1,1,1,1,1,1,1,1,1,1,1,1,1,1,1,1,1,1,1,1,1,1,1,1,1,1,1,1,1,1,1,1,1,1,1,1,1,1,1,1,1,1,1,1,1,1,1,1,1,1,1,1,1,1,1,1,1,1,1,1,1,1,1,1,1,1,1,1,1,1,1,1,1,1,1,1,1,1,1,1,1,1,1,1,1,1,1,1,1,1,1,1,1,1,1,1,1,1,1,1,1,1,1,1,1,1,1,1,1,1,1,1,1,1,1,1,1,1,1,1,1,1,1,1,1,1,1,1,1,1,1,1,1,1,1,1,1,1,1,1,1,1,1,1,1,1,1,1,1,1,1,1,1,1,1,1,1,1,1,1,1,1,1,1,1,1,1,1,1,1,1,1,1,1,1,1,1,1,1,1,1,1,1,1,1,1,1,1,1,1,1,1,1,1,1,1,1,1,1,1,1,1,1,1,1,1,1,1,1,1,1,1,1,1,1,1,1,1,1,1,1,1,1,1,1,1,1,1,1,1,1,1,1,1,1,1,1,1,1,1,1,1,1,1,1,1,1,1,1,1,1,1,1,1,1,1,1,1,1,1,1,1,1,1,1,1,1,1,1,1,1,1,1,1,1,1,1,1,1,1,1,1,1,1,1,1,1,1,1,1,1,1,1,1,1,1,1,1,1,1,1,1,1,1,1,1,1,1,1,1,1,1,1,1,1,1,1,1,1,1,1,1,1,1,1,1,1,1,1,1,1,1,1,1,1,1,1,1,1,1,1,1,1,1,1,1,1,1,1,1,1,1,1,1,1,1,1,1,1,1,1,1,1,1,1,1,1,1,1,1,1,1,1,1,1,1,1,1,1,1,1,1,1,1,1,1,1,1,1,1,1,1,1,1,1,1,1,1,1,1,1,1,1,1,1,1,1,1,1,1,1,1,1,1,1,1,1,1,1,1,1,1,1,1,1,1,1,1,1,1,1,1,1,1,1,1,1,1,1,1,1,
37001,0,0,0,0,0,0,0,0,0,0,0,0,0,0,0,0,0,0,0,0,0,0,0,0,0,0,0,0,0,0,0,0,0,0,0,0,0,0,0,0,0,0,0,0,0,0,0,0,0,0,0,0,0,0,0,0,0,0,0,0,0,0,0,0,0,0,0,0,0,0,0,0,0,0,0,0,0,0,0,0,0,0,0,0,0,0,0,0,0,0,0,0,0,0,0,0,0,0,0,0,0,0,0,0,0,0,0,0,0,0,0,0,0,0,0,0,0,0,0,0,0,0,0,0,0,0,0,0,0,0,0,0,0,0,0,0,0,0,0,0,0,0,0,0,0,0,0,0,0,0,0,0,0,0,0,0,0,0,0,0,0,0,0,0,0,0,0,0,0,0,0,0,0,0,0,0,0,0,0,0,0,0,0,0,0,0,0,0,0,0,0,0,0,0,0,0,0,0,0,0,0,0,0,0,0,0,0,0,0,0,0,0,0,0,0,0,0,0,0,0,0,0,0,0,0,0,0,0,0,0,0,0,0,0,0,0,0,0,0,0,0,0,0,0,0,0,0,0,0,0,0,0,0,0,0,0,0,0,0,0,0,0,0,0,0,0,0,0,0,0,0,0,0,0,0,0,0,0,0,0,0,0,0,0,0,0,0,0,0,0,0,0,0,0,0,0,0,0,0,0,0,0,0,0,0,0,0,0,0,0,0,0,0,0,0,0,0,0,0,0,0,0,0,0,0,0,0,0,0,0,0,0,0,0,0,0,0,0,0,0,0,0,0,0,0,0,0,0,0,0,0,0,0,0,0,0,0,0,0,0,0,0,0,0,0,0,0,0,0,0,0,0,0,0,0,0,0,0,0,0,0,0,0,0,0,0,0,0,0,0,0,0,0,0,0,0,0,0,0,0,0,0,0,0,0,0,0,0,0,0,0,0,0,0,0,0,0,0,0,0,0,0,0,0,0,0,0,0,0,0,0,0,0,0,0,0,0,0,0,0,0,0,0,0,0,0,0,0,0,0,0,0,0,0,0,0,0,0,0,0,0,0,0,0,0,0,0,0,0,0,0,0,0,0,0,0,0,0,0,0,0,0,0,0,0,0,0,0,0,0,0,0,0,0,0,0,0,0,0,0,0,0,0,0,0,0,0,0,0,0,0,0,0,0,0,0,0,0,0,0,0,0,0,0,0,0,0,0,0,0,0,0,0,0,0,0,0,0,0,0,0,0,0,0,0,
37002,0,0,0,0,0,0,0,0,0,0,0,0,0,0,0,0,0,0,0,0,0,0,0,0,0,0,0,0,0,0,0,0,0,0,0,0,0,0,0,0,0,0,0,0,0,0,0,0,0,0,0,0,0,0,0,0,0,0,0,0,0,0,0,0,0,0,0,0,0,0,0,0,0,0,0,0,0,0,0,0,0,0,0,0,0,0,0,0,0,0,0,0,0,0,0,0,0,0,0,0,0,0,0,0,0,0,0,0,0,0,0,0,0,0,0,0,0,0,0,0,0,0,0,0,0,0,0,0,0,0,0,0,0,0,0,0,0,0,0,0,0,0,0,0,0,0,0,0,0,0,0,0,0,0,0,0,0,0,0,0,0,0,0,0,0,0,0,0,0,0,0,0,0,0,0,0,0,0,0,0,0,0,0,0,0,0,0,0,0,0,0,0,0,0,0,0,0,0,0,0,0,0,0,0,0,0,0,0,0,0,0,0,0,0,0,0,0,0,0,0,0,0,0,0,0,0,0,0,0,0,0,0,0,0,0,0,0,0,0,0,0,0,0,0,0,0,0,0,0,0,0,0,0,0,0,0,0,0,0,0,0,0,0,0,0,0,0,0,0,0,0,0,0,0,0,0,0,0,0,0,0,0,0,0,0,0,0,0,0,0,0,0,0,0,0,0,0,0,0,0,0,0,0,0,0,0,0,0,0,0,0,0,0,0,0,0,0,0,0,0,0,0,0,0,0,0,0,0,0,0,0,0,0,0,0,0,0,0,0,0,0,0,0,0,0,0,0,0,0,0,0,0,0,0,0,0,0,0,0,0,0,0,0,0,0,0,0,0,0,0,0,0,0,0,0,0,0,0,0,0,0,0,0,0,0,0,0,0,0,0,0,0,0,0,0,0,0,0,0,0,0,0,0,0,0,0,0,0,0,0,0,0,0,0,0,0,0,0,0,0,0,0,0,0,0,0,0,0,0,0,0,0,0,0,0,0,0,0,0,0,0,0,0,0,0,0,0,0,0,0,0,0,0,0,0,0,0,0,0,0,0,0,0,0,0,0,0,0,0,0,0,0,0,0,0,0,0,0,0,0,0,0,0,0,0,0,0,0,0,0,0,0,0,0,0,0,0,0,0,0,0,0,0,0,0,0,0,0,0,0,0,0,0,0,0,0,0,0,0,0,0,0,0,0,0,0,0,0,0,0,0,0,0,0,0,0,0,0,0,0,0,0,0,0,0,
37003,0,0,0,0,0,0,0,0,0,0,0,0,0,0,0,0,0,0,0,0,0,0,0,0,0,0,0,0,0,0,0,0,0,0,0,0,0,0,0,0,0,0,0,0,0,0,0,0,0,0,0,0,0,0,0,0,0,0,0,0,0,0,0,0,0,0,0,0,0,0,0,0,0,0,0,0,0,0,0,0,0,0,0,0,0,0,0,0,0,0,0,0,0,0,0,0,0,0,0,0,0,0,0,0,0,0,0,0,0,0,0,0,0,0,0,0,0,0,0,0,0,0,0,0,0,0,0,0,0,0,0,0,0,0,0,0,0,0,0,0,0,0,0,0,0,0,0,0,0,0,0,0,0,0,0,0,0,0,0,0,0,0,0,0,0,0,0,0,0,0,0,0,0,0,0,0,0,0,0,0,0,0,0,0,0,0,0,0,0,0,0,0,0,0,0,0,0,0,0,0,0,0,0,0,0,0,0,0,0,0,0,0,0,0,0,0,0,0,0,0,0,0,0,0,0,0,0,0,0,0,0,0,0,0,0,0,0,0,0,0,0,0,0,0,0,0,0,0,0,0,0,0,0,0,0,0,0,0,0,0,0,0,0,0,0,0,0,0,0,0,0,0,0,0,0,0,0,0,0,0,0,0,0,0,0,0,0,0,0,0,0,0,0,0,0,0,0,0,0,0,0,0,0,0,0,0,0,0,0,0,0,0,0,0,0,0,0,0,0,0,0,0,0,0,0,0,0,0,0,0,0,0,0,0,0,0,0,0,0,0,0,0,0,0,0,0,0,0,0,0,0,0,0,0,0,0,0,0,0,0,0,0,0,0,0,0,0,0,0,0,0,0,0,0,0,0,0,0,0,0,0,0,0,0,0,0,0,0,0,0,0,0,0,0,0,0,0,0,0,0,0,0,0,0,0,0,0,0,0,0,0,0,0,0,0,0,0,0,0,0,0,0,0,0,0,0,0,0,0,0,0,0,0,0,0,0,0,0,0,0,0,0,0,0,0,0,0,0,0,0,0,0,0,0,0,0,0,0,0,0,0,0,0,0,0,0,0,0,0,0,0,0,0,0,0,0,0,0,0,0,0,0,0,0,0,0,0,0,0,0,0,0,0,0,0,0,0,0,0,0,0,0,0,0,0,0,0,0,0,0,0,0,0,0,0,0,0,0,0,0,0,0,0,0,0,0,0,0,0,0,0,0,0,0,0,0,0,0,0,0,0,0,0,0,0,
37004,2209,2209,2209,2209,2209,2209,2209,2209,2209,2209,2209,2209,2209,2209,2209,2209,2209,2209,2209,2209,2209,2209,2209,2209,2209,2209,2209,2209,2209,2209,2209,2209,2209,2209,2210,2209,2209,2209,2209,2209,2209,2209,2209,2209,2209,2209,2209,2209,2209,2209,2209,2209,2209,2209,2209,2209,2209,2209,2209,2209,2209,2209,2209,2209,2209,2209,2209,2208,2209,2209,2209,2209,2209,2209,2209,2209,2208,2208,2209,2208,2209,2209,2209,2209,2209,2209,2209,2209,2209,2208,2209,2208,2208,2209,2208,2209,2209,2209,2209,2209,2209,2209,2209,2209,2209,2208,2208,2209,2208,2209,2209,2209,2208,2209,2208,2209,2209,2209,2209,2209,2209,2209,2209,2209,2209,2209,2209,2209,2209,2209,2209,2208,2208,2208,2208,2209,2209,2209,2208,2209,2209,2209,2208,2208,2209,2209,2209,2209,2209,2209,2209,2209,2209,2209,2209,2209,2208,2209,2209,2209,2209,0,0,0,0,0,0,0,0,0,0,0,0,0,0,0,0,0,0,0,0,0,0,0,0,0,0,0,0,0,0,0,0,0,0,0,0,0,0,0,0,0,0,0,0,0,0,0,0,0,0,0,0,0,0,0,0,0,0,0,0,0,0,0,0,0,0,0,0,0,0,0,0,0,0,0,0,0,0,0,0,0,0,0,0,0,0,0,0,0,0,0,0,0,0,0,0,0,0,0,0,0,0,0,0,0,0,0,0,0,0,0,0,0,0,0,0,0,0,0,0,0,0,0,0,0,0,0,0,0,0,0,0,0,0,0,0,0,0,0,0,0,0,0,0,0,0,0,0,0,0,0,0,0,0,0,0,0,0,0,0,0,0,0,0,0,0,0,0,0,0,0,0,0,0,0,0,0,0,0,0,0,0,0,0,0,0,0,0,0,0,0,0,0,0,0,0,0,0,0,0,0,0,0,0,0,0,0,0,0,0,0,0,0,0,0,0,0,0,0,0,0,0,0,0,0,0,0,0,0,0,0,0,0,0,0,0,0,0,0,0,0,0,0,0,0,0,0,0,0,0,0,0,0,0,0,0,0,0,0,0,0,0,0,0,0,0,0,0,0,0,0,0,0,0,0,0,0,0,0,0,0,0,0,0,0,0,0,0,0,0,0,0,0,0,0,0,0,0,0,0,0,0,0,0,0,0,0,0,0,0,0,0,0,0,0,0,0,0,0,0,0,0,0,0,0,0,0,0,0,0,0,0,0,0,0,0,0,0,0,0,0,0,0,0,0,0,0,0,0,0,0,0,0,0,0,0,0,0,0,0,0,0,0,0,0,0,0,0,0,0,0,0,0,0,0,0,0,0,0,0,0,0,0,0,
37005,30,30,30,30,30,30,30,30,30,30,30,30,30,30,30,30,30,30,30,30,30,30,30,30,30,30,30,30,30,30,30,29,28,27,27,26,25,24,24,23,22,22,21,20,20,20,20,20,20,20,20,20,20,20,20,20,20,20,20,20,20,20,20,20,20,20,20,20,20,20,20,20,20,20,20,20,20,20,20,20,20,20,20,20,20,20,20,20,20,20,20,20,20,20,20,20,20,20,20,20,20,20,20,20,20,20,20,20,20,20,19,18,18,17,16,15,15,15,15,15,15,15,15,14,14,14,14,14,14,14,14,14,14,14,13,13,13,13,13,13,13,13,13,13,13,12,12,12,12,12,12,12,12,12,12,12,11,11,11,11,10,10,10,10,10,10,10,10,10,10,10,10,10,10,10,10,10,10,10,10,10,10,10,10,10,10,10,10,10,10,10,10,10,10,10,10,10,10,10,10,10,10,10,10,10,10,10,10,10,10,10,10,10,10,10,10,10,10,10,10,10,10,10,10,11,11,11,11,11,11,11,11,11,11,11,11,11,11,11,11,11,11,11,11,11,11,11,11,11,11,11,11,11,11,11,11,11,11,11,11,11,11,11,11,11,11,11,11,11,11,11,11,11,11,11,11,11,11,11,11,11,11,11,11,11,11,11,11,11,11,11,11,11,11,11,11,11,11,11,11,11,11,11,11,11,11,11,11,11,11,11,11,11,11,11,11,11,11,11,11,11,11,11,11,11,11,11,11,11,11,11,11,11,11,11,11,11,11,11,11,11,11,11,11,11,11,11,11,11,11,11,11,11,11,11,11,11,11,11,11,11,11,11,11,11,11,11,11,11,11,11,11,11,11,11,11,11,11,11,11,11,11,11,11,11,11,11,11,11,11,11,11,11,11,11,11,11,11,11,11,11,11,11,11,11,11,11,11,11,11,11,11,11,11,11,11,11,11,11,11,11,11,11,11,11,11,11,11,11,11,11,11,11,11,11,11,11,11,11,11,11,11,11,11,11,11,11,11,11,11,11,11,11,11,11,11,11,11,11,11,11,11,11,11,11,11,11,11,11,11,11,11,11,11,11,11,11,11,11,11,11,11,11,11,11,11,11,11,11,11,11,11,11,11,11,11,11,11,11,11,11,11,11,11,11,11,11,11,11,11,11,11,11,11,11,10,10,10,10,10,10,10,10,10,10,10,10,10,10,10,9,9,9,9,8,8,8,7,7,7,7,7,7,7,7,
37006,260,260,260,260,260,260,260,261,260,260,260,260,260,260,260,261,260,261,260,260,260,260,260,260,260,260,260,261,260,260,260,262,263,264,265,265,265,267,267,268,268,268,269,270,268,268,267,267,266,266,266,266,267,267,266,267,266,267,267,266,267,267,267,267,267,267,267,267,267,267,267,267,268,268,268,268,268,268,268,268,268,268,268,268,268,268,269,268,269,269,269,268,269,269,269,269,269,269,269,270,269,269,269,269,270,269,269,269,270,270,270,271,271,272,273,274,274,275,276,277,278,279,280,281,282,283,284,285,286,287,288,289,290,292,293,295,295,296,298,299,301,302,303,304,306,308,309,311,313,314,316,318,319,321,323,324,326,327,330,331,332,331,331,331,331,331,331,331,331,331,331,331,331,331,331,331,331,331,331,331,331,331,330,331,331,331,330,330,330,330,330,330,330,330,330,329,330,330,330,330,329,329,329,329,329,329,329,329,329,329,328,329,329,328,328,328,328,328,328,328,328,327,328,327,327,327,327,327,326,326,326,326,326,326,326,326,326,326,325,326,326,325,325,325,325,324,325,325,324,324,324,324,324,324,324,324,323,323,323,323,323,323,322,322,322,322,322,322,321,321,321,321,321,321,321,321,321,321,320,321,320,320,320,320,320,320,320,319,319,319,319,319,319,319,318,318,318,318,318,318,318,318,317,317,317,317,317,317,316,316,316,316,316,316,316,316,315,316,315,315,315,315,314,314,314,314,314,314,313,313,314,314,313,313,313,313,313,313,312,312,312,312,311,311,311,311,311,311,311,311,311,310,310,310,310,310,310,310,309,309,309,309,309,309,309,309,309,309,308,308,308,308,307,307,308,307,307,307,307,307,307,307,306,306,306,306,306,306,306,306,305,305,305,305,305,305,304,305,304,304,304,304,304,304,303,303,304,303,303,303,303,303,303,302,303,302,302,302,301,302,302,302,302,301,301,301,301,301,300,301,300,300,300,300,300,300,300,299,299,299,299,299,299,299,299,299,299,298,298,298,298,298,298,298,298,298,298,298,297,297,297,297,297,297,297,297,296,296,296,296,296,296,296,296,296,295,295,295,295,295,295,295,295,295,294,294,294,294,294,294,294,294,294,293,293,294,293,293,293,293,293,293,292,292,292,292,292,292,292,292,292,291,292,292,291,293,293,293,292,292,292,294,296,297,296,296,295,296,296,295,297,299,300,302,303,305,306,308,307,307,306,306,306,306,305,
37007,3287,3287,3287,3287,3287,3287,3287,3287,3287,3287,3287,3287,3287,3288,3287,3288,3287,3287,3288,3288,3288,3288,3288,3289,3288,3288,3288,3288,3288,3248,3208,3205,3200,3195,3189,3191,3192,3191,3186,3182,3187,3182,3181,3234,3254,3262,3267,3269,3272,3274,3275,3276,3276,3277,3278,3278,3278,3279,3280,3280,3280,3280,3281,3281,3281,3281,3282,3282,3283,3283,3283,3282,3283,3283,3284,3284,3284,3284,3284,3284,3285,3285,3286,3285,3286,3286,3286,3286,3286,3286,3286,3286,3286,3287,3286,3287,3287,3287,3287,3287,3287,3287,3287,3287,3287,3287,3287,3287,3288,3216,3205,3197,3185,3187,3180,3177,3183,3177,3179,3177,3171,3170,3168,3170,3167,3168,3167,3172,3164,3168,3165,3164,3157,3161,3158,3155,3161,3152,3150,3149,3150,3148,3143,3146,3137,3138,3132,3136,3132,3126,3123,3124,3123,3121,3114,3112,3109,3107,3096,3099,3170,3186,3194,3198,3201,3204,3206,3208,3210,3210,3211,3212,3213,3213,3214,3214,3215,3215,3215,3215,3216,3216,3217,3217,3217,3217,3217,3217,3217,3218,3218,3218,3218,3218,3218,3218,3218,3219,3218,3218,3218,3219,3218,3219,3218,3219,3219,3218,3219,3219,3218,3219,3219,3219,3219,3219,3219,3218,3219,3218,3219,3220,3220,3219,3219,3219,3219,3219,3220,3220,3219,3220,3220,3220,3220,3220,3220,3220,3220,3220,3220,3220,3220,3220,3220,3220,3220,3220,3220,3220,3221,3220,3221,3220,3221,3220,3220,3220,3220,3220,3221,3220,3220,3220,3220,3221,3221,3220,3221,3220,3221,3221,3220,3220,3220,3221,3220,3221,3220,3221,3221,3220,3220,3221,3220,3221,3221,3220,3220,3221,3221,3221,3221,3221,3220,3220,3221,3222,3221,3221,3220,3221,3221,3221,3221,3221,3222,3221,3221,3222,3221,3221,3221,3221,3221,3221,3221,3221,3221,3222,3221,3221,3221,3221,3221,3221,3221,3221,3221,3221,3221,3221,3221,3221,3222,3221,3222,3221,3221,3221,3221,3221,3221,3221,3221,3222,3221,3222,3221,3222,3222,3221,3221,3222,3222,3222,3222,3221,3222,3222,3222,3222,3222,3221,3221,3222,3221,3222,3222,3222,3221,3222,3222,3222,3222,3221,3222,3221,3222,3222,3221,3222,3222,3222,3222,3222,3222,3222,3222,3222,3222,3222,3222,3222,3222,3222,3221,3222,3222,3222,3222,3221,3222,3222,3222,3221,3222,3222,3222,3221,3222,3222,3222,3222,3222,3222,3222,3222,3222,3222,3222,3221,3222,3222,3222,3222,3222,3222,3222,3222,3222,3222,3222,3222,3222,3222,3222,3222,3222,3222,3222,3222,3222,3222,3222,3222,3222,3222,3222,3222,3222,3222,3222,3222,3222,3222,3222,3222,3222,3222,3222,3222,3222,3222,3222,3222,3222,3223,3222,3222,3222,3222,3222,3222,3222,3222,3222,3222,3222,3222,3222,3222,3222,3222,3222,3222,3222,3222,3222,3222,3222,3222,3222,3222,3223,3222,3223,3222,3222,3222,3222,3222,3222,3222,3222,3222,3222,3222,3222,3222,3222,3222,3222,3222,3222,3139,3193,3201,3205,3207,3143,3111,3108,3159,3177,3184,3187,3190,3191,3128,3098,3090,3083,3077,3069,3060,3040,3121,3149,3161,3168,3171,3174,3177,3179,
37008,3284,3284,3285,3284,3284,3285,3285,3285,3285,3285,3285,3285,3285,3286,3285,3286,3285,3286,3286,3286,3286,3286,3285,3285,3286,3285,3286,3286,3286,3239,3202,3197,3192,3188,3183,3182,3183,3181,3179,3174,3179,3177,3174,3232,3251,3259,3264,3267,3269,3271,3273,3274,3274,3275,3276,3276,3277,3277,3278,3278,3278,3278,3279,3279,3279,3280,3280,3280,3280,3281,3280,3280,3281,3282,3281,3282,3282,3282,3283,3283,3282,3282,3283,3284,3283,3283,3283,3283,3284,3284,3284,3284,3284,3284,3284,3284,3285,3284,3284,3284,3285,3284,3285,3285,3285,3285,3285,3285,3286,3209,3199,3190,3178,3180,3175,3173,3176,3170,3171,3168,3163,3166,3161,3166,3161,3161,3158,3164,3158,3160,3160,3158,3150,3154,3151,3147,3151,3143,3140,3142,3142,3143,3134,3135,3130,3128,3125,3126,3128,3118,3117,3115,3113,3111,3101,3105,3099,3097,3092,3086,3166,3183,3191,3196,3199,3201,3203,3204,3205,3207,3207,3208,3209,3210,3211,3211,3211,3212,3212,3213,3213,3213,3213,3213,3213,3213,3214,3214,3214,3215,3215,3215,3215,3215,3215,3215,3214,3215,3215,3215,3215,3215,3215,3216,3216,3215,3215,3216,3215,3215,3216,3215,3216,3215,3216,3215,3215,3216,3215,3216,3216,3216,3216,3216,3216,3217,3215,3216,3217,3215,3216,3216,3217,3217,3216,3216,3216,3216,3217,3217,3217,3217,3217,3217,3216,3217,3217,3217,3217,3217,3217,3217,3217,3217,3217,3217,3217,3217,3217,3217,3217,3217,3217,3217,3217,3217,3217,3217,3217,3218,3217,3217,3217,3217,3217,3218,3217,3217,3217,3218,3217,3216,3217,3217,3217,3217,3218,3217,3217,3218,3218,3217,3217,3217,3217,3217,3218,3218,3217,3218,3218,3218,3216,3218,3218,3218,3217,3217,3218,3218,3218,3218,3218,3217,3218,3218,3218,3217,3218,3218,3218,3218,3218,3218,3218,3218,3218,3218,3218,3218,3218,3218,3218,3218,3218,3218,3217,3218,3218,3218,3218,3218,3218,3218,3218,3218,3218,3218,3218,3218,3218,3218,3218,3218,3218,3218,3218,3218,3218,3218,3218,3218,3218,3218,3218,3218,3218,3218,3218,3218,3218,3218,3218,3218,3218,3218,3218,3219,3218,3218,3218,3218,3218,3218,3218,3218,3218,3218,3218,3218,3218,3218,3218,3218,3218,3218,3218,3218,3218,3218,3218,3218,3218,3219,3218,3218,3218,3218,3218,3218,3218,3218,3218,3218,3219,3218,3218,3218,3218,3218,3218,3218,3218,3218,3218,3218,3219,3218,3219,3218,3218,3218,3218,3218,3218,3218,3218,3218,3218,3218,3218,3218,3219,3219,3218,3218,3218,3218,3218,3219,3218,3218,3219,3218,3218,3218,3218,3218,3218,3218,3219,3218,3218,3219,3219,3219,3219,3218,3219,3218,3219,3219,3218,3219,3218,3219,3218,3218,3218,3219,3218,3218,3219,3218,3219,3218,3218,3218,3219,3218,3219,3218,3219,3219,3218,3219,3219,3218,3218,3219,3218,3219,3218,3219,3219,3219,3218,3219,3218,3219,3218,3219,3218,3219,3219,3129,3190,3198,3202,3204,3137,3106,3101,3155,3174,3181,3185,3187,3188,3120,3091,3082,3071,3069,3053,3044,3017,3111,3143,3155,3162,3166,3170,3172,3175,
37009,0,0,0,0,0,0,0,0,0,0,0,0,0,0,0,0,0,0,0,0,0,0,0,0,0,0,0,0,0,0,0,0,0,0,0,0,0,0,0,0,0,0,0,0,0,0,0,0,0,0,0,0,0,0,0,0,0,0,0,0,0,0,0,0,0,0,0,0,0,0,0,0,0,0,0,0,0,0,0,0,0,0,0,0,0,0,0,0,0,0,0,0,0,0,0,0,0,0,0,0,0,0,0,0,0,0,0,0,0,0,0,0,0,0,0,0,0,0,0,0,0,0,0,0,0,0,0,0,0,0,0,0,0,0,0,0,0,0,0,0,0,0,0,0,0,0,0,0,0,0,0,0,0,0,0,0,0,0,0,0,0,0,0,0,0,0,0,0,0,0,0,0,0,0,0,0,0,0,0,0,0,0,0,0,0,0,0,0,0,0,0,0,0,0,0,0,0,0,0,0,0,0,0,0,0,0,0,0,0,0,0,0,0,0,0,0,0,0,0,0,0,0,0,0,0,0,0,0,0,0,0,0,0,0,0,0,0,0,0,0,0,0,0,0,0,0,0,0,0,0,0,0,0,0,0,0,0,0,0,0,0,0,0,0,0,0,0,0,0,0,0,0,0,0,0,0,0,0,0,0,0,0,0,0,0,0,0,0,0,0,0,0,0,0,0,0,0,0,0,0,0,0,0,0,0,0,0,0,0,0,0,0,0,0,0,0,0,0,0,0,0,0,0,0,0,0,0,0,0,0,0,0,0,0,0,0,0,0,0,0,0,0,0,0,0,0,0,0,0,0,0,0,0,0,0,0,0,0,0,0,0,0,0,0,0,0,0,0,0,0,0,0,0,0,0,0,0,0,0,0,0,0,0,0,0,0,0,0,0,0,0,0,0,0,0,0,0,0,0,0,0,0,0,0,0,0,0,0,0,0,0,0,0,0,0,0,0,0,0,0,0,0,0,0,0,0,0,0,0,0,0,0,0,0,0,0,0,0,0,0,0,0,0,0,0,0,0,0,0,0,0,0,0,0,0,0,0,0,0,0,0,0,0,0,0,0,0,0,0,0,0,0,0,0,0,0,0,0,0,0,0,0,0,0,0,0,0,0,0,0,0,0,0,0,0,0,0,0,0,0,0,0,0,0,0,0,0,0,0,0,0,0,0,0,0,0,0,0,0,0,0,0,0,0,0,0,0,0,0,0,0,0,0,0,0,0,0,0,0,0,0,0,0,0,0,
37010,0,0,0,0,0,0,0,0,0,0,0,0,0,0,0,0,0,0,0,0,0,0,0,0,0,0,0,0,0,0,0,0,0,0,0,0,0,0,0,0,0,0,0,0,0,0,0,0,0,0,0,0,0,0,0,0,0,0,0,0,0,0,0,0,0,0,0,0,0,0,0,0,0,0,0,0,0,0,0,0,0,0,0,0,0,0,0,0,0,0,0,0,0,0,0,0,0,0,0,0,0,0,0,0,0,0,0,0,0,0,0,0,0,0,0,0,0,0,0,0,0,0,0,0,0,0,0,0,0,0,0,0,0,0,0,0,0,0,0,0,0,0,0,0,0,0,0,0,0,0,0,0,0,0,0,0,0,0,0,0,0,0,0,0,0,0,0,0,0,0,0,0,0,0,0,0,0,0,0,0,0,0,0,0,0,0,0,0,0,0,0,0,0,0,0,0,0,0,0,0,0,0,0,0,0,0,0,0,0,0,0,0,0,0,0,0,0,0,0,0,0,0,0,0,0,0,0,0,0,0,0,0,0,0,0,0,0,0,0,0,0,0,0,0,0,0,0,0,0,0,0,0,0,0,0,0,0,0,0,0,0,0,0,0,0,0,0,0,0,0,0,0,0,0,0,0,0,0,0,0,0,0,0,0,0,0,0,0,0,0,0,0,0,0,0,0,0,0,0,0,0,0,0,0,0,0,0,0,0,0,0,0,0,0,0,0,0,0,0,0,0,0,0,0,0,0,0,0,0,0,0,0,0,0,0,0,0,0,0,0,0,0,0,0,0,0,0,0,0,0,0,0,0,0,0,0,0,0,0,0,0,0,0,0,0,0,0,0,0,0,0,0,0,0,0,0,0,0,0,0,0,0,0,0,0,0,0,0,0,0,0,0,0,0,0,0,0,0,0,0,0,0,0,0,0,0,0,0,0,0,0,0,0,0,0,0,0,0,0,0,0,0,0,0,0,0,0,0,0,0,0,0,0,0,0,0,0,0,0,0,0,0,0,0,0,0,0,0,0,0,0,0,0,0,0,0,0,0,0,0,0,0,0,0,0,0,0,0,0,0,0,0,0,0,0,0,0,0,0,0,0,0,0,0,0,0,0,0,0,0,0,0,0,0,0,0,0,0,0,0,0,0,0,0,0,0,0,0,0,0,0,0,0,0,0,0,0,0,0,0,0,0,0,0,0,0,0,0,0,0,0,0,0,0,0,0,0,0,0,0,0,0,0,0,0,
37011,0,0,0,0,0,0,0,0,0,0,0,0,0,0,0,0,0,0,0,0,0,0,0,0,0,0,0,0,0,0,0,0,0,0,0,0,0,0,0,0,0,0,0,0,0,0,0,0,0,0,0,0,0,0,0,0,0,0,0,0,0,0,0,0,0,0,0,0,0,0,0,0,0,0,0,0,0,0,0,0,0,0,0,0,0,0,0,0,0,0,0,0,0,0,0,0,0,0,0,0,0,0,0,0,0,0,0,0,0,0,0,0,0,0,0,0,0,0,0,0,0,0,0,0,0,0,0,0,0,0,0,0,0,0,0,0,0,0,0,0,0,0,0,0,0,0,0,0,0,0,0,0,0,0,0,0,0,2,2,2,0,0,0,0,0,0,0,0,0,0,0,0,0,0,0,0,0,0,0,0,0,0,0,0,0,0,0,0,0,0,0,0,0,0,0,0,0,0,0,0,0,0,0,0,0,0,0,0,0,0,0,0,0,0,0,0,0,0,0,0,0,0,0,0,0,0,0,0,0,0,0,0,0,0,0,0,0,0,0,0,0,0,0,0,0,0,0,0,0,0,0,0,0,0,0,0,0,0,0,0,0,0,0,0,0,0,0,0,0,0,0,0,0,0,0,0,0,0,0,0,0,0,0,0,0,0,0,0,0,0,0,0,0,0,0,0,0,0,0,0,0,0,0,0,0,0,0,0,0,0,0,0,0,0,0,0,0,0,0,0,0,0,0,0,0,0,0,0,0,0,0,0,0,0,0,0,0,0,0,0,0,0,0,0,0,0,0,0,0,0,0,0,0,0,0,0,0,0,0,0,0,0,0,0,0,0,0,0,0,0,0,0,0,0,0,0,0,0,0,0,0,0,0,0,0,0,0,0,0,0,0,0,0,0,0,0,0,0,0,0,0,0,0,0,0,0,0,0,0,0,0,0,0,0,0,0,0,0,0,0,0,0,0,0,0,0,0,0,0,0,0,0,0,0,0,0,0,0,0,0,0,0,0,0,0,0,0,0,0,0,0,0,0,0,0,0,0,0,0,0,0,0,0,0,0,0,0,0,0,0,0,0,0,0,0,0,0,0,0,0,0,0,0,0,0,0,0,0,0,0,0,0,0,0,0,0,0,0,0,0,0,0,0,0,0,0,0,0,0,0,0,0,0,0,0,0,0,0,0,0,0,0,0,0,0,0,0,0,0,0,2,2,2,2,2,2,2,0,0,0,0,0,0,0,0,
37012,116,116,116,116,116,116,116,116,116,116,116,116,116,116,116,116,116,116,116,116,116,116,116,116,116,116,116,116,116,116,116,116,116,116,116,116,116,116,116,116,116,116,116,116,116,116,116,116,116,116,116,116,116,116,116,116,116,116,116,116,116,116,116,116,116,116,116,116,116,116,116,116,116,116,116,116,116,116,116,116,116,116,116,116,116,116,116,116,116,116,116,116,116,116,116,116,116,116,116,116,116,116,116,116,116,116,116,116,116,116,116,116,116,116,116,116,116,116,116,116,116,116,116,116,116,116,116,116,116,116,116,116,116,116,116,116,116,116,116,116,116,116,116,116,116,116,116,116,116,116,116,116,116,116,116,116,116,116,116,116,116,116,116,116,116,116,116,116,116,116,116,116,116,116,116,116,116,116,116,116,116,116,116,116,116,116,116,116,116,116,116,116,116,116,116,116,116,116,116,116,116,116,116,116,116,116,116,116,116,116,116,116,116,116,116,116,116,116,116,116,116,116,116,116,116,116,116,116,116,116,116,116,116,116,116,116,116,116,116,116,116,116,116,116,116,116,116,116,116,116,116,116,116,116,116,116,116,116,116,116,116,116,116,116,116,116,116,116,116,116,116,116,116,116,116,116,116,116,116,116,116,116,116,116,116,116,116,116,116,116,116,116,116,116,116,116,116,116,116,116,116,116,116,116,116,116,116,116,116,116,116,116,116,116,116,116,116,116,116,116,116,116,116,116,116,116,116,116,116,116,116,116,116,116,116,116,116,116,116,116,116,116,116,116,116,116,116,116,116,116,116,116,116,116,116,116,116,116,116,116,116,116,116,116,116,116,116,116,116,116,116,116,116,116,116,116,116,116,116,116,116,116,116,116,116,116,116,116,116,116,116,116,116,116,116,116,116,116,116,116,116,116,116,116,116,116,116,116,116,116,116,116,116,116,116,116,116,116,116,116,116,116,116,116,116,116,116,116,116,116,116,116,116,116,116,116,116,116,116,116,116,116,116,116,116,116,116,116,116,116,116,116,116,116,116,116,116,116,116,116,116,116,116,116,116,116,116,116,116,116,116,116,116,116,116,116,116,116,116,116,116,116,116,116,116,116,116,116,116,116,116,116,116,116,116,116,116,116,116,116,116,116,116,116,116,116,116,116,116,116,116,116,116,116,116,116,116,116,116,116,116,116,116,116,116,116,116,116,116,116,116,116,116,116,116,116,116,116,116,116,116,116,116,116,116,
37013,0,0,0,0,0,0,0,0,0,0,0,0,0,0,0,0,0,0,0,0,0,0,0,0,0,0,0,0,0,0,0,0,0,0,0,0,0,0,0,0,0,0,0,0,0,0,0,0,0,0,0,0,0,0,0,0,0,0,0,0,0,0,0,0,0,0,0,0,0,0,0,0,0,0,0,0,0,0,0,0,0,0,0,0,0,0,0,0,0,0,0,0,0,0,0,0,0,0,0,0,0,0,0,0,0,0,0,0,0,0,0,0,0,0,0,0,0,0,0,0,0,0,0,0,0,0,0,0,0,0,0,0,0,0,0,0,0,0,0,0,0,0,0,0,0,0,0,0,0,0,0,0,0,0,0,0,0,0,0,0,0,0,0,0,0,0,0,0,0,0,0,0,0,0,0,0,0,0,0,0,0,0,0,0,0,0,0,0,0,0,0,0,0,0,0,0,0,0,0,0,0,0,0,0,0,0,0,0,0,0,0,0,0,0,0,0,0,0,0,0,0,0,0,0,0,0,0,0,0,0,0,0,0,0,0,0,0,0,0,0,0,0,0,0,0,0,0,0,0,0,0,0,0,0,0,0,0,0,0,0,0,0,0,0,0,0,0,0,0,0,0,0,0,0,0,0,0,0,0,0,0,0,0,0,0,0,0,0,0,0,0,0,0,0,0,0,0,0,0,0,0,0,0,0,0,0,0,0,0,0,0,0,0,0,0,0,0,0,0,0,0,0,0,0,0,0,0,0,0,0,0,0,0,0,0,0,0,0,0,0,0,0,0,0,0,0,0,0,0,0,0,0,0,0,0,0,0,0,0,0,0,0,0,0,0,0,0,0,0,0,0,0,0,0,0,0,0,0,0,0,0,0,0,0,0,0,0,0,0,0,0,0,0,0,0,0,0,0,0,0,0,0,0,0,0,0,0,0,0,0,0,0,0,0,0,0,0,0,0,0,0,0,0,0,0,0,0,0,0,0,0,0,0,0,0,0,0,0,0,0,0,0,0,0,0,0,0,0,0,0,0,0,0,0,0,0,0,0,0,0,0,0,0,0,0,0,0,0,0,0,0,0,0,0,0,0,0,0,0,0,0,0,0,0,0,0,0,0,0,0,0,0,0,0,0,0,0,0,0,0,0,0,0,0,0,0,0,0,0,0,0,0,0,0,0,0,0,0,0,0,0,0,0,0,0,0,0,0,0,0,0,0,0,0,0,0,0,0,0,0,0,0,0,0,0,
37014,0,0,0,0,0,0,0,0,0,0,0,0,0,0,0,0,0,0,0,0,0,0,0,0,0,0,0,0,0,0,0,0,0,0,0,0,0,0,0,0,0,0,0,0,0,0,0,0,0,0,0,0,0,0,0,0,0,0,0,0,0,0,0,0,0,0,0,0,0,0,0,0,0,0,0,0,0,0,0,0,0,0,0,0,0,0,0,0,0,0,0,0,0,0,0,0,0,0,0,0,0,0,0,0,0,0,0,0,0,0,0,0,0,0,0,0,0,0,0,0,0,0,0,0,0,0,0,0,0,0,0,0,0,0,0,0,0,0,0,0,0,0,0,0,0,0,0,0,0,0,0,0,0,0,0,0,0,0,0,0,0,0,0,0,0,0,0,0,0,0,0,0,0,0,0,0,0,0,0,0,0,0,0,0,0,0,0,0,0,0,0,0,0,0,0,0,0,0,0,0,0,0,0,0,0,0,0,0,0,0,0,0,0,0,0,0,0,0,0,0,0,128,128,128,0,0,128,128,128,128,128,128,128,128,128,128,128,128,128,128,128,128,128,128,128,128,128,128,128,128,128,128,128,128,128,128,128,128,128,128,128,128,128,128,128,128,128,128,128,128,128,128,128,128,128,128,128,128,128,128,128,128,128,128,128,128,128,128,128,128,128,128,128,128,128,128,128,128,128,128,128,128,128,128,128,128,128,128,128,128,128,128,128,128,128,128,128,128,128,128,128,128,128,128,128,128,128,128,128,128,128,128,128,128,128,128,128,128,128,128,128,128,128,128,128,128,128,128,128,128,128,128,128,128,128,128,128,128,128,128,128,128,128,128,128,128,128,128,128,128,128,128,128,128,128,128,128,128,128,128,128,128,128,128,128,128,128,128,128,128,128,128,128,128,128,128,128,128,128,128,128,128,128,128,128,128,128,128,128,128,128,128,128,128,128,128,128,128,128,128,128,128,128,128,128,128,128,128,128,128,128,128,128,128,128,128,128,128,128,128,128,128,128,128,128,128,128,128,128,128,128,128,128,128,128,128,128,128,128,128,128,128,128,128,128,128,128,128,128,128,128,128,128,128,128,128,128,128,128,128,128,128,128,128,128,128,128,128,128,128,128,128,128,128,128,128,128,128,128,128,128,128,128,128,128,128,128,128,128,128,128,128,128,128,128,128,128,128,128,128,128,128,128,128,128,128,128,128,128,128,128,128,128,128,128,128,128,128,128,128,128,128,128,128,128,
37015,0,0,0,0,0,0,0,0,0,0,0,0,0,0,0,0,0,0,0,0,0,0,0,0,0,0,0,0,0,0,0,0,0,0,0,0,0,0,0,0,0,0,0,0,0,0,0,0,0,0,0,0,0,0,0,0,0,0,0,0,0,0,0,0,0,0,0,0,0,0,0,0,0,0,0,0,0,0,0,0,0,0,0,0,0,0,0,0,0,0,0,0,0,0,0,0,0,0,0,0,0,0,0,0,0,0,0,0,0,0,0,0,0,0,0,0,0,0,0,0,0,0,0,0,0,0,0,0,0,0,0,0,0,0,0,0,0,0,0,0,0,0,0,0,0,0,0,0,0,0,0,0,0,0,0,0,0,0,0,0,0,0,0,0,0,0,0,0,0,0,0,0,0,0,0,0,0,0,0,0,0,0,0,0,0,0,0,0,0,0,0,0,0,0,0,0,0,0,0,0,0,0,0,0,0,0,0,0,0,0,0,0,0,0,0,0,0,0,0,0,0,0,0,0,0,0,0,0,0,0,0,0,0,0,0,0,0,0,0,0,0,0,0,0,0,0,0,0,0,0,0,0,0,0,0,0,0,0,0,0,0,0,0,0,0,0,0,0,0,0,0,0,0,0,0,0,0,0,0,0,0,0,0,0,0,0,0,0,0,0,0,0,0,0,0,0,0,0,0,0,0,0,0,0,0,0,0,0,0,0,0,0,0,0,0,0,0,0,0,0,0,0,0,0,0,0,0,0,0,0,0,0,0,0,0,0,0,0,0,0,0,0,0,0,0,0,0,0,0,0,0,0,0,0,0,0,0,0,0,0,0,0,0,0,0,0,0,0,0,0,0,0,0,0,0,0,0,0,0,0,0,0,0,0,0,0,0,0,0,0,0,0,0,0,0,0,0,0,0,0,0,0,0,0,0,0,0,0,0,0,0,0,0,0,0,0,0,0,0,0,0,0,0,0,0,0,0,0,0,0,0,0,0,0,0,0,0,0,0,0,0,0,0,0,0,0,0,0,0,0,0,0,0,0,0,0,0,0,0,0,0,0,0,0,0,0,0,0,0,0,0,0,0,0,0,0,0,0,0,0,0,0,0,0,0,0,0,0,0,0,0,0,0,0,0,0,0,0,0,0,0,0,0,0,0,0,0,0,0,0,0,0,0,0,0,0,0,0,0,0,0,0,0,0,0,0,0,0,0,0,0,0,0,0,0,0,0,0,0,0,0,0,0,0,0,
37016,0,0,0,0,0,0,0,0,0,0,0,0,0,0,0,0,0,0,0,0,0,0,0,0,0,0,0,0,0,0,0,0,0,0,0,0,0,0,0,0,0,0,0,0,0,0,0,0,0,0,0,0,0,0,0,0,0,0,0,0,0,0,0,0,0,0,0,0,0,0,0,0,0,0,0,0,0,0,0,0,0,0,0,0,0,0,0,0,0,0,0,0,0,0,0,0,0,0,0,0,0,0,0,0,0,0,0,0,0,0,0,0,0,0,0,0,0,0,0,0,0,0,0,0,0,0,0,0,0,0,0,0,0,0,0,0,0,0,0,0,0,0,0,0,0,0,0,0,0,0,0,0,0,0,0,0,0,0,0,0,0,0,0,0,0,0,0,0,0,0,0,0,0,0,0,0,0,0,0,0,0,0,0,0,0,0,0,0,0,0,0,0,0,0,0,0,0,0,0,0,0,0,0,0,0,0,0,0,0,0,0,0,0,0,0,0,0,0,0,0,0,0,0,0,0,0,0,0,0,0,0,0,0,0,0,0,0,0,0,0,0,0,0,0,0,0,0,0,0,0,0,0,0,0,0,0,0,0,0,0,0,0,0,0,0,0,0,0,0,0,0,0,0,0,0,0,0,0,0,0,0,0,0,0,0,0,0,0,0,0,0,0,0,0,0,0,0,0,0,0,0,0,0,0,0,0,0,0,0,0,0,0,0,0,0,0,0,0,0,0,0,0,0,0,0,0,0,0,0,0,0,0,0,0,0,0,0,0,0,0,0,0,0,0,0,0,0,0,0,0,0,0,0,0,0,0,0,0,0,0,0,0,0,0,0,0,0,0,0,0,0,0,0,0,0,0,0,0,0,0,0,0,0,0,0,0,0,0,0,0,0,0,0,0,0,0,0,0,0,0,0,0,0,0,0,0,0,0,0,0,0,0,0,0,0,0,0,0,0,0,0,0,0,0,0,0,0,0,0,0,0,0,0,0,0,0,0,0,0,0,0,0,0,0,0,0,0,0,0,0,0,0,0,0,0,0,0,0,0,0,0,0,0,0,0,0,0,0,0,0,0,0,0,0,0,0,0,0,0,0,0,0,0,0,0,0,0,0,0,0,0,0,0,0,0,0,0,0,0,0,0,0,0,0,0,0,0,0,0,0,0,0,0,0,0,0,0,0,0,0,0,0,0,0,0,0,0,0,0,0,0,0,0,0,0,0,0,0,0,0,0,0,0,0,0,
37017,0,0,0,0,0,0,0,0,0,0,0,0,0,0,0,0,0,0,0,0,0,0,0,0,0,0,0,0,0,0,0,0,0,0,0,0,0,0,0,0,0,0,0,0,0,0,0,0,0,0,0,0,0,0,0,0,0,0,0,0,0,0,0,0,0,0,0,0,0,0,0,0,0,0,0,0,0,0,0,0,0,0,0,0,0,0,0,0,0,0,0,0,0,0,0,0,0,0,0,0,0,0,0,0,0,0,0,0,0,0,0,0,0,0,0,0,0,0,0,0,0,0,0,0,0,0,0,0,0,0,0,0,0,0,0,0,0,0,0,0,0,0,0,0,0,0,0,0,0,0,0,0,0,0,0,0,0,0,0,0,0,0,0,0,0,0,0,0,0,0,0,0,0,0,0,0,0,0,0,0,0,0,0,0,0,0,0,0,0,0,0,0,0,0,0,0,0,0,0,0,0,0,0,0,0,0,0,0,0,0,0,0,0,0,0,0,0,0,0,0,0,0,0,0,0,0,0,0,0,0,0,0,0,0,0,0,0,0,0,0,0,0,0,0,0,0,0,0,0,0,0,0,0,0,0,0,0,0,0,0,0,0,0,0,0,0,0,0,0,0,0,0,0,0,0,0,0,0,0,0,0,0,0,0,0,0,0,0,0,0,0,0,0,0,0,0,0,0,0,0,0,0,0,0,0,0,0,0,0,0,0,0,0,0,0,0,0,0,0,0,0,0,0,0,0,0,0,0,0,0,0,0,0,0,0,0,0,0,0,0,0,0,0,0,0,0,0,0,0,0,0,0,0,0,0,0,0,0,0,0,0,0,0,0,0,0,0,0,0,0,0,0,0,0,0,0,0,0,0,0,0,0,0,0,0,0,0,0,0,0,0,0,0,0,0,0,0,0,0,0,0,0,0,0,0,0,0,0,0,0,0,0,0,0,0,0,0,0,0,0,0,0,0,0,0,0,0,0,0,0,0,0,0,0,0,0,0,0,0,0,0,0,0,0,0,0,0,0,0,0,0,0,0,0,0,0,0,0,0,0,0,0,0,0,0,0,0,0,0,0,0,0,0,0,0,0,0,0,0,0,0,0,0,0,0,0,0,0,0,0,0,0,0,0,0,0,0,0,0,0,0,0,0,0,0,0,0,0,0,0,0,0,0,0,0,0,0,0,0,0,0,0,0,0,0,0,0,0,0,0,0,0,0,0,0,0,0,0,0,0,0,0,0,0,0,
37018,0,0,0,0,0,0,0,0,0,0,0,0,0,0,0,0,0,0,0,0,0,0,0,0,0,0,0,0,0,0,0,0,0,0,0,0,0,0,0,0,0,0,0,0,0,0,0,0,0,0,0,0,0,0,0,0,0,0,0,0,0,0,0,0,0,0,0,0,0,0,0,0,0,0,0,0,0,0,0,0,0,0,0,0,0,0,0,0,0,0,0,0,0,0,0,0,0,0,0,0,0,0,0,0,0,0,0,0,0,0,0,0,0,0,0,0,0,0,0,0,0,0,0,0,0,0,0,0,0,0,0,0,0,0,0,0,0,0,0,0,0,0,0,0,0,0,0,0,0,0,0,0,0,0,0,0,0,0,0,0,0,0,0,0,0,0,0,0,0,0,0,0,0,0,0,0,0,0,0,0,0,0,0,0,0,0,0,0,0,0,0,0,0,0,0,0,0,0,0,0,0,0,0,0,0,0,0,0,0,0,0,0,0,0,0,0,0,0,0,0,0,0,0,0,0,0,0,0,0,0,0,0,0,0,0,0,0,0,0,0,0,0,0,0,0,0,0,0,0,0,0,0,0,0,0,0,0,0,0,0,0,0,0,0,0,0,0,0,0,0,0,0,0,0,0,0,0,0,0,0,0,0,0,0,0,0,0,0,0,0,0,0,0,0,0,0,0,0,0,0,0,0,0,0,0,0,0,0,0,0,0,0,0,0,0,0,0,0,0,0,0,0,0,0,0,0,0,0,0,0,0,0,0,0,0,0,0,0,0,0,0,0,0,0,0,0,0,0,0,0,0,0,0,0,0,0,0,0,0,0,0,0,0,0,0,0,0,0,0,0,0,0,0,0,0,0,0,0,0,0,0,0,0,0,0,0,0,0,0,0,0,0,0,0,0,0,0,0,0,0,0,0,0,0,0,0,0,0,0,0,0,0,0,0,0,0,0,0,0,0,0,0,0,0,0,0,0,0,0,0,0,0,0,0,0,0,0,0,0,0,0,0,0,0,0,0,0,0,0,0,0,0,0,0,0,0,0,0,0,0,0,0,0,0,0,0,0,0,0,0,0,0,0,0,0,0,0,0,0,0,0,0,0,0,0,0,0,0,0,0,0,0,0,0,0,0,0,0,0,0,0,0,0,0,0,0,0,0,0,0,0,0,0,0,0,0,0,0,0,0,0,0,0,0,0,0,0,0,0,0,0,0,0,0,0,0,0,0,0,0,0,0,0,0,0,
37019,0,0,0,0,0,0,0,0,0,0,0,0,0,0,0,0,0,0,0,0,0,0,0,0,0,0,0,0,0,0,0,0,0,0,0,0,0,0,0,0,0,0,0,0,0,0,0,0,0,0,0,0,0,0,0,0,0,0,0,0,0,0,0,0,0,0,0,0,0,0,0,0,0,0,0,0,0,0,0,0,0,0,0,0,0,0,0,0,0,0,0,0,0,0,0,0,0,0,0,0,0,0,0,0,0,0,0,0,0,0,0,0,0,0,0,0,0,0,0,0,0,0,0,0,0,0,0,0,0,0,0,0,0,0,0,0,0,0,0,0,0,0,0,0,0,0,0,0,0,0,0,0,0,0,0,0,0,0,0,0,0,0,0,0,0,0,0,0,0,0,0,0,0,0,0,0,0,0,0,0,0,0,0,0,0,0,0,0,0,0,0,0,0,0,0,0,0,0,0,0,0,0,0,0,0,0,0,0,0,0,0,0,0,0,0,0,0,0,0,0,0,0,0,0,0,0,0,0,0,0,0,0,0,0,0,0,0,0,0,0,0,0,0,0,0,0,0,0,0,0,0,0,0,0,0,0,0,0,0,0,0,0,0,0,0,0,0,0,0,0,0,0,0,0,0,0,0,0,0,0,0,0,0,0,0,0,0,0,0,0,0,0,0,0,0,0,0,0,0,0,0,0,0,0,0,0,0,0,0,0,0,0,0,0,0,0,0,0,0,0,0,0,0,0,0,0,0,0,0,0,0,0,0,0,0,0,0,0,0,0,0,0,0,0,0,0,0,0,0,0,0,0,0,0,0,0,0,0,0,0,0,0,0,0,0,0,0,0,0,0,0,0,0,0,0,0,0,0,0,0,0,0,0,0,0,0,0,0,0,0,0,0,0,0,0,0,0,0,0,0,0,0,0,0,0,0,0,0,0,0,0,0,0,0,0,0,0,0,0,0,0,0,0,0,0,0,0,0,0,0,0,0,0,0,0,0,0,0,0,0,0,0,0,0,0,0,0,0,0,0,0,0,0,0,0,0,0,0,0,0,0,0,0,0,0,0,0,0,0,0,0,0,0,0,0,0,0,0,0,0,0,0,0,0,0,0,0,0,0,0,0,0,0,0,0,0,0,0,0,0,0,0,0,0,0,0,0,0,0,0,0,0,0,0,0,0,0,0,0,0,0,0,0,0,0,0,0,0,0,0,0,0,0,0,0,0,0,0,0,0,0,0,0,0,0,
37020,0,0,0,0,0,0,0,0,0,0,0,0,0,0,0,0,0,0,0,0,0,0,0,0,0,0,0,0,0,0,0,0,0,0,0,0,0,0,0,0,0,0,0,0,0,0,0,0,0,0,0,0,0,0,0,0,0,0,0,0,0,0,0,0,0,0,0,0,0,0,0,0,0,0,0,0,0,0,0,0,0,0,0,0,0,0,0,0,0,0,0,0,0,0,0,0,0,0,0,0,0,0,0,0,0,0,0,0,0,0,0,0,0,0,0,0,0,0,0,0,0,0,0,0,0,0,0,0,0,0,0,0,0,0,0,0,0,0,0,0,0,0,0,0,0,0,0,0,0,0,0,0,0,0,0,0,0,0,0,0,0,0,0,0,0,0,0,0,0,0,0,0,0,0,0,0,0,0,0,0,0,0,0,0,0,0,0,0,0,0,0,0,0,0,0,0,0,0,0,0,0,0,0,0,0,0,0,0,0,0,0,0,0,0,0,0,0,0,0,0,0,0,0,0,0,0,0,0,0,0,0,0,0,0,0,0,0,0,0,0,0,0,0,0,0,0,0,0,0,0,0,0,0,0,0,0,0,0,0,0,0,0,0,0,0,0,0,0,0,0,0,0,0,0,0,0,0,0,0,0,0,0,0,0,0,0,0,0,0,0,0,0,0,0,0,0,0,0,0,0,0,0,0,0,0,0,0,0,0,0,0,0,0,0,0,0,0,0,0,0,0,0,0,0,0,0,0,0,0,0,0,0,0,0,0,0,0,0,0,0,0,0,0,0,0,0,0,0,0,0,0,0,0,0,0,0,0,0,0,0,0,0,0,0,0,0,0,0,0,0,0,0,0,0,0,0,0,0,0,0,0,0,0,0,0,0,0,0,0,0,0,0,0,0,0,0,0,0,0,0,0,0,0,0,0,0,0,0,0,0,0,0,0,0,0,0,0,0,0,0,0,0,0,0,0,0,0,0,0,0,0,0,0,0,0,0,0,0,0,0,0,0,0,0,0,0,0,0,0,0,0,0,0,0,0,0,0,0,0,0,0,0,0,0,0,0,0,0,0,0,0,0,0,0,0,0,0,0,0,0,0,0,0,0,0,0,0,0,0,0,0,0,0,0,0,0,0,0,0,0,0,0,0,0,0,0,0,0,0,0,0,0,0,0,0,0,0,0,0,0,0,0,0,0,0,0,0,0,0,0,0,0,0,0,0,0,0,0,0,0,0,0,0,0,0,
37021,0,0,0,0,0,0,0,0,0,0,0,0,0,0,0,0,0,0,0,0,0,0,0,0,0,0,0,0,0,0,0,0,0,0,0,0,0,0,0,0,0,0,0,0,0,0,0,0,0,0,0,0,0,0,0,0,0,0,0,0,0,0,0,0,0,0,0,0,0,0,0,0,0,0,0,0,0,0,0,0,0,0,0,0,0,0,0,0,0,0,0,0,0,0,0,0,0,0,0,0,0,0,0,0,0,0,0,0,0,0,0,0,0,0,0,0,0,0,0,0,0,0,0,0,0,0,0,0,0,0,0,0,0,0,0,0,0,0,0,0,0,0,0,0,0,0,0,0,0,0,0,0,0,0,0,0,0,0,0,0,0,0,0,0,0,0,0,0,0,0,0,0,0,0,0,0,0,0,0,0,0,0,0,0,0,0,0,0,0,0,0,0,0,0,0,0,0,0,0,0,0,0,0,0,0,0,0,0,0,0,0,0,0,0,0,0,0,0,0,0,0,0,0,0,0,0,0,0,0,0,0,0,0,0,0,0,0,0,0,0,0,0,0,0,0,0,0,0,0,0,0,0,0,0,0,0,0,0,0,0,0,0,0,0,0,0,0,0,0,0,0,0,0,0,0,0,0,0,0,0,0,0,0,0,0,0,0,0,0,0,0,0,0,0,0,0,0,0,0,0,0,0,0,0,0,0,0,0,0,0,0,0,0,0,0,0,0,0,0,0,0,0,0,0,0,0,0,0,0,0,0,0,0,0,0,0,0,0,0,0,0,0,0,0,0,0,0,0,0,0,0,0,0,0,0,0,0,0,0,0,0,0,0,0,0,0,0,0,0,0,0,0,0,0,0,0,0,0,0,0,0,0,0,0,0,0,0,0,0,0,0,0,0,0,0,0,0,0,0,0,0,0,0,0,0,0,0,0,0,0,0,0,0,0,0,0,0,0,0,0,0,0,0,0,0,0,0,0,0,0,0,0,0,0,0,0,0,0,0,0,0,0,0,0,0,0,0,0,0,0,0,0,0,0,0,0,0,0,0,0,0,0,0,0,0,0,0,0,0,0,0,0,0,0,0,0,0,0,0,0,0,0,0,0,0,0,0,0,0,0,0,0,0,0,0,0,0,0,0,0,0,0,0,0,0,0,0,0,0,0,0,0,0,0,0,0,0,0,0,0,0,0,0,0,0,0,0,0,0,0,0,0,0,0,0,0,0,0,0,0,0,0,0,0,0,
37022,0,0,0,0,0,0,0,0,0,0,0,0,0,0,0,0,0,0,0,0,0,0,0,0,0,0,0,0,0,0,0,0,0,0,0,0,0,0,0,0,0,0,0,0,0,0,0,0,0,0,0,0,0,0,0,0,0,0,0,0,0,0,0,0,0,0,0,0,0,0,0,0,0,0,0,0,0,0,0,0,0,0,0,0,0,0,0,0,0,0,0,0,0,0,0,0,0,0,0,0,0,0,0,0,0,0,0,0,0,0,0,0,0,0,0,0,0,0,0,0,0,0,0,0,0,0,0,0,0,0,0,0,0,0,0,0,0,0,0,0,0,0,0,0,0,0,0,0,0,0,0,0,0,0,0,0,0,0,0,0,0,0,0,0,0,0,0,0,0,0,0,0,0,0,0,0,0,0,0,0,0,0,0,0,0,0,0,0,0,0,0,0,0,0,0,0,0,0,0,0,0,0,0,0,0,0,0,0,0,0,0,0,0,0,0,0,0,0,0,0,0,0,0,0,0,0,0,0,0,0,0,0,0,0,0,0,0,0,0,0,0,0,0,0,0,0,0,0,0,0,0,0,0,0,0,0,0,0,0,0,0,0,0,0,0,0,0,0,0,0,0,0,0,0,0,0,0,0,0,0,0,0,0,0,0,0,0,0,0,0,0,0,0,0,0,0,0,0,0,0,0,0,0,0,0,0,0,0,0,0,0,0,0,0,0,0,0,0,0,0,0,0,0,0,0,0,0,0,0,0,0,0,0,0,0,0,0,0,0,0,0,0,0,0,0,0,0,0,0,0,0,0,0,0,0,0,0,0,0,0,0,0,0,0,0,0,0,0,0,0,0,0,0,0,0,0,0,0,0,0,0,0,0,0,0,0,0,0,0,0,0,0,0,0,0,0,0,0,0,0,0,0,0,0,0,0,0,0,0,0,0,0,0,0,0,0,0,0,0,0,0,0,0,0,0,0,0,0,0,0,0,0,0,0,0,0,0,0,0,0,0,0,0,0,0,0,0,0,0,0,0,0,0,0,0,0,0,0,0,0,0,0,0,0,0,0,0,0,0,0,0,0,0,0,0,0,0,0,0,0,0,0,0,0,0,0,0,0,0,0,0,0,0,0,0,0,0,0,0,0,0,0,0,0,0,0,0,0,0,0,0,0,0,0,0,0,0,0,0,0,0,0,0,0,0,0,0,0,0,0,0,0,0,0,0,0,0,0,0,0,0,0,0,0,0,
37023,0,0,0,0,0,0,0,0,0,0,0,0,0,0,0,0,0,0,0,0,0,0,0,0,0,0,0,0,0,0,0,0,0,0,0,0,0,0,0,0,0,0,0,0,0,0,0,0,0,0,0,0,0,0,0,0,0,0,0,0,0,0,0,0,0,0,0,0,0,0,0,0,0,0,0,0,0,0,0,0,0,0,0,0,0,0,0,0,0,0,0,0,0,0,0,0,0,0,0,0,0,0,0,0,0,0,0,0,0,0,0,0,0,0,0,0,0,0,0,0,0,0,0,0,0,0,0,0,0,0,0,0,0,0,0,0,0,0,0,0,0,0,0,0,0,0,0,0,0,0,0,0,0,0,0,0,0,0,0,0,0,0,0,0,0,0,0,0,0,0,0,0,0,0,0,0,0,0,0,0,0,0,0,0,0,0,0,0,0,0,0,0,0,0,0,0,0,0,0,0,0,0,0,0,0,0,0,0,0,0,0,0,0,0,0,0,0,0,0,0,0,0,0,0,0,0,0,0,0,0,0,0,0,0,0,0,0,0,0,0,0,0,0,0,0,0,0,0,0,0,0,0,0,0,0,0,0,0,0,0,0,0,0,0,0,0,0,0,0,0,0,0,0,0,0,0,0,0,0,0,0,0,0,0,0,0,0,0,0,0,0,0,0,0,0,0,0,0,0,0,0,0,0,0,0,0,0,0,0,0,0,0,0,0,0,0,0,0,0,0,0,0,0,0,0,0,0,0,0,0,0,0,0,0,0,0,0,0,0,0,0,0,0,0,0,0,0,0,0,0,0,0,0,0,0,0,0,0,0,0,0,0,0,0,0,0,0,0,0,0,0,0,0,0,0,0,0,0,0,0,0,0,0,0,0,0,0,0,0,0,0,0,0,0,0,0,0,0,0,0,0,0,0,0,0,0,0,0,0,0,0,0,0,0,0,0,0,0,0,0,0,0,0,0,0,0,0,0,0,0,0,0,0,0,0,0,0,0,0,0,0,0,0,0,0,0,0,0,0,0,0,0,0,0,0,0,0,0,0,0,0,0,0,0,0,0,0,0,0,0,0,0,0,0,0,0,0,0,0,0,0,0,0,0,0,0,0,0,0,0,0,0,0,0,0,0,0,0,0,0,0,0,0,0,0,0,0,0,0,0,0,0,0,0,0,0,0,0,0,0,0,0,0,0,0,0,0,0,0,0,0,0,0,0,0,0,0,0,0,0,0,0,0,0,0,
37024,0,0,0,0,0,0,0,0,0,0,0,0,0,0,0,0,0,0,0,0,0,0,0,0,0,0,0,0,0,0,0,0,0,0,0,0,0,0,0,0,0,0,0,0,0,0,0,0,0,0,0,0,0,0,0,0,0,0,0,0,0,0,0,0,0,0,0,0,0,0,0,0,0,0,0,0,0,0,0,0,0,0,0,0,0,0,0,0,0,0,0,0,0,0,0,0,0,0,0,0,0,0,0,0,0,0,0,0,0,0,0,0,0,0,0,0,0,0,0,0,0,0,0,0,0,0,0,0,0,0,0,0,0,0,0,0,0,0,0,0,0,0,0,0,0,0,0,0,0,0,0,0,0,0,0,0,0,0,0,0,0,0,0,0,0,0,0,0,0,0,0,0,0,0,0,0,0,0,0,0,0,0,0,0,0,0,0,0,0,0,0,0,0,0,0,0,0,0,0,0,0,0,0,0,0,0,0,0,0,0,0,0,0,0,0,0,0,0,0,0,0,0,0,0,0,0,0,0,0,0,0,0,0,0,0,0,0,0,0,0,0,0,0,0,0,0,0,0,0,0,0,0,0,0,0,0,0,0,0,0,0,0,0,0,0,0,0,0,0,0,0,0,0,0,0,0,0,0,0,0,0,0,0,0,0,0,0,0,0,0,0,0,0,0,0,0,0,0,0,0,0,0,0,0,0,0,0,0,0,0,0,0,0,0,0,0,0,0,0,0,0,0,0,0,0,0,0,0,0,0,0,0,0,0,0,0,0,0,0,0,0,0,0,0,0,0,0,0,0,0,0,0,0,0,0,0,0,0,0,0,0,0,0,0,0,0,0,0,0,0,0,0,0,0,0,0,0,0,0,0,0,0,0,0,0,0,0,0,0,0,0,0,0,0,0,0,0,0,0,0,0,0,0,0,0,0,0,0,0,0,0,0,0,0,0,0,0,0,0,0,0,0,0,0,0,0,0,0,0,0,0,0,0,0,0,0,0,0,0,0,0,0,0,0,0,0,0,0,0,0,0,0,0,0,0,0,0,0,0,0,0,0,0,0,0,0,0,0,0,0,0,0,0,0,0,0,0,0,0,0,0,0,0,0,0,0,0,0,0,0,0,0,0,0,0,0,0,0,0,0,0,0,0,0,0,0,0,0,0,0,0,0,0,0,0,0,0,0,0,0,0,0,0,0,0,0,0,0,0,0,0,0,0,0,0,0,0,0,0,0,0,0,0,0,0,
41000,0,0,0,0,0,0,0,0,0,0,0,0,0,0,0,0,0,0,0,0,0,0,0,0,0,0,0,0,0,0,0,0,0,0,0,0,0,0,0,0,0,0,0,0,0,0,0,0,0,0,0,0,0,0,0,0,0,0,0,0,0,0,0,0,0,0,0,0,0,0,0,0,0,0,0,0,0,0,0,0,0,0,0,0,0,0,0,0,0,0,0,0,0,0,0,0,0,0,0,0,0,0,0,0,0,0,0,0,0,0,0,0,0,0,0,0,0,0,0,0,0,0,0,0,0,0,0,0,0,0,0,0,0,0,0,0,0,0,0,0,0,0,0,0,0,0,0,0,0,0,0,0,0,0,0,0,0,0,0,0,0,0,0,0,0,0,0,0,0,0,0,0,0,0,0,0,0,0,0,0,0,0,0,0,0,0,0,0,0,0,0,0,0,0,0,0,0,0,0,0,0,0,0,0,0,0,0,0,0,0,0,0,0,0,0,0,0,0,0,0,0,0,0,0,0,0,0,0,0,0,0,0,0,0,0,0,0,0,0,0,0,0,0,0,0,0,0,0,0,0,0,0,0,0,0,0,0,0,0,0,0,0,0,0,0,0,0,0,0,0,0,0,0,0,0,0,0,0,0,0,0,0,0,0,0,0,0,0,0,0,0,0,0,0,0,0,0,0,0,0,0,0,0,0,0,0,0,0,0,0,0,0,0,0,0,0,0,0,0,0,0,0,0,0,0,0,0,0,0,0,0,0,0,0,0,0,0,0,0,0,0,0,0,0,0,0,0,0,0,0,0,0,0,0,0,0,0,0,0,0,0,0,0,0,0,0,0,0,0,0,0,0,0,0,0,0,0,0,0,0,0,0,0,0,0,0,0,0,0,0,0,0,0,0,0,0,0,0,0,0,0,0,0,0,0,0,0,0,0,0,0,0,0,0,0,0,0,0,0,0,0,0,0,0,0,0,0,0,0,0,0,0,0,0,0,0,0,0,0,0,0,0,0,0,0,0,0,0,0,0,0,0,0,0,0,0,0,0,0,0,0,0,0,0,0,0,0,0,0,0,0,0,0,0,0,0,0,0,0,0,0,0,0,0,0,0,0,0,0,0,0,0,0,0,0,0,0,0,0,0,0,0,0,0,0,0,0,0,0,0,0,0,0,0,0,0,0,0,0,0,0,0,0,0,0,0,0,0,0,0,0,0,0,0,0,0,0,0,0,0,0,0,0,0,0,
41100,1,1,1,1,1,1,1,1,1,1,1,1,1,1,1,1,1,1,1,1,1,1,1,1,1,1,1,1,1,1,1,1,1,1,1,1,1,1,1,1,1,1,1,1,1,1,1,1,1,1,1,1,1,1,1,1,1,1,1,1,1,1,1,1,1,1,1,1,1,1,1,1,1,1,1,1,1,1,1,1,1,1,1,1,1,1,1,1,1,1,1,1,1,1,1,1,1,1,1,1,1,1,1,1,1,1,1,1,1,1,1,1,1,1,1,1,1,1,1,1,1,1,1,1,1,1,1,1,1,1,1,1,1,1,1,1,1,1,1,1,1,1,1,1,1,1,1,1,1,1,1,1,1,1,1,1,1,1,1,1,1,1,1,1,1,1,1,1,1,1,1,1,1,1,1,1,1,1,1,1,1,1,1,1,1,1,1,1,1,1,1,1,1,1,1,1,1,1,1,1,1,1,1,1,1,1,1,1,1,1,1,1,1,1,1,1,1,1,1,1,1,1,1,1,1,1,1,1,1,1,1,1,1,1,1,1,1,1,1,1,1,1,1,1,1,1,1,1,1,1,1,1,1,1,1,1,1,1,1,1,1,1,1,1,1,1,1,1,1,1,1,1,1,1,1,1,1,1,1,1,1,1,1,1,1,1,1,1,1,1,1,1,1,1,1,1,1,1,1,1,1,1,1,1,1,1,1,1,1,1,1,1,1,1,1,1,1,1,1,1,1,1,1,1,1,1,1,1,1,1,1,1,1,1,1,1,1,1,1,1,1,1,1,1,1,1,1,1,1,1,1,1,1,1,1,1,1,1,1,1,1,1,1,1,1,1,1,1,1,1,1,1,1,1,1,1,1,1,1,1,1,1,1,1,1,1,1,1,1,1,1,1,1,1,1,1,1,1,1,1,1,1,1,1,1,1,1,1,1,1,1,1,1,1,1,1,1,1,1,1,1,1,1,1,1,1,1,1,1,1,1,1,1,1,1,1,1,1,1,1,1,1,1,1,1,1,1,1,1,1,1,1,1,1,1,1,1,1,1,1,1,1,1,1,1,1,1,1,1,1,1,1,1,1,1,1,1,1,1,1,1,1,1,1,1,1,1,1,1,1,1,1,1,1,1,1,1,1,1,1,1,1,1,1,1,1,1,1,1,1,1,1,1,1,1,1,1,1,1,1,1,1,1,1,1,1,1,1,1,1,1,1,1,1,1,1,1,1,1,1,1,1,1,1,1,
41200,0,0,0,0,0,0,0,0,0,0,0,0,0,0,0,0,0,0,0,0,0,0,0,0,0,0,0,0,0,0,0,0,0,0,0,0,0,0,0,0,0,0,0,0,0,0,0,0,0,0,0,0,0,0,0,0,0,0,0,0,0,0,0,0,0,0,0,0,0,0,0,0,0,0,0,0,0,0,0,0,0,0,0,0,0,0,0,0,0,0,0,0,0,0,0,0,0,0,0,0,0,0,0,0,0,0,0,0,0,0,0,0,0,0,0,0,0,0,0,0,0,0,0,0,0,0,0,0,0,0,0,0,0,0,0,0,0,0,0,0,0,0,0,0,0,0,0,0,0,0,0,0,0,0,0,0,0,0,0,0,0,0,0,0,0,0,0,0,0,0,0,0,0,0,0,0,0,0,0,0,0,0,0,0,0,0,0,0,0,0,0,0,0,0,0,0,0,0,0,0,0,0,0,0,0,0,0,0,0,0,0,0,0,0,0,0,0,0,0,0,0,0,0,0,1,0,0,0,0,0,0,0,0,0,0,0,0,0,0,0,0,0,0,0,0,0,0,0,0,0,0,0,0,0,0,0,0,0,0,0,0,0,0,0,0,0,0,0,0,0,0,0,0,0,0,0,0,0,0,0,0,0,0,0,0,0,0,0,0,0,0,0,0,0,0,0,0,0,0,0,0,0,0,0,0,0,0,0,0,0,0,0,0,0,0,0,0,0,0,0,0,0,0,0,0,0,0,0,0,0,0,0,0,0,0,0,0,0,0,0,0,0,0,0,0,0,0,0,0,0,0,0,0,0,0,0,0,0,0,0,0,0,0,0,0,0,0,0,0,0,0,0,0,0,0,0,0,0,0,0,0,0,0,0,0,0,0,0,0,0,0,0,0,0,0,0,0,0,0,0,0,0,0,0,0,0,0,0,0,0,0,0,0,0,0,0,0,0,0,0,0,0,0,0,0,0,0,0,0,0,0,0,0,0,0,0,0,0,0,0,0,0,0,0,0,0,0,0,0,0,0,0,0,0,0,0,0,0,0,0,0,0,0,0,0,0,0,0,0,0,0,0,0,0,0,0,0,0,0,0,0,0,0,0,0,0,0,0,0,0,0,0,0,0,0,0,0,0,0,0,0,0,0,0,0,0,0,0,0,0,0,0,0,0,0,0,0,0,0,0,0,0,0,0,0,0,0,0,0,0,0,0,0,0,0,0,0,0,0,0,0,0,0,0,0,
42000,21930,21930,21930,21930,21930,21930,21930,21930,21930,21930,21930,21930,21930,21930,21930,21930,21930,21930,21930,21930,21930,21930,21930,21930,21930,21930,21930,21930,21930,21930,21930,21930,21930,21930,21930,21930,21930,21930,21930,21930,21930,21930,21930,21930,21930,21930,21930,21930,21930,21930,21930,21930,21930,21930,21930,21930,21930,21930,21930,21930,21930,21930,21930,21930,21930,21930,21930,21930,21930,21930,21930,21930,21930,21930,21930,21930,21930,21930,21930,21930,21930,21930,21930,21930,21930,21930,21930,21930,21930,21930,21930,21930,21930,21930,21930,21930,21930,21930,21930,21930,21930,21930,21930,21930,21930,21930,21930,21930,21930,21930,21930,21930,21930,21930,21930,21930,21930,21930,21930,21930,21930,21930,21930,21930,21930,21930,21930,21930,21930,21930,21930,21930,21930,21930,21930,21930,21930,21930,21930,21930,21930,21930,21930,21930,21930,21930,21930,21930,21930,21930,21930,21930,21930,21930,21930,21930,21930,21930,21930,21930,21930,21930,21930,21930,21930,21930,21930,21930,21930,21930,21930,21930,21930,21930,21930,21930,21930,21930,21930,21930,21930,21930,21930,21930,21930,21930,21930,21930,21930,21930,21930,21930,21930,21930,21930,21930,21930,21930,21930,21930,21930,21930,21930,21930,21930,21930,21930,21930,21930,21930,21930,21930,21930,21930,21930,21930,21930,21930,21930,21930,21930,21930,21930,21930,21947,21947,21947,21947,21947,21947,21947,21947,21947,21947,21947,21947,21947,21947,21947,21947,21947,21947,21947,21947,21947,21947,21947,21947,21947,21947,21947,21947,21947,21947,21947,21947,21947,21947,21947,21947,21947,21947,21947,21947,21947,21947,21947,21947,21947,21947,21947,21947,21947,21947,21947,21947,21947,21947,21947,21947,21947,21947,21947,21947,21947,21947,21947,21947,21947,21947,21947,21947,21947,21947,21947,21947,21947,21947,21947,21947,21947,21947,21947,21947,21947,21947,21947,21947,21947,21947,21947,21947,21947,21947,21947,21947,21947,21947,21947,21947,21947,21947,21947,21947,21947,21947,21947,21947,21947,21947,21947,21947,21947,21947,21947,21947,21947,21947,21947,21947,21947,21947,21947,21947,21947,21947,21947,21947,21947,21947,21947,21947,21947,21947,21947,21947,21947,21947,21947,21947,21947,21947,21947,21947,21947,21947,21947,21947,21947,21947,21947,21947,21947,21947,21947,21947,21947,21947,21947,21947,21947,21947,21947,21947,21947,21947,21947,21947,21947,21947,21947,21947,21947,21947,21947,21947,21947,21947,21947,21947,21947,21947,21947,21947,21947,21947,21947,21947,21947,21947,21947,21947,21947,21947,21947,21947,21947,21947,21947,21947,21947,21947,21947,21947,21947,21947,21947,21947,21947,21947,21947,21947,21947,21947,21947,21947,21947,21947,21947,21947,21947,21947,21947,21947,21947,21947,21947,21947,21947,21947,21947,21947,21947,21947,21947,21947,21947,21947,21947,21947,21947,21947,21947,21947,21947,21947,21947,21947,21947,21947,21947,21947,21947,21947,21947,21947,21947,21947,21947,21947,21947,21947,21947,21947,21947,21947,21947,21947,21947,21947,21947,21947,21947,21947,21947,21947,21947,21947,21947,21947,21947,21947,21947,21947,21947,21947,21947,21947,21947,21947,21947,21947,21947,21947,21947,21947,21947,21947,21947,21947,21947,21947,21947,21947,21947,21947,21947,21947,21947,21947,21947,21947,21947,21947,21947,21947,21947,21947,21947,21947,21947,21947,21947,21947,21947,
42010,2,2,2,2,2,2,2,2,2,2,2,2,2,2,2,2,2,2,2,2,2,2,2,2,2,2,2,2,2,2,2,2,2,2,2,2,2,2,2,2,2,2,2,2,2,2,2,2,2,2,2,2,2,2,2,2,2,2,2,2,2,2,2,2,2,2,2,2,2,2,2,2,2,2,2,2,2,2,2,2,2,2,2,2,2,2,2,2,2,2,2,2,2,2,2,2,2,2,2,2,2,2,2,2,2,2,2,2,2,2,2,2,2,2,2,2,2,2,2,2,2,2,2,2,2,2,2,2,2,2,2,2,2,2,2,2,2,2,2,2,2,2,2,2,2,2,2,2,2,2,2,2,2,2,2,2,2,2,2,2,2,2,2,2,2,2,2,2,2,2,2,2,2,2,2,2,2,2,2,2,2,2,2,2,2,2,2,2,2,2,2,2,2,2,2,2,2,2,2,2,2,2,2,2,2,2,2,2,2,2,2,2,2,2,2,2,2,2,2,2,2,2,2,2,0,0,0,0,0,0,0,0,0,0,0,0,0,0,0,0,0,0,0,0,0,0,0,0,0,0,0,0,0,0,0,0,0,0,0,0,0,0,0,0,0,0,0,0,0,0,0,0,0,0,0,0,0,0,0,0,0,0,0,0,0,0,0,0,0,0,0,0,0,0,0,0,0,0,0,0,0,0,0,0,0,0,0,0,0,0,0,0,0,0,0,0,0,0,0,0,0,0,0,0,0,0,0,0,0,0,0,0,0,0,0,0,0,0,0,0,0,0,0,0,0,0,0,0,0,0,0,0,0,0,0,0,0,0,0,0,0,0,0,0,0,0,0,0,0,0,0,0,0,0,0,0,0,0,0,0,0,0,0,0,0,0,0,0,0,0,0,0,0,0,0,0,0,0,0,0,0,0,0,0,0,0,0,0,0,0,0,0,0,0,0,0,0,0,0,0,0,0,0,0,0,0,0,0,0,0,0,0,0,0,0,0,0,0,0,0,0,0,0,0,0,0,0,0,0,0,0,0,0,0,0,0,0,0,0,0,0,0,0,0,0,0,0,0,0,0,0,0,0,0,0,0,0,0,0,0,0,0,0,0,0,0,0,0,0,0,0,0,0,0,0,0,0,0,0,0,0,0,0,0,0,0,0,0,0,0,0,0,0,0,0,0,0,0,0,0,0,0,0,0,0,0,0,0,0,0,0,0,0,0,0,0,0,0,0,0,0,0,0,0,0,
42011,0,0,0,0,0,0,0,0,0,0,0,0,0,0,0,0,0,0,0,0,0,0,0,0,0,0,0,0,0,0,0,0,0,0,0,0,0,0,0,0,0,0,0,0,0,0,0,0,0,0,0,0,0,0,0,0,0,0,0,0,0,0,0,0,0,0,0,0,0,0,0,0,0,0,0,0,0,0,0,0,0,0,0,0,0,0,0,0,0,0,0,0,0,0,0,0,0,0,0,0,0,0,0,0,0,0,0,0,0,0,0,0,0,0,0,0,0,0,0,0,0,0,0,0,0,0,0,0,0,0,0,0,0,0,0,0,0,0,0,0,0,0,0,0,0,0,0,0,0,0,0,0,0,0,0,0,0,0,0,0,0,0,0,0,0,0,0,0,0,0,0,0,0,0,0,0,0,0,0,0,0,0,0,0,0,0,0,0,0,0,0,0,0,0,0,0,0,0,0,0,0,0,0,0,0,0,0,0,0,0,0,0,0,0,0,0,0,0,0,0,0,0,0,0,0,0,0,0,0,0,0,0,0,0,0,0,0,0,0,0,0,0,0,0,0,0,0,0,0,0,0,0,0,0,0,0,0,0,0,0,0,0,0,0,0,0,0,0,0,0,0,0,0,0,0,0,0,0,0,0,0,0,0,0,0,0,0,0,0,0,0,0,0,0,0,0,0,0,0,0,0,0,0,0,0,0,0,0,0,0,0,0,0,0,0,0,0,0,0,0,0,0,0,0,0,0,0,0,0,0,0,0,0,0,0,0,0,0,0,0,0,0,0,0,0,0,0,0,0,0,0,0,0,0,0,0,0,0,0,0,0,0,0,0,0,0,0,0,0,0,0,0,0,0,0,0,0,0,0,0,0,0,0,0,0,0,0,0,0,0,0,0,0,0,0,0,0,0,0,0,0,0,0,0,0,0,0,0,0,0,0,0,0,0,0,0,0,0,0,0,0,0,0,0,0,0,0,0,0,0,0,0,0,0,0,0,0,0,0,0,0,0,0,0,0,0,0,0,0,0,0,0,0,0,0,0,0,0,0,0,0,0,0,0,0,0,0,0,0,0,0,0,0,0,0,0,0,0,0,0,0,0,0,0,0,0,0,0,0,0,0,0,0,0,0,0,0,0,0,0,0,0,0,0,0,0,0,0,0,0,0,0,0,0,0,0,0,0,0,0,0,0,0,0,0,0,0,0,0,0,0,0,0,0,0,0,0,0,0,0,0,0,0,0,0,
42020,0,0,0,0,0,0,0,0,0,0,0,0,0,0,0,0,0,0,0,0,0,0,0,0,0,0,0,0,0,0,0,0,0,0,0,0,0,0,0,0,0,0,0,0,0,0,0,0,0,0,0,0,0,0,0,0,0,0,0,0,0,0,0,0,0,0,0,0,0,0,0,0,0,0,0,0,0,0,0,0,0,0,0,0,0,0,0,0,0,0,0,0,0,0,0,0,0,0,0,0,0,0,0,0,0,0,0,0,0,0,0,0,0,0,0,0,0,0,0,0,0,0,0,0,0,0,0,0,0,0,0,0,0,0,0,0,0,0,0,0,0,0,0,0,0,0,0,0,0,0,0,0,0,0,0,0,0,0,0,0,0,0,0,0,0,0,0,0,0,0,0,0,0,0,0,0,0,0,0,0,0,0,0,0,0,0,0,0,0,0,0,0,0,0,0,0,0,0,0,0,0,0,0,0,0,0,0,0,0,0,0,0,0,0,0,0,0,0,0,0,0,0,0,0,0,0,0,0,0,0,0,0,0,0,0,0,0,0,0,0,0,0,0,0,0,0,0,0,0,0,0,0,0,0,0,0,0,0,0,0,0,0,0,0,0,0,0,0,0,0,0,0,0,0,0,0,0,0,0,0,0,0,0,0,0,0,0,0,0,0,0,0,0,0,0,0,0,0,0,0,0,0,0,0,0,0,0,0,0,0,0,0,0,0,0,0,0,0,0,0,0,0,0,0,0,0,0,0,0,0,0,0,0,0,0,0,0,0,0,0,0,0,0,0,0,0,0,0,0,0,0,0,0,0,0,0,0,0,0,0,0,0,0,0,0,0,0,0,0,0,0,0,0,0,0,0,0,0,0,0,0,0,0,0,0,0,0,0,0,0,0,0,0,0,0,0,0,0,0,0,0,0,0,0,0,0,0,0,0,0,0,0,0,0,0,0,0,0,0,0,0,0,0,0,0,0,0,0,0,0,0,0,0,0,0,0,0,0,0,0,0,0,0,0,0,0,0,0,0,0,0,0,0,0,0,0,0,0,0,0,0,0,0,0,0,0,0,0,0,0,0,0,0,0,0,0,0,0,0,0,0,0,0,0,0,0,0,0,0,0,0,0,0,0,0,0,0,0,0,0,0,0,0,0,0,0,0,0,0,0,0,0,0,0,0,0,0,0,0,0,0,0,0,0,0,0,0,0,0,0,0,0,0,0,0,0,0,0,0,0,0,0,0,0,0,
42021,2200,2200,2200,2200,2200,2200,2200,2200,2200,2200,2200,2200,2200,2200,2200,2200,2200,2200,2200,2200,2200,2200,2200,2200,2200,2200,2200,2200,2200,2200,2200,2200,2200,2200,2200,2200,2200,2200,2200,2200,2200,2200,2200,2200,2200,2200,2200,2200,2200,2200,2200,2200,2200,2200,2200,2200,2200,2200,2200,2200,2200,2200,2200,2200,2200,2200,2200,2200,2200,2200,2200,2200,2200,2200,2200,2200,2200,2200,2200,2200,2200,2200,2200,2200,2200,2200,2200,2200,2200,2200,2200,2200,2200,2200,2200,2200,2200,2200,2200,2200,2200,2200,2200,2200,2200,2200,2200,2200,2200,2200,2200,2200,2200,2200,2200,2200,2200,2200,2200,2200,2200,2200,2200,2200,2200,2200,2200,2200,2200,2200,2200,2200,2200,2200,2200,2200,2200,2200,2200,2200,2200,2200,2200,2200,2200,2200,2200,2200,2200,2200,2200,2200,2200,2200,2200,2200,2200,2200,2200,2200,2200,2200,2200,2200,2200,2200,2200,2200,2200,2200,2200,2200,2200,2200,2200,2200,2200,2200,2200,2200,2200,2200,2200,2200,2200,2200,2200,2200,2200,2200,2200,2200,2200,2200,2200,2200,2200,2200,2200,2200,2200,2200,2200,2200,2200,2200,2200,2200,2200,2200,2200,2200,2200,2200,2200,2200,2200,2200,2200,2200,2200,2200,2200,2200,0,0,0,0,0,0,0,0,0,0,0,0,0,0,0,0,0,0,0,0,0,0,0,0,0,0,0,0,0,0,0,0,0,0,0,0,0,0,0,0,0,0,0,0,0,0,0,0,0,0,0,0,0,0,0,0,0,0,0,0,0,0,0,0,0,0,0,0,0,0,0,0,0,0,0,0,0,0,0,0,0,0,0,0,0,0,0,0,0,0,0,0,0,0,0,0,0,0,0,0,0,0,0,0,0,0,0,0,0,0,0,0,0,0,0,0,0,0,0,0,0,0,0,0,0,0,0,0,0,0,0,0,0,0,0,0,0,0,0,0,0,0,0,0,0,0,0,0,0,0,0,0,0,0,0,0,0,0,0,0,0,0,0,0,0,0,0,0,0,0,0,0,0,0,0,0,0,0,0,0,0,0,0,0,0,0,0,0,0,0,0,0,0,0,0,0,0,0,0,0,0,0,0,0,0,0,0,0,0,0,0,0,0,0,0,0,0,0,0,0,0,0,0,0,0,0,0,0,0,0,0,0,0,0,0,0,0,0,0,0,0,0,0,0,0,0,0,0,0,0,0,0,0,0,0,0,0,0,0,0,0,0,0,0,0,0,0,0,0,0,0,0,0,0,0,0,0,0,0,0,0,0,0,0,0,0,0,0,0,0,0,0,0,0,0,0,0,0,0,0,0,0,0,0,0,0,0,0,0,0,0,0,0,0,0,0,0,0,0,0,0,
43000,1,1,1,1,1,1,1,1,1,1,1,1,1,1,1,1,1,1,1,1,1,1,1,1,1,1,1,1,1,1,1,1,1,1,1,1,1,1,1,1,1,1,1,1,1,1,1,1,1,1,1,1,1,1,1,1,1,1,1,1,1,1,1,1,1,1,1,1,1,1,1,1,1,1,1,1,1,1,1,1,1,1,1,1,1,1,1,1,1,1,1,1,1,1,1,1,1,1,1,1,1,1,1,1,1,1,1,1,1,1,1,1,1,1,1,1,1,1,1,1,1,1,1,1,1,1,1,1,1,1,1,1,1,1,1,1,1,1,1,1,1,1,1,1,1,1,1,1,1,1,1,1,1,1,1,1,1,1,1,1,1,1,1,1,1,1,1,1,1,1,1,1,1,1,1,1,1,1,1,1,1,1,1,1,1,1,1,1,1,1,1,1,1,1,1,1,1,1,1,1,1,1,1,1,1,1,1,1,1,1,1,1,1,1,1,1,1,1,1,1,1,1,1,1,0,0,0,0,0,0,0,0,0,0,0,0,0,0,0,0,0,0,0,0,0,0,0,0,0,0,0,0,0,0,0,0,0,0,0,0,0,0,0,0,0,0,0,0,0,0,0,0,0,0,0,0,0,0,0,0,0,0,0,0,0,0,0,0,0,0,0,0,0,0,0,0,0,0,0,0,0,0,0,0,0,0,0,0,0,0,0,0,0,0,0,0,0,0,0,0,0,0,0,0,0,0,0,0,0,0,0,0,0,0,0,0,0,0,0,0,0,0,0,0,0,0,0,0,0,0,0,0,0,0,0,0,0,0,0,0,0,0,0,0,0,0,0,0,0,0,0,0,0,0,0,0,0,0,0,0,0,0,0,0,0,0,0,0,0,0,0,0,0,0,0,0,0,0,0,0,0,0,0,0,0,0,0,0,0,0,0,0,0,0,0,0,0,0,0,0,0,0,0,0,0,0,0,0,0,0,0,0,0,0,0,0,0,0,0,0,0,0,0,0,0,0,0,0,0,0,0,0,0,0,0,0,0,0,0,0,0,0,0,0,0,0,0,0,0,0,0,0,0,0,0,0,0,0,0,0,0,0,0,0,0,0,0,0,0,0,0,0,0,0,0,0,0,0,0,0,0,0,0,0,0,0,0,0,0,0,0,0,0,0,0,0,0,0,0,0,0,0,0,0,0,0,0,0,0,0,0,0,0,0,0,0,0,0,0,0,0,0,0,0,0,
43100,127,127,127,127,127,127,127,127,127,127,127,127,127,127,127,127,127,127,127,127,127,127,127,127,127,127,127,127,127,127,127,127,127,127,127,127,127,127,127,127,127,127,127,127,127,127,127,127,127,127,127,127,127,127,127,127,127,127,127,127,127,127,127,127,127,127,127,127,127,127,127,127,127,127,127,127,127,127,127,127,127,127,127,127,127,127,127,127,127,127,127,127,127,127,127,127,127,127,127,127,127,127,127,127,127,127,127,127,127,127,127,127,127,127,127,127,127,127,127,127,127,127,127,127,127,127,127,127,127,127,127,127,127,127,127,127,127,127,127,127,127,127,127,127,127,127,127,127,127,127,127,127,127,127,127,127,127,127,127,127,127,127,127,127,127,127,127,127,127,127,127,127,127,127,127,127,127,127,127,127,127,127,127,127,127,127,127,127,127,127,127,127,127,127,127,127,127,127,127,127,127,127,127,127,127,127,127,127,127,127,127,127,127,127,127,127,127,127,127,127,127,127,127,127,127,127,127,127,127,127,127,127,127,127,127,127,127,127,127,127,127,127,127,127,127,127,127,127,127,127,127,127,127,127,127,127,127,127,127,127,127,127,127,127,127,127,127,127,127,127,127,127,127,127,127,127,127,127,127,127,127,127,127,127,127,127,127,127,127,127,127,127,127,127,127,127,127,127,127,127,127,127,127,127,127,127,127,127,127,127,127,127,127,127,127,127,127,127,127,127,127,127,127,127,127,127,127,127,127,127,127,127,127,127,127,127,127,127,127,127,127,127,127,127,127,127,127,127,127,127,127,127,127,127,127,127,127,127,127,127,127,127,127,127,127,127,127,127,127,127,127,127,127,127,127,127,127,127,127,127,127,127,127,127,127,127,127,127,127,127,127,127,127,127,127,127,127,127,127,127,127,127,127,127,127,127,127,127,127,127,127,127,127,127,127,127,127,127,127,127,127,127,127,127,127,127,127,127,127,127,127,127,127,127,127,127,127,127,127,127,127,127,127,127,127,127,127,127,127,127,127,127,127,127,127,127,127,127,127,127,127,127,127,127,127,127,127,127,127,127,127,127,127,127,127,127,127,127,127,127,127,127,127,127,127,127,127,127,127,127,127,127,127,127,127,127,127,127,127,127,127,127,127,127,127,127,127,127,127,127,127,127,127,127,127,127,127,127,127,127,127,127,127,127,127,127,127,127,127,127,127,127,127,127,127,127,127,127,127,127,127,127,127,127,127,
43101,0,0,0,0,0,0,0,0,0,0,0,0,0,0,0,0,0,0,0,0,0,0,0,0,0,0,0,0,0,0,0,0,0,0,0,0,0,0,0,0,0,0,0,0,0,0,0,0,0,0,0,0,0,0,0,0,0,0,0,0,0,0,0,0,0,0,0,0,0,0,0,0,0,0,0,0,0,0,0,0,0,0,0,0,0,0,0,0,0,0,0,0,0,0,0,0,0,0,0,0,0,0,0,0,0,0,0,0,0,0,0,0,0,0,0,0,0,0,0,0,0,0,0,0,0,0,0,0,0,0,0,0,0,0,0,0,0,0,0,0,0,0,0,0,0,0,0,0,0,0,0,0,0,0,0,0,0,0,0,0,0,0,0,0,0,0,0,0,0,0,0,0,0,0,0,0,0,0,0,0,0,0,0,0,0,0,0,0,0,0,0,0,0,0,0,0,0,0,0,0,0,0,0,0,0,0,0,0,0,0,0,0,0,0,0,0,0,0,0,0,0,0,0,0,0,0,0,0,0,0,0,0,0,0,0,0,0,0,0,0,0,0,0,0,0,0,0,0,0,0,0,0,0,0,0,0,0,0,0,0,0,0,0,0,0,0,0,0,0,0,0,0,0,0,0,0,0,0,0,0,0,0,0,0,0,0,0,0,0,0,0,0,0,0,0,0,0,0,0,0,0,0,0,0,0,0,0,0,0,0,0,0,0,0,0,0,0,0,0,0,0,0,0,0,0,0,0,0,0,0,0,0,0,0,0,0,0,0,0,0,0,0,0,0,0,0,0,0,0,0,0,0,0,0,0,0,0,0,0,0,0,0,0,0,0,0,0,0,0,0,0,0,0,0,0,0,0,0,0,0,0,0,0,0,0,0,0,0,0,0,0,0,0,0,0,0,0,0,0,0,0,0,0,0,0,0,0,0,0,0,0,0,0,0,0,0,0,0,0,0,0,0,0,0,0,0,0,0,0,0,0,0,0,0,0,0,0,0,0,0,0,0,0,0,0,0,0,0,0,0,0,0,0,0,0,0,0,0,0,0,0,0,0,0,0,0,0,0,0,0,0,0,0,0,0,0,0,0,0,0,0,0,0,0,0,0,0,0,0,0,0,0,0,0,0,0,0,0,0,0,0,0,0,0,0,0,0,0,0,0,0,0,0,0,0,0,0,0,0,0,0,0,0,0,0,0,0,0,0,0,0,0,0,0,0,0,0,0,0,0,0,0,0,0,0,
43102,0,0,0,0,0,0,0,0,0,0,0,0,0,0,0,0,0,0,0,0,0,0,0,0,0,0,0,0,0,0,0,0,0,0,0,0,0,0,0,0,0,0,0,0,0,0,0,0,0,0,0,0,0,0,0,0,0,0,0,0,0,0,0,0,0,0,0,0,0,0,0,0,0,0,0,0,0,0,0,0,0,0,0,0,0,0,0,0,0,0,0,0,0,0,0,0,0,0,0,0,0,0,0,0,0,0,0,0,0,0,0,0,0,0,0,0,0,0,0,0,0,0,0,0,0,0,0,0,0,0,0,0,0,0,0,0,0,0,0,0,0,0,0,0,0,0,0,0,0,0,0,0,0,0,0,0,0,0,0,0,0,0,0,0,0,0,0,0,0,0,0,0,0,0,0,0,0,0,0,0,0,0,0,0,0,0,0,0,0,0,0,0,0,0,0,0,0,0,0,0,0,0,0,0,0,0,0,0,0,0,0,0,0,0,0,0,0,0,0,0,0,0,0,0,0,0,0,0,0,0,0,0,0,0,0,0,0,0,0,0,0,0,0,0,0,0,0,0,0,0,0,0,0,0,0,0,0,0,0,0,0,0,0,0,0,0,0,0,0,0,0,0,0,0,0,0,0,0,0,0,0,0,0,0,0,0,0,0,0,0,0,0,0,0,0,0,0,0,0,0,0,0,0,0,0,0,0,0,0,0,0,0,0,0,0,0,0,0,0,0,0,0,0,0,0,0,0,0,0,0,0,0,0,0,0,0,0,0,0,0,0,0,0,0,0,0,0,0,0,0,0,0,0,0,0,0,0,0,0,0,0,0,0,0,0,0,0,0,0,0,0,0,0,0,0,0,0,0,0,0,0,0,0,0,0,0,0,0,0,0,0,0,0,0,0,0,0,0,0,0,0,0,0,0,0,0,0,0,0,0,0,0,0,0,0,0,0,0,0,0,0,0,0,0,0,0,0,0,0,0,0,0,0,0,0,0,0,0,0,0,0,0,0,0,0,0,0,0,0,0,0,0,0,0,0,0,0,0,0,0,0,0,0,0,0,0,0,0,0,0,0,0,0,0,0,0,0,0,0,0,0,0,0,0,0,0,0,0,0,0,0,0,0,0,0,0,0,0,0,0,0,0,0,0,0,0,0,0,0,0,0,0,0,0,0,0,0,0,0,0,0,0,0,0,0,0,0,0,0,0,0,0,0,0,0,0,0,0,0,0,0,0,0,0,0,
43103,2200,2200,2200,2200,2200,2200,2200,2200,2200,2200,2200,2200,2200,2200,2200,2200,2200,2200,2200,2200,2200,2200,2200,2200,2200,2200,2200,2200,2200,2200,2200,2200,2200,2200,2200,2200,2200,2200,2200,2200,2200,2200,2200,2200,2200,2200,2200,2200,2200,2200,2200,2200,2200,2200,2200,2200,2200,2200,2200,2200,2200,2200,2200,2200,2200,2200,2200,2200,2200,2200,2200,2200,2200,2200,2200,2200,2200,2200,2200,2200,2200,2200,2200,2200,2200,2200,2200,2200,2200,2200,2200,2200,2200,2200,2200,2200,2200,2200,2200,2200,2200,2200,2200,2200,2200,2200,2200,2200,2200,2200,2200,2200,2200,2200,2200,2200,2200,2200,2200,2200,2200,2200,2200,2200,2200,2200,2200,2200,2200,2200,2200,2200,2200,2200,2200,2200,2200,2200,2200,2200,2200,2200,2200,2200,2200,2200,2200,2200,2200,2200,2200,2200,2200,2200,2200,2200,2200,2200,2200,2200,2200,2200,2200,2200,2200,2200,2200,2200,2200,2200,2200,2200,2200,2200,2200,2200,2200,2200,2200,2200,2200,2200,2200,2200,2200,2200,2200,2200,2200,2200,2200,2200,2200,2200,2200,2200,2200,2200,2200,2200,2200,2200,2200,2200,2200,2200,2200,2200,2200,2200,2200,2200,2200,2200,2200,2200,2200,2200,2200,2200,2200,2200,2200,2200,2200,2200,2200,2200,2200,2200,2200,2200,2200,2200,2200,2200,2200,2200,2200,2200,2200,2200,2200,2200,2200,2200,2200,2200,2200,2200,2200,2200,2200,2200,2200,2200,2200,2200,2200,2200,2200,2200,2200,2200,2200,2200,2200,2200,2200,2200,2200,2200,2200,2200,2200,2200,2200,2200,2200,2200,2200,2200,2200,2200,2200,2200,2200,2200,2200,2200,2200,2200,2200,2200,2200,2200,2200,2200,2200,2200,2200,2200,2200,2200,2200,2200,2200,2200,2200,2200,2200,2200,2200,2200,2200,2200,2200,2200,2200,2200,2200,2200,2200,2200,2200,2200,2200,2200,2200,2200,2200,2200,2200,2200,2200,2200,2200,2200,2200,2200,2200,2200,2200,2200,2200,2200,2200,2200,2200,2200,2200,2200,2200,2200,2200,2200,2200,2200,2200,2200,2200,2200,2200,2200,2200,2200,2200,2200,2200,2200,2200,2200,2200,2200,2200,2200,2200,2200,2200,2200,2200,2200,2200,2200,2200,2200,2200,2200,2200,2200,2200,2200,2200,2200,2200,2200,2200,2200,2200,2200,2200,2200,2200,2200,2200,2200,2200,2200,2200,2200,2200,2200,2200,2200,2200,2200,2200,2200,2200,2200,2200,2200,2200,2200,2200,2200,2200,2200,2200,2200,2200,2200,2200,2200,2200,2200,2200,2200,2200,2200,2200,2200,2200,2200,2200,2200,2200,2200,2200,2200,2200,2200,2200,2200,2200,2200,2200,2200,2200,2200,2200,2200,2200,2200,2200,2200,2200,2200,2200,2200,2200,2200,2200,2200,2200,2200,2200,2200,2200,2200,2200,2200,2200,2200,2200,2200,2200,2200,2200,2200,2200,2200,2200,2200,2200,2200,2200,2200,2200,2200,2200,2200,2200,2200,2200,2200,2200,2200,2200,2200,2200,2200,2200,2200,2200,2200,2200,2200,2200,2200,2200,2200,2200,2200,2200,2200,2200,2200,2200,2200,2200,2200,2200,2200,2200,2200,2200,2200,2200,2200,2200,2200,2200,2200,2200,
43104,0,0,0,0,0,0,0,0,0,0,0,0,0,0,0,0,0,0,0,0,0,0,0,0,0,0,0,0,0,0,0,0,0,0,0,0,0,0,0,0,0,0,0,0,0,0,0,0,0,0,0,0,0,0,0,0,0,0,0,0,0,0,0,0,0,0,0,0,0,0,0,0,0,0,0,0,0,0,0,0,0,0,0,0,0,0,0,0,0,0,0,0,0,0,0,0,0,0,0,0,0,0,0,0,0,0,0,0,0,0,0,0,0,0,0,0,0,0,0,0,0,0,0,0,0,0,0,0,0,0,0,0,0,0,0,0,0,0,0,0,0,0,0,0,0,0,0,0,0,0,0,0,0,0,0,0,0,0,0,0,0,0,0,0,0,0,0,0,0,0,0,0,0,0,0,0,0,0,0,0,0,0,0,0,0,0,0,0,0,0,0,0,0,0,0,0,0,0,0,0,0,0,0,0,0,0,0,0,0,0,0,0,0,0,0,0,0,0,0,0,0,0,0,0,0,0,0,0,0,0,0,0,0,0,0,0,0,0,0,0,0,0,0,0,0,0,0,0,0,0,0,0,0,0,0,0,0,0,0,0,0,0,0,0,0,0,0,0,0,0,0,0,0,0,0,0,0,0,0,0,0,0,0,0,0,0,0,0,0,0,0,0,0,0,0,0,0,0,0,0,0,0,0,0,0,0,0,0,0,0,0,0,0,0,0,0,0,0,0,0,0,0,0,0,0,0,0,0,0,0,0,0,0,0,0,0,0,0,0,0,0,0,0,0,0,0,0,0,0,0,0,0,0,0,0,0,0,0,0,0,0,0,0,0,0,0,0,0,0,0,0,0,0,0,0,0,0,0,0,0,0,0,0,0,0,0,0,0,0,0,0,0,0,0,0,0,0,0,0,0,0,0,0,0,0,0,0,0,0,0,0,0,0,0,0,0,0,0,0,0,0,0,0,0,0,0,0,0,0,0,0,0,0,0,0,0,0,0,0,0,0,0,0,0,0,0,0,0,0,0,0,0,0,0,0,0,0,0,0,0,0,0,0,0,0,0,0,0,0,0,0,0,0,0,0,0,0,0,0,0,0,0,0,0,0,0,0,0,0,0,0,0,0,0,0,0,0,0,0,0,0,0,0,0,0,0,0,0,0,0,0,0,0,0,0,0,0,0,0,0,0,0,0,0,0,0,0,0,0,0,0,0,0,0,0,0,0,0,0,0,0,0,0,0,0,
43105,0,0,0,0,0,0,0,0,0,0,0,0,0,0,0,0,0,0,0,0,0,0,0,0,0,0,0,0,0,0,0,0,0,0,0,0,0,0,0,0,0,0,0,0,0,0,0,0,0,0,0,0,0,0,0,0,0,0,0,0,0,0,0,0,0,0,0,0,0,0,0,0,0,0,0,0,0,0,0,0,0,0,0,0,0,0,0,0,0,0,0,0,0,0,0,0,0,0,0,0,0,0,0,0,0,0,0,0,0,0,0,0,0,0,0,0,0,0,0,0,0,0,0,0,0,0,0,0,0,0,0,0,0,0,0,0,0,0,0,0,0,0,0,0,0,0,0,0,0,0,0,0,0,0,0,0,0,0,0,0,0,0,0,0,0,0,0,0,0,0,0,0,0,0,0,0,0,0,0,0,0,0,0,0,0,0,0,0,0,0,0,0,0,0,0,0,0,0,0,0,0,0,0,0,0,0,0,0,0,0,0,0,0,0,0,0,0,0,0,0,0,0,0,0,0,0,0,0,0,0,0,0,0,0,0,0,0,0,0,0,0,0,0,0,0,0,0,0,0,0,0,0,0,0,0,0,0,0,0,0,0,0,0,0,0,0,0,0,0,0,0,0,0,0,0,0,0,0,0,0,0,0,0,0,0,0,0,0,0,0,0,0,0,0,0,0,0,0,0,0,0,0,0,0,0,0,0,0,0,0,0,0,0,0,0,0,0,0,0,0,0,0,0,0,0,0,0,0,0,0,0,0,0,0,0,0,0,0,0,0,0,0,0,0,0,0,0,0,0,0,0,0,0,0,0,0,0,0,0,0,0,0,0,0,0,0,0,0,0,0,0,0,0,0,0,0,0,0,0,0,0,0,0,0,0,0,0,0,0,0,0,0,0,0,0,0,0,0,0,0,0,0,0,0,0,0,0,0,0,0,0,0,0,0,0,0,0,0,0,0,0,0,0,0,0,0,0,0,0,0,0,0,0,0,0,0,0,0,0,0,0,0,0,0,0,0,0,0,0,0,0,0,0,0,0,0,0,0,0,0,0,0,0,0,0,0,0,0,0,0,0,0,0,0,0,0,0,0,0,0,0,0,0,0,0,0,0,0,0,0,0,0,0,0,0,0,0,0,0,0,0,0,0,0,0,0,0,0,0,0,0,0,0,0,0,0,0,0,0,0,0,0,0,0,0,0,0,0,0,0,0,0,0,0,0,0,0,0,0,0,0,0,0,0,0,
43106,0,0,0,0,0,0,0,0,0,0,0,0,0,0,0,0,0,0,0,0,0,0,0,0,0,0,0,0,0,0,0,0,0,0,0,0,0,0,0,0,0,0,0,0,0,0,0,0,0,0,0,0,0,0,0,0,0,0,0,0,0,0,0,0,0,0,0,0,0,0,0,0,0,0,0,0,0,0,0,0,0,0,0,0,0,0,0,0,0,0,0,0,0,0,0,0,0,0,0,0,0,0,0,0,0,0,0,0,0,0,0,0,0,0,0,0,0,0,0,0,0,0,0,0,0,0,0,0,0,0,0,0,0,0,0,0,0,0,0,0,0,0,0,0,0,0,0,0,0,0,0,0,0,0,0,0,0,0,0,0,0,0,0,0,0,0,0,0,0,0,0,0,0,0,0,0,0,0,0,0,0,0,0,0,0,0,0,0,0,0,0,0,0,0,0,0,0,0,0,0,0,0,0,0,0,0,0,0,0,0,0,0,0,0,0,0,0,0,0,0,0,0,0,0,0,0,0,0,0,0,0,0,0,0,0,0,0,0,0,0,0,0,0,0,0,0,0,0,0,0,0,0,0,0,0,0,0,0,0,0,0,0,0,0,0,0,0,0,0,0,0,0,0,0,0,0,0,0,0,0,0,0,0,0,0,0,0,0,0,0,0,0,0,0,0,0,0,0,0,0,0,0,0,0,0,0,0,0,0,0,0,0,0,0,0,0,0,0,0,0,0,0,0,0,0,0,0,0,0,0,0,0,0,0,0,0,0,0,0,0,0,0,0,0,0,0,0,0,0,0,0,0,0,0,0,0,0,0,0,0,0,0,0,0,0,0,0,0,0,0,0,0,0,0,0,0,0,0,0,0,0,0,0,0,0,0,0,0,0,0,0,0,0,0,0,0,0,0,0,0,0,0,0,0,0,0,0,0,0,0,0,0,0,0,0,0,0,0,0,0,0,0,0,0,0,0,0,0,0,0,0,0,0,0,0,0,0,0,0,0,0,0,0,0,0,0,0,0,0,0,0,0,0,0,0,0,0,0,0,0,0,0,0,0,0,0,0,0,0,0,0,0,0,0,0,0,0,0,0,0,0,0,0,0,0,0,0,0,0,0,0,0,0,0,0,0,0,0,0,0,0,0,0,0,0,0,0,0,0,0,0,0,0,0,0,0,0,0,0,0,0,0,0,0,0,0,0,0,0,0,0,0,0,0,0,0,0,0,0,0,0,0,0,0,0,
43107,0,0,0,0,0,0,0,0,0,0,0,0,0,0,0,0,0,0,0,0,0,0,0,0,0,0,0,0,0,0,0,0,0,0,0,0,0,0,0,0,0,0,0,0,0,0,0,0,0,0,0,0,0,0,0,0,0,0,0,0,0,0,0,0,0,0,0,0,0,0,0,0,0,0,0,0,0,0,0,0,0,0,0,0,0,0,0,0,0,0,0,0,0,0,0,0,0,0,0,0,0,0,0,0,0,0,0,0,0,0,0,0,0,0,0,0,0,0,0,0,0,0,0,0,0,0,0,0,0,0,0,0,0,0,0,0,0,0,0,0,0,0,0,0,0,0,0,0,0,0,0,0,0,0,0,0,0,0,0,0,0,0,0,0,0,0,0,0,0,0,0,0,0,0,0,0,0,0,0,0,0,0,0,0,0,0,0,0,0,0,0,0,0,0,0,0,0,0,0,0,0,0,0,0,0,0,0,0,0,0,0,0,0,0,0,0,0,0,0,0,0,0,0,0,0,0,0,0,0,0,0,0,0,0,0,0,0,0,0,0,0,0,0,0,0,0,0,0,0,0,0,0,0,0,0,0,0,0,0,0,0,0,0,0,0,0,0,0,0,0,0,0,0,0,0,0,0,0,0,0,0,0,0,0,0,0,0,0,0,0,0,0,0,0,0,0,0,0,0,0,0,0,0,0,0,0,0,0,0,0,0,0,0,0,0,0,0,0,0,0,0,0,0,0,0,0,0,0,0,0,0,0,0,0,0,0,0,0,0,0,0,0,0,0,0,0,0,0,0,0,0,0,0,0,0,0,0,0,0,0,0,0,0,0,0,0,0,0,0,0,0,0,0,0,0,0,0,0,0,0,0,0,0,0,0,0,0,0,0,0,0,0,0,0,0,0,0,0,0,0,0,0,0,0,0,0,0,0,0,0,0,0,0,0,0,0,0,0,0,0,0,0,0,0,0,0,0,0,0,0,0,0,0,0,0,0,0,0,0,0,0,0,0,0,0,0,0,0,0,0,0,0,0,0,0,0,0,0,0,0,0,0,0,0,0,0,0,0,0,0,0,0,0,0,0,0,0,0,0,0,0,0,0,0,0,0,0,0,0,0,0,0,0,0,0,0,0,0,0,0,0,0,0,0,0,0,0,0,0,0,0,0,0,0,0,0,0,0,0,0,0,0,0,0,0,0,0,0,0,0,0,0,0,0,0,0,0,0,0,0,0,0,0,0,0,
43108,0,0,0,0,0,0,0,0,0,0,0,0,0,0,0,0,0,0,0,0,0,0,0,0,0,0,0,0,0,0,0,0,0,0,0,0,0,0,0,0,0,0,0,0,0,0,0,0,0,0,0,0,0,0,0,0,0,0,0,0,0,0,0,0,0,0,0,0,0,0,0,0,0,0,0,0,0,0,0,0,0,0,0,0,0,0,0,0,0,0,0,0,0,0,0,0,0,0,0,0,0,0,0,0,0,0,0,0,0,0,0,0,0,0,0,0,0,0,0,0,0,0,0,0,0,0,0,0,0,0,0,0,0,0,0,0,0,0,0,0,0,0,0,0,0,0,0,0,0,0,0,0,0,0,0,0,0,0,0,0,0,0,0,0,0,0,0,0,0,0,0,0,0,0,0,0,0,0,0,0,0,0,0,0,0,0,0,0,0,0,0,0,0,0,0,0,0,0,0,0,0,0,0,0,0,0,0,0,0,0,0,0,0,0,0,0,0,0,0,0,0,0,0,0,0,0,0,0,0,0,0,0,0,0,0,0,0,0,0,0,0,0,0,0,0,0,0,0,0,0,0,0,0,0,0,0,0,0,0,0,0,0,0,0,0,0,0,0,0,0,0,0,0,0,0,0,0,0,0,0,0,0,0,0,0,0,0,0,0,0,0,0,0,0,0,0,0,0,0,0,0,0,0,0,0,0,0,0,0,0,0,0,0,0,0,0,0,0,0,0,0,0,0,0,0,0,0,0,0,0,0,0,0,0,0,0,0,0,0,0,0,0,0,0,0,0,0,0,0,0,0,0,0,0,0,0,0,0,0,0,0,0,0,0,0,0,0,0,0,0,0,0,0,0,0,0,0,0,0,0,0,0,0,0,0,0,0,0,0,0,0,0,0,0,0,0,0,0,0,0,0,0,0,0,0,0,0,0,0,0,0,0,0,0,0,0,0,0,0,0,0,0,0,0,0,0,0,0,0,0,0,0,0,0,0,0,0,0,0,0,0,0,0,0,0,0,0,0,0,0,0,0,0,0,0,0,0,0,0,0,0,0,0,0,0,0,0,0,0,0,0,0,0,0,0,0,0,0,0,0,0,0,0,0,0,0,0,0,0,0,0,0,0,0,0,0,0,0,0,0,0,0,0,0,0,0,0,0,0,0,0,0,0,0,0,0,0,0,0,0,0,0,0,0,0,0,0,0,0,0,0,0,0,0,0,0,0,0,0,0,0,0,0,0,0,
43109,0,0,0,0,0,0,0,0,0,0,0,0,0,0,0,0,0,0,0,0,0,0,0,0,0,0,0,0,0,0,0,0,0,0,0,0,0,0,0,0,0,0,0,0,0,0,0,0,0,0,0,0,0,0,0,0,0,0,0,0,0,0,0,0,0,0,0,0,0,0,0,0,0,0,0,0,0,0,0,0,0,0,0,0,0,0,0,0,0,0,0,0,0,0,0,0,0,0,0,0,0,0,0,0,0,0,0,0,0,0,0,0,0,0,0,0,0,0,0,0,0,0,0,0,0,0,0,0,0,0,0,0,0,0,0,0,0,0,0,0,0,0,0,0,0,0,0,0,0,0,0,0,0,0,0,0,0,0,0,0,0,0,0,0,0,0,0,0,0,0,0,0,0,0,0,0,0,0,0,0,0,0,0,0,0,0,0,0,0,0,0,0,0,0,0,0,0,0,0,0,0,0,0,0,0,0,0,0,0,0,0,0,0,0,0,0,0,0,0,0,0,0,0,0,0,0,0,0,0,0,0,0,0,0,0,0,0,0,0,0,0,0,0,0,0,0,0,0,0,0,0,0,0,0,0,0,0,0,0,0,0,0,0,0,0,0,0,0,0,0,0,0,0,0,0,0,0,0,0,0,0,0,0,0,0,0,0,0,0,0,0,0,0,0,0,0,0,0,0,0,0,0,0,0,0,0,0,0,0,0,0,0,0,0,0,0,0,0,0,0,0,0,0,0,0,0,0,0,0,0,0,0,0,0,0,0,0,0,0,0,0,0,0,0,0,0,0,0,0,0,0,0,0,0,0,0,0,0,0,0,0,0,0,0,0,0,0,0,0,0,0,0,0,0,0,0,0,0,0,0,0,0,0,0,0,0,0,0,0,0,0,0,0,0,0,0,0,0,0,0,0,0,0,0,0,0,0,0,0,0,0,0,0,0,0,0,0,0,0,0,0,0,0,0,0,0,0,0,0,0,0,0,0,0,0,0,0,0,0,0,0,0,0,0,0,0,0,0,0,0,0,0,0,0,0,0,0,0,0,0,0,0,0,0,0,0,0,0,0,0,0,0,0,0,0,0,0,0,0,0,0,0,0,0,0,0,0,0,0,0,0,0,0,0,0,0,0,0,0,0,0,0,0,0,0,0,0,0,0,0,0,0,0,0,0,0,0,0,0,0,0,0,0,0,0,0,0,0,0,0,0,0,0,0,0,0,0,0,0,0,0,0,0,0,0,
43110,0,0,0,0,0,0,0,0,0,0,0,0,0,0,0,0,0,0,0,0,0,0,0,0,0,0,0,0,0,0,0,0,0,0,0,0,0,0,0,0,0,0,0,0,0,0,0,0,0,0,0,0,0,0,0,0,0,0,0,0,0,0,0,0,0,0,0,0,0,0,0,0,0,0,0,0,0,0,0,0,0,0,0,0,0,0,0,0,0,0,0,0,0,0,0,0,0,0,0,0,0,0,0,0,0,0,0,0,0,0,0,0,0,0,0,0,0,0,0,0,0,0,0,0,0,0,0,0,0,0,0,0,0,0,0,0,0,0,0,0,0,0,0,0,0,0,0,0,0,0,0,0,0,0,0,0,0,0,0,0,0,0,0,0,0,0,0,0,0,0,0,0,0,0,0,0,0,0,0,0,0,0,0,0,0,0,0,0,0,0,0,0,0,0,0,0,0,0,0,0,0,0,0,0,0,0,0,0,0,0,0,0,0,0,0,0,0,0,0,0,0,0,0,0,0,0,0,0,0,0,0,0,0,0,0,0,0,0,0,0,0,0,0,0,0,0,0,0,0,0,0,0,0,0,0,0,0,0,0,0,0,0,0,0,0,0,0,0,0,0,0,0,0,0,0,0,0,0,0,0,0,0,0,0,0,0,0,0,0,0,0,0,0,0,0,0,0,0,0,0,0,0,0,0,0,0,0,0,0,0,0,0,0,0,0,0,0,0,0,0,0,0,0,0,0,0,0,0,0,0,0,0,0,0,0,0,0,0,0,0,0,0,0,0,0,0,0,0,0,0,0,0,0,0,0,0,0,0,0,0,0,0,0,0,0,0,0,0,0,0,0,0,0,0,0,0,0,0,0,0,0,0,0,0,0,0,0,0,0,0,0,0,0,0,0,0,0,0,0,0,0,0,0,0,0,0,0,0,0,0,0,0,0,0,0,0,0,0,0,0,0,0,0,0,0,0,0,0,0,0,0,0,0,0,0,0,0,0,0,0,0,0,0,0,0,0,0,0,0,0,0,0,0,0,0,0,0,0,0,0,0,0,0,0,0,0,0,0,0,0,0,0,0,0,0,0,0,0,0,0,0,0,0,0,0,0,0,0,0,0,0,0,0,0,0,0,0,0,0,0,0,0,0,0,0,0,0,0,0,0,0,0,0,0,0,0,0,0,0,0,0,0,0,0,0,0,0,0,0,0,0,0,0,0,0,0,0,0,0,0,0,0,0,0,0,
43111,0,0,0,0,0,0,0,0,0,0,0,0,0,0,0,0,0,0,0,0,0,0,0,0,0,0,0,0,0,0,0,0,0,0,0,0,0,0,0,0,0,0,0,0,0,0,0,0,0,0,0,0,0,0,0,0,0,0,0,0,0,0,0,0,0,0,0,0,0,0,0,0,0,0,0,0,0,0,0,0,0,0,0,0,0,0,0,0,0,0,0,0,0,0,0,0,0,0,0,0,0,0,0,0,0,0,0,0,0,0,0,0,0,0,0,0,0,0,0,0,0,0,0,0,0,0,0,0,0,0,0,0,0,0,0,0,0,0,0,0,0,0,0,0,0,0,0,0,0,0,0,0,0,0,0,0,0,0,0,0,0,0,0,0,0,0,0,0,0,0,0,0,0,0,0,0,0,0,0,0,0,0,0,0,0,0,0,0,0,0,0,0,0,0,0,0,0,0,0,0,0,0,0,0,0,0,0,0,0,0,0,0,0,0,0,0,0,0,0,0,0,0,0,0,0,0,0,0,0,0,0,0,0,0,0,0,0,0,0,0,0,0,0,0,0,0,0,0,0,0,0,0,0,0,0,0,0,0,0,0,0,0,0,0,0,0,0,0,0,0,0,0,0,0,0,0,0,0,0,0,0,0,0,0,0,0,0,0,0,0,0,0,0,0,0,0,0,0,0,0,0,0,0,0,0,0,0,0,0,0,0,0,0,0,0,0,0,0,0,0,0,0,0,0,0,0,0,0,0,0,0,0,0,0,0,0,0,0,0,0,0,0,0,0,0,0,0,0,0,0,0,0,0,0,0,0,0,0,0,0,0,0,0,0,0,0,0,0,0,0,0,0,0,0,0,0,0,0,0,0,0,0,0,0,0,0,0,0,0,0,0,0,0,0,0,0,0,0,0,0,0,0,0,0,0,0,0,0,0,0,0,0,0,0,0,0,0,0,0,0,0,0,0,0,0,0,0,0,0,0,0,0,0,0,0,0,0,0,0,0,0,0,0,0,0,0,0,0,0,0,0,0,0,0,0,0,0,0,0,0,0,0,0,0,0,0,0,0,0,0,0,0,0,0,0,0,0,0,0,0,0,0,0,0,0,0,0,0,0,0,0,0,0,0,0,0,0,0,0,0,0,0,0,0,0,0,0,0,0,0,0,0,0,0,0,0,0,0,0,0,0,0,0,0,0,0,0,0,0,0,0,0,0,0,0,0,0,0,0,0,0,0,0,0,0,
43112,0,0,0,0,0,0,0,0,0,0,0,0,0,0,0,0,0,0,0,0,0,0,0,0,0,0,0,0,0,0,0,0,0,0,0,0,0,0,0,0,0,0,0,0,0,0,0,0,0,0,0,0,0,0,0,0,0,0,0,0,0,0,0,0,0,0,0,0,0,0,0,0,0,0,0,0,0,0,0,0,0,0,0,0,0,0,0,0,0,0,0,0,0,0,0,0,0,0,0,0,0,0,0,0,0,0,0,0,0,0,0,0,0,0,0,0,0,0,0,0,0,0,0,0,0,0,0,0,0,0,0,0,0,0,0,0,0,0,0,0,0,0,0,0,0,0,0,0,0,0,0,0,0,0,0,0,0,0,0,0,0,0,0,0,0,0,0,0,0,0,0,0,0,0,0,0,0,0,0,0,0,0,0,0,0,0,0,0,0,0,0,0,0,0,0,0,0,0,0,0,0,0,0,0,0,0,0,0,0,0,0,0,0,0,0,0,0,0,0,0,0,0,0,0,0,0,0,0,0,0,0,0,0,0,0,0,0,0,0,0,0,0,0,0,0,0,0,0,0,0,0,0,0,0,0,0,0,0,0,0,0,0,0,0,0,0,0,0,0,0,0,0,0,0,0,0,0,0,0,0,0,0,0,0,0,0,0,0,0,0,0,0,0,0,0,0,0,0,0,0,0,0,0,0,0,0,0,0,0,0,0,0,0,0,0,0,0,0,0,0,0,0,0,0,0,0,0,0,0,0,0,0,0,0,0,0,0,0,0,0,0,0,0,0,0,0,0,0,0,0,0,0,0,0,0,0,0,0,0,0,0,0,0,0,0,0,0,0,0,0,0,0,0,0,0,0,0,0,0,0,0,0,0,0,0,0,0,0,0,0,0,0,0,0,0,0,0,0,0,0,0,0,0,0,0,0,0,0,0,0,0,0,0,0,0,0,0,0,0,0,0,0,0,0,0,0,0,0,0,0,0,0,0,0,0,0,0,0,0,0,0,0,0,0,0,0,0,0,0,0,0,0,0,0,0,0,0,0,0,0,0,0,0,0,0,0,0,0,0,0,0,0,0,0,0,0,0,0,0,0,0,0,0,0,0,0,0,0,0,0,0,0,0,0,0,0,0,0,0,0,0,0,0,0,0,0,0,0,0,0,0,0,0,0,0,0,0,0,0,0,0,0,0,0,0,0,0,0,0,0,0,0,0,0,0,0,0,0,0,0,0,0,0,0,0,
43113,0,0,0,0,0,0,0,0,0,0,0,0,0,0,0,0,0,0,0,0,0,0,0,0,0,0,0,0,0,0,0,0,0,0,0,0,0,0,0,0,0,0,0,0,0,0,0,0,0,0,0,0,0,0,0,0,0,0,0,0,0,0,0,0,0,0,0,0,0,0,0,0,0,0,0,0,0,0,0,0,0,0,0,0,0,0,0,0,0,0,0,0,0,0,0,0,0,0,0,0,0,0,0,0,0,0,0,0,0,0,0,0,0,0,0,0,0,0,0,0,0,0,0,0,0,0,0,0,0,0,0,0,0,0,0,0,0,0,0,0,0,0,0,0,0,0,0,0,0,0,0,0,0,0,0,0,0,0,0,0,0,0,0,0,0,0,0,0,0,0,0,0,0,0,0,0,0,0,0,0,0,0,0,0,0,0,0,0,0,0,0,0,0,0,0,0,0,0,0,0,0,0,0,0,0,0,0,0,0,0,0,0,0,0,0,0,0,0,0,0,0,0,0,0,0,0,0,0,0,0,0,0,0,0,0,0,0,0,0,0,0,0,0,0,0,0,0,0,0,0,0,0,0,0,0,0,0,0,0,0,0,0,0,0,0,0,0,0,0,0,0,0,0,0,0,0,0,0,0,0,0,0,0,0,0,0,0,0,0,0,0,0,0,0,0,0,0,0,0,0,0,0,0,0,0,0,0,0,0,0,0,0,0,0,0,0,0,0,0,0,0,0,0,0,0,0,0,0,0,0,0,0,0,0,0,0,0,0,0,0,0,0,0,0,0,0,0,0,0,0,0,0,0,0,0,0,0,0,0,0,0,0,0,0,0,0,0,0,0,0,0,0,0,0,0,0,0,0,0,0,0,0,0,0,0,0,0,0,0,0,0,0,0,0,0,0,0,0,0,0,0,0,0,0,0,0,0,0,0,0,0,0,0,0,0,0,0,0,0,0,0,0,0,0,0,0,0,0,0,0,0,0,0,0,0,0,0,0,0,0,0,0,0,0,0,0,0,0,0,0,0,0,0,0,0,0,0,0,0,0,0,0,0,0,0,0,0,0,0,0,0,0,0,0,0,0,0,0,0,0,0,0,0,0,0,0,0,0,0,0,0,0,0,0,0,0,0,0,0,0,0,0,0,0,0,0,0,0,0,0,0,0,0,0,0,0,0,0,0,0,0,0,0,0,0,0,0,0,0,0,0,0,0,0,0,0,0,0,0,0,0,0,0,0,0,
43114,0,0,0,0,0,0,0,0,0,0,0,0,0,0,0,0,0,0,0,0,0,0,0,0,0,0,0,0,0,0,0,0,0,0,0,0,0,0,0,0,0,0,0,0,0,0,0,0,0,0,0,0,0,0,0,0,0,0,0,0,0,0,0,0,0,0,0,0,0,0,0,0,0,0,0,0,0,0,0,0,0,0,0,0,0,0,0,0,0,0,0,0,0,0,0,0,0,0,0,0,0,0,0,0,0,0,0,0,0,0,0,0,0,0,0,0,0,0,0,0,0,0,0,0,0,0,0,0,0,0,0,0,0,0,0,0,0,0,0,0,0,0,0,0,0,0,0,0,0,0,0,0,0,0,0,0,0,0,0,0,0,0,0,0,0,0,0,0,0,0,0,0,0,0,0,0,0,0,0,0,0,0,0,0,0,0,0,0,0,0,0,0,0,0,0,0,0,0,0,0,0,0,0,0,0,0,0,0,0,0,0,0,0,0,0,0,0,0,0,0,0,0,0,0,0,0,0,0,0,0,0,0,0,0,0,0,0,0,0,0,0,0,0,0,0,0,0,0,0,0,0,0,0,0,0,0,0,0,0,0,0,0,0,0,0,0,0,0,0,0,0,0,0,0,0,0,0,0,0,0,0,0,0,0,0,0,0,0,0,0,0,0,0,0,0,0,0,0,0,0,0,0,0,0,0,0,0,0,0,0,0,0,0,0,0,0,0,0,0,0,0,0,0,0,0,0,0,0,0,0,0,0,0,0,0,0,0,0,0,0,0,0,0,0,0,0,0,0,0,0,0,0,0,0,0,0,0,0,0,0,0,0,0,0,0,0,0,0,0,0,0,0,0,0,0,0,0,0,0,0,0,0,0,0,0,0,0,0,0,0,0,0,0,0,0,0,0,0,0,0,0,0,0,0,0,0,0,0,0,0,0,0,0,0,0,0,0,0,0,0,0,0,0,0,0,0,0,0,0,0,0,0,0,0,0,0,0,0,0,0,0,0,0,0,0,0,0,0,0,0,0,0,0,0,0,0,0,0,0,0,0,0,0,0,0,0,0,0,0,0,0,0,0,0,0,0,0,0,0,0,0,0,0,0,0,0,0,0,0,0,0,0,0,0,0,0,0,0,0,0,0,0,0,0,0,0,0,0,0,0,0,0,0,0,0,0,0,0,0,0,0,0,0,0,0,0,0,0,0,0,0,0,0,0,0,0,0,0,0,0,0,0,0,0,0,
43115,0,0,0,0,0,0,0,0,0,0,0,0,0,0,0,0,0,0,0,0,0,0,0,0,0,0,0,0,0,0,0,0,0,0,0,0,0,0,0,0,0,0,0,0,0,0,0,0,0,0,0,0,0,0,0,0,0,0,0,0,0,0,0,0,0,0,0,0,0,0,0,0,0,0,0,0,0,0,0,0,0,0,0,0,0,0,0,0,0,0,0,0,0,0,0,0,0,0,0,0,0,0,0,0,0,0,0,0,0,0,0,0,0,0,0,0,0,0,0,0,0,0,0,0,0,0,0,0,0,0,0,0,0,0,0,0,0,0,0,0,0,0,0,0,0,0,0,0,0,0,0,0,0,0,0,0,0,0,0,0,0,0,0,0,0,0,0,0,0,0,0,0,0,0,0,0,0,0,0,0,0,0,0,0,0,0,0,0,0,0,0,0,0,0,0,0,0,0,0,0,0,0,0,0,0,0,0,0,0,0,0,0,0,0,0,0,0,0,0,0,0,0,0,0,0,0,0,0,0,0,0,0,0,0,0,0,0,0,0,0,0,0,0,0,0,0,0,0,0,0,0,0,0,0,0,0,0,0,0,0,0,0,0,0,0,0,0,0,0,0,0,0,0,0,0,0,0,0,0,0,0,0,0,0,0,0,0,0,0,0,0,0,0,0,0,0,0,0,0,0,0,0,0,0,0,0,0,0,0,0,0,0,0,0,0,0,0,0,0,0,0,0,0,0,0,0,0,0,0,0,0,0,0,0,0,0,0,0,0,0,0,0,0,0,0,0,0,0,0,0,0,0,0,0,0,0,0,0,0,0,0,0,0,0,0,0,0,0,0,0,0,0,0,0,0,0,0,0,0,0,0,0,0,0,0,0,0,0,0,0,0,0,0,0,0,0,0,0,0,0,0,0,0,0,0,0,0,0,0,0,0,0,0,0,0,0,0,0,0,0,0,0,0,0,0,0,0,0,0,0,0,0,0,0,0,0,0,0,0,0,0,0,0,0,0,0,0,0,0,0,0,0,0,0,0,0,0,0,0,0,0,0,0,0,0,0,0,0,0,0,0,0,0,0,0,0,0,0,0,0,0,0,0,0,0,0,0,0,0,0,0,0,0,0,0,0,0,0,0,0,0,0,0,0,0,0,0,0,0,0,0,0,0,0,0,0,0,0,0,0,0,0,0,0,0,0,0,0,0,0,0,0,0,0,0,0,0,0,0,0,0,0,0,0,0,
43116,0,0,0,0,0,0,0,0,0,0,0,0,0,0,0,0,0,0,0,0,0,0,0,0,0,0,0,0,0,0,0,0,0,0,0,0,0,0,0,0,0,0,0,0,0,0,0,0,0,0,0,0,0,0,0,0,0,0,0,0,0,0,0,0,0,0,0,0,0,0,0,0,0,0,0,0,0,0,0,0,0,0,0,0,0,0,0,0,0,0,0,0,0,0,0,0,0,0,0,0,0,0,0,0,0,0,0,0,0,0,0,0,0,0,0,0,0,0,0,0,0,0,0,0,0,0,0,0,0,0,0,0,0,0,0,0,0,0,0,0,0,0,0,0,0,0,0,0,0,0,0,0,0,0,0,0,0,0,0,0,0,0,0,0,0,0,0,0,0,0,0,0,0,0,0,0,0,0,0,0,0,0,0,0,0,0,0,0,0,0,0,0,0,0,0,0,0,0,0,0,0,0,0,0,0,0,0,0,0,0,0,0,0,0,0,0,0,0,0,0,0,0,0,0,0,0,0,0,0,0,0,0,0,0,0,0,0,0,0,0,0,0,0,0,0,0,0,0,0,0,0,0,0,0,0,0,0,0,0,0,0,0,0,0,0,0,0,0,0,0,0,0,0,0,0,0,0,0,0,0,0,0,0,0,0,0,0,0,0,0,0,0,0,0,0,0,0,0,0,0,0,0,0,0,0,0,0,0,0,0,0,0,0,0,0,0,0,0,0,0,0,0,0,0,0,0,0,0,0,0,0,0,0,0,0,0,0,0,0,0,0,0,0,0,0,0,0,0,0,0,0,0,0,0,0,0,0,0,0,0,0,0,0,0,0,0,0,0,0,0,0,0,0,0,0,0,0,0,0,0,0,0,0,0,0,0,0,0,0,0,0,0,0,0,0,0,0,0,0,0,0,0,0,0,0,0,0,0,0,0,0,0,0,0,0,0,0,0,0,0,0,0,0,0,0,0,0,0,0,0,0,0,0,0,0,0,0,0,0,0,0,0,0,0,0,0,0,0,0,0,0,0,0,0,0,0,0,0,0,0,0,0,0,0,0,0,0,0,0,0,0,0,0,0,0,0,0,0,0,0,0,0,0,0,0,0,0,0,0,0,0,0,0,0,0,0,0,0,0,0,0,0,0,0,0,0,0,0,0,0,0,0,0,0,0,0,0,0,0,0,0,0,0,0,0,0,0,0,0,0,0,0,0,0,0,0,0,0,0,0,0,0,0,0,0,
43117,0,0,0,0,0,0,0,0,0,0,0,0,0,0,0,0,0,0,0,0,0,0,0,0,0,0,0,0,0,0,0,0,0,0,0,0,0,0,0,0,0,0,0,0,0,0,0,0,0,0,0,0,0,0,0,0,0,0,0,0,0,0,0,0,0,0,0,0,0,0,0,0,0,0,0,0,0,0,0,0,0,0,0,0,0,0,0,0,0,0,0,0,0,0,0,0,0,0,0,0,0,0,0,0,0,0,0,0,0,0,0,0,0,0,0,0,0,0,0,0,0,0,0,0,0,0,0,0,0,0,0,0,0,0,0,0,0,0,0,0,0,0,0,0,0,0,0,0,0,0,0,0,0,0,0,0,0,0,0,0,0,0,0,0,0,0,0,0,0,0,0,0,0,0,0,0,0,0,0,0,0,0,0,0,0,0,0,0,0,0,0,0,0,0,0,0,0,0,0,0,0,0,0,0,0,0,0,0,0,0,0,0,0,0,0,0,0,0,0,0,0,0,0,0,0,0,0,0,0,0,0,0,0,0,0,0,0,0,0,0,0,0,0,0,0,0,0,0,0,0,0,0,0,0,0,0,0,0,0,0,0,0,0,0,0,0,0,0,0,0,0,0,0,0,0,0,0,0,0,0,0,0,0,0,0,0,0,0,0,0,0,0,0,0,0,0,0,0,0,0,0,0,0,0,0,0,0,0,0,0,0,0,0,0,0,0,0,0,0,0,0,0,0,0,0,0,0,0,0,0,0,0,0,0,0,0,0,0,0,0,0,0,0,0,0,0,0,0,0,0,0,0,0,0,0,0,0,0,0,0,0,0,0,0,0,0,0,0,0,0,0,0,0,0,0,0,0,0,0,0,0,0,0,0,0,0,0,0,0,0,0,0,0,0,0,0,0,0,0,0,0,0,0,0,0,0,0,0,0,0,0,0,0,0,0,0,0,0,0,0,0,0,0,0,0,0,0,0,0,0,0,0,0,0,0,0,0,0,0,0,0,0,0,0,0,0,0,0,0,0,0,0,0,0,0,0,0,0,0,0,0,0,0,0,0,0,0,0,0,0,0,0,0,0,0,0,0,0,0,0,0,0,0,0,0,0,0,0,0,0,0,0,0,0,0,0,0,0,0,0,0,0,0,0,0,0,0,0,0,0,0,0,0,0,0,0,0,0,0,0,0,0,0,0,0,0,0,0,0,0,0,0,0,0,0,0,0,0,0,0,0,0,0,0,0,
43118,0,0,0,0,0,0,0,0,0,0,0,0,0,0,0,0,0,0,0,0,0,0,0,0,0,0,0,0,0,0,0,0,0,0,0,0,0,0,0,0,0,0,0,0,0,0,0,0,0,0,0,0,0,0,0,0,0,0,0,0,0,0,0,0,0,0,0,0,0,0,0,0,0,0,0,0,0,0,0,0,0,0,0,0,0,0,0,0,0,0,0,0,0,0,0,0,0,0,0,0,0,0,0,0,0,0,0,0,0,0,0,0,0,0,0,0,0,0,0,0,0,0,0,0,0,0,0,0,0,0,0,0,0,0,0,0,0,0,0,0,0,0,0,0,0,0,0,0,0,0,0,0,0,0,0,0,0,0,0,0,0,0,0,0,0,0,0,0,0,0,0,0,0,0,0,0,0,0,0,0,0,0,0,0,0,0,0,0,0,0,0,0,0,0,0,0,0,0,0,0,0,0,0,0,0,0,0,0,0,0,0,0,0,0,0,0,0,0,0,0,0,0,0,0,0,0,0,0,0,0,0,0,0,0,0,0,0,0,0,0,0,0,0,0,0,0,0,0,0,0,0,0,0,0,0,0,0,0,0,0,0,0,0,0,0,0,0,0,0,0,0,0,0,0,0,0,0,0,0,0,0,0,0,0,0,0,0,0,0,0,0,0,0,0,0,0,0,0,0,0,0,0,0,0,0,0,0,0,0,0,0,0,0,0,0,0,0,0,0,0,0,0,0,0,0,0,0,0,0,0,0,0,0,0,0,0,0,0,0,0,0,0,0,0,0,0,0,0,0,0,0,0,0,0,0,0,0,0,0,0,0,0,0,0,0,0,0,0,0,0,0,0,0,0,0,0,0,0,0,0,0,0,0,0,0,0,0,0,0,0,0,0,0,0,0,0,0,0,0,0,0,0,0,0,0,0,0,0,0,0,0,0,0,0,0,0,0,0,0,0,0,0,0,0,0,0,0,0,0,0,0,0,0,0,0,0,0,0,0,0,0,0,0,0,0,0,0,0,0,0,0,0,0,0,0,0,0,0,0,0,0,0,0,0,0,0,0,0,0,0,0,0,0,0,0,0,0,0,0,0,0,0,0,0,0,0,0,0,0,0,0,0,0,0,0,0,0,0,0,0,0,0,0,0,0,0,0,0,0,0,0,0,0,0,0,0,0,0,0,0,0,0,0,0,0,0,0,0,0,0,0,0,0,0,0,0,0,0,0,0,0,0,0,0,0,
43119,0,0,0,0,0,0,0,0,0,0,0,0,0,0,0,0,0,0,0,0,0,0,0,0,0,0,0,0,0,0,0,0,0,0,0,0,0,0,0,0,0,0,0,0,0,0,0,0,0,0,0,0,0,0,0,0,0,0,0,0,0,0,0,0,0,0,0,0,0,0,0,0,0,0,0,0,0,0,0,0,0,0,0,0,0,0,0,0,0,0,0,0,0,0,0,0,0,0,0,0,0,0,0,0,0,0,0,0,0,0,0,0,0,0,0,0,0,0,0,0,0,0,0,0,0,0,0,0,0,0,0,0,0,0,0,0,0,0,0,0,0,0,0,0,0,0,0,0,0,0,0,0,0,0,0,0,0,0,0,0,0,0,0,0,0,0,0,0,0,0,0,0,0,0,0,0,0,0,0,0,0,0,0,0,0,0,0,0,0,0,0,0,0,0,0,0,0,0,0,0,0,0,0,0,0,0,0,0,0,0,0,0,0,0,0,0,0,0,0,0,0,0,0,0,0,0,0,0,0,0,0,0,0,0,0,0,0,0,0,0,0,0,0,0,0,0,0,0,0,0,0,0,0,0,0,0,0,0,0,0,0,0,0,0,0,0,0,0,0,0,0,0,0,0,0,0,0,0,0,0,0,0,0,0,0,0,0,0,0,0,0,0,0,0,0,0,0,0,0,0,0,0,0,0,0,0,0,0,0,0,0,0,0,0,0,0,0,0,0,0,0,0,0,0,0,0,0,0,0,0,0,0,0,0,0,0,0,0,0,0,0,0,0,0,0,0,0,0,0,0,0,0,0,0,0,0,0,0,0,0,0,0,0,0,0,0,0,0,0,0,0,0,0,0,0,0,0,0,0,0,0,0,0,0,0,0,0,0,0,0,0,0,0,0,0,0,0,0,0,0,0,0,0,0,0,0,0,0,0,0,0,0,0,0,0,0,0,0,0,0,0,0,0,0,0,0,0,0,0,0,0,0,0,0,0,0,0,0,0,0,0,0,0,0,0,0,0,0,0,0,0,0,0,0,0,0,0,0,0,0,0,0,0,0,0,0,0,0,0,0,0,0,0,0,0,0,0,0,0,0,0,0,0,0,0,0,0,0,0,0,0,0,0,0,0,0,0,0,0,0,0,0,0,0,0,0,0,0,0,0,0,0,0,0,0,0,0,0,0,0,0,0,0,0,0,0,0,0,0,0,0,0,0,0,0,0,0,0,0,0,0,0,0,0,0,
43120,0,0,0,0,0,0,0,0,0,0,0,0,0,0,0,0,0,0,0,0,0,0,0,0,0,0,0,0,0,0,0,0,0,0,0,0,0,0,0,0,0,0,0,0,0,0,0,0,0,0,0,0,0,0,0,0,0,0,0,0,0,0,0,0,0,0,0,0,0,0,0,0,0,0,0,0,0,0,0,0,0,0,0,0,0,0,0,0,0,0,0,0,0,0,0,0,0,0,0,0,0,0,0,0,0,0,0,0,0,0,0,0,0,0,0,0,0,0,0,0,0,0,0,0,0,0,0,0,0,0,0,0,0,0,0,0,0,0,0,0,0,0,0,0,0,0,0,0,0,0,0,0,0,0,0,0,0,0,0,0,0,0,0,0,0,0,0,0,0,0,0,0,0,0,0,0,0,0,0,0,0,0,0,0,0,0,0,0,0,0,0,0,0,0,0,0,0,0,0,0,0,0,0,0,0,0,0,0,0,0,0,0,0,0,0,0,0,0,0,0,0,0,0,0,0,0,0,0,0,0,0,0,0,0,0,0,0,0,0,0,0,0,0,0,0,0,0,0,0,0,0,0,0,0,0,0,0,0,0,0,0,0,0,0,0,0,0,0,0,0,0,0,0,0,0,0,0,0,0,0,0,0,0,0,0,0,0,0,0,0,0,0,0,0,0,0,0,0,0,0,0,0,0,0,0,0,0,0,0,0,0,0,0,0,0,0,0,0,0,0,0,0,0,0,0,0,0,0,0,0,0,0,0,0,0,0,0,0,0,0,0,0,0,0,0,0,0,0,0,0,0,0,0,0,0,0,0,0,0,0,0,0,0,0,0,0,0,0,0,0,0,0,0,0,0,0,0,0,0,0,0,0,0,0,0,0,0,0,0,0,0,0,0,0,0,0,0,0,0,0,0,0,0,0,0,0,0,0,0,0,0,0,0,0,0,0,0,0,0,0,0,0,0,0,0,0,0,0,0,0,0,0,0,0,0,0,0,0,0,0,0,0,0,0,0,0,0,0,0,0,0,0,0,0,0,0,0,0,0,0,0,0,0,0,0,0,0,0,0,0,0,0,0,0,0,0,0,0,0,0,0,0,0,0,0,0,0,0,0,0,0,0,0,0,0,0,0,0,0,0,0,0,0,0,0,0,0,0,0,0,0,0,0,0,0,0,0,0,0,0,0,0,0,0,0,0,0,0,0,0,0,0,0,0,0,0,0,0,0,0,0,0,0,0,0,
43121,0,0,0,0,0,0,0,0,0,0,0,0,0,0,0,0,0,0,0,0,0,0,0,0,0,0,0,0,0,0,0,0,0,0,0,0,0,0,0,0,0,0,0,0,0,0,0,0,0,0,0,0,0,0,0,0,0,0,0,0,0,0,0,0,0,0,0,0,0,0,0,0,0,0,0,0,0,0,0,0,0,0,0,0,0,0,0,0,0,0,0,0,0,0,0,0,0,0,0,0,0,0,0,0,0,0,0,0,0,0,0,0,0,0,0,0,0,0,0,0,0,0,0,0,0,0,0,0,0,0,0,0,0,0,0,0,0,0,0,0,0,0,0,0,0,0,0,0,0,0,0,0,0,0,0,0,0,0,0,0,0,0,0,0,0,0,0,0,0,0,0,0,0,0,0,0,0,0,0,0,0,0,0,0,0,0,0,0,0,0,0,0,0,0,0,0,0,0,0,0,0,0,0,0,0,0,0,0,0,0,0,0,0,0,0,0,0,0,0,0,0,0,0,0,0,0,0,0,0,0,0,0,0,0,0,0,0,0,0,0,0,0,0,0,0,0,0,0,0,0,0,0,0,0,0,0,0,0,0,0,0,0,0,0,0,0,0,0,0,0,0,0,0,0,0,0,0,0,0,0,0,0,0,0,0,0,0,0,0,0,0,0,0,0,0,0,0,0,0,0,0,0,0,0,0,0,0,0,0,0,0,0,0,0,0,0,0,0,0,0,0,0,0,0,0,0,0,0,0,0,0,0,0,0,0,0,0,0,0,0,0,0,0,0,0,0,0,0,0,0,0,0,0,0,0,0,0,0,0,0,0,0,0,0,0,0,0,0,0,0,0,0,0,0,0,0,0,0,0,0,0,0,0,0,0,0,0,0,0,0,0,0,0,0,0,0,0,0,0,0,0,0,0,0,0,0,0,0,0,0,0,0,0,0,0,0,0,0,0,0,0,0,0,0,0,0,0,0,0,0,0,0,0,0,0,0,0,0,0,0,0,0,0,0,0,0,0,0,0,0,0,0,0,0,0,0,0,0,0,0,0,0,0,0,0,0,0,0,0,0,0,0,0,0,0,0,0,0,0,0,0,0,0,0,0,0,0,0,0,0,0,0,0,0,0,0,0,0,0,0,0,0,0,0,0,0,0,0,0,0,0,0,0,0,0,0,0,0,0,0,0,0,0,0,0,0,0,0,0,0,0,0,0,0,0,0,0,0,0,0,0,0,0,0,0,
43122,0,0,0,0,0,0,0,0,0,0,0,0,0,0,0,0,0,0,0,0,0,0,0,0,0,0,0,0,0,0,0,0,0,0,0,0,0,0,0,0,0,0,0,0,0,0,0,0,0,0,0,0,0,0,0,0,0,0,0,0,0,0,0,0,0,0,0,0,0,0,0,0,0,0,0,0,0,0,0,0,0,0,0,0,0,0,0,0,0,0,0,0,0,0,0,0,0,0,0,0,0,0,0,0,0,0,0,0,0,0,0,0,0,0,0,0,0,0,0,0,0,0,0,0,0,0,0,0,0,0,0,0,0,0,0,0,0,0,0,0,0,0,0,0,0,0,0,0,0,0,0,0,0,0,0,0,0,0,0,0,0,0,0,0,0,0,0,0,0,0,0,0,0,0,0,0,0,0,0,0,0,0,0,0,0,0,0,0,0,0,0,0,0,0,0,0,0,0,0,0,0,0,0,0,0,0,0,0,0,0,0,0,0,0,0,0,0,0,0,0,0,0,0,0,0,0,0,0,0,0,0,0,0,0,0,0,0,0,0,0,0,0,0,0,0,0,0,0,0,0,0,0,0,0,0,0,0,0,0,0,0,0,0,0,0,0,0,0,0,0,0,0,0,0,0,0,0,0,0,0,0,0,0,0,0,0,0,0,0,0,0,0,0,0,0,0,0,0,0,0,0,0,0,0,0,0,0,0,0,0,0,0,0,0,0,0,0,0,0,0,0,0,0,0,0,0,0,0,0,0,0,0,0,0,0,0,0,0,0,0,0,0,0,0,0,0,0,0,0,0,0,0,0,0,0,0,0,0,0,0,0,0,0,0,0,0,0,0,0,0,0,0,0,0,0,0,0,0,0,0,0,0,0,0,0,0,0,0,0,0,0,0,0,0,0,0,0,0,0,0,0,0,0,0,0,0,0,0,0,0,0,0,0,0,0,0,0,0,0,0,0,0,0,0,0,0,0,0,0,0,0,0,0,0,0,0,0,0,0,0,0,0,0,0,0,0,0,0,0,0,0,0,0,0,0,0,0,0,0,0,0,0,0,0,0,0,0,0,0,0,0,0,0,0,0,0,0,0,0,0,0,0,0,0,0,0,0,0,0,0,0,0,0,0,0,0,0,0,0,0,0,0,0,0,0,0,0,0,0,0,0,0,0,0,0,0,0,0,0,0,0,0,0,0,0,0,0,0,0,0,0,0,0,0,0,0,0,0,0,0,0,0,0,0,0,
43123,0,0,0,0,0,0,0,0,0,0,0,0,0,0,0,0,0,0,0,0,0,0,0,0,0,0,0,0,0,0,0,0,0,0,0,0,0,0,0,0,0,0,0,0,0,0,0,0,0,0,0,0,0,0,0,0,0,0,0,0,0,0,0,0,0,0,0,0,0,0,0,0,0,0,0,0,0,0,0,0,0,0,0,0,0,0,0,0,0,0,0,0,0,0,0,0,0,0,0,0,0,0,0,0,0,0,0,0,0,0,0,0,0,0,0,0,0,0,0,0,0,0,0,0,0,0,0,0,0,0,0,0,0,0,0,0,0,0,0,0,0,0,0,0,0,0,0,0,0,0,0,0,0,0,0,0,0,0,0,0,0,0,0,0,0,0,0,0,0,0,0,0,0,0,0,0,0,0,0,0,0,0,0,0,0,0,0,0,0,0,0,0,0,0,0,0,0,0,0,0,0,0,0,0,0,0,0,0,0,0,0,0,0,0,0,0,0,0,0,0,0,0,0,0,0,0,0,0,0,0,0,0,0,0,0,0,0,0,0,0,0,0,0,0,0,0,0,0,0,0,0,0,0,0,0,0,0,0,0,0,0,0,0,0,0,0,0,0,0,0,0,0,0,0,0,0,0,0,0,0,0,0,0,0,0,0,0,0,0,0,0,0,0,0,0,0,0,0,0,0,0,0,0,0,0,0,0,0,0,0,0,0,0,0,0,0,0,0,0,0,0,0,0,0,0,0,0,0,0,0,0,0,0,0,0,0,0,0,0,0,0,0,0,0,0,0,0,0,0,0,0,0,0,0,0,0,0,0,0,0,0,0,0,0,0,0,0,0,0,0,0,0,0,0,0,0,0,0,0,0,0,0,0,0,0,0,0,0,0,0,0,0,0,0,0,0,0,0,0,0,0,0,0,0,0,0,0,0,0,0,0,0,0,0,0,0,0,0,0,0,0,0,0,0,0,0,0,0,0,0,0,0,0,0,0,0,0,0,0,0,0,0,0,0,0,0,0,0,0,0,0,0,0,0,0,0,0,0,0,0,0,0,0,0,0,0,0,0,0,0,0,0,0,0,0,0,0,0,0,0,0,0,0,0,0,0,0,0,0,0,0,0,0,0,0,0,0,0,0,0,0,0,0,0,0,0,0,0,0,0,0,0,0,0,0,0,0,0,0,0,0,0,0,0,0,0,0,0,0,0,0,0,0,0,0,0,0,0,0,0,0,0,0,0,0,
43124,0,0,0,0,0,0,0,0,0,0,0,0,0,0,0,0,0,0,0,0,0,0,0,0,0,0,0,0,0,0,0,0,0,0,0,0,0,0,0,0,0,0,0,0,0,0,0,0,0,0,0,0,0,0,0,0,0,0,0,0,0,0,0,0,0,0,0,0,0,0,0,0,0,0,0,0,0,0,0,0,0,0,0,0,0,0,0,0,0,0,0,0,0,0,0,0,0,0,0,0,0,0,0,0,0,0,0,0,0,0,0,0,0,0,0,0,0,0,0,0,0,0,0,0,0,0,0,0,0,0,0,0,0,0,0,0,0,0,0,0,0,0,0,0,0,0,0,0,0,0,0,0,0,0,0,0,0,0,0,0,0,0,0,0,0,0,0,0,0,0,0,0,0,0,0,0,0,0,0,0,0,0,0,0,0,0,0,0,0,0,0,0,0,0,0,0,0,0,0,0,0,0,0,0,0,0,0,0,0,0,0,0,0,0,0,0,0,0,0,0,0,0,0,0,0,0,0,0,0,0,0,0,0,0,0,0,0,0,0,0,0,0,0,0,0,0,0,0,0,0,0,0,0,0,0,0,0,0,0,0,0,0,0,0,0,0,0,0,0,0,0,0,0,0,0,0,0,0,0,0,0,0,0,0,0,0,0,0,0,0,0,0,0,0,0,0,0,0,0,0,0,0,0,0,0,0,0,0,0,0,0,0,0,0,0,0,0,0,0,0,0,0,0,0,0,0,0,0,0,0,0,0,0,0,0,0,0,0,0,0,0,0,0,0,0,0,0,0,0,0,0,0,0,0,0,0,0,0,0,0,0,0,0,0,0,0,0,0,0,0,0,0,0,0,0,0,0,0,0,0,0,0,0,0,0,0,0,0,0,0,0,0,0,0,0,0,0,0,0,0,0,0,0,0,0,0,0,0,0,0,0,0,0,0,0,0,0,0,0,0,0,0,0,0,0,0,0,0,0,0,0,0,0,0,0,0,0,0,0,0,0,0,0,0,0,0,0,0,0,0,0,0,0,0,0,0,0,0,0,0,0,0,0,0,0,0,0,0,0,0,0,0,0,0,0,0,0,0,0,0,0,0,0,0,0,0,0,0,0,0,0,0,0,0,0,0,0,0,0,0,0,0,0,0,0,0,0,0,0,0,0,0,0,0,0,0,0,0,0,0,0,0,0,0,0,0,0,0,0,0,0,0,0,0,0,0,0,0,0,0,0,0,0,0,0,
43125,0,0,0,0,0,0,0,0,0,0,0,0,0,0,0,0,0,0,0,0,0,0,0,0,0,0,0,0,0,0,0,0,0,0,0,0,0,0,0,0,0,0,0,0,0,0,0,0,0,0,0,0,0,0,0,0,0,0,0,0,0,0,0,0,0,0,0,0,0,0,0,0,0,0,0,0,0,0,0,0,0,0,0,0,0,0,0,0,0,0,0,0,0,0,0,0,0,0,0,0,0,0,0,0,0,0,0,0,0,0,0,0,0,0,0,0,0,0,0,0,0,0,0,0,0,0,0,0,0,0,0,0,0,0,0,0,0,0,0,0,0,0,0,0,0,0,0,0,0,0,0,0,0,0,0,0,0,0,0,0,0,0,0,0,0,0,0,0,0,0,0,0,0,0,0,0,0,0,0,0,0,0,0,0,0,0,0,0,0,0,0,0,0,0,0,0,0,0,0,0,0,0,0,0,0,0,0,0,0,0,0,0,0,0,0,0,0,0,0,0,0,0,0,0,0,0,0,0,0,0,0,0,0,0,0,0,0,0,0,0,0,0,0,0,0,0,0,0,0,0,0,0,0,0,0,0,0,0,0,0,0,0,0,0,0,0,0,0,0,0,0,0,0,0,0,0,0,0,0,0,0,0,0,0,0,0,0,0,0,0,0,0,0,0,0,0,0,0,0,0,0,0,0,0,0,0,0,0,0,0,0,0,0,0,0,0,0,0,0,0,0,0,0,0,0,0,0,0,0,0,0,0,0,0,0,0,0,0,0,0,0,0,0,0,0,0,0,0,0,0,0,0,0,0,0,0,0,0,0,0,0,0,0,0,0,0,0,0,0,0,0,0,0,0,0,0,0,0,0,0,0,0,0,0,0,0,0,0,0,0,0,0,0,0,0,0,0,0,0,0,0,0,0,0,0,0,0,0,0,0,0,0,0,0,0,0,0,0,0,0,0,0,0,0,0,0,0,0,0,0,0,0,0,0,0,0,0,0,0,0,0,0,0,0,0,0,0,0,0,0,0,0,0,0,0,0,0,0,0,0,0,0,0,0,0,0,0,0,0,0,0,0,0,0,0,0,0,0,0,0,0,0,0,0,0,0,0,0,0,0,0,0,0,0,0,0,0,0,0,0,0,0,0,0,0,0,0,0,0,0,0,0,0,0,0,0,0,0,0,0,0,0,0,0,0,0,0,0,0,0,0,0,0,0,0,0,0,0,0,0,0,0,0,0,0,
43126,0,0,0,0,0,0,0,0,0,0,0,0,0,0,0,0,0,0,0,0,0,0,0,0,0,0,0,0,0,0,0,0,0,0,0,0,0,0,0,0,0,0,0,0,0,0,0,0,0,0,0,0,0,0,0,0,0,0,0,0,0,0,0,0,0,0,0,0,0,0,0,0,0,0,0,0,0,0,0,0,0,0,0,0,0,0,0,0,0,0,0,0,0,0,0,0,0,0,0,0,0,0,0,0,0,0,0,0,0,0,0,0,0,0,0,0,0,0,0,0,0,0,0,0,0,0,0,0,0,0,0,0,0,0,0,0,0,0,0,0,0,0,0,0,0,0,0,0,0,0,0,0,0,0,0,0,0,0,0,0,0,0,0,0,0,0,0,0,0,0,0,0,0,0,0,0,0,0,0,0,0,0,0,0,0,0,0,0,0,0,0,0,0,0,0,0,0,0,0,0,0,0,0,0,0,0,0,0,0,0,0,0,0,0,0,0,0,0,0,0,0,0,0,0,0,0,0,0,0,0,0,0,0,0,0,0,0,0,0,0,0,0,0,0,0,0,0,0,0,0,0,0,0,0,0,0,0,0,0,0,0,0,0,0,0,0,0,0,0,0,0,0,0,0,0,0,0,0,0,0,0,0,0,0,0,0,0,0,0,0,0,0,0,0,0,0,0,0,0,0,0,0,0,0,0,0,0,0,0,0,0,0,0,0,0,0,0,0,0,0,0,0,0,0,0,0,0,0,0,0,0,0,0,0,0,0,0,0,0,0,0,0,0,0,0,0,0,0,0,0,0,0,0,0,0,0,0,0,0,0,0,0,0,0,0,0,0,0,0,0,0,0,0,0,0,0,0,0,0,0,0,0,0,0,0,0,0,0,0,0,0,0,0,0,0,0,0,0,0,0,0,0,0,0,0,0,0,0,0,0,0,0,0,0,0,0,0,0,0,0,0,0,0,0,0,0,0,0,0,0,0,0,0,0,0,0,0,0,0,0,0,0,0,0,0,0,0,0,0,0,0,0,0,0,0,0,0,0,0,0,0,0,0,0,0,0,0,0,0,0,0,0,0,0,0,0,0,0,0,0,0,0,0,0,0,0,0,0,0,0,0,0,0,0,0,0,0,0,0,0,0,0,0,0,0,0,0,0,0,0,0,0,0,0,0,0,0,0,0,0,0,0,0,0,0,0,0,0,0,0,0,0,0,0,0,0,0,0,0,0,0,0,0,0,0,
43127,0,0,0,0,0,0,0,0,0,0,0,0,0,0,0,0,0,0,0,0,0,0,0,0,0,0,0,0,0,0,0,0,0,0,0,0,0,0,0,0,0,0,0,0,0,0,0,0,0,0,0,0,0,0,0,0,0,0,0,0,0,0,0,0,0,0,0,0,0,0,0,0,0,0,0,0,0,0,0,0,0,0,0,0,0,0,0,0,0,0,0,0,0,0,0,0,0,0,0,0,0,0,0,0,0,0,0,0,0,0,0,0,0,0,0,0,0,0,0,0,0,0,0,0,0,0,0,0,0,0,0,0,0,0,0,0,0,0,0,0,0,0,0,0,0,0,0,0,0,0,0,0,0,0,0,0,0,0,0,0,0,0,0,0,0,0,0,0,0,0,0,0,0,0,0,0,0,0,0,0,0,0,0,0,0,0,0,0,0,0,0,0,0,0,0,0,0,0,0,0,0,0,0,0,0,0,0,0,0,0,0,0,0,0,0,0,0,0,0,0,0,0,0,0,0,0,0,0,0,0,0,0,0,0,0,0,0,0,0,0,0,0,0,0,0,0,0,0,0,0,0,0,0,0,0,0,0,0,0,0,0,0,0,0,0,0,0,0,0,0,0,0,0,0,0,0,0,0,0,0,0,0,0,0,0,0,0,0,0,0,0,0,0,0,0,0,0,0,0,0,0,0,0,0,0,0,0,0,0,0,0,0,0,0,0,0,0,0,0,0,0,0,0,0,0,0,0,0,0,0,0,0,0,0,0,0,0,0,0,0,0,0,0,0,0,0,0,0,0,0,0,0,0,0,0,0,0,0,0,0,0,0,0,0,0,0,0,0,0,0,0,0,0,0,0,0,0,0,0,0,0,0,0,0,0,0,0,0,0,0,0,0,0,0,0,0,0,0,0,0,0,0,0,0,0,0,0,0,0,0,0,0,0,0,0,0,0,0,0,0,0,0,0,0,0,0,0,0,0,0,0,0,0,0,0,0,0,0,0,0,0,0,0,0,0,0,0,0,0,0,0,0,0,0,0,0,0,0,0,0,0,0,0,0,0,0,0,0,0,0,0,0,0,0,0,0,0,0,0,0,0,0,0,0,0,0,0,0,0,0,0,0,0,0,0,0,0,0,0,0,0,0,0,0,0,0,0,0,0,0,0,0,0,0,0,0,0,0,0,0,0,0,0,0,0,0,0,0,0,0,0,0,0,0,0,0,0,0,0,0,0,0,0,0,0,
43128,0,0,0,0,0,0,0,0,0,0,0,0,0,0,0,0,0,0,0,0,0,0,0,0,0,0,0,0,0,0,0,0,0,0,0,0,0,0,0,0,0,0,0,0,0,0,0,0,0,0,0,0,0,0,0,0,0,0,0,0,0,0,0,0,0,0,0,0,0,0,0,0,0,0,0,0,0,0,0,0,0,0,0,0,0,0,0,0,0,0,0,0,0,0,0,0,0,0,0,0,0,0,0,0,0,0,0,0,0,0,0,0,0,0,0,0,0,0,0,0,0,0,0,0,0,0,0,0,0,0,0,0,0,0,0,0,0,0,0,0,0,0,0,0,0,0,0,0,0,0,0,0,0,0,0,0,0,0,0,0,0,0,0,0,0,0,0,0,0,0,0,0,0,0,0,0,0,0,0,0,0,0,0,0,0,0,0,0,0,0,0,0,0,0,0,0,0,0,0,0,0,0,0,0,0,0,0,0,0,0,0,0,0,0,0,0,0,0,0,0,0,0,0,0,0,0,0,0,0,0,0,0,0,0,0,0,0,0,0,0,0,0,0,0,0,0,0,0,0,0,0,0,0,0,0,0,0,0,0,0,0,0,0,0,0,0,0,0,0,0,0,0,0,0,0,0,0,0,0,0,0,0,0,0,0,0,0,0,0,0,0,0,0,0,0,0,0,0,0,0,0,0,0,0,0,0,0,0,0,0,0,0,0,0,0,0,0,0,0,0,0,0,0,0,0,0,0,0,0,0,0,0,0,0,0,0,0,0,0,0,0,0,0,0,0,0,0,0,0,0,0,0,0,0,0,0,0,0,0,0,0,0,0,0,0,0,0,0,0,0,0,0,0,0,0,0,0,0,0,0,0,0,0,0,0,0,0,0,0,0,0,0,0,0,0,0,0,0,0,0,0,0,0,0,0,0,0,0,0,0,0,0,0,0,0,0,0,0,0,0,0,0,0,0,0,0,0,0,0,0,0,0,0,0,0,0,0,0,0,0,0,0,0,0,0,0,0,0,0,0,0,0,0,0,0,0,0,0,0,0,0,0,0,0,0,0,0,0,0,0,0,0,0,0,0,0,0,0,0,0,0,0,0,0,0,0,0,0,0,0,0,0,0,0,0,0,0,0,0,0,0,0,0,0,0,0,0,0,0,0,0,0,0,0,0,0,0,0,0,0,0,0,0,0,0,0,0,0,0,0,0,0,0,0,0,0,0,0,0,0,0,0,0,0,0,
43129,0,0,0,0,0,0,0,0,0,0,0,0,0,0,0,0,0,0,0,0,0,0,0,0,0,0,0,0,0,0,0,0,0,0,0,0,0,0,0,0,0,0,0,0,0,0,0,0,0,0,0,0,0,0,0,0,0,0,0,0,0,0,0,0,0,0,0,0,0,0,0,0,0,0,0,0,0,0,0,0,0,0,0,0,0,0,0,0,0,0,0,0,0,0,0,0,0,0,0,0,0,0,0,0,0,0,0,0,0,0,0,0,0,0,0,0,0,0,0,0,0,0,0,0,0,0,0,0,0,0,0,0,0,0,0,0,0,0,0,0,0,0,0,0,0,0,0,0,0,0,0,0,0,0,0,0,0,0,0,0,0,0,0,0,0,0,0,0,0,0,0,0,0,0,0,0,0,0,0,0,0,0,0,0,0,0,0,0,0,0,0,0,0,0,0,0,0,0,0,0,0,0,0,0,0,0,0,0,0,0,0,0,0,0,0,0,0,0,0,0,0,0,0,0,0,0,0,0,0,0,0,0,0,0,0,0,0,0,0,0,0,0,0,0,0,0,0,0,0,0,0,0,0,0,0,0,0,0,0,0,0,0,0,0,0,0,0,0,0,0,0,0,0,0,0,0,0,0,0,0,0,0,0,0,0,0,0,0,0,0,0,0,0,0,0,0,0,0,0,0,0,0,0,0,0,0,0,0,0,0,0,0,0,0,0,0,0,0,0,0,0,0,0,0,0,0,0,0,0,0,0,0,0,0,0,0,0,0,0,0,0,0,0,0,0,0,0,0,0,0,0,0,0,0,0,0,0,0,0,0,0,0,0,0,0,0,0,0,0,0,0,0,0,0,0,0,0,0,0,0,0,0,0,0,0,0,0,0,0,0,0,0,0,0,0,0,0,0,0,0,0,0,0,0,0,0,0,0,0,0,0,0,0,0,0,0,0,0,0,0,0,0,0,0,0,0,0,0,0,0,0,0,0,0,0,0,0,0,0,0,0,0,0,0,0,0,0,0,0,0,0,0,0,0,0,0,0,0,0,0,0,0,0,0,0,0,0,0,0,0,0,0,0,0,0,0,0,0,0,0,0,0,0,0,0,0,0,0,0,0,0,0,0,0,0,0,0,0,0,0,0,0,0,0,0,0,0,0,0,0,0,0,0,0,0,0,0,0,0,0,0,0,0,0,0,0,0,0,0,0,0,0,0,0,0,0,0,0,0,0,0,0,0,0,0,
44002,0,0,0,0,0,0,0,0,0,0,0,0,0,0,0,0,0,0,0,0,0,0,0,0,0,0,0,0,0,0,0,0,0,0,0,0,0,0,0,0,0,0,0,0,0,0,0,0,0,0,0,0,0,0,0,0,0,0,0,0,0,0,0,0,0,0,0,0,0,0,0,0,0,0,0,0,0,0,0,0,0,0,0,0,0,0,0,0,0,0,0,0,0,0,0,0,0,0,0,0,0,0,0,0,0,0,0,0,0,0,0,0,0,0,0,0,0,0,0,0,0,0,0,0,0,0,0,0,0,0,0,0,0,0,0,0,0,0,0,0,0,0,0,0,0,0,0,0,0,0,0,0,0,0,0,0,0,0,0,0,0,0,0,0,0,0,0,0,0,0,0,0,0,0,0,0,0,0,0,0,0,0,0,0,0,0,0,0,0,0,0,0,0,0,0,0,0,0,0,0,0,0,0,0,0,0,0,0,0,0,0,0,0,0,0,0,0,0,0,0,0,0,0,0,0,0,0,0,0,0,0,0,0,0,0,0,0,0,0,0,0,0,0,0,0,0,0,0,0,0,0,0,0,0,0,0,0,0,0,0,0,0,0,0,0,0,0,0,0,0,0,0,0,0,0,0,0,0,0,0,0,0,0,0,0,0,0,0,0,0,0,0,0,0,0,0,0,0,0,0,0,0,0,0,0,0,0,0,0,0,0,0,0,0,0,0,0,0,0,0,0,0,0,0,0,0,0,0,0,0,0,0,0,0,0,0,0,0,0,0,0,0,0,0,0,0,0,0,0,0,0,0,0,0,0,0,0,0,0,0,0,0,0,0,0,0,0,0,0,0,0,0,0,0,0,0,0,0,0,0,0,0,0,0,0,0,0,0,0,0,0,0,0,0,0,0,0,0,0,0,0,0,0,0,0,0,0,0,0,0,0,0,0,0,0,0,0,0,0,0,0,0,0,0,0,0,0,0,0,0,0,0,0,0,0,0,0,0,0,0,0,0,0,0,0,0,0,0,0,0,0,0,0,0,0,0,0,0,0,0,0,0,0,0,0,0,0,0,0,0,0,0,0,0,0,0,0,0,0,0,0,0,0,0,0,0,0,0,0,0,0,0,0,0,0,0,0,0,0,0,0,0,0,0,0,0,0,0,0,0,0,0,0,0,0,0,0,0,0,0,0,0,0,0,0,0,0,0,0,0,0,0,0,0,0,0,0,0,0,0,0,0,0,0,0,
44003,0,0,0,0,0,0,0,0,0,0,0,0,0,0,0,0,0,0,0,0,0,0,0,0,0,0,0,0,0,0,0,0,0,0,0,0,0,0,0,0,0,0,0,0,0,0,0,0,0,0,0,0,0,0,0,0,0,0,0,0,0,0,0,0,0,0,0,0,0,0,0,0,0,0,0,0,0,0,0,0,0,0,0,0,0,0,0,0,0,0,0,0,0,0,0,0,0,0,0,0,0,0,0,0,0,0,0,0,0,0,0,0,0,0,0,0,0,0,0,0,0,0,0,0,0,0,0,0,0,0,0,0,0,0,0,0,0,0,0,0,0,0,0,0,0,0,0,0,0,0,0,0,0,0,0,0,0,0,0,0,0,0,0,0,0,0,0,0,0,0,0,0,0,0,0,0,0,0,0,0,0,0,0,0,0,0,0,0,0,0,0,0,0,0,0,0,0,0,0,0,0,0,0,0,0,0,0,0,0,0,0,0,0,0,0,0,0,0,0,0,0,0,0,0,0,0,0,0,0,0,0,0,0,0,0,0,0,0,0,0,0,0,0,0,0,0,0,0,0,0,0,0,0,0,0,0,0,0,0,0,0,0,0,0,0,0,0,0,0,0,0,0,0,0,0,0,0,0,0,0,0,0,0,0,0,0,0,0,0,0,0,0,0,0,0,0,0,0,0,0,0,0,0,0,0,0,0,0,0,0,0,0,0,0,0,0,0,0,0,0,0,0,0,0,0,0,0,0,0,0,0,0,0,0,0,0,0,0,0,0,0,0,0,0,0,0,0,0,0,0,0,0,0,0,0,0,0,0,0,0,0,0,0,0,0,0,0,0,0,0,0,0,0,0,0,0,0,0,0,0,0,0,0,0,0,0,0,0,0,0,0,0,0,0,0,0,0,0,0,0,0,0,0,0,0,0,0,0,0,0,0,0,0,0,0,0,0,0,0,0,0,0,0,0,0,0,0,0,0,0,0,0,0,0,0,0,0,0,0,0,0,0,0,0,0,0,0,0,0,0,0,0,0,0,0,0,0,0,0,0,0,0,0,0,0,0,0,0,0,0,0,0,0,0,0,0,0,0,0,0,0,0,0,0,0,0,0,0,0,0,0,0,0,0,0,0,0,0,0,0,0,0,0,0,0,0,0,0,0,0,0,0,0,0,0,0,0,0,0,0,0,0,0,0,0,0,0,0,0,0,0,0,0,0,0,0,0,0,0,0,0,0,0,0,0,
