Register,15:12:24,15:14:04,15:15:44,15:17:24,15:19:04,15:20:44,15:22:24,15:24:04,15:25:44,15:27:24,15:29:04,15:30:44,15:32:24,15:34:04,15:35:44,15:37:24,15:39:04,15:40:44,15:42:24,15:44:04,15:45:44,15:47:24,15:49:04,15:50:44,15:52:24,15:54:04,15:55:44,15:57:24,15:59:04,16:00:44,16:02:24,16:04:04,16:05:44,16:07:24,16:09:04,16:10:44,16:12:24,16:14:04,16:15:44,16:17:24,16:19:04,16:20:44,16:22:24,16:24:04,16:25:44,16:27:25,16:29:05,16:30:45,16:32:25,16:34:05,16:35:45,16:37:25,16:39:05,16:40:45,16:42:25,16:44:05,16:45:45,16:47:25,16:49:05,16:50:45,16:52:25,16:54:05,16:55:45,16:57:25,16:59:05,17:00:45,17:02:25,17:04:05,17:05:45,17:07:25,17:09:05,17:10:45,17:12:25,17:14:05,17:15:45,17:17:25,17:19:05,17:20:45,17:22:25,17:24:05,17:25:45,17:27:25,17:29:05,17:30:45,17:32:25,17:34:05,17:35:45,17:37:25,17:39:05,17:40:45,17:42:25,17:44:05,17:45:45,17:47:25,17:49:05,17:50:45,17:52:25,17:54:05,17:55:45,17:57:25,17:59:05,18:00:45,18:02:25,18:04:05,18:05:45,18:07:25,18:09:05,18:10:45,18:12:25,18:14:05,18:15:45,18:17:25,18:19:05,18:20:45,18:22:25,18:24:05,18:25:45,18:27:25,18:29:05,18:30:45,18:32:25,18:34:05,18:35:45
30000,545,546,547,548,546,546,548,548,549,549,543,545,545,545,546,545,545,547,547,528,548,547,549,548,539,547,547,547,547,543,548,550,550,549,545,551,550,550,551,545,549,547,547,546,547,548,550,548,549,549,551,551,551,548,548,549,549,547,549,550,552,548,546,545,547,545,548,547,546,546,547,547,544,543,541,542,542,543,542,542,541,539,541,542,543,542,544,545,543,541,543,542,541,544,544,543,543,542,542,542,543,543,537,541,541,543,543,541,542,542,544,542,543,541,542,540,539,538,540,539,539,538,540
30001,2030,2028,2031,2030,2031,2029,2030,2031,2031,2030,2030,2030,2030,2029,2030,2031,2031,2031,2030,65462,2031,2032,2032,2032,2034,2032,2033,2031,2031,2033,2032,2033,2033,2033,2031,2034,2032,2030,2033,2031,2035,2032,2033,2034,2033,2033,2033,2032,2034,2033,2035,2034,2032,2032,2032,2032,2033,2033,2034,2034,2035,1382,1382,1384,1383,1382,1383,1383,1383,1385,1384,1386,1384,1385,914,913,915,914,913,915,912,915,914,914,915,914,915,914,914,916,915,915,916,915,915,915,915,916,915,914,913,915,914,915,916,916,916,916,917,915,917,917,915,916,915,440,441,440,441,440,440,440,440
30002,499,501,503,505,505,507,508,510,511,513,513,497,479,467,458,449,443,437,432,428,424,421,418,415,413,410,408,406,405,403,401,399,398,398,395,395,394,393,393,391,391,390,390,389,388,388,388,388,388,387,386,386,386,386,385,385,385,385,385,384,384,383,379,375,372,368,366,363,361,360,358,356,355,353,351,348,345,342,339,337,336,333,332,330,329,328,326,326,324,324,323,322,321,320,320,319,319,318,318,318,317,317,316,316,315,315,315,315,314,314,314,314,314,313,313,313,310,309,307,305,304,303,302
30003,527,530,531,533,535,535,537,538,540,541,542,524,501,487,477,468,461,454,448,444,438,435,431,428,425,422,420,418,416,414,411,410,409,407,405,404,403,402,402,401,400,400,399,399,398,398,398,398,397,396,395,395,395,395,394,394,394,394,394,393,393,391,385,381,377,374,371,368,365,363,362,360,356,357,355,351,348,345,342,340,338,336,334,333,331,330,329,328,327,326,325,324,323,323,322,322,321,321,320,320,320,319,318,318,318,317,317,317,317,317,316,316,316,316,316,315,314,312,310,309,308,307,306
30004,2410,2432,2412,2437,2437,2429,2439,2400,2404,2407,2409,2380,2373,2388,2381,2400,2403,2411,2405,2426,2380,2379,2405,2405,2398,2385,2393,2411,2391,2394,2390,2401,2388,2399,2383,2384,2394,2403,2392,2395,2388,2400,2408,2406,2400,2387,2390,2393,2392,2396,2388,2380,2390,2393,2381,2400,2397,2403,2397,2387,2403,2410,2411,2409,2410,2395,2397,2402,2407,2404,2403,2399,2402,2398,2395,2386,2388,2396,2399,2399,2404,2405,2394,2392,2389,2393,2401,2398,2396,2398,2395,2398,2391,2394,2394,2393,2387,2389,2408,2412,2402,2385,2385,2371,2370,2387,2383,2392,2401,2390,2378,2378,2391,2379,2384,2378,2364,2375,2368,2384,2388,2389,2390
30005,9,8,7,8,4,10,7,8,8,7,8,16,9,7,6,5,7,8,11,9,8,10,8,10,7,9,8,9,9,7,8,6,7,12,8,9,9,6,9,11,8,7,6,7,6,5,7,7,5,8,8,7,8,7,9,8,6,9,8,8,9,8,8,9,8,10,9,8,8,8,7,11,8,11,7,8,9,7,8,8,10,6,7,7,7,7,5,8,10,8,7,9,10,9,7,8,7,8,7,8,8,9,6,7,8,10,9,8,9,6,7,8,8,6,8,6,6,9,8,8,9,7,8
30006,63364,63364,63364,63364,63364,63364,63364,63363,63363,63363,63363,63363,63363,63364,63363,63364,63364,63364,63364,0,63363,63364,63364,63364,63364,63364,63364,63364,63364,63364,63364,63364,63364,63364,63364,63364,63364,63364,63364,63364,63364,63364,63364,63364,63364,63364,63364,63364,63364,63364,63364,63364,63364,63364,63364,63364,63364,63364,63364,63364,63364,64054,64053,64053,64053,64053,64053,64053,64054,64053,64054,64054,64053,64053,64546,64546,64546,64546,64546,64546,64546,64546,64546,64546,64546,64546,64546,64546,64546,64546,64546,64546,64546,64546,64546,64546,64546,64546,64546,64546,64546,64546,64548,64546,64545,64546,64546,64546,64546,64546,64546,64546,64546,64546,64546,65038,65038,65038,65038,65038,65039,65039,65039
30007,0,0,0,0,0,0,0,0,0,0,0,0,0,0,0,0,0,0,0,0,0,0,0,0,0,0,0,0,0,0,0,0,0,0,0,0,0,0,0,0,0,0,0,0,0,0,0,0,0,0,0,0,0,0,0,0,0,0,0,0,0,0,0,0,0,0,0,0,0,0,0,0,0,0,0,0,0,0,0,0,0,0,0,0,0,0,0,0,0,0,0,0,0,0,0,0,0,0,0,0,0,0,0,0,0,0,0,0,0,0,0,0,0,0,0,0,0,0,0,0,0,0,0
30010,0,0,0,0,0,0,0,0,0,0,0,0,0,0,0,0,0,0,0,0,0,0,0,0,0,0,0,0,0,0,0,0,0,0,0,0,0,0,0,0,0,0,0,0,0,0,0,0,0,0,0,0,0,0,0,0,0,0,0,0,0,0,0,0,0,0,0,0,0,0,0,0,0,0,0,0,0,0,0,0,0,0,0,0,0,0,0,0,0,0,0,0,0,0,0,0,0,0,0,0,0,0,0,0,0,0,0,0,0,0,0,0,0,0,0,0,0,0,0,0,0,0,0
30020,101,101,101,101,101,101,101,101,101,101,101,101,101,100,100,100,100,100,100,100,100,100,100,100,100,100,100,100,100,100,100,100,100,100,100,100,100,100,100,100,100,100,100,100,100,100,100,100,100,100,100,100,100,100,100,100,100,100,100,100,100,100,100,100,100,100,100,100,100,100,100,100,100,100,100,100,100,100,100,100,100,100,100,100,100,100,100,100,100,100,100,100,100,100,100,100,100,100,100,100,100,100,100,100,100,100,100,100,100,100,100,100,100,100,100,100,100,100,100,100,100,100,100
30021,100,100,100,100,100,100,100,100,100,100,100,100,100,100,100,100,100,100,100,100,100,100,100,100,100,100,100,100,100,100,100,100,100,100,100,100,100,100,100,100,100,100,100,100,100,100,100,100,100,100,100,100,100,100,100,100,100,100,100,100,100,100,100,100,100,100,100,100,100,100,100,100,100,100,100,100,100,100,100,100,99,99,99,99,99,99,99,99,99,99,99,99,99,99,99,99,99,99,99,99,99,99,99,99,99,99,99,99,99,99,99,99,99,99,99,99,99,99,99,99,99,99,99
30022,100,100,100,100,100,100,100,100,100,100,100,100,100,100,100,100,100,100,100,100,100,100,100,100,100,100,100,100,100,100,100,100,100,100,100,100,100,100,100,100,100,100,100,100,100,100,100,100,100,100,100,100,100,100,100,100,100,100,100,100,100,100,100,100,100,100,99,99,99,99,99,99,99,99,99,99,99,99,99,99,99,99,99,99,99,99,99,99,99,99,99,99,99,99,99,99,99,99,99,99,99,99,99,99,99,99,99,99,99,99,99,99,99,99,99,99,99,99,99,99,99,99,99
30023,100,100,100,100,100,100,100,100,100,100,100,100,100,100,99,99,99,99,99,99,99,99,99,99,99,99,99,99,99,99,99,99,99,99,99,99,99,99,99,99,99,99,99,99,99,99,99,99,99,99,99,99,99,99,99,99,99,99,99,99,99,99,99,99,99,99,99,99,99,99,99,99,99,99,99,99,99,99,99,99,99,99,99,99,99,99,99,99,99,99,99,99,99,99,99,99,99,99,99,99,99,99,99,99,99,99,99,99,99,99,99,99,99,99,99,99,99,99,99,99,99,99,99
30024,0,0,0,0,0,0,0,0,0,0,0,0,0,0,0,0,0,0,0,0,0,0,0,0,0,0,0,0,0,0,0,0,0,0,0,0,0,0,0,0,0,0,0,0,0,0,0,0,0,0,0,0,0,0,0,0,0,0,0,0,0,0,0,0,0,0,0,0,0,0,0,0,0,0,0,0,0,0,0,0,0,0,0,0,0,0,0,0,0,0,0,0,0,0,0,0,0,0,0,0,0,0,0,0,0,0,0,0,0,0,0,0,0,0,0,0,0,0,0,0,0,0,0
30025,0,0,0,0,0,0,0,0,0,0,0,0,0,0,0,0,0,0,0,0,0,0,0,0,0,0,0,0,0,0,0,0,0,0,0,0,0,0,0,0,0,0,0,0,0,0,0,0,0,0,0,0,0,0,0,0,0,0,0,0,0,0,0,0,0,0,0,0,0,0,0,0,0,0,0,0,0,0,0,0,0,0,0,0,0,0,0,0,0,0,0,0,0,0,0,0,0,0,0,0,0,0,0,0,0,0,0,0,0,0,0,0,0,0,0,0,0,0,0,0,0,0,0
30026,0,0,0,0,0,0,0,0,0,0,0,0,0,0,0,0,0,0,0,0,0,0,0,0,0,0,0,0,0,0,0,0,0,0,0,0,0,0,0,0,0,0,0,0,0,0,0,0,0,0,0,0,0,0,0,0,0,0,0,0,0,0,0,0,0,0,0,0,0,0,0,0,0,0,0,0,0,0,0,0,0,0,0,0,0,0,0,0,0,0,0,0,0,0,0,0,0,0,0,0,0,0,0,0,0,0,0,0,0,0,0,0,0,0,0,0,0,0,0,0,0,0,0
30027,0,0,0,0,0,0,0,0,0,0,0,0,0,0,0,0,0,0,0,0,0,0,0,0,0,0,0,0,0,0,0,0,0,0,0,0,0,0,0,0,0,0,0,0,0,0,0,0,0,0,0,0,0,0,0,0,0,0,0,0,0,0,0,0,0,0,0,0,0,0,0,0,0,0,0,0,0,0,0,0,0,0,0,0,0,0,0,0,0,0,0,0,0,0,0,0,0,0,0,0,0,0,0,0,0,0,0,0,0,0,0,0,0,0,0,0,0,0,0,0,0,0,0
30028,548,550,550,550,551,550,551,551,551,552,546,547,548,549,549,548,549,550,550,540,550,551,551,551,542,549,549,550,550,547,552,553,552,552,549,553,554,554,554,547,550,550,550,550,549,551,552,551,551,552,553,553,553,553,551,551,551,551,551,554,554,549,549,549,549,550,550,550,550,550,550,550,547,548,545,545,545,545,545,545,545,542,545,545,546,546,546,546,546,546,546,546,545,546,546,546,546,546,546,546,546,546,540,545,546,546,546,546,546,546,546,546,546,545,547,543,543,543,543,542,543,543,543
30029,12,12,12,12,12,12,12,12,12,12,12,12,12,12,12,12,12,12,12,11,12,12,12,12,12,12,12,11,12,12,12,11,11,11,11,11,11,11,11,12,12,12,11,11,11,11,12,11,11,11,11,11,11,11,11,11,11,12,11,11,11,7,7,7,7,7,7,7,7,7,7,7,7,7,4,4,4,4,4,4,4,4,4,4,4,4,4,4,4,4,4,4,4,4,4,4,4,4,4,4,4,4,4,4,4,4,4,4,4,4,4,4,4,4,4,1,1,1,1,0,1,1,1
30030,0,0,0,0,0,0,0,0,0,0,0,0,0,0,0,0,0,0,0,0,0,0,0,0,0,0,0,0,0,0,0,0,0,0,0,0,0,0,0,0,0,0,0,0,0,0,0,0,0,0,0,0,0,0,0,0,0,0,0,0,0,0,0,0,0,0,0,0,0,0,0,0,0,0,0,0,0,0,0,0,0,0,0,0,0,0,0,0,0,0,0,0,0,0,0,0,0,0,0,0,0,0,0,0,0,0,0,0,0,0,0,0,0,0,0,0,0,0,0,0,0,0,0
30031,0,0,0,0,0,0,0,0,0,0,0,0,0,0,0,0,0,0,0,0,0,0,0,0,0,0,0,0,0,0,0,0,0,0,0,0,0,0,0,0,0,0,0,0,0,0,0,0,0,0,0,0,0,0,0,0,0,0,0,0,0,0,0,0,0,0,0,0,0,0,0,0,0,0,0,0,0,0,0,0,0,0,0,0,0,0,0,0,0,0,0,0,0,0,0,0,0,0,0,0,0,0,0,0,0,0,0,0,0,0,0,0,0,0,0,0,0,0,0,0,0,0,0
30032,0,0,0,0,0,0,0,0,0,0,0,0,0,0,0,0,0,0,0,0,0,0,0,0,0,0,0,0,0,0,0,0,0,0,0,0,0,0,0,0,0,0,0,0,0,0,0,0,0,0,0,0,0,0,0,0,0,0,0,0,0,0,0,0,0,0,0,0,0,0,0,0,0,0,0,0,0,0,0,0,0,0,0,0,0,0,0,0,0,0,0,0,0,0,0,0,0,0,0,0,0,0,0,0,0,0,0,0,0,0,0,0,0,0,0,0,0,0,0,0,0,0,0
30033,0,0,0,0,0,0,0,0,0,0,0,0,0,0,0,0,0,0,0,0,0,0,0,0,0,0,0,0,0,0,0,0,0,0,0,0,0,0,0,0,0,0,0,0,0,0,0,0,0,0,0,0,0,0,0,0,0,0,0,0,0,0,0,0,0,0,0,0,0,0,0,0,0,0,0,0,0,0,0,0,0,0,0,0,0,0,0,0,0,0,0,0,0,0,0,0,0,0,0,0,0,0,0,0,0,0,0,0,0,0,0,0,0,0,0,0,0,0,0,0,0,0,0
30034,0,0,0,0,0,0,0,0,0,0,0,0,0,0,0,0,0,0,0,0,0,0,0,0,0,0,0,0,0,0,0,0,0,0,0,0,0,0,0,0,0,0,0,0,0,0,0,0,0,0,0,0,0,0,0,0,0,0,0,0,0,0,0,0,0,0,0,0,0,0,0,0,0,0,0,0,0,0,0,0,0,0,0,0,0,0,0,0,0,0,0,0,0,0,0,0,0,0,0,0,0,0,0,0,0,0,0,0,0,0,0,0,0,0,0,0,0,0,0,0,0,0,0
30035,0,0,0,0,0,0,0,0,0,0,0,0,0,0,0,0,0,0,0,0,0,0,0,0,0,0,0,0,0,0,0,0,0,0,0,0,0,0,0,0,0,0,0,0,0,0,0,0,0,0,0,0,0,0,0,0,0,0,0,0,0,0,0,0,0,0,0,0,0,0,0,0,0,0,0,0,0,0,0,0,0,0,0,0,0,0,0,0,0,0,0,0,0,0,0,0,0,0,0,0,0,0,0,0,0,0,0,0,0,0,0,0,0,0,0,0,0,0,0,0,0,0,0
30036,219,219,219,219,219,219,219,219,219,219,219,219,219,219,219,219,219,219,219,219,219,219,219,219,219,219,219,219,219,219,219,219,219,219,219,219,219,219,219,219,219,219,219,219,219,219,219,219,219,219,219,219,219,219,219,219,219,219,219,219,219,219,219,219,219,219,219,219,219,219,219,219,219,219,219,219,219,219,219,219,219,219,219,219,219,219,219,219,219,219,219,219,219,219,219,219,219,219,219,219,219,219,219,219,219,219,219,219,219,219,219,219,219,219,219,219,219,219,219,219,219,219,219
30037,0,0,0,0,0,0,0,0,0,0,0,0,0,0,0,0,0,0,0,0,0,0,0,0,0,0,0,0,0,0,0,0,0,0,0,0,0,0,0,0,0,0,0,0,0,0,0,0,0,0,0,0,0,0,0,0,0,0,0,0,0,0,0,0,0,0,0,0,0,0,0,0,0,0,0,0,0,0,0,0,0,0,0,0,0,0,0,0,0,0,0,0,0,0,0,0,0,0,0,0,0,0,0,0,0,0,0,0,0,0,0,0,0,0,0,0,0,0,0,0,0,0,0
30038,0,0,0,0,0,0,0,0,0,0,0,0,0,0,0,0,0,0,0,0,0,0,0,0,0,0,0,0,0,0,0,0,0,0,0,0,0,0,0,0,0,0,0,0,0,0,0,0,0,0,0,0,0,0,0,0,0,0,0,0,0,0,0,0,0,0,0,0,0,0,0,0,0,0,0,0,0,0,0,0,0,0,0,0,0,0,0,0,0,0,0,0,0,0,0,0,0,0,0,0,0,0,0,0,0,0,0,0,0,0,0,0,0,0,0,0,0,0,0,0,0,0,0
30039,0,0,0,0,0,0,0,0,0,0,0,0,0,0,0,0,0,0,0,0,0,0,0,0,0,0,0,0,0,0,0,0,0,0,0,0,0,0,0,0,0,0,0,0,0,0,0,0,0,0,0,0,0,0,0,0,0,0,0,0,0,0,0,0,0,0,0,0,0,0,0,0,0,0,0,0,0,0,0,0,0,0,0,0,0,0,0,0,0,0,0,0,0,0,0,0,0,0,0,0,0,0,0,0,0,0,0,0,0,0,0,0,0,0,0,0,0,0,0,0,0,0,0
30040,0,0,0,0,0,0,0,0,0,0,0,0,0,0,0,0,0,0,0,0,0,0,0,0,0,0,0,0,0,0,0,0,0,0,0,0,0,0,0,0,0,0,0,0,0,0,0,0,0,0,0,0,0,0,0,0,0,0,0,0,0,0,0,0,0,0,0,0,0,0,0,0,0,0,0,0,0,0,0,0,0,0,0,0,0,0,0,0,0,0,0,0,0,0,0,0,0,0,0,0,0,0,0,0,0,0,0,0,0,0,0,0,0,0,0,0,0,0,0,0,0,0,0
30100,5291,5291,5291,5290,5290,5290,5290,5290,5290,5289,5429,5432,5443,5452,5452,5348,5339,5332,5325,5320,5316,5314,5312,5310,5308,5308,5307,5306,5305,5304,5303,5302,5302,5302,5301,5301,5300,5300,5299,5428,5458,5466,5461,5465,5364,5356,5353,5352,5351,5349,5348,5348,5347,5346,5346,5345,5346,5345,5345,5344,5344,5344,5344,5344,5343,5343,5343,5343,5342,5343,5342,5342,5435,5442,5419,5421,5424,5422,5423,5424,5422,5375,5360,5355,5352,5351,5350,5348,5347,5347,5346,5346,5345,5345,5345,5344,5344,5344,5344,5343,5343,5343,5342,5342,5342,5342,5342,5342,5342,5341,5342,5341,5341,5341,5341,5341,5341,5340,5341,5340,5341,5340,5341
30101,0,0,0,0,0,0,0,0,0,0,377,377,377,377,377,0,0,0,0,0,0,0,0,0,0,0,0,0,0,0,0,0,0,0,0,0,0,0,0,376,375,375,376,376,0,0,0,0,0,0,0,0,0,0,0,0,0,0,0,0,0,0,0,0,0,0,0,0,0,0,0,0,257,257,171,171,171,171,171,171,171,0,0,0,0,0,0,0,0,0,0,0,0,0,0,0,0,0,0,0,0,0,0,0,0,0,0,0,0,0,0,0,0,0,0,0,0,0,0,0,0,0,0
30102,3308,3308,3308,3307,3308,3308,3308,3307,3307,3307,3396,3399,3407,3412,3410,3345,3339,3336,3333,3329,3326,3325,3323,3322,3320,3320,3320,3319,3318,3318,3317,3317,3316,3316,3315,3315,3315,3315,3314,3397,3413,3420,3415,3419,3354,3349,3347,3346,3345,3345,3344,3344,3344,3343,3343,3342,3343,3342,3341,3341,3341,3341,3341,3342,3341,3341,3341,3341,3341,3341,3340,3340,3398,3404,3389,3391,3392,3391,3391,3392,3391,3361,3352,3348,3347,3345,3345,3344,3344,3343,3343,3342,3342,3342,3343,3341,3341,3341,3341,3340,3341,3341,3340,3340,3340,3340,3340,3340,3339,3339,3340,3340,3339,3340,3339,3340,3339,3339,3340,3339,3339,3339,3339
30103,3306,3306,3306,3306,3305,3305,3305,3305,3305,3305,3390,3392,3400,3404,3406,3340,3333,3328,3324,3321,3319,3319,3317,3316,3315,3314,3314,3314,3314,3313,3312,3312,3312,3311,3310,3311,3311,3311,3310,3388,3408,3414,3411,3413,3352,3346,3345,3344,3344,3342,3341,3342,3341,3341,3341,3340,3340,3340,3340,3340,3339,3340,3339,3339,3339,3339,3339,3338,3338,3338,3338,3338,3395,3400,3386,3386,3389,3388,3389,3389,3388,3359,3349,3346,3345,3343,3343,3342,3341,3341,3341,3341,3340,3340,3339,3339,3339,3339,3339,3339,3338,3338,3338,3338,3338,3338,3338,3338,3338,3338,3338,3338,3338,3337,3337,3338,3338,3337,3337,3337,3337,3337,3337
30104,3000,3000,3000,3010,3010,3010,3010,3020,3010,3020,3030,3080,3130,3180,3230,3220,3240,3240,3250,3250,3260,3250,3260,3250,3260,3260,3260,3260,3260,3260,3260,3260,3250,3250,3250,3250,3250,3250,3250,3270,3310,3350,3370,3400,3390,3380,3380,3380,3380,3380,3380,3380,3380,3370,3370,3370,3370,3370,3370,3360,3360,3360,3350,3350,3350,3350,3340,3340,3340,3330,3330,3330,3340,3360,3360,3370,3370,3370,3370,3380,3390,3390,3380,3380,3370,3370,3370,3360,3360,3360,3350,3350,3340,3340,3340,3330,3330,3330,3320,3320,3310,3310,3300,3300,3300,3290,3290,3280,3280,3280,3280,3270,3270,3260,3260,3260,3250,3250,3240,3240,3230,3230,3230
30105,2930,2930,2930,2930,2930,2940,2940,2950,2940,2950,2970,3020,3080,3130,3170,3200,3210,3210,3210,3220,3220,3220,3220,3220,3220,3220,3220,3210,3210,3210,3200,3200,3200,3200,3200,3190,3190,3190,3190,3190,3210,3220,3240,3250,3260,3260,3260,3260,3260,3260,3260,3260,3260,3260,3260,3250,3250,3250,3250,3250,3240,3240,3240,3240,3240,3230,3230,3230,3220,3220,3220,3220,3220,3220,3230,3230,3230,3230,3230,3230,3240,3240,3230,3230,3230,3220,3220,3220,3210,3210,3200,3200,3190,3190,3190,3180,3180,3180,3170,3170,3160,3160,3160,3150,3150,3140,3140,3130,3130,3120,3120,3120,3110,3110,3110,3110,3100,3100,3090,3090,3090,3090,3080
30106,0,0,0,0,0,0,0,0,0,0,0,0,0,0,0,0,0,0,0,0,0,0,0,0,0,0,0,0,0,0,0,0,0,0,0,0,0,0,0,0,0,0,0,0,0,0,0,0,0,0,0,0,0,0,0,0,0,0,0,0,0,0,0,0,0,0,0,0,0,0,0,0,0,0,0,0,0,0,0,0,0,0,0,0,0,0,0,0,0,0,0,0,0,0,0,0,0,0,0,0,0,0,0,0,0,0,0,0,0,0,0,0,0,0,0,0,0,0,0,0,0,0,0
30107,397,397,399,399,399,400,399,400,400,401,403,405,408,412,415,418,415,417,417,414,415,415,414,413,414,412,413,413,411,410,410,410,409,408,408,407,408,409,409,407,409,411,414,417,418,418,418,416,417,413,413,413,410,412,411,410,409,409,409,410,407,408,407,405,405,403,399,400,397,396,395,392,395,393,394,393,393,395,393,391,391,389,388,388,384,383,384,382,380,381,379,377,379,377,378,375,376,375,373,375,373,373,372,372,371,371,372,370,370,370,369,369,367,370,367,368,368,368,368,366,365,364,364
30108,359,359,360,361,361,362,362,363,363,363,396,417,435,450,463,436,425,418,412,406,401,397,394,391,388,386,384,383,382,381,380,379,378,377,376,375,375,374,373,394,418,436,452,465,447,433,423,415,409,403,399,395,392,388,386,384,383,381,380,378,377,376,374,371,369,366,364,362,360,358,356,355,368,376,377,376,376,375,374,374,373,368,361,356,352,348,345,342,340,338,335,334,332,331,329,328,327,327,326,325,324,323,322,321,321,320,320,319,318,319,318,317,316,317,316,316,315,314,313,313,311,311,310
30109,0,0,0,0,0,0,0,0,0,0,0,0,0,0,0,0,0,0,0,0,0,0,0,0,0,0,0,0,0,0,0,0,0,0,0,0,0,0,0,0,0,0,0,0,0,0,0,0,0,0,0,0,0,0,0,0,0,0,0,0,0,0,0,0,0,0,0,0,0,0,0,0,0,0,0,0,0,0,0,0,0,0,0,0,0,0,0,0,0,0,0,0,0,0,0,0,0,0,0,0,0,0,0,0,0,0,0,0,0,0,0,0,0,0,0,0,0,0,0,0,0,0,0
30110,0,0,0,0,0,0,0,0,0,0,0,0,0,0,0,0,0,0,0,0,0,0,0,0,0,0,0,0,0,0,0,0,0,0,0,0,0,0,0,0,0,0,0,0,0,0,0,0,0,0,0,0,0,0,0,0,0,0,0,0,0,0,0,0,0,0,0,0,0,0,0,0,0,0,0,0,0,0,0,0,0,0,0,0,0,0,0,0,0,0,0,0,0,0,0,0,0,0,0,0,0,0,0,0,0,0,0,0,0,0,0,0,0,0,0,0,0,0,0,0,0,0,0
30200,1492,1492,1492,1492,1492,1492,1492,1492,1492,1492,1492,1492,1492,1492,1492,1492,1492,1492,1492,1492,1492,1492,1492,1492,1492,1492,1492,1492,1492,1492,1492,1492,1492,1492,1492,1492,1492,1492,1492,1492,1492,1492,1492,1492,1492,1492,1492,1492,1492,1492,1492,1492,1492,1492,1492,1492,1492,1492,1492,1492,1492,1492,1492,1492,1492,1492,1492,1492,1492,1492,1492,1492,1492,1492,1492,1492,1492,1492,1492,1492,1492,1492,1492,1492,1492,1492,1492,1492,1492,1492,1492,1492,1492,1492,1492,1492,1492,1492,1492,1492,1492,1492,1492,1492,1492,1492,1492,1492,1492,1492,1492,1492,1492,1492,1492,1492,1492,1492,1492,1492,1492,1492,1492
30201,18,18,18,18,18,18,18,18,18,18,18,18,18,18,18,18,18,18,18,18,18,18,18,18,18,18,18,18,18,18,18,18,18,18,18,18,18,18,18,18,18,18,18,18,18,18,18,18,18,18,18,18,18,18,18,18,18,18,18,18,18,18,18,18,18,18,18,18,18,18,18,18,18,18,18,18,18,18,18,18,18,18,18,18,18,18,18,18,18,18,18,18,18,18,18,18,18,18,18,18,18,18,18,18,18,18,18,18,18,18,18,18,18,18,18,18,18,18,18,18,18,18,18
30202,115,115,115,115,115,115,115,115,115,115,115,115,115,115,115,115,115,115,115,115,115,115,115,115,115,115,115,115,115,115,115,115,115,115,115,115,115,115,115,115,115,115,115,115,115,115,115,115,115,115,115,115,115,115,115,115,115,115,115,115,115,115,115,115,115,115,115,115,115,115,115,115,115,115,115,115,115,115,115,115,115,115,115,115,115,115,115,115,115,115,115,115,115,115,115,115,115,115,115,115,115,115,115,115,115,115,115,115,115,115,115,115,115,115,115,115,115,115,115,115,115,115,115
30203,106,106,106,106,106,106,106,106,106,106,106,106,106,106,106,106,106,106,106,106,106,106,106,106,106,106,106,106,106,106,106,106,106,106,106,106,106,106,106,106,106,106,106,106,106,106,106,106,106,106,106,106,106,106,106,106,106,106,106,106,106,106,106,106,106,106,106,106,106,106,106,106,106,106,106,106,106,106,106,106,106,106,106,106,106,106,106,106,106,106,106,106,106,106,106,106,106,106,106,106,106,106,106,106,106,106,106,106,106,106,106,106,106,106,106,106,106,106,106,106,106,106,106
30204,116,116,116,116,116,116,116,116,116,116,116,116,116,116,116,116,116,116,116,116,116,116,116,116,116,116,116,116,116,116,116,116,116,116,116,116,116,116,116,116,116,116,116,116,116,116,116,116,116,116,116,116,116,116,116,116,116,116,116,116,116,116,116,116,116,116,116,116,116,116,116,116,116,116,116,116,116,116,116,116,116,116,116,116,116,116,116,116,116,116,116,116,116,116,116,116,116,116,116,116,116,116,116,116,116,116,116,116,116,116,116,116,116,116,116,116,116,116,116,116,116,116,116
30205,104,104,104,104,104,104,104,104,104,104,104,104,104,104,104,104,104,104,104,104,104,104,104,104,104,104,104,104,104,104,104,104,104,104,104,104,104,104,104,104,104,104,104,104,104,104,104,104,104,104,104,104,104,104,104,104,104,104,104,104,104,104,104,104,104,104,104,104,104,104,104,104,104,104,104,104,104,104,104,104,104,104,104,104,104,104,104,104,104,104,104,104,104,104,104,104,104,104,104,104,104,104,104,104,104,104,104,104,104,104,104,104,104,104,104,104,104,104,104,104,104,104,104
30210,0,0,0,0,0,0,0,0,0,0,3,3,3,3,3,0,0,0,0,0,0,0,0,0,0,0,0,0,0,0,0,0,0,0,0,0,0,0,0,3,3,3,3,3,0,0,0,0,0,0,0,0,0,0,0,0,0,0,0,0,0,0,0,0,0,0,0,0,0,0,0,0,3,3,3,3,3,3,3,3,3,0,0,0,0,0,0,0,0,0,0,0,0,0,0,0,0,0,0,0,0,0,0,0,0,0,0,0,0,0,0,0,0,0,0,0,0,0,0,0,0,0,0
30211,0,0,0,0,0,0,0,0,0,0,0,0,0,0,0,0,0,0,0,0,0,0,0,0,0,0,0,0,0,0,0,0,0,0,0,0,0,0,0,0,0,0,0,0,0,0,0,0,0,0,0,0,0,0,0,0,0,0,0,0,0,0,0,0,0,0,0,0,0,0,0,0,0,0,0,0,0,0,0,0,0,0,0,0,0,0,0,0,0,0,0,0,0,0,0,0,0,0,0,0,0,0,0,0,0,0,0,0,0,0,0,0,0,0,0,0,0,0,0,0,0,0,0
30212,5,5,5,5,5,5,5,5,5,5,5,5,5,5,5,5,5,5,5,5,5,5,5,5,5,5,5,5,5,5,5,5,5,5,5,5,5,5,5,5,5,5,5,5,5,5,5,5,5,5,5,5,5,5,5,5,5,5,5,5,5,5,5,5,5,5,5,5,5,5,5,5,5,5,5,5,5,5,5,5,5,5,5,5,5,5,5,5,5,5,5,5,5,5,5,5,5,5,5,5,5,5,5,5,5,5,5,5,5,5,5,5,5,5,5,5,5,5,5,5,5,5,5
30213,0,0,0,0,0,0,0,0,0,0,0,0,0,0,0,0,0,0,0,0,0,0,0,0,0,0,0,0,0,0,0,0,0,0,0,0,0,0,0,0,0,0,0,0,0,0,0,0,0,0,0,0,0,0,0,0,0,0,0,0,0,0,0,0,0,0,0,0,0,0,0,0,0,0,0,0,0,0,0,0,0,0,0,0,0,0,0,0,0,0,0,0,0,0,0,0,0,0,0,0,0,0,0,0,0,0,0,0,0,0,0,0,0,0,0,0,0,0,0,0,0,0,0
30214,0,0,0,0,0,0,0,0,0,0,0,0,0,0,0,0,0,0,0,0,0,0,0,0,0,0,0,0,0,0,0,0,0,0,0,0,0,0,0,0,0,0,0,0,0,0,0,0,0,0,0,0,0,0,0,0,0,0,0,0,0,0,0,0,0,0,0,0,0,0,0,0,0,0,0,0,0,0,0,0,0,0,0,0,0,0,0,0,0,0,0,0,0,0,0,0,0,0,0,0,0,0,0,0,0,0,0,0,0,0,0,0,0,0,0,0,0,0,0,0,0,0,0
30300,1,1,1,1,1,1,1,1,1,1,1,1,1,1,1,1,1,1,1,1,1,1,1,1,1,1,1,1,1,1,1,1,1,1,1,1,1,1,1,1,1,1,1,1,1,1,1,1,1,1,1,1,1,1,1,1,1,1,1,1,1,1,1,1,1,1,1,1,1,1,1,1,1,1,1,1,1,1,1,1,1,1,1,1,1,1,1,1,1,1,1,1,1,1,1,1,1,1,1,1,1,1,1,1,1,1,1,1,1,1,1,1,1,1,1,1,1,1,1,1,1,1,1
30301,3,3,3,3,3,3,3,3,3,3,3,3,3,3,3,3,3,3,3,3,3,3,3,3,3,3,3,3,3,3,3,3,3,3,3,3,3,3,3,3,3,3,3,3,3,3,3,3,3,3,3,3,3,3,3,3,3,3,3,3,3,3,3,3,3,3,3,3,3,3,3,3,3,3,3,3,3,3,3,3,3,3,3,3,3,3,3,3,3,3,3,3,3,3,3,3,3,3,3,3,3,3,3,3,3,3,3,3,3,3,3,3,3,3,3,3,3,3,3,3,3,3,3
30302,1,1,1,1,1,1,1,1,1,1,1,1,1,1,1,1,1,1,1,1,1,1,1,0,0,0,0,0,0,0,0,0,0,0,0,0,0,0,0,0,0,0,0,0,0,0,0,0,0,0,0,0,0,0,0,0,0,0,0,0,0,0,0,0,0,0,0,0,0,0,0,0,0,0,0,0,0,0,0,0,0,0,0,0,0,0,0,0,0,0,0,0,0,0,0,0,0,0,0,0,0,0,0,0,0,0,0,0,0,0,0,0,0,0,0,0,0,0,0,0,0,0,0
30303,55,55,55,55,55,55,55,55,55,55,55,54,52,52,53,53,53,53,52,52,52,52,52,52,52,52,52,52,52,52,52,52,52,52,52,52,52,52,52,52,52,52,52,52,52,52,52,52,52,52,52,52,52,52,52,52,52,52,52,52,52,52,52,52,52,52,52,52,52,52,52,52,52,52,52,52,52,52,52,52,52,52,52,52,52,52,52,52,52,52,52,52,52,52,52,52,51,52,52,52,51,52,52,52,54,54,54,54,54,54,54,54,54,54,55,54,54,54,54,54,54,54,54
30304,13880,13880,13880,13880,13880,13880,13880,13880,13880,13880,13880,13880,13880,13880,13880,13880,13880,13880,13880,13880,13880,13880,13880,13880,13880,13880,13880,13880,13880,13880,13880,13880,13880,13880,13880,13880,13880,13880,13880,13880,13880,13880,13880,13880,13880,13880,13880,13880,13880,13880,13880,13880,13880,13880,13880,13880,13880,13880,13880,13880,13880,13880,13880,13880,13880,13880,13880,13880,13880,13880,13880,13880,13880,13880,13880,13880,13880,13880,13880,13880,13880,13880,13880,13880,13880,13880,13880,13880,13880,13880,13880,13880,13880,13880,13880,13880,13880,13880,13880,13880,13880,13880,13880,13880,13880,13880,13880,13880,13880,13880,13880,13880,13880,13880,13880,13880,13880,13880,13880,13880,13880,13880,13880
30305,12852,12852,12852,12852,12852,12852,12852,12852,12852,12852,12852,12852,12852,12852,12852,12852,12852,12852,12852,12852,12852,12852,12852,12852,12852,12852,12852,12852,12852,12852,12852,12852,12852,12852,12852,12852,12852,12852,12852,12852,12852,12852,12852,12852,12852,12852,12852,12852,12852,12852,12852,12852,12852,12852,12852,12852,12852,12852,12852,12852,12852,12852,12852,12852,12852,12852,12852,12852,12852,12852,12852,12852,12852,12852,12852,12852,12852,12852,12852,12852,12852,12852,12852,12852,12852,12852,12852,12852,12852,12852,12852,12852,12852,12852,12852,12852,12852,12852,12852,12852,12852,12852,12852,12852,12852,12852,12852,12852,12852,12852,12852,12852,12852,12852,12852,12852,12852,12852,12852,12852,12852,12852,12852
30306,14649,14649,14649,14649,14649,14649,14649,14649,14649,14649,14649,14649,14649,14649,14649,14649,14649,14649,14649,14649,14649,14649,14649,14649,14649,14649,14649,14649,14649,14649,14649,14649,14649,14649,14649,14649,14649,14649,14649,14649,14649,14649,14649,14649,14649,14649,14649,14649,14649,14649,14649,14649,14649,14649,14649,14649,14649,14649,14649,14649,14649,14649,14649,14649,14649,14649,14649,14649,14649,14649,14649,14649,14649,14649,14649,14649,14649,14649,14649,14649,14649,14649,14649,14649,14649,14649,14649,14649,14649,14649,14649,14649,14649,14649,14649,14649,14649,14649,14649,14649,14649,14649,14649,14649,14649,14649,14649,14649,14649,14649,14649,14649,14649,14649,14649,14649,14649,14649,14649,14649,14649,14649,14649
30307,17733,17733,17733,17733,17733,17733,17733,17733,17733,17733,17733,17733,17733,17733,17733,17733,17733,17733,17733,17733,17733,17733,17733,17733,17733,17733,17733,17733,17733,17733,17733,17733,17733,17733,17733,17733,17733,17733,17733,17733,17733,17733,17733,17733,17733,17733,17733,17733,17733,17733,17733,17733,17733,17733,17733,17733,17733,17733,17733,17733,17733,17733,17733,17733,17733,17733,17733,17733,17733,17733,17733,17733,17733,17733,17733,17733,17733,17733,17733,17733,17733,17733,17733,17733,17733,17733,17733,17733,17733,17733,17733,17733,17733,17733,17733,17733,17733,17733,17733,17733,17733,17733,17733,17733,17733,17733,17733,17733,17733,17733,17733,17733,17733,17733,17733,17733,17733,17733,17733,17733,17733,17733,17733
30308,17975,17975,17975,17975,17975,17975,17975,17975,17975,17975,17975,17975,17975,17975,17975,17975,17975,17975,17975,17975,17975,17975,17975,17975,17975,17975,17975,17975,17975,17975,17975,17975,17975,17975,17975,17975,17975,17975,17975,17975,17975,17975,17975,17975,17975,17975,17975,17975,17975,17975,17975,17975,17975,17975,17975,17975,17975,17975,17975,17975,17975,17975,17975,17975,17975,17975,17975,17975,17975,17975,17975,17975,17975,17975,17975,17975,17975,17975,17975,17975,17975,17975,17975,17975,17975,17975,17975,17975,17975,17975,17975,17975,17975,17975,17975,17975,17975,17975,17975,17975,17975,17975,17975,17975,17975,17975,17975,17975,17975,17975,17975,17975,17975,17975,17975,17975,17975,17975,17975,17975,17975,17975,17975
30309,13635,13635,13635,13635,13635,13635,13635,13635,13635,13635,13635,13635,13635,13635,13635,13635,13635,13635,13635,13635,13635,13635,13635,13635,13635,13635,13635,13635,13635,13635,13635,13635,13635,13635,13635,13635,13635,13635,13635,13635,13635,13635,13635,13635,13635,13635,13635,13635,13635,13635,13635,13635,13635,13635,13635,13635,13635,13635,13635,13635,13635,13635,13635,13635,13635,13635,13635,13635,13635,13635,13635,13635,13635,13635,13635,13635,13635,13635,13635,13635,13635,13635,13635,13635,13635,13635,13635,13635,13635,13635,13635,13635,13635,13635,13635,13635,13635,13635,13635,13635,13635,13635,13635,13635,13635,13635,13635,13635,13635,13635,13635,13635,13635,13635,13635,13635,13635,13635,13635,13635,13635,13635,13635
30350,12848,12848,12848,12848,12848,12848,12848,12848,12848,12848,12848,12848,12848,12848,12848,12848,12848,12848,12848,12848,12848,12848,12848,12848,12848,12848,12848,12848,12848,12848,12848,12848,12848,12848,12848,12848,12848,12848,12848,12848,12848,12848,12848,12848,12848,12848,12848,12848,12848,12848,12848,12848,12848,12848,12848,12848,12848,12848,12848,12848,12848,12848,12848,12848,12848,12848,12848,12848,12848,12848,12848,12848,12848,12848,12848,12848,12848,12848,12848,12848,12848,12848,12848,12848,12848,12848,12848,12848,12848,12848,12848,12848,12848,12848,12848,12848,12848,12848,12848,12848,12848,12848,12848,12848,12848,12848,12848,12848,12848,12848,12848,12848,12848,12848,12848,12848,12848,12848,12848,12848,12848,12848,12848
30351,12852,12852,12852,12852,12852,12852,12852,12852,12852,12852,12852,12852,12852,12852,12852,12852,12852,12852,12852,12852,12852,12852,12852,12852,12852,12852,12852,12852,12852,12852,12852,12852,12852,12852,12852,12852,12852,12852,12852,12852,12852,12852,12852,12852,12852,12852,12852,12852,12852,12852,12852,12852,12852,12852,12852,12852,12852,12852,12852,12852,12852,12852,12852,12852,12852,12852,12852,12852,12852,12852,12852,12852,12852,12852,12852,12852,12852,12852,12852,12852,12852,12852,12852,12852,12852,12852,12852,12852,12852,12852,12852,12852,12852,12852,12852,12852,12852,12852,12852,12852,12852,12852,12852,12852,12852,12852,12852,12852,12852,12852,12852,12852,12852,12852,12852,12852,12852,12852,12852,12852,12852,12852,12852
30352,12345,12345,12345,12345,12345,12345,12345,12345,12345,12345,12345,12345,12345,12345,12345,12345,12345,12345,12345,12345,12345,12345,12345,12345,12345,12345,12345,12345,12345,12345,12345,12345,12345,12345,12345,12345,12345,12345,12345,12345,12345,12345,12345,12345,12345,12345,12345,12345,12345,12345,12345,12345,12345,12345,12345,12345,12345,12345,12345,12345,12345,12345,12345,12345,12345,12345,12345,12345,12345,12345,12345,12345,12345,12345,12345,12345,12345,12345,12345,12345,12345,12345,12345,12345,12345,12345,12345,12345,12345,12345,12345,12345,12345,12345,12345,12345,12345,12345,12345,12345,12345,12345,12345,12345,12345,12345,12345,12345,12345,12345,12345,12345,12345,12345,12345,12345,12345,12345,12345,12345,12345,12345,12345
30353,12345,12345,12345,12345,12345,12345,12345,12345,12345,12345,12345,12345,12345,12345,12345,12345,12345,12345,12345,12345,12345,12345,12345,12345,12345,12345,12345,12345,12345,12345,12345,12345,12345,12345,12345,12345,12345,12345,12345,12345,12345,12345,12345,12345,12345,12345,12345,12345,12345,12345,12345,12345,12345,12345,12345,12345,12345,12345,12345,12345,12345,12345,12345,12345,12345,12345,12345,12345,12345,12345,12345,12345,12345,12345,12345,12345,12345,12345,12345,12345,12345,12345,12345,12345,12345,12345,12345,12345,12345,12345,12345,12345,12345,12345,12345,12345,12345,12345,12345,12345,12345,12345,12345,12345,12345,12345,12345,12345,12345,12345,12345,12345,12345,12345,12345,12345,12345,12345,12345,12345,12345,12345,12345
30354,12337,12337,12337,12337,12337,12337,12337,12337,12337,12337,12337,12337,12337,12337,12337,12337,12337,12337,12337,12337,12337,12337,12337,12337,12337,12337,12337,12337,12337,12337,12337,12337,12337,12337,12337,12337,12337,12337,12337,12337,12337,12337,12337,12337,12337,12337,12337,12337,12337,12337,12337,12337,12337,12337,12337,12337,12337,12337,12337,12337,12337,12337,12337,12337,12337,12337,12337,12337,12337,12337,12337,12337,12337,12337,12337,12337,12337,12337,12337,12337,12337,12337,12337,12337,12337,12337,12337,12337,12337,12337,12337,12337,12337,12337,12337,12337,12337,12337,12337,12337,12337,12337,12337,12337,12337,12337,12337,12337,12337,12337,12337,12337,12337,12337,12337,12337,12337,12337,12337,12337,12337,12337,12337
30355,13625,13625,13625,13625,13625,13625,13625,13625,13625,13625,13625,13625,13625,13625,13625,13625,13625,13625,13625,13625,13625,13625,13625,13625,13625,13625,13625,13625,13625,13625,13625,13625,13625,13625,13625,13625,13625,13625,13625,13625,13625,13625,13625,13625,13625,13625,13625,13625,13625,13625,13625,13625,13625,13625,13625,13625,13625,13625,13625,13625,13625,13625,13625,13625,13625,13625,13625,13625,13625,13625,13625,13625,13625,13625,13625,13625,13625,13625,13625,13625,13625,13625,13625,13625,13625,13625,13625,13625,13625,13625,13625,13625,13625,13625,13625,13625,13625,13625,13625,13625,13625,13625,13625,13625,13625,13625,13625,13625,13625,13625,13625,13625,13625,13625,13625,13625,13625,13625,13625,13625,13625,13625,13625
30400,49320,49320,49320,49320,49320,49320,49320,49320,49320,49320,49320,49320,49320,49320,49320,49320,49320,49320,49320,49320,49320,49320,49320,49320,49320,49320,49320,49320,49320,49320,49320,49320,49320,49320,49320,49320,49320,49320,49320,49320,49320,49320,49320,49320,49320,49320,49320,49320,49320,49320,49320,49320,49320,49320,49320,49320,49320,49320,49320,49320,49320,49320,49320,49320,49320,49320,49320,49320,49320,49320,49320,49320,49320,49320,49320,49320,49320,49320,49320,49320,49320,49320,49320,49320,49320,49320,49320,49320,49320,49320,49320,49320,49320,49320,49320,49320,49320,49320,49320,49320,49320,49320,49320,49320,49320,49320,49320,49320,49320,49320,49320,49320,49320,49320,49320,49320,49320,49320,49320,49320,49320,49320,49320
30401,46490,46490,46490,46490,46490,46490,46490,46490,46490,46490,46490,46490,46490,46490,46490,46490,46490,46490,46490,46490,46490,46490,46490,46490,46490,46490,46490,46490,46490,46490,46490,46490,46490,46490,46490,46490,46490,46490,46490,46490,46490,46490,46490,46490,46490,46490,46490,46490,46490,46490,46490,46490,46490,46490,46490,46490,46490,46490,46490,46490,46490,46490,46490,46490,46490,46490,46490,46490,46490,46490,46490,46490,46490,46490,46490,46490,46490,46490,46490,46490,46490,46490,46490,46490,46490,46490,46490,46490,46490,46490,46490,46490,46490,46490,46490,46490,46490,46490,46490,46490,46490,46490,46490,46490,46490,46490,46490,46490,46490,46490,46490,46490,46490,46490,46490,46490,46490,46490,46490,46490,46490,46490,46490
30402,49320,49320,49320,49320,49320,49320,49320,49320,49320,49320,49320,49320,49320,49320,49320,49320,49320,49320,49320,49320,49320,49320,49320,49320,49320,49320,49320,49320,49320,49320,49320,49320,49320,49320,49320,49320,49320,49320,49320,49320,49320,49320,49320,49320,49320,49320,49320,49320,49320,49320,49320,49320,49320,49320,49320,49320,49320,49320,49320,49320,49320,49320,49320,49320,49320,49320,49320,49320,49320,49320,49320,49320,49320,49320,49320,49320,49320,49320,49320,49320,49320,49320,49320,49320,49320,49320,49320,49320,49320,49320,49320,49320,49320,49320,49320,49320,49320,49320,49320,49320,49320,49320,49320,49320,49320,49320,49320,49320,49320,49320,49320,49320,49320,49320,49320,49320,49320,49320,49320,49320,49320,49320,49320
30403,46337,46337,46337,46337,46337,46337,46337,46337,46337,46337,46337,46337,46337,46337,46337,46337,46337,46337,46337,46337,46337,46337,46337,46337,46337,46337,46337,46337,46337,46337,46337,46337,46337,46337,46337,46337,46337,46337,46337,46337,46337,46337,46337,46337,46337,46337,46337,46337,46337,46337,46337,46337,46337,46337,46337,46337,46337,46337,46337,46337,46337,46337,46337,46337,46337,46337,46337,46337,46337,46337,46337,46337,46337,46337,46337,46337,46337,46337,46337,46337,46337,46337,46337,46337,46337,46337,46337,46337,46337,46337,46337,46337,46337,46337,46337,46337,46337,46337,46337,46337,46337,46337,46337,46337,46337,46337,46337,46337,46337,46337,46337,46337,46337,46337,46337,46337,46337,46337,46337,46337,46337,46337,46337
31000,22094,22094,22094,22094,22094,22094,22094,22094,22094,22094,22094,22094,22094,22094,22094,22094,22094,22094,22094,22094,22094,22094,22094,22094,22094,22094,22094,22094,22094,22094,22094,22094,22094,22094,22094,22094,22094,22094,22094,22094,22094,22094,22094,22094,22094,22094,22094,22094,22094,22094,22094,22094,22094,22094,22094,22094,22094,22094,22094,22094,22094,22094,22094,22094,22094,22094,22094,22094,22094,22094,22094,22094,22094,22094,22094,22094,22094,22094,22094,22094,22094,22094,22094,22094,22094,22094,22094,22094,22094,22094,22094,22094,22094,22094,22094,22094,22094,22094,22094,22094,22094,22094,22094,22094,22094,22094,22094,22094,22094,22094,22094,22094,22094,22094,22094,22094,22094,22094,22094,22094,22094,22094,22094
31001,21316,21316,21316,21316,21316,21316,21316,21316,21316,21316,21316,21316,21316,21316,21316,21316,21316,21316,21316,21316,21316,21316,21316,21316,21316,21316,21316,21316,21316,21316,21316,21316,21316,21316,21316,21316,21316,21316,21316,21316,21316,21316,21316,21316,21316,21316,21316,21316,21316,21316,21316,21316,21316,21316,21316,21316,21316,21316,21316,21316,21316,21316,21316,21316,21316,21316,21316,21316,21316,21316,21316,21316,21316,21316,21316,21316,21316,21316,21316,21316,21316,21316,21316,21316,21316,21316,21316,21316,21316,21316,21316,21316,21316,21316,21316,21316,21316,21316,21316,21316,21316,21316,21316,21316,21316,21316,21316,21316,21316,21316,21316,21316,21316,21316,21316,21316,21316,21316,21316,21316,21316,21316,21316
31002,11568,11568,11568,11568,11568,11568,11568,11568,11568,11568,11568,11568,11568,11568,11568,11568,11568,11568,11568,11568,11568,11568,11568,11568,11568,11568,11568,11568,11568,11568,11568,11568,11568,11568,11568,11568,11568,11568,11568,11568,11568,11568,11568,11568,11568,11568,11568,11568,11568,11568,11568,11568,11568,11568,11568,11568,11568,11568,11568,11568,11568,11568,11568,11568,11568,11568,11568,11568,11568,11568,11568,11568,11568,11568,11568,11568,11568,11568,11568,11568,11568,11568,11568,11568,11568,11568,11568,11568,11568,11568,11568,11568,11568,11568,11568,11568,11568,11568,11568,11568,11568,11568,11568,11568,11568,11568,11568,11568,11568,11568,11568,11568,11568,11568,11568,11568,11568,11568,11568,11568,11568,11568,11568
31003,5,5,5,5,5,5,5,5,5,5,5,5,5,5,5,5,5,5,5,5,5,5,5,5,5,5,5,5,5,5,5,5,5,5,5,5,5,5,5,5,5,5,5,5,5,5,5,5,5,5,5,5,5,5,5,5,5,5,5,5,5,5,5,5,5,5,5,5,5,5,5,5,5,5,5,5,5,5,5,5,5,5,5,5,5,5,5,5,5,5,5,5,5,5,5,5,5,5,5,5,5,5,5,5,5,5,5,5,5,5,5,5,5,5,5,5,5,5,5,5,5,5,5
31004,1543,1543,1543,1543,1543,1543,1543,1543,1543,1543,1543,1543,1543,1543,1543,1543,1543,1543,1543,1543,1543,1543,1543,1543,1543,1543,1543,1543,1543,1543,1543,1543,1543,1543,1543,1543,1543,1543,1543,1543,1543,1543,1543,1543,1543,1543,1543,1543,1543,1543,1543,1543,1543,1543,1543,1543,1543,1543,1543,1543,1543,1543,1543,1543,1543,1543,1543,1543,1543,1543,1543,1543,1543,1543,1543,1543,1543,1543,1543,1543,1543,1543,1543,1543,1543,1543,1543,1543,1543,1543,1543,1543,1543,1543,1543,1543,1543,1543,1543,1543,1543,1543,1543,1543,1543,1543,1543,1543,1543,1543,1543,1543,1543,1543,1543,1543,1543,1543,1543,1543,1543,1543,1543
31005,0,0,0,0,0,0,0,0,0,0,0,0,0,0,0,0,0,0,0,0,0,0,0,0,0,0,0,0,0,0,0,0,0,0,0,0,0,0,0,0,0,0,0,0,0,0,0,0,0,0,0,0,0,0,0,0,0,0,0,0,0,0,0,0,0,0,0,0,0,0,0,0,0,0,0,0,0,0,0,0,0,0,0,0,0,0,0,0,0,0,0,0,0,0,0,0,0,0,0,0,0,0,0,0,0,0,0,0,0,0,0,0,0,0,0,0,0,0,0,0,0,0,0
31006,0,0,0,0,0,0,0,0,0,0,0,0,0,0,0,0,0,0,0,0,0,0,0,0,0,0,0,0,0,0,0,0,0,0,0,0,0,0,0,0,0,0,0,0,0,0,0,0,0,0,0,0,0,0,0,0,0,0,0,0,0,0,0,0,0,0,0,0,0,0,0,0,0,0,0,0,0,0,0,0,0,0,0,0,0,0,0,0,0,0,0,0,0,0,0,0,0,0,0,0,0,0,0,0,0,0,0,0,0,0,0,0,0,0,0,0,0,0,0,0,0,0,0
31007,0,0,0,0,0,0,0,0,0,0,0,0,0,0,0,0,0,0,0,0,0,0,0,0,0,0,0,0,0,0,0,0,0,0,0,0,0,0,0,0,0,0,0,0,0,0,0,0,0,0,0,0,0,0,0,0,0,0,0,0,0,0,0,0,0,0,0,0,0,0,0,0,0,0,0,0,0,0,0,0,0,0,0,0,0,0,0,0,0,0,0,0,0,0,0,0,0,0,0,0,0,0,0,0,0,0,0,0,0,0,0,0,0,0,0,0,0,0,0,0,0,0,0
31008,0,0,0,0,0,0,0,0,0,0,0,0,0,0,0,0,0,0,0,0,0,0,0,0,0,0,0,0,0,0,0,0,0,0,0,0,0,0,0,0,0,0,0,0,0,0,0,0,0,0,0,0,0,0,0,0,0,0,0,0,0,0,0,0,0,0,0,0,0,0,0,0,0,0,0,0,0,0,0,0,0,0,0,0,0,0,0,0,0,0,0,0,0,0,0,0,0,0,0,0,0,0,0,0,0,0,0,0,0,0,0,0,0,0,0,0,0,0,0,0,0,0,0
31009,0,0,0,0,0,0,0,0,0,0,0,0,0,0,0,0,0,0,0,0,0,0,0,0,0,0,0,0,0,0,0,0,0,0,0,0,0,0,0,0,0,0,0,0,0,0,0,0,0,0,0,0,0,0,0,0,0,0,0,0,0,0,0,0,0,0,0,0,0,0,0,0,0,0,0,0,0,0,0,0,0,0,0,0,0,0,0,0,0,0,0,0,0,0,0,0,0,0,0,0,0,0,0,0,0,0,0,0,0,0,0,0,0,0,0,0,0,0,0,0,0,0,0
32105,15360,15360,15360,15360,15360,15360,15360,15360,15360,15360,15360,15360,15360,15360,15360,15360,15360,15360,15360,15360,15360,15360,15360,15360,15360,15360,15360,15360,15360,15360,15360,15360,15360,15360,15360,15360,15360,15360,15360,15360,15360,15360,15360,15360,15360,15360,15360,15360,15360,15360,15360,15360,15360,15360,15360,15360,15360,15360,15360,15360,15360,15360,15360,15360,15360,15360,15360,15360,15360,15360,15360,15360,15360,15360,15360,15360,15360,15360,15360,15360,15360,15360,15360,15360,15360,15360,15360,15360,15360,15360,15360,15360,15360,15360,15360,15360,15360,15360,15360,15360,15360,15360,15360,15360,15360,15360,15360,15360,15360,15360,15360,15360,15360,15360,15360,15360,15360,15360,15360,15360,15360,15360,15360
32200,2415,2427,2410,2439,2437,2440,2449,2411,2410,2413,2399,2374,2382,2381,2393,2393,2407,2411,2400,2395,2387,2380,2406,2403,2399,2380,2405,2406,2389,2389,2393,2402,2388,2396,2384,2385,2393,2397,2384,2393,2383,2400,2406,2406,2401,2390,2386,2395,2389,2393,2389,2383,2390,2386,2382,2394,2392,2400,2401,2395,2404,2404,2411,2408,2406,2393,2393,2404,2402,2404,2399,2397,2391,2392,2391,2386,2388,2397,2399,2402,2403,2402,2395,2385,2387,2395,2400,2396,2393,2395,2398,2400,2393,2395,2391,2390,2384,2386,2404,2413,2401,2389,2380,2374,2369,2382,2390,2398,2395,2391,2385,2386,2386,2384,2381,2376,2360,2374,2379,2380,2389,2385,2391
32204,500,500,500,499,500,500,500,499,499,499,499,500,500,499,500,500,500,500,500,500,500,500,499,500,500,500,499,500,500,500,500,500,500,500,499,499,499,499,500,500,499,500,499,499,500,499,500,500,500,499,499,499,499,499,500,499,500,500,499,499,499,499,499,499,500,500,500,500,500,500,499,500,500,499,500,500,500,499,499,499,499,499,499,499,500,499,499,499,499,499,499,499,500,499,500,500,500,499,500,499,500,500,500,500,500,500,499,499,499,499,500,500,500,499,499,499,499,499,499,500,500,499,499
32300,8,8,9,8,6,10,6,8,8,5,8,9,9,5,5,7,5,5,9,6,8,8,8,9,9,6,7,7,9,6,8,8,7,10,8,9,8,7,12,7,8,7,9,9,8,8,7,8,7,9,7,9,9,8,9,7,8,8,8,8,10,6,6,8,11,9,6,10,7,8,8,7,6,10,8,7,9,7,7,9,7,10,6,7,8,9,9,10,9,7,9,8,9,11,8,8,9,9,10,7,7,6,6,7,7,10,6,7,7,9,7,6,8,8,6,8,6,8,5,9,6,8,7
32301,8,8,9,8,6,10,6,8,8,5,8,9,9,5,5,7,5,5,9,6,8,8,8,9,9,6,7,7,9,6,8,8,7,10,8,9,8,7,12,7,8,7,9,9,8,8,7,8,7,9,7,9,9,8,9,7,8,8,8,8,10,6,6,8,11,9,6,10,7,8,8,7,6,10,8,7,9,7,7,9,7,10,6,7,8,9,9,10,9,7,9,8,9,11,8,8,9,9,10,7,7,6,6,7,7,10,6,7,7,9,7,6,8,8,6,8,6,8,5,9,6,8,7
32302,0,0,0,0,0,0,0,0,0,0,0,0,0,0,0,0,0,0,0,0,0,0,0,0,0,0,0,0,0,0,0,0,0,0,0,0,0,0,0,0,0,0,0,0,0,0,0,0,0,0,0,0,0,0,0,0,0,0,0,0,0,0,0,0,0,0,0,0,0,0,0,0,0,0,0,0,0,0,0,0,0,0,0,0,0,0,0,0,0,0,0,0,0,0,0,0,0,0,0,0,0,0,0,0,0,0,0,0,0,0,0,0,0,0,0,0,0,0,0,0,0,0,0
33000,0,0,0,0,0,0,0,0,0,0,0,0,0,0,0,0,0,0,0,0,0,0,0,0,0,0,0,0,0,0,0,0,0,0,0,0,0,0,0,0,0,0,0,0,0,0,0,0,0,0,0,0,0,0,0,0,0,0,0,0,0,0,0,0,0,0,0,0,0,0,0,0,0,0,0,0,0,0,0,0,0,0,0,0,0,0,0,0,0,0,0,0,0,0,0,0,0,0,0,0,0,0,0,0,0,0,0,0,0,0,0,0,0,0,0,0,0,0,0,0,0,0,0
33001,30852,30858,30864,30870,30876,30882,30888,30894,30900,30906,30911,30918,30924,30930,30936,30941,30947,30953,30959,30965,30971,30977,30983,30989,30994,31000,31006,31012,31019,31024,31030,31036,31042,31048,31054,31060,31066,31072,31078,31083,31089,31095,31101,31107,31113,31119,31125,31131,31137,31143,31149,31155,31161,31167,31172,31178,31184,31190,31196,31202,31208,31213,31217,31221,31225,31229,31233,31237,31241,31245,31249,31254,31257,31261,31265,31268,31270,31273,31276,31279,31281,31284,31287,31289,31292,31295,31298,31300,31303,31306,31309,31311,31314,31317,31319,31322,31325,31328,31330,31333,31336,31339,31341,31344,31347,31349,31352,31355,31358,31360,31363,31366,31369,31371,31374,31376,31378,31379,31380,31382,31383,31384,31386
33002,0,0,0,0,0,0,0,0,0,0,0,0,0,0,0,0,0,0,0,0,0,0,0,0,0,0,0,0,0,0,0,0,0,0,0,0,0,0,0,0,0,0,0,0,0,0,0,0,0,0,0,0,0,0,0,0,0,0,0,0,0,0,0,0,0,0,0,0,0,0,0,0,0,0,0,0,0,0,0,0,0,0,0,0,0,0,0,0,0,0,0,0,0,0,0,0,0,0,0,0,0,0,0,0,0,0,0,0,0,0,0,0,0,0,0,0,0,0,0,0,0,0,0
33003,25130,25130,25130,25130,25130,25130,25130,25130,25130,25130,25130,25130,25130,25130,25130,25130,25130,25130,25130,25130,25130,25130,25130,25130,25130,25130,25130,25130,25130,25130,25130,25130,25130,25130,25130,25130,25130,25130,25130,25130,25130,25130,25130,25130,25130,25130,25130,25130,25130,25130,25130,25130,25130,25130,25130,25130,25130,25130,25130,25130,25130,25130,25130,25130,25130,25130,25130,25130,25130,25130,25130,25130,25130,25130,25130,25130,25130,25130,25130,25130,25130,25130,25130,25130,25130,25130,25130,25130,25130,25130,25130,25130,25130,25130,25130,25130,25130,25130,25130,25130,25130,25130,25130,25130,25130,25130,25130,25130,25130,25130,25130,25130,25130,25130,25130,25130,25130,25130,25130,25130,25130,25130,25130
33004,0,0,0,0,0,0,0,0,0,0,0,0,0,0,0,0,0,0,0,0,0,0,0,0,0,0,0,0,0,0,0,0,0,0,0,0,0,0,0,0,0,0,0,0,0,0,0,0,0,0,0,0,0,0,0,0,0,0,0,0,0,0,0,0,0,0,0,0,0,0,0,0,0,0,0,0,0,0,0,0,0,0,0,0,0,0,0,0,0,0,0,0,0,0,0,0,0,0,0,0,0,0,0,0,0,0,0,0,0,0,0,0,0,0,0,0,0,0,0,0,0,0,0
33005,556,562,568,574,580,586,592,598,604,610,615,621,627,633,639,645,651,657,663,669,675,681,687,693,698,704,710,716,722,728,734,740,746,752,757,763,769,775,782,787,793,799,805,811,817,823,829,835,841,846,852,858,864,870,876,882,888,894,900,906,912,917,921,925,929,933,937,941,945,949,953,957,961,965,969,971,974,977,980,982,985,988,990,993,996,999,1001,1004,1007,1010,1012,1015,1018,1020,1023,1026,1029,1031,1034,1037,1040,1042,1045,1048,1050,1053,1056,1059,1061,1064,1067,1070,1072,1075,1078,1080,1081,1083,1084,1086,1087,1088,1090
33006,0,0,0,0,0,0,0,0,0,0,0,0,0,0,0,0,0,0,0,0,0,0,0,0,0,0,0,0,0,0,0,0,0,0,0,0,0,0,0,0,0,0,0,0,0,0,0,0,0,0,0,0,0,0,0,0,0,0,0,0,0,0,0,0,0,0,0,0,0,0,0,0,0,0,0,0,0,0,0,0,0,0,0,0,0,0,0,0,0,0,0,0,0,0,0,0,0,0,0,0,0,0,0,0,0,0,0,0,0,0,0,0,0,0,0,0,0,0,0,0,0,0,0
33007,682,682,682,682,682,682,682,682,682,682,682,682,682,682,682,682,682,682,682,682,682,682,682,682,682,682,682,682,682,682,682,682,682,682,682,682,682,682,682,682,682,682,682,682,682,682,682,682,682,682,682,682,682,682,682,682,682,682,682,682,682,682,682,682,682,682,682,682,682,682,682,682,682,682,682,682,682,682,682,682,682,682,682,682,682,682,682,682,682,682,682,682,682,682,682,682,682,682,682,682,682,682,682,682,682,682,682,682,682,682,682,682,682,682,682,682,682,682,682,682,682,682,682
33008,0,0,0,0,0,0,0,0,0,0,0,0,0,0,0,0,0,0,0,0,0,0,0,0,0,0,0,0,0,0,0,0,0,0,0,0,0,0,0,0,0,0,0,0,0,0,0,0,0,0,0,0,0,0,0,0,0,0,0,0,0,0,0,0,0,0,0,0,0,0,0,0,0,0,0,0,0,0,0,0,0,0,0,0,0,0,0,0,0,0,0,0,0,0,0,0,0,0,0,0,0,0,0,0,0,0,0,0,0,0,0,0,0,0,0,0,0,0,0,0,0,0,0
33009,2271,2277,2283,2289,2295,2301,2307,2313,2319,2325,2331,2337,2343,2349,2355,2360,2366,2372,2378,2384,2390,2396,2402,2408,2413,2419,2425,2432,2438,2443,2449,2455,2461,2467,2473,2479,2485,2491,2497,2502,2508,2514,2520,2526,2532,2538,2544,2550,2556,2562,2568,2574,2580,2586,2591,2597,2603,2609,2615,2621,2627,2632,2636,2640,2644,2648,2652,2656,2660,2664,2669,2673,2676,2681,2684,2687,2689,2692,2695,2698,2700,2703,2706,2709,2711,2714,2717,2720,2722,2725,2728,2731,2733,2736,2739,2741,2744,2747,2750,2752,2755,2758,2760,2763,2766,2769,2771,2774,2777,2780,2782,2785,2788,2790,2793,2795,2797,2798,2799,2801,2802,2804,2805
33010,0,0,0,0,0,0,0,0,0,0,0,0,0,0,0,0,0,0,0,0,0,0,0,0,0,0,0,0,0,0,0,0,0,0,0,0,0,0,0,0,0,0,0,0,0,0,0,0,0,0,0,0,0,0,0,0,0,0,0,0,0,0,0,0,0,0,0,0,0,0,0,0,0,0,0,0,0,0,0,0,0,0,0,0,0,0,0,0,0,0,0,0,0,0,0,0,0,0,0,0,0,0,0,0,0,0,0,0,0,0,0,0,0,0,0,0,0,0,0,0,0,0,0
33011,1984,1984,1984,1984,1984,1984,1984,1984,1984,1984,1984,1984,1984,1984,1984,1984,1984,1984,1984,1984,1984,1984,1984,1984,1984,1984,1984,1984,1984,1984,1984,1984,1984,1984,1984,1984,1984,1984,1984,1984,1984,1984,1984,1984,1984,1984,1984,1984,1984,1984,1984,1984,1984,1984,1984,1984,1984,1984,1984,1984,1984,1984,1984,1984,1984,1984,1984,1984,1984,1984,1984,1984,1984,1984,1984,1984,1984,1984,1984,1984,1984,1984,1984,1984,1984,1984,1984,1984,1984,1984,1984,1984,1984,1984,1984,1984,1984,1984,1984,1984,1984,1984,1984,1984,1984,1984,1984,1984,1984,1984,1984,1984,1984,1984,1984,1984,1984,1984,1984,1984,1984,1984,1984
34000,5291,5291,5291,5290,5290,5290,5289,5290,5290,5290,5424,5442,5445,5445,5392,5347,5338,5331,5324,5320,5316,5314,5312,5310,5309,5307,5307,5306,5305,5304,5303,5303,5302,5301,5301,5301,5300,5300,5299,5434,5457,5456,5459,5457,5364,5356,5353,5352,5350,5349,5348,5348,5347,5346,5346,5346,5345,5345,5345,5344,5344,5344,5344,5343,5343,5343,5343,5342,5342,5343,5342,5342,5438,5449,5424,5422,5424,5422,5424,5425,5423,5374,5359,5355,5352,5351,5350,5348,5348,5346,5346,5346,5345,5345,5345,5344,5344,5344,5343,5344,5343,5343,5343,5342,5342,5341,5342,5342,5342,5342,5342,5342,5342,5341,5341,5341,5341,5341,5341,5341,5341,5341,5341
34001,0,0,0,0,0,0,0,0,0,0,377,377,377,377,0,0,0,0,0,0,0,0,0,0,0,0,0,0,0,0,0,0,0,0,0,0,0,0,0,376,375,375,376,376,0,0,0,0,0,0,0,0,0,0,0,0,0,0,0,0,0,0,0,0,0,0,0,0,0,0,0,0,257,257,171,172,172,171,171,171,171,0,0,0,0,0,0,0,0,0,0,0,0,0,0,0,0,0,0,0,0,0,0,0,0,0,0,0,0,0,0,0,0,0,0,0,0,0,0,0,0,0,0
34002,600,600,600,600,600,600,600,600,600,600,617,638,659,680,701,701,701,701,701,701,701,701,701,701,701,701,701,701,701,701,701,701,700,700,700,700,700,700,700,710,731,751,772,793,801,801,801,801,801,801,801,801,801,801,801,801,801,801,801,801,801,801,801,800,800,800,800,800,800,800,800,800,810,825,836,846,855,865,875,884,894,900,900,900,900,900,900,900,900,900,900,900,900,900,900,900,900,900,900,900,900,900,900,900,900,900,900,900,900,900,900,900,900,900,900,900,900,900,899,899,899,899,899
34003,0,0,0,0,0,0,0,0,0,0,0,0,0,0,0,0,0,0,0,0,0,0,0,0,0,0,0,0,0,0,0,0,0,0,0,0,0,0,0,0,0,0,0,0,0,0,0,0,0,0,0,0,0,0,0,0,0,0,0,0,0,0,0,0,0,0,0,0,0,0,0,0,0,0,0,0,0,0,0,0,0,0,0,0,0,0,0,0,0,0,0,0,0,0,0,0,0,0,0,0,0,0,0,0,0,0,0,0,0,0,0,0,0,0,0,0,0,0,0,0,0,0,0
34004,0,0,0,0,0,0,0,0,0,0,3,3,3,3,2,0,0,0,0,0,0,0,0,0,0,0,0,0,0,0,0,0,0,0,0,0,0,0,0,3,3,3,3,3,0,0,0,0,0,0,0,0,0,0,0,0,0,0,0,0,0,0,0,0,0,0,0,0,0,0,0,0,3,3,3,3,3,3,3,3,3,0,0,0,0,0,0,0,0,0,0,0,0,0,0,0,0,0,0,0,0,0,0,0,0,0,0,0,0,0,0,0,0,0,0,0,0,0,0,0,0,0,0
34005,3308,3308,3308,3308,3308,3308,3307,3308,3307,3308,3393,3404,3406,3407,3371,3344,3339,3336,3332,3329,3326,3324,3323,3321,3321,3320,3320,3318,3318,3317,3317,3317,3316,3316,3315,3315,3316,3315,3315,3399,3413,3413,3414,3413,3354,3349,3347,3346,3345,3345,3344,3343,3343,3343,3343,3342,3342,3342,3341,3341,3341,3341,3341,3341,3341,3341,3341,3340,3340,3340,3340,3340,3401,3407,3392,3390,3392,3391,3393,3393,3391,3360,3351,3348,3347,3346,3345,3344,3344,3343,3343,3342,3342,3342,3342,3341,3341,3341,3341,3341,3340,3341,3341,3341,3340,3340,3340,3340,3340,3340,3340,3340,3340,3339,3340,3339,3340,3339,3339,3339,3339,3339,3339
34006,3306,3306,3305,3306,3306,3305,3305,3305,3305,3305,3388,3398,3401,3400,3369,3339,3333,3327,3323,3322,3319,3318,3317,3316,3316,3315,3314,3314,3313,3313,3313,3312,3312,3311,3311,3311,3310,3310,3310,3394,3407,3408,3410,3408,3352,3347,3345,3345,3343,3343,3342,3341,3341,3341,3341,3341,3340,3340,3340,3340,3339,3339,3339,3339,3339,3339,3338,3338,3338,3338,3338,3338,3397,3404,3388,3388,3389,3388,3389,3390,3388,3358,3348,3346,3345,3344,3343,3342,3341,3341,3341,3341,3340,3340,3340,3339,3339,3339,3339,3339,3338,3339,3338,3338,3338,3338,3338,3338,3338,3338,3338,3338,3338,3337,3338,3338,3338,3337,3337,3338,3337,3337,3337
34007,0,0,0,0,0,0,0,0,0,0,0,0,0,0,0,0,0,0,0,0,0,0,0,0,0,0,0,0,0,0,0,0,0,0,0,0,0,0,0,0,0,0,0,0,0,0,0,0,0,0,0,0,0,0,0,0,0,0,0,0,0,0,0,0,0,0,0,0,0,0,0,0,0,0,0,0,0,0,0,0,0,0,0,0,0,0,0,0,0,0,0,0,0,0,0,0,0,0,0,0,0,0,0,0,0,0,0,0,0,0,0,0,0,0,0,0,0,0,0,0,0,0,0
34008,0,0,0,0,0,0,0,0,0,0,0,0,0,0,0,0,0,0,0,0,0,0,0,0,0,0,0,0,0,0,0,0,0,0,0,0,0,0,0,0,0,0,0,0,0,0,0,0,0,0,0,0,0,0,0,0,0,0,0,0,0,0,0,0,0,0,0,0,0,0,0,0,0,0,0,0,0,0,0,0,0,0,0,0,0,0,0,0,0,0,0,0,0,0,0,0,0,0,0,0,0,0,0,0,0,0,0,0,0,0,0,0,0,0,0,0,0,0,0,0,0,0,0
34009,0,0,0,0,0,0,0,0,0,0,0,0,0,0,0,0,0,0,0,0,0,0,0,0,0,0,0,0,0,0,0,0,0,0,0,0,0,0,0,0,0,0,0,0,0,0,0,0,0,0,0,0,0,0,0,0,0,0,0,0,0,0,0,0,0,0,0,0,0,0,0,0,0,0,0,0,0,0,0,0,0,0,0,0,0,0,0,0,0,0,0,0,0,0,0,0,0,0,0,0,0,0,0,0,0,0,0,0,0,0,0,0,0,0,0,0,0,0,0,0,0,0,0
34010,116,116,116,116,116,116,116,116,116,116,116,116,116,116,116,116,116,116,116,116,116,116,116,116,116,116,116,116,116,116,116,116,116,116,116,116,116,116,116,116,116,116,116,116,116,116,116,116,116,116,116,116,116,116,116,116,116,116,116,116,116,116,116,116,116,116,116,116,116,116,116,116,116,116,116,116,116,116,116,116,116,116,116,116,116,116,116,116,116,116,116,116,116,116,116,116,116,116,116,116,116,116,116,116,116,116,116,116,116,116,116,116,116,116,116,116,116,116,116,116,116,116,116
34011,397,397,398,399,399,401,401,400,402,400,402,405,407,412,414,416,417,416,417,417,414,414,416,414,413,412,412,412,411,411,409,410,410,408,407,408,409,409,406,407,409,412,413,416,418,419,416,416,415,414,413,412,412,412,409,409,410,410,407,408,409,408,407,406,405,401,399,398,396,396,395,393,394,393,394,395,393,392,391,392,390,389,388,385,385,385,384,382,380,382,380,380,378,378,377,376,375,374,375,374,373,373,372,372,372,371,370,371,370,371,370,368,369,367,369,369,369,366,366,366,364,365,364
34012,359,359,360,361,362,362,362,362,363,363,397,418,436,451,462,435,426,417,411,405,400,397,393,390,388,386,384,383,381,381,380,379,377,377,376,375,374,374,373,396,420,437,453,465,446,433,423,415,409,403,399,395,391,388,386,384,381,381,379,378,377,376,374,371,369,366,364,362,360,358,356,354,368,376,376,376,375,375,374,373,372,368,362,356,352,347,345,342,340,338,336,335,332,331,330,329,328,327,325,324,324,323,322,322,321,320,320,319,319,318,318,318,317,317,317,315,316,315,313,312,311,311,310
34013,300,300,300,301,301,301,302,301,302,302,304,308,312,316,319,321,321,322,322,322,322,322,322,322,322,322,321,321,321,321,320,320,320,320,319,319,319,319,319,319,321,322,324,325,326,326,326,326,326,326,326,326,326,326,325,325,325,325,325,325,325,324,324,324,324,323,323,323,323,322,322,321,321,322,323,323,323,323,323,323,323,324,323,323,323,322,322,321,321,321,320,320,319,319,319,318,318,317,317,317,316,316,315,315,314,314,313,313,313,312,312,312,311,311,311,311,310,310,310,309,309,309,308
34014,295,295,295,296,296,296,297,296,297,297,302,308,313,318,323,322,323,324,325,325,325,325,326,326,326,326,326,326,326,326,326,326,326,325,325,325,325,325,325,328,332,335,338,340,339,338,338,338,338,338,338,338,338,337,337,337,337,337,336,336,336,336,336,335,335,334,334,334,333,333,333,333,335,336,336,337,337,337,338,338,339,339,338,337,337,337,336,336,336,336,335,335,334,334,334,333,333,332,332,332,331,331,330,330,330,329,329,329,328,327,327,327,326,326,326,326,325,325,325,324,323,323,323
34015,293,293,293,293,294,294,294,294,294,295,297,302,308,313,317,319,320,321,321,321,322,322,322,322,322,322,322,322,322,322,321,321,321,321,321,321,321,321,321,321,324,327,329,332,333,333,333,333,333,333,333,333,332,332,332,332,332,332,331,331,331,331,331,330,330,330,330,330,329,329,329,329,329,330,331,331,332,332,332,333,333,334,333,333,333,333,333,332,332,332,331,331,330,330,330,329,329,328,328,328,327,327,327,326,326,326,325,325,324,324,324,323,323,322,322,322,321,321,321,320,320,320,319
34016,295,295,295,295,295,295,296,296,296,297,300,306,311,317,322,322,323,324,324,325,325,325,325,325,325,325,325,325,325,325,325,325,325,324,324,324,324,324,324,326,329,333,335,338,338,337,337,337,337,337,336,336,336,336,336,336,336,335,335,335,334,334,334,334,334,333,333,333,333,332,332,332,333,334,334,335,335,336,336,336,337,337,337,336,336,336,335,335,335,335,334,333,333,333,333,332,332,331,331,330,330,329,329,329,328,328,327,327,327,326,326,325,325,325,324,324,324,323,323,322,322,322,321
34017,0,0,0,0,0,0,0,0,0,0,0,0,0,0,0,0,0,0,0,0,0,0,0,0,0,0,0,0,0,0,0,0,0,0,0,0,0,0,0,0,0,0,0,0,0,0,0,0,0,0,0,0,0,0,0,0,0,0,0,0,0,0,0,0,0,0,0,0,0,0,0,0,0,0,0,0,0,0,0,0,0,0,0,0,0,0,0,0,0,0,0,0,0,0,0,0,0,0,0,0,0,0,0,0,0,0,0,0,0,0,0,0,0,0,0,0,0,0,0,0,0,0,0
34018,3307,3307,3306,3307,3306,3307,3306,3306,3307,3307,3388,3401,3405,3407,3370,3343,3338,3335,3332,3329,3326,3324,3323,3321,3320,3320,3319,3318,3318,3317,3317,3316,3316,3315,3315,3314,3315,3314,3315,3399,3407,3410,3414,3411,3353,3348,3346,3345,3345,3343,3343,3343,3342,3341,3341,3341,3342,3341,3341,3341,3341,3341,3340,3339,3340,3339,3339,3339,3340,3338,3338,3339,3401,3407,3392,3390,3390,3388,3393,3390,3390,3359,3350,3347,3345,3345,3344,3342,3343,3341,3342,3341,3341,3341,3341,3340,3341,3340,3340,3340,3340,3339,3340,3339,3339,3339,3339,3339,3339,3340,3339,3339,3338,3339,3339,3338,3338,3338,3338,3338,3338,3339,3338
34019,3306,3308,3307,3307,3307,3307,3305,3306,3307,3306,3388,3399,3403,3403,3370,3343,3336,3333,3329,3326,3323,3322,3320,3320,3318,3317,3317,3317,3316,3316,3315,3315,3314,3314,3313,3314,3312,3312,3312,3396,3408,3412,3412,3412,3352,3348,3346,3345,3344,3343,3344,3343,3342,3341,3342,3341,3341,3341,3341,3341,3341,3340,3340,3339,3340,3340,3340,3339,3338,3339,3339,3339,3400,3405,3391,3389,3389,3388,3391,3390,3390,3359,3349,3347,3346,3344,3344,3343,3342,3341,3341,3341,3340,3340,3341,3340,3340,3340,3339,3340,3339,3339,3339,3339,3339,3338,3339,3338,3339,3339,3339,3339,3339,3338,3339,3339,3338,3338,3338,3338,3339,3339,3338
34020,3307,3307,3307,3307,3307,3306,3306,3306,3307,3306,3388,3399,3403,3403,3370,3342,3338,3332,3328,3326,3323,3322,3320,3319,3319,3317,3317,3316,3316,3316,3315,3314,3314,3313,3314,3314,3313,3312,3312,3396,3409,3409,3412,3410,3352,3347,3345,3344,3344,3344,3342,3342,3342,3342,3342,3341,3341,3341,3340,3340,3340,3340,3339,3339,3340,3339,3340,3339,3340,3340,3339,3338,3399,3406,3391,3389,3389,3388,3390,3390,3390,3359,3350,3347,3345,3344,3343,3342,3342,3342,3341,3341,3341,3340,3341,3339,3340,3340,3339,3340,3340,3339,3340,3339,3339,3339,3339,3339,3339,3339,3339,3339,3339,3338,3339,3338,3338,3338,3338,3338,3338,3339,3338
34021,3308,3308,3308,3308,3307,3308,3307,3308,3307,3308,3390,3403,3406,3404,3371,3344,3339,3336,3332,3328,3326,3324,3322,3321,3321,3319,3319,3318,3317,3317,3316,3317,3316,3316,3315,3315,3316,3315,3315,3398,3410,3411,3414,3413,3354,3349,3347,3346,3345,3345,3343,3343,3343,3343,3342,3341,3341,3341,3341,3341,3341,3341,3341,3340,3341,3340,3340,3340,3340,3340,3340,3339,3399,3406,3391,3389,3390,3389,3392,3391,3391,3360,3351,3347,3347,3344,3345,3344,3343,3343,3343,3342,3342,3342,3341,3341,3341,3341,3341,3341,3340,3341,3340,3341,3340,3340,3340,3340,3340,3339,3340,3339,3340,3338,3338,3338,3340,3339,3339,3339,3339,3339,3339
34022,3307,3307,3307,3306,3306,3306,3306,3306,3306,3306,3390,3401,3403,3403,3369,3343,3337,3333,3329,3325,3323,3321,3320,3320,3318,3317,3318,3316,3316,3315,3315,3314,3314,3314,3313,3312,3313,3313,3312,3397,3410,3409,3413,3412,3352,3348,3345,3345,3344,3343,3343,3342,3342,3341,3342,3341,3341,3340,3340,3340,3340,3340,3340,3340,3339,3339,3339,3339,3339,3340,3339,3338,3399,3406,3390,3388,3389,3388,3391,3390,3389,3358,3349,3347,3346,3344,3343,3343,3342,3341,3341,3341,3341,3341,3340,3340,3340,3339,3340,3340,3340,3339,3339,3339,3339,3338,3338,3338,3339,3339,3338,3338,3338,3338,3338,3338,3338,3338,3338,3338,3338,3339,3338
34023,3307,3307,3307,3307,3308,3307,3307,3307,3307,3307,3391,3401,3404,3403,3370,3342,3336,3332,3327,3324,3322,3321,3320,3318,3318,3317,3316,3316,3315,3315,3315,3314,3313,3314,3313,3313,3313,3313,3312,3397,3412,3409,3414,3413,3354,3348,3347,3345,3345,3344,3343,3343,3342,3342,3343,3342,3341,3341,3341,3341,3341,3341,3341,3341,3339,3340,3339,3339,3340,3340,3340,3339,3400,3406,3392,3390,3391,3388,3391,3390,3389,3360,3350,3348,3346,3346,3344,3344,3343,3343,3343,3342,3342,3342,3341,3341,3341,3340,3340,3340,3340,3339,3340,3340,3340,3340,3340,3339,3340,3339,3339,3340,3340,3339,3339,3338,3338,3338,3339,3338,3339,3338,3338
34024,3307,3307,3305,3306,3306,3305,3306,3305,3306,3307,3389,3401,3404,3403,3370,3341,3336,3331,3327,3323,3322,3320,3320,3319,3317,3316,3316,3315,3316,3315,3313,3313,3313,3313,3312,3312,3312,3312,3311,3395,3410,3408,3413,3411,3353,3347,3346,3344,3344,3343,3343,3342,3343,3341,3341,3341,3341,3340,3340,3340,3340,3340,3340,3340,3339,3339,3338,3339,3338,3339,3339,3339,3399,3406,3390,3388,3389,3389,3390,3390,3388,3358,3349,3346,3345,3344,3343,3342,3342,3341,3341,3341,3341,3341,3340,3340,3340,3339,3339,3339,3339,3339,3338,3338,3339,3338,3338,3339,3339,3339,3338,3338,3339,3338,3338,3338,3338,3337,3338,3338,3339,3338,3338
34025,3307,3308,3308,3307,3307,3307,3307,3306,3306,3306,3393,3404,3404,3403,3371,3342,3336,3332,3327,3324,3322,3321,3320,3319,3317,3316,3316,3315,3315,3314,3315,3314,3313,3314,3313,3313,3312,3313,3312,3397,3411,3410,3413,3413,3353,3348,3347,3345,3344,3344,3344,3343,3342,3342,3342,3342,3341,3342,3341,3341,3341,3341,3340,3341,3340,3340,3340,3340,3340,3340,3339,3339,3399,3407,3390,3389,3391,3390,3391,3391,3389,3359,3350,3348,3345,3345,3344,3343,3343,3342,3343,3342,3341,3341,3341,3341,3340,3340,3340,3341,3339,3341,3340,3340,3340,3339,3340,3339,3340,3340,3340,3339,3339,3338,3339,3338,3339,3339,3339,3338,3339,3339,3338
34026,3307,3307,3306,3306,3306,3306,3306,3305,3305,3306,3391,3403,3403,3403,3369,3341,3336,3329,3325,3323,3321,3320,3319,3318,3316,3316,3315,3316,3315,3314,3313,3313,3313,3312,3312,3312,3311,3311,3311,3394,3411,3408,3412,3411,3352,3348,3345,3345,3344,3343,3343,3342,3342,3341,3341,3341,3342,3341,3340,3340,3340,3339,3340,3340,3339,3339,3339,3339,3339,3339,3339,3339,3399,3405,3388,3388,3390,3389,3389,3391,3389,3358,3348,3347,3345,3344,3343,3342,3341,3341,3341,3341,3341,3340,3340,3341,3340,3339,3339,3340,3339,3339,3339,3338,3338,3338,3339,3339,3339,3338,3339,3338,3339,3338,3338,3338,3338,3338,3338,3338,3339,3338,3338
34027,3308,3308,3308,3308,3307,3307,3307,3307,3307,3307,3391,3403,3403,3403,3370,3344,3338,3333,3329,3327,3324,3323,3321,3320,3319,3317,3317,3318,3318,3316,3316,3316,3315,3314,3314,3315,3314,3314,3314,3397,3412,3410,3412,3411,3353,3348,3347,3346,3344,3344,3342,3343,3342,3342,3343,3342,3341,3341,3341,3341,3341,3341,3341,3340,3340,3340,3340,3340,3338,3340,3340,3340,3399,3406,3389,3389,3391,3389,3390,3392,3389,3358,3351,3348,3346,3345,3344,3344,3344,3342,3342,3341,3341,3341,3340,3341,3340,3341,3339,3340,3340,3340,3340,3339,3339,3339,3339,3340,3339,3339,3339,3339,3339,3339,3339,3339,3339,3338,3339,3339,3339,3339,3338
34028,3307,3307,3307,3307,3306,3306,3306,3306,3307,3306,3392,3403,3405,3404,3370,3343,3338,3334,3330,3327,3324,3323,3321,3320,3319,3319,3319,3317,3316,3316,3316,3315,3315,3314,3314,3313,3313,3313,3313,3398,3412,3411,3413,3412,3353,3348,3346,3345,3344,3343,3343,3343,3341,3341,3341,3341,3341,3341,3341,3340,3340,3339,3340,3339,3340,3339,3339,3339,3339,3340,3339,3339,3397,3406,3390,3388,3391,3390,3390,3392,3390,3359,3350,3347,3345,3345,3344,3343,3343,3341,3341,3341,3341,3341,3341,3340,3339,3341,3339,3340,3339,3340,3340,3339,3338,3338,3339,3339,3338,3338,3338,3339,3340,3338,3338,3338,3338,3338,3338,3338,3337,3338,3338
34029,3308,3308,3307,3307,3308,3307,3307,3307,3307,3308,3392,3404,3406,3404,3371,3343,3338,3334,3331,3327,3325,3324,3322,3320,3320,3319,3320,3318,3316,3317,3316,3316,3316,3316,3314,3314,3315,3314,3314,3398,3413,3412,3411,3412,3353,3348,3347,3345,3345,3344,3344,3343,3343,3343,3342,3342,3342,3341,3341,3341,3341,3341,3341,3340,3340,3340,3340,3340,3340,3339,3340,3340,3399,3406,3390,3390,3391,3390,3391,3393,3391,3359,3350,3347,3346,3345,3345,3344,3343,3343,3342,3342,3341,3341,3342,3341,3341,3341,3340,3341,3340,3340,3340,3340,3339,3340,3339,3339,3340,3340,3339,3339,3339,3339,3340,3338,3339,3339,3339,3339,3338,3339,3339
34030,3307,3307,3306,3306,3306,3307,3305,3306,3306,3305,3391,3403,3403,3402,3370,3341,3336,3331,3327,3325,3322,3321,3320,3318,3318,3316,3316,3315,3315,3314,3314,3314,3313,3313,3312,3313,3312,3311,3311,3396,3412,3412,3411,3410,3353,3347,3345,3344,3343,3344,3342,3342,3342,3341,3342,3341,3341,3340,3340,3340,3340,3340,3341,3340,3340,3339,3339,3338,3339,3339,3339,3338,3398,3405,3389,3389,3391,3390,3389,3391,3391,3359,3349,3346,3345,3345,3344,3343,3343,3341,3341,3342,3341,3340,3340,3340,3339,3340,3340,3339,3339,3339,3339,3338,3340,3338,3339,3338,3339,3339,3338,3338,3339,3338,3338,3338,3338,3338,3338,3338,3338,3338,3338
34031,3308,3308,3308,3307,3307,3308,3306,3307,3306,3306,3391,3402,3403,3403,3371,3342,3336,3331,3327,3324,3322,3320,3320,3319,3318,3317,3317,3316,3316,3314,3314,3315,3313,3314,3313,3313,3313,3312,3313,3397,3413,3413,3411,3410,3353,3349,3347,3345,3345,3344,3343,3343,3343,3342,3342,3342,3342,3341,3341,3341,3341,3341,3341,3341,3340,3341,3341,3340,3340,3340,3339,3340,3399,3406,3390,3390,3392,3391,3390,3393,3391,3360,3350,3348,3346,3345,3344,3344,3343,3342,3342,3342,3342,3342,3341,3341,3340,3341,3340,3340,3340,3341,3341,3340,3340,3339,3340,3340,3340,3340,3340,3339,3339,3339,3339,3339,3339,3338,3338,3339,3339,3338,3339
34032,3307,3306,3306,3306,3306,3306,3306,3306,3306,3306,3390,3400,3402,3402,3369,3341,3336,3330,3326,3323,3322,3319,3319,3318,3317,3317,3316,3315,3315,3314,3313,3313,3313,3311,3312,3312,3312,3311,3312,3396,3412,3413,3410,3409,3352,3347,3346,3345,3344,3343,3343,3342,3342,3342,3340,3341,3341,3341,3340,3340,3339,3339,3339,3339,3339,3339,3339,3338,3338,3339,3339,3338,3398,3404,3390,3389,3392,3389,3390,3392,3391,3359,3350,3347,3345,3344,3343,3343,3342,3342,3341,3341,3341,3341,3341,3340,3339,3340,3339,3339,3339,3340,3339,3339,3339,3339,3339,3339,3338,3338,3338,3339,3339,3338,3338,3338,3338,3338,3337,3338,3338,3337,3338
34033,3306,3307,3306,3306,3307,3305,3306,3306,3305,3305,3390,3398,3401,3400,3369,3339,3333,3327,3323,3321,3319,3318,3316,3316,3316,3315,3313,3313,3313,3313,3313,3312,3312,3311,3311,3311,3310,3310,3310,3395,3410,3412,3410,3408,3352,3347,3345,3345,3344,3343,3342,3342,3341,3341,3341,3341,3340,3340,3341,3341,3339,3339,3340,3338,3339,3339,3339,3339,3339,3338,3338,3338,3399,3404,3390,3390,3390,3388,3390,3393,3392,3358,3350,3347,3345,3344,3343,3342,3341,3341,3341,3341,3340,3340,3341,3339,3339,3339,3339,3340,3338,3339,3338,3338,3338,3339,3338,3338,3338,3338,3338,3338,3338,3337,3338,3338,3338,3338,3337,3338,3338,3338,3337
34100,5291,5291,5291,5290,5290,5290,5289,5289,5289,5289,5288,5288,5288,5288,5288,5436,5437,5447,5455,5371,5342,5333,5324,5317,5312,5310,5307,5305,5304,5303,5301,5300,5299,5299,5298,5298,5298,5297,5296,5296,5296,5295,5295,5295,5450,5463,5460,5458,5459,5360,5353,5350,5348,5348,5346,5346,5344,5344,5344,5343,5344,5343,5342,5342,5342,5342,5341,5342,5341,5341,5341,5340,5340,5340,5340,5340,5340,5340,5340,5339,5339,5391,5419,5420,5425,5426,5422,5423,5425,5427,5425,5427,5362,5355,5352,5350,5348,5347,5346,5346,5345,5344,5344,5344,5343,5342,5343,5341,5341,5341,5341,5341,5340,5341,5340,5340,5340,5340,5340,5340,5339,5339,5339
34101,0,0,0,0,0,0,0,0,0,0,0,0,0,0,0,375,375,375,375,0,0,0,0,0,0,0,0,0,0,0,0,0,0,0,0,0,0,0,0,0,0,0,0,0,374,373,373,374,374,0,0,0,0,0,0,0,0,0,0,0,0,0,0,0,0,0,0,0,0,0,0,0,0,0,0,0,0,0,0,0,0,172,171,171,171,171,171,171,171,171,171,171,0,0,0,0,0,0,0,0,0,0,0,0,0,0,0,0,0,0,0,0,0,0,0,0,0,0,0,0,0,0,0
34102,600,600,600,600,600,600,600,600,600,600,600,600,600,600,600,620,641,662,683,701,701,701,701,701,701,701,701,701,701,701,701,701,701,701,701,701,701,701,700,700,700,700,700,700,713,734,754,775,796,801,801,801,801,801,801,801,801,801,801,801,801,801,801,801,801,801,801,801,801,800,800,800,800,800,800,800,800,800,800,800,800,803,812,822,832,841,851,860,870,879,889,898,900,900,900,900,900,900,900,900,900,900,900,900,900,900,900,900,900,900,900,900,900,900,900,900,900,900,900,900,900,900,900
34103,0,0,0,0,0,0,0,0,0,0,0,0,0,0,0,0,0,0,0,0,0,0,0,0,0,0,0,0,0,0,0,0,0,0,0,0,0,0,0,0,0,0,0,0,0,0,0,0,0,0,0,0,0,0,0,0,0,0,0,0,0,0,0,0,0,0,0,0,0,0,0,0,0,0,0,0,0,0,0,0,0,0,0,0,0,0,0,0,0,0,0,0,0,0,0,0,0,0,0,0,0,0,0,0,0,0,0,0,0,0,0,0,0,0,0,0,0,0,0,0,0,0,0
34104,0,0,0,0,0,0,0,0,0,0,0,0,0,0,2,3,3,3,3,0,0,0,0,0,0,0,0,0,0,0,0,0,0,0,0,0,0,0,0,0,0,0,0,0,3,3,3,3,3,0,0,0,0,0,0,0,0,0,0,0,0,0,0,0,0,0,0,0,0,0,0,0,0,0,0,0,0,0,0,0,0,3,3,3,3,3,3,3,3,3,3,3,0,0,0,0,0,0,0,0,0,0,0,0,0,0,0,0,0,0,0,0,0,0,0,0,0,0,0,0,0,0,0
34105,3309,3308,3309,3308,3308,3308,3307,3308,3307,3307,3306,3306,3306,3306,3306,3401,3402,3408,3415,3359,3341,3335,3331,3326,3323,3321,3319,3318,3316,3316,3315,3314,3314,3313,3313,3312,3312,3312,3312,3311,3312,3311,3311,3311,3410,3417,3418,3416,3416,3351,3347,3345,3344,3344,3343,3342,3341,3341,3341,3341,3341,3340,3340,3340,3340,3340,3340,3340,3340,3339,3339,3339,3339,3338,3338,3339,3339,3339,3339,3338,3338,3372,3388,3390,3393,3393,3391,3392,3392,3395,3394,3394,3353,3348,3346,3345,3344,3344,3343,3342,3342,3341,3341,3341,3341,3340,3341,3340,3339,3340,3339,3339,3339,3339,3339,3339,3338,3338,3339,3338,3338,3338,3338
34106,3307,3307,3306,3305,3305,3306,3304,3305,3305,3305,3305,3305,3304,3304,3304,3395,3395,3403,3406,3356,3337,3331,3325,3321,3318,3316,3316,3314,3313,3312,3312,3312,3311,3310,3310,3309,3310,3310,3309,3309,3309,3309,3308,3308,3402,3411,3410,3409,3411,3349,3345,3343,3342,3341,3341,3340,3339,3339,3340,3339,3339,3339,3338,3338,3338,3338,3338,3338,3338,3337,3337,3337,3337,3337,3337,3337,3337,3337,3337,3337,3337,3368,3385,3386,3390,3389,3387,3387,3389,3390,3389,3391,3351,3346,3344,3343,3342,3341,3341,3340,3340,3339,3339,3339,3338,3338,3338,3338,3338,3337,3338,3338,3337,3337,3337,3337,3337,3337,3336,3336,3336,3336,3336
34107,0,0,0,0,0,0,0,0,0,0,0,0,0,0,0,0,0,0,0,0,0,0,0,0,0,0,0,0,0,0,0,0,0,0,0,0,0,0,0,0,0,0,0,0,0,0,0,0,0,0,0,0,0,0,0,0,0,0,0,0,0,0,0,0,0,0,0,0,0,0,0,0,0,0,0,0,0,0,0,0,0,0,0,0,0,0,0,0,0,0,0,0,0,0,0,0,0,0,0,0,0,0,0,0,0,0,0,0,0,0,0,0,0,0,0,0,0,0,0,0,0,0,0
34108,0,0,0,0,0,0,0,0,0,0,0,0,0,0,0,0,0,0,0,0,0,0,0,0,0,0,0,0,0,0,0,0,0,0,0,0,0,0,0,0,0,0,0,0,0,0,0,0,0,0,0,0,0,0,0,0,0,0,0,0,0,0,0,0,0,0,0,0,0,0,0,0,0,0,0,0,0,0,0,0,0,0,0,0,0,0,0,0,0,0,0,0,0,0,0,0,0,0,0,0,0,0,0,0,0,0,0,0,0,0,0,0,0,0,0,0,0,0,0,0,0,0,0
34109,0,0,0,0,0,0,0,0,0,0,0,0,0,0,0,0,0,0,0,0,0,0,0,0,0,0,0,0,0,0,0,0,0,0,0,0,0,0,0,0,0,0,0,0,0,0,0,0,0,0,0,0,0,0,0,0,0,0,0,0,0,0,0,0,0,0,0,0,0,0,0,0,0,0,0,0,0,0,0,0,0,0,0,0,0,0,0,0,0,0,0,0,0,0,0,0,0,0,0,0,0,0,0,0,0,0,0,0,0,0,0,0,0,0,0,0,0,0,0,0,0,0,0
34110,116,116,116,116,116,116,116,116,116,116,116,116,116,116,116,116,116,116,116,116,116,116,116,116,116,116,116,116,116,116,116,116,116,116,116,116,116,116,116,116,116,116,116,116,116,116,116,116,116,116,116,116,116,116,116,116,116,116,116,116,116,116,116,116,116,116,116,116,116,116,116,116,116,116,116,116,116,116,116,116,116,116,116,116,116,116,116,116,116,116,116,116,116,116,116,116,116,116,116,116,116,116,116,116,116,116,116,116,116,116,116,116,116,116,116,116,116,116,116,116,116,116,116
34111,359,361,362,361,363,363,364,362,365,365,365,362,361,362,357,358,360,364,367,368,371,371,375,376,375,374,375,374,378,377,376,377,376,376,377,379,378,378,378,378,378,374,372,371,372,372,373,377,380,382,381,384,383,384,384,384,384,382,384,384,384,383,383,381,379,379,376,377,375,376,374,375,373,372,369,370,367,366,365,363,365,362,363,362,360,363,364,362,363,365,363,365,364,365,364,362,364,361,360,360,359,360,358,358,357,357,357,358,357,357,357,356,357,356,356,355,356,353,355,355,354,352,352
34112,329,329,328,329,328,329,329,330,329,331,330,328,325,322,319,352,371,387,402,405,387,378,372,367,363,359,357,355,353,351,351,350,349,348,348,347,347,346,346,346,344,340,337,334,358,378,395,409,423,402,393,386,380,375,371,368,365,363,361,360,358,356,355,352,350,348,346,344,342,340,338,337,335,333,330,328,325,324,321,319,317,318,324,327,329,331,333,335,337,338,338,341,334,331,328,325,323,321,320,318,317,316,314,313,313,312,311,311,310,310,309,309,308,308,308,307,306,306,305,303,303,303,301
34113,278,278,278,278,278,278,278,278,278,278,278,279,279,279,279,283,289,294,300,304,305,306,306,307,307,307,307,307,307,307,307,306,306,306,307,306,306,306,306,306,306,306,306,305,308,312,315,318,321,321,321,321,321,321,321,321,321,321,321,320,320,320,320,319,319,319,319,319,319,318,318,318,318,317,317,317,317,317,317,316,316,316,317,317,318,318,319,319,320,321,321,322,322,322,322,321,321,321,320,320,320,320,319,319,319,318,318,318,317,317,317,317,316,316,316,315,315,315,314,314,314,314,313
34114,277,277,277,277,277,277,278,278,278,278,278,278,278,278,278,282,287,293,298,303,304,305,306,306,306,306,307,306,306,306,306,306,306,306,306,306,306,305,305,306,305,305,305,305,307,310,313,316,319,320,320,320,320,321,320,320,320,320,320,320,320,319,319,319,319,319,318,318,318,318,318,318,317,317,317,317,316,316,316,316,315,315,316,316,317,317,318,318,319,320,320,321,321,321,321,321,320,320,320,319,319,319,319,318,318,318,317,317,317,317,316,316,316,315,315,315,315,314,314,314,313,313,313
34115,278,278,278,278,278,278,279,278,278,279,279,279,279,279,279,284,290,295,301,305,305,306,306,307,307,307,307,307,307,307,307,307,307,307,307,306,306,306,306,306,306,306,306,306,309,313,316,320,322,322,321,321,321,321,321,321,321,321,321,320,320,320,320,320,320,319,319,319,319,319,318,318,318,318,318,318,317,317,317,317,316,316,318,318,319,319,320,320,321,322,322,323,323,322,322,322,322,321,321,321,320,320,320,320,320,319,319,319,318,318,318,317,317,317,317,316,316,316,315,315,315,314,314
34116,280,280,280,280,280,280,281,281,281,281,281,281,281,281,282,284,288,292,296,300,301,302,303,303,303,303,304,304,304,304,304,304,304,304,304,304,304,304,304,304,304,303,303,303,305,307,309,311,314,315,315,315,315,315,315,315,315,315,315,315,315,315,315,314,314,314,314,314,314,313,313,313,313,313,312,312,312,311,311,311,311,311,311,311,311,312,312,312,313,313,313,314,314,314,313,313,313,313,313,312,312,312,311,311,311,310,310,310,309,309,309,309,308,308,308,307,307,307,307,307,306,306,306
34117,0,0,0,0,0,0,0,0,0,0,0,0,0,0,0,0,0,0,0,0,0,0,0,0,0,0,0,0,0,0,0,0,0,0,0,0,0,0,0,0,0,0,0,0,0,0,0,0,0,0,0,0,0,0,0,0,0,0,0,0,0,0,0,0,0,0,0,0,0,0,0,0,0,0,0,0,0,0,0,0,0,0,0,0,0,0,0,0,0,0,0,0,0,0,0,0,0,0,0,0,0,0,0,0,0,0,0,0,0,0,0,0,0,0,0,0,0,0,0,0,0,0,0
34118,3307,3307,3307,3307,3307,3306,3305,3306,3305,3306,3305,3305,3306,3305,3304,3395,3395,3405,3406,3356,3338,3331,3325,3321,3319,3318,3316,3314,3314,3313,3312,3312,3311,3311,3311,3311,3311,3311,3310,3310,3310,3309,3309,3309,3402,3411,3411,3410,3412,3350,3345,3344,3343,3342,3341,3340,3340,3340,3340,3339,3340,3339,3339,3338,3339,3339,3338,3338,3338,3339,3338,3338,3337,3337,3338,3338,3337,3337,3338,3337,3337,3370,3386,3388,3390,3389,3388,3387,3390,3391,3389,3391,3351,3347,3345,3344,3343,3341,3342,3341,3341,3340,3340,3340,3339,3339,3339,3338,3339,3338,3338,3338,3337,3338,3338,3337,3337,3337,3337,3338,3337,3337,3337
34119,3307,3308,3308,3307,3307,3306,3307,3306,3306,3305,3305,3306,3305,3306,3305,3400,3402,3408,3412,3359,3341,3335,3330,3325,3323,3321,3318,3317,3316,3316,3314,3314,3314,3313,3312,3312,3312,3311,3311,3311,3311,3311,3310,3311,3409,3417,3418,3416,3416,3351,3347,3344,3344,3343,3342,3342,3340,3341,3340,3341,3341,3340,3339,3339,3340,3339,3339,3339,3338,3339,3338,3338,3338,3338,3338,3338,3338,3338,3337,3338,3338,3372,3388,3390,3393,3393,3391,3391,3392,3395,3394,3394,3352,3348,3346,3344,3344,3342,3342,3341,3341,3341,3340,3341,3341,3340,3340,3339,3339,3339,3339,3339,3338,3339,3338,3338,3338,3338,3338,3338,3338,3338,3338
34120,3307,3307,3307,3307,3307,3307,3306,3305,3305,3306,3305,3306,3306,3305,3305,3399,3399,3406,3409,3358,3339,3334,3329,3324,3322,3319,3318,3316,3315,3315,3314,3313,3313,3313,3312,3311,3311,3311,3311,3310,3311,3309,3309,3310,3406,3415,3415,3414,3415,3351,3346,3344,3343,3343,3341,3342,3341,3340,3340,3340,3340,3339,3340,3338,3339,3338,3339,3338,3338,3338,3337,3338,3337,3337,3337,3338,3338,3338,3338,3337,3337,3370,3387,3389,3392,3391,3390,3390,3391,3393,3391,3393,3352,3348,3345,3343,3343,3343,3342,3341,3341,3339,3340,3340,3339,3340,3340,3338,3339,3339,3339,3338,3338,3338,3338,3338,3338,3337,3338,3338,3337,3337,3337
34121,3308,3308,3307,3308,3308,3307,3307,3306,3306,3307,3306,3305,3305,3305,3305,3398,3400,3404,3410,3358,3341,3335,3330,3325,3322,3319,3318,3317,3316,3316,3315,3313,3313,3312,3313,3312,3312,3312,3312,3311,3311,3311,3311,3310,3407,3415,3414,3414,3412,3350,3347,3345,3343,3343,3343,3342,3341,3341,3341,3341,3340,3340,3340,3339,3340,3340,3339,3339,3338,3338,3339,3339,3338,3338,3338,3338,3338,3338,3338,3338,3337,3370,3388,3388,3391,3391,3390,3390,3391,3393,3391,3394,3352,3348,3346,3345,3343,3344,3342,3342,3342,3341,3341,3340,3340,3340,3340,3339,3339,3339,3338,3339,3339,3339,3339,3339,3338,3338,3338,3338,3338,3338,3338
34122,3307,3307,3307,3307,3307,3306,3306,3306,3306,3306,3305,3306,3306,3305,3305,3398,3398,3404,3408,3358,3340,3334,3329,3324,3321,3320,3318,3316,3316,3316,3314,3313,3313,3313,3312,3311,3312,3310,3311,3311,3310,3310,3310,3310,3407,3414,3412,3413,3411,3351,3346,3345,3343,3343,3342,3341,3341,3341,3340,3340,3339,3339,3339,3338,3339,3339,3338,3339,3338,3338,3338,3338,3337,3338,3337,3337,3337,3338,3338,3337,3337,3370,3386,3386,3390,3390,3388,3390,3389,3391,3391,3392,3352,3347,3345,3344,3342,3342,3343,3341,3341,3340,3340,3340,3340,3338,3339,3338,3338,3338,3339,3339,3338,3338,3338,3338,3338,3338,3337,3337,3337,3336,3337
34123,3308,3308,3307,3308,3307,3307,3307,3307,3305,3306,3306,3305,3306,3306,3306,3400,3400,3406,3410,3358,3341,3335,3330,3326,3323,3320,3319,3318,3316,3316,3314,3313,3314,3313,3312,3312,3312,3312,3312,3311,3312,3311,3310,3310,3410,3415,3414,3412,3413,3351,3347,3345,3344,3343,3343,3342,3341,3341,3341,3340,3340,3340,3340,3340,3339,3340,3339,3338,3339,3339,3338,3338,3338,3338,3338,3338,3338,3338,3339,3338,3338,3371,3387,3388,3391,3392,3389,3390,3389,3392,3390,3392,3352,3348,3346,3343,3343,3342,3342,3342,3341,3341,3341,3341,3340,3340,3340,3340,3339,3339,3338,3339,3338,3339,3338,3337,3338,3338,3338,3338,3337,3337,3337
34124,3307,3307,3307,3306,3306,3306,3306,3306,3306,3305,3305,3305,3305,3306,3305,3399,3399,3405,3409,3358,3340,3335,3331,3325,3322,3320,3318,3317,3316,3315,3314,3313,3313,3313,3312,3312,3312,3311,3311,3311,3310,3311,3310,3310,3409,3415,3410,3412,3411,3350,3346,3344,3343,3342,3341,3342,3341,3340,3340,3340,3340,3340,3339,3338,3339,3339,3338,3338,3339,3338,3338,3337,3337,3338,3338,3337,3338,3337,3337,3337,3337,3370,3387,3387,3390,3391,3387,3389,3390,3391,3390,3391,3353,3348,3345,3344,3342,3342,3341,3341,3341,3340,3340,3340,3340,3339,3339,3338,3339,3338,3338,3339,3337,3338,3338,3338,3338,3338,3337,3338,3337,3337,3337
34125,3308,3308,3307,3306,3306,3306,3307,3306,3306,3305,3306,3306,3306,3306,3305,3397,3398,3403,3408,3357,3339,3333,3327,3323,3321,3318,3317,3315,3316,3314,3313,3313,3312,3312,3311,3311,3311,3311,3310,3310,3310,3310,3309,3309,3408,3415,3410,3410,3412,3350,3346,3344,3343,3343,3342,3342,3341,3340,3341,3340,3340,3340,3339,3340,3339,3340,3339,3339,3338,3338,3339,3338,3338,3338,3338,3338,3339,3338,3338,3337,3338,3369,3387,3387,3391,3390,3388,3390,3390,3391,3389,3392,3352,3348,3345,3345,3343,3342,3341,3342,3341,3340,3340,3340,3340,3340,3340,3339,3339,3338,3339,3339,3339,3339,3338,3339,3338,3338,3338,3338,3337,3338,3337
34126,3307,3307,3307,3307,3306,3306,3306,3305,3305,3305,3305,3305,3305,3305,3305,3398,3399,3405,3408,3357,3339,3333,3327,3323,3320,3318,3316,3316,3315,3315,3312,3312,3312,3311,3310,3312,3311,3311,3310,3310,3310,3309,3310,3310,3408,3414,3410,3409,3411,3350,3346,3343,3342,3342,3341,3341,3340,3341,3340,3339,3340,3339,3338,3339,3339,3339,3338,3339,3338,3338,3338,3337,3338,3337,3338,3337,3337,3338,3338,3337,3337,3369,3387,3387,3391,3390,3387,3390,3391,3390,3391,3392,3351,3347,3345,3344,3342,3341,3341,3341,3341,3341,3339,3340,3340,3339,3339,3338,3338,3338,3338,3338,3338,3337,3337,3338,3337,3337,3337,3338,3336,3337,3336
34127,3309,3307,3308,3307,3306,3307,3306,3307,3307,3306,3306,3306,3306,3306,3306,3398,3399,3404,3409,3358,3339,3333,3327,3323,3320,3319,3316,3316,3316,3315,3313,3314,3312,3312,3311,3311,3312,3311,3311,3311,3310,3310,3310,3310,3408,3415,3410,3409,3411,3350,3346,3345,3343,3343,3342,3342,3341,3341,3341,3340,3341,3340,3339,3340,3339,3339,3340,3339,3338,3339,3339,3338,3338,3338,3338,3338,3338,3337,3338,3338,3337,3369,3387,3387,3391,3390,3388,3390,3390,3393,3391,3392,3352,3347,3345,3344,3343,3343,3342,3342,3341,3341,3340,3340,3339,3339,3341,3339,3339,3339,3339,3338,3338,3338,3339,3339,3338,3338,3338,3338,3338,3338,3338
34128,3307,3307,3307,3306,3306,3306,3306,3305,3305,3305,3305,3305,3306,3305,3305,3398,3398,3403,3410,3356,3337,3331,3325,3321,3319,3316,3316,3315,3313,3312,3312,3312,3311,3310,3311,3311,3310,3310,3309,3309,3309,3309,3308,3309,3403,3413,3412,3409,3411,3350,3345,3344,3343,3342,3341,3341,3339,3340,3340,3339,3340,3339,3339,3338,3339,3339,3339,3338,3338,3338,3338,3338,3337,3337,3338,3338,3338,3338,3337,3337,3337,3368,3386,3388,3391,3390,3388,3389,3391,3392,3390,3391,3351,3347,3344,3343,3342,3342,3341,3341,3340,3339,3339,3339,3339,3339,3338,3338,3338,3338,3338,3338,3338,3338,3338,3338,3337,3338,3337,3337,3336,3337,3336
34129,3307,3308,3307,3307,3307,3306,3307,3306,3307,3306,3306,3305,3306,3306,3305,3397,3397,3404,3412,3357,3338,3331,3325,3321,3318,3318,3316,3316,3314,3314,3312,3313,3312,3312,3311,3311,3311,3310,3310,3310,3310,3309,3309,3309,3405,3415,3413,3410,3412,3351,3347,3345,3344,3343,3343,3342,3341,3340,3341,3340,3341,3340,3339,3340,3339,3339,3339,3340,3339,3339,3339,3339,3338,3338,3338,3339,3338,3339,3338,3338,3337,3369,3387,3389,3392,3393,3389,3390,3392,3393,3392,3392,3352,3347,3345,3344,3343,3342,3341,3341,3341,3341,3341,3340,3340,3339,3340,3339,3339,3340,3338,3338,3339,3339,3338,3338,3338,3338,3338,3338,3338,3338,3337
34130,3307,3307,3306,3306,3306,3307,3306,3306,3306,3306,3305,3305,3305,3304,3305,3401,3401,3408,3415,3357,3339,3335,3329,3325,3321,3320,3318,3317,3316,3315,3315,3313,3312,3312,3312,3312,3312,3312,3311,3310,3311,3310,3310,3309,3409,3417,3416,3414,3414,3350,3345,3343,3343,3342,3341,3342,3341,3339,3340,3341,3339,3340,3339,3339,3338,3339,3338,3339,3338,3338,3338,3338,3338,3337,3338,3338,3338,3337,3338,3337,3337,3370,3387,3389,3392,3392,3390,3390,3392,3394,3391,3392,3351,3347,3345,3343,3342,3341,3341,3341,3340,3340,3340,3340,3340,3338,3338,3338,3338,3338,3338,3338,3337,3337,3337,3337,3337,3337,3337,3336,3337,3337,3336
34131,3308,3308,3309,3308,3308,3308,3306,3308,3307,3306,3305,3306,3306,3306,3305,3398,3398,3405,3412,3357,3338,3333,3327,3322,3320,3319,3317,3316,3315,3314,3313,3313,3312,3311,3312,3312,3312,3311,3311,3311,3310,3310,3310,3310,3405,3416,3415,3413,3413,3351,3346,3345,3344,3344,3342,3342,3341,3341,3341,3341,3341,3340,3340,3340,3340,3339,3339,3340,3340,3339,3339,3339,3339,3338,3338,3339,3338,3338,3338,3338,3338,3369,3388,3390,3391,3393,3391,3392,3392,3394,3391,3394,3353,3347,3346,3345,3343,3342,3342,3342,3341,3341,3340,3341,3341,3340,3340,3339,3339,3339,3339,3339,3339,3339,3339,3339,3338,3338,3339,3338,3338,3338,3338
34132,3307,3307,3306,3307,3306,3306,3304,3306,3305,3305,3305,3305,3305,3305,3304,3393,3395,3403,3408,3356,3339,3333,3327,3323,3320,3318,3316,3316,3315,3313,3313,3312,3312,3312,3311,3310,3311,3310,3310,3310,3309,3309,3310,3310,3406,3413,3413,3411,3411,3349,3345,3344,3342,3341,3341,3340,3340,3340,3340,3339,3339,3339,3338,3338,3339,3338,3339,3338,3338,3337,3337,3338,3337,3338,3337,3337,3337,3337,3337,3337,3337,3372,3385,3387,3391,3393,3388,3391,3390,3392,3391,3393,3350,3346,3344,3343,3342,3341,3341,3340,3340,3340,3339,3339,3338,3339,3338,3338,3338,3338,3338,3338,3338,3337,3337,3337,3338,3337,3336,3336,3337,3336,3337
34133,3307,3307,3307,3305,3305,3306,3306,3305,3304,3305,3305,3305,3305,3305,3305,3392,3395,3402,3407,3356,3338,3330,3325,3321,3318,3317,3316,3315,3314,3312,3312,3312,3311,3311,3310,3309,3310,3310,3309,3309,3309,3309,3309,3308,3406,3415,3413,3412,3412,3350,3345,3344,3342,3341,3341,3341,3340,3340,3340,3339,3339,3339,3339,3339,3338,3338,3338,3338,3338,3338,3338,3338,3338,3337,3337,3337,3338,3337,3337,3337,3337,3374,3387,3388,3391,3393,3389,3391,3390,3393,3392,3394,3351,3347,3344,3343,3342,3341,3341,3341,3341,3339,3340,3339,3339,3338,3339,3338,3338,3339,3338,3338,3338,3338,3337,3337,3338,3337,3337,3337,3337,3337,3336
34200,5295,5294,5293,5293,5292,5291,5291,5291,5290,5290,5290,5289,5289,5289,5288,5289,5288,5288,5288,5288,5288,5288,5288,5287,5381,5433,5435,5442,5441,5361,5347,5343,5340,5337,5336,5334,5333,5332,5330,5330,5329,5328,5327,5327,5326,5326,5325,5324,5324,5324,5324,5324,5323,5323,5451,5454,5448,5454,5454,5356,5351,5349,5347,5346,5346,5345,5344,5343,5343,5342,5342,5341,5341,5341,5341,5341,5341,5340,5340,5340,5340,5340,5340,5340,5339,5339,5339,5339,5339,5339,5339,5338,5339,5338,5338,5338,5338,5338,5338,5338,5338,5338,5372,5414,5419,5422,5420,5419,5421,5423,5419,5421,5422,5364,5354,5351,5349,5347,5346,5345,5345,5344,5343
34201,0,0,0,0,0,0,0,0,0,0,0,0,0,0,0,0,0,0,0,0,0,0,0,0,379,376,376,376,376,0,0,0,0,0,0,0,0,0,0,0,0,0,0,0,0,0,0,0,0,0,0,0,0,0,374,374,375,375,375,0,0,0,0,0,0,0,0,0,0,0,0,0,0,0,0,0,0,0,0,0,0,0,0,0,0,0,0,0,0,0,0,0,0,0,0,0,0,0,0,0,0,0,173,172,171,171,171,171,171,171,171,171,171,0,0,0,0,0,0,0,0,0,0
34202,601,601,601,601,601,601,601,601,601,601,601,601,601,601,601,601,601,601,601,601,600,600,600,600,603,624,645,666,687,701,701,701,701,701,701,701,701,701,701,701,701,701,701,701,701,701,701,701,701,701,701,701,700,700,716,737,758,778,799,801,801,801,801,801,801,801,801,801,801,801,801,801,801,801,801,801,801,801,801,801,801,801,801,801,801,801,801,801,801,801,801,801,801,800,800,800,800,800,800,800,800,800,801,811,820,830,839,849,858,868,877,887,896,900,900,900,900,900,900,900,900,900,900
34203,7,7,7,7,7,7,7,7,7,7,7,7,7,7,7,7,7,7,7,7,7,7,7,7,7,7,7,7,7,7,7,7,7,7,7,7,7,7,7,7,7,7,7,7,7,7,7,7,7,7,7,7,7,7,7,7,7,7,7,8,8,8,8,8,8,8,8,8,8,8,8,8,8,8,8,8,8,8,8,8,8,8,8,8,8,8,8,8,8,8,8,8,8,8,8,8,8,8,8,8,8,8,8,8,8,8,8,8,8,8,8,8,8,8,8,8,8,8,8,8,8,8,8
34204,0,0,0,0,0,0,0,0,0,0,0,0,0,0,0,0,0,0,0,0,0,0,0,0,3,3,3,3,3,0,0,0,0,0,0,0,0,0,0,0,0,0,0,0,0,0,0,0,0,0,0,0,0,0,3,3,3,3,3,0,0,0,0,0,0,0,0,0,0,0,0,0,0,0,0,0,0,0,0,0,0,0,0,0,0,0,0,0,0,0,0,0,0,0,0,0,0,0,0,0,0,0,3,3,3,3,3,3,3,3,3,3,3,0,0,0,0,0,0,0,0,0,0
34205,3311,3310,3309,3309,3309,3309,3309,3308,3308,3307,3308,3307,3307,3307,3307,3307,3307,3306,3307,3306,3306,3306,3307,3306,3365,3399,3399,3405,3404,3352,3345,3341,3339,3337,3337,3336,3335,3336,3335,3334,3334,3334,3334,3333,3333,3333,3332,3333,3332,3332,3332,3332,3332,3332,3409,3412,3408,3413,3411,3349,3346,3344,3343,3342,3343,3342,3341,3341,3341,3340,3340,3340,3340,3340,3339,3339,3339,3339,3339,3338,3338,3338,3339,3338,3338,3338,3338,3338,3338,3338,3338,3338,3338,3338,3338,3338,3338,3338,3338,3338,3337,3337,3360,3386,3389,3391,3390,3390,3391,3391,3389,3389,3391,3355,3347,3345,3345,3343,3343,3342,3342,3341,3341
34206,3308,3308,3307,3307,3306,3307,3306,3306,3305,3305,3306,3305,3305,3305,3305,3305,3304,3305,3304,3305,3305,3304,3304,3304,3361,3394,3394,3400,3399,3349,3341,3338,3335,3333,3331,3329,3328,3327,3326,3325,3324,3323,3323,3322,3321,3321,3321,3320,3320,3320,3320,3320,3320,3319,3404,3406,3403,3406,3407,3348,3344,3342,3341,3341,3341,3340,3339,3338,3339,3338,3338,3337,3338,3338,3337,3338,3338,3337,3338,3337,3337,3337,3337,3336,3336,3336,3336,3336,3336,3336,3336,3335,3336,3336,3335,3335,3335,3336,3335,3335,3335,3335,3357,3382,3386,3387,3386,3385,3386,3388,3385,3387,3388,3352,3345,3343,3342,3341,3341,3340,3340,3340,3339
34207,0,0,0,0,0,0,0,0,0,0,0,0,0,0,0,0,0,0,0,0,0,0,0,0,0,0,0,0,0,0,0,0,0,0,0,0,0,0,0,0,0,0,0,0,0,0,0,0,0,0,0,0,0,0,0,0,0,0,0,0,0,0,0,0,0,0,0,0,0,0,0,0,0,0,0,0,0,0,0,0,0,0,0,0,0,0,0,0,0,0,0,0,0,0,0,0,0,0,0,0,0,0,0,0,0,0,0,0,0,0,0,0,0,0,0,0,0,0,0,0,0,0,0
34208,0,0,0,0,0,0,0,0,0,0,0,0,0,0,0,0,0,0,0,0,0,0,0,0,0,0,0,0,0,0,0,0,0,0,0,0,0,0,0,0,0,0,0,0,0,0,0,0,0,0,0,0,0,0,0,0,0,0,0,0,0,0,0,0,0,0,0,0,0,0,0,0,0,0,0,0,0,0,0,0,0,0,0,0,0,0,0,0,0,0,0,0,0,0,0,0,0,0,0,0,0,0,0,0,0,0,0,0,0,0,0,0,0,0,0,0,0,0,0,0,0,0,0
34209,0,0,0,0,0,0,0,0,0,0,0,0,0,0,0,0,0,0,0,0,0,0,0,0,0,0,0,0,0,0,0,0,0,0,0,0,0,0,0,0,0,0,0,0,0,0,0,0,0,0,0,0,0,0,0,0,0,0,0,0,0,0,0,0,0,0,0,0,0,0,0,0,0,0,0,0,0,0,0,0,0,0,0,0,0,0,0,0,0,0,0,0,0,0,0,0,0,0,0,0,0,0,0,0,0,0,0,0,0,0,0,0,0,0,0,0,0,0,0,0,0,0,0
34210,116,116,116,116,116,116,116,116,116,116,116,116,116,116,116,116,116,116,116,116,116,116,116,116,116,116,116,116,116,116,116,116,116,116,116,116,116,116,116,116,116,116,116,116,116,116,116,116,116,116,116,116,116,116,116,116,116,116,116,116,116,116,116,116,116,116,116,116,116,116,116,116,116,116,116,116,116,116,116,116,116,116,116,116,116,116,116,116,116,116,116,116,116,116,116,116,116,116,116,116,116,116,116,116,116,116,116,116,116,116,116,116,116,116,116,116,116,116,116,116,116,116,116
34211,370,371,370,370,374,371,373,374,373,373,374,373,372,369,369,366,363,363,362,359,360,361,360,363,364,368,371,376,379,382,383,383,385,384,383,383,384,384,383,384,382,382,379,377,376,373,372,370,368,367,367,368,369,370,374,378,381,385,390,392,391,390,389,387,387,385,384,383,383,380,380,380,379,379,377,373,374,372,372,369,369,367,368,364,365,364,363,362,361,363,362,362,359,360,359,360,359,361,359,360,360,361,360,361,362,362,363,361,364,365,364,363,364,364,365,362,362,362,360,362,359,359,358
34212,349,347,345,344,343,342,342,341,341,341,340,337,335,331,328,324,321,319,316,314,313,314,315,317,328,359,380,397,412,406,392,384,377,374,369,365,362,359,358,356,352,349,345,341,337,334,331,328,325,323,322,324,325,326,359,381,398,414,427,403,394,387,380,374,368,363,359,355,352,349,346,344,341,338,335,333,329,327,324,322,320,318,316,314,313,311,310,309,307,307,306,305,304,304,304,304,304,304,304,304,305,305,307,314,318,321,324,326,329,331,332,334,335,331,326,323,320,318,316,313,312,310,308
34213,334,334,333,333,333,332,332,331,330,330,329,329,328,328,327,327,326,326,326,325,325,324,324,323,325,330,334,338,342,343,342,342,342,342,342,341,341,341,340,340,340,339,339,338,338,337,337,336,336,335,335,335,334,334,338,341,343,346,348,344,343,342,342,342,341,340,340,339,339,339,338,338,338,337,337,336,336,335,335,334,334,333,333,333,332,331,331,330,330,330,329,329,328,328,327,327,327,326,326,325,325,325,324,325,326,326,326,327,327,327,328,328,329,328,328,327,327,326,326,325,325,324,324
34214,318,318,318,318,318,317,317,317,316,316,316,315,315,315,314,314,314,314,313,313,313,312,312,312,312,314,317,321,323,326,326,327,327,327,327,327,327,327,327,327,327,326,326,325,325,325,324,324,324,323,323,323,322,322,323,324,325,327,328,329,329,329,328,329,328,328,328,327,327,327,326,326,326,326,325,325,324,324,323,323,322,322,321,321,321,320,320,319,319,319,318,318,317,317,317,316,316,315,315,315,315,314,314,314,314,314,314,315,315,315,316,315,316,316,316,315,315,315,315,314,314,313,313
34215,322,322,322,321,321,321,321,320,319,319,319,319,318,318,317,317,316,317,316,315,315,315,315,314,314,317,320,324,327,329,330,330,331,331,331,330,330,330,329,329,329,329,328,328,328,327,327,327,326,326,326,326,325,325,325,327,328,330,332,332,332,332,331,331,331,330,330,330,329,329,329,329,328,328,328,327,327,326,326,325,325,325,324,324,323,323,323,322,322,321,321,321,320,320,320,319,319,318,318,317,317,317,316,316,316,317,317,317,318,318,318,318,319,319,319,318,318,318,317,317,316,316,316
34216,319,319,319,318,318,318,318,318,317,317,316,317,316,315,315,314,314,314,313,313,312,312,311,311,311,313,316,319,322,325,326,326,327,327,328,328,328,328,327,327,328,327,326,326,326,325,324,324,323,323,322,322,322,321,322,324,325,327,329,330,329,329,329,329,329,328,328,328,327,327,326,326,326,326,326,325,324,323,323,322,322,321,321,321,320,319,319,318,318,318,317,317,316,316,315,315,315,314,314,313,313,313,312,312,312,313,313,313,313,314,314,314,314,315,315,314,314,314,313,313,313,312,311
34217,0,0,0,0,0,0,0,0,0,0,0,0,0,0,0,0,0,0,0,0,0,0,0,0,0,0,0,0,0,0,0,0,0,0,0,0,0,0,0,0,0,0,0,0,0,0,0,0,0,0,0,0,0,0,0,0,0,0,0,0,0,0,0,0,0,0,0,0,0,0,0,0,0,0,0,0,0,0,0,0,0,0,0,0,0,0,0,0,0,0,0,0,0,0,0,0,0,0,0,0,0,0,0,0,0,0,0,0,0,0,0,0,0,0,0,0,0,0,0,0,0,0,0
34218,3310,3309,3308,3308,3307,3307,3306,3307,3306,3306,3307,3306,3305,3305,3305,3306,3305,3305,3304,3305,3305,3305,3305,3305,3363,3394,3397,3405,3401,3351,3343,3339,3339,3337,3336,3335,3335,3335,3334,3334,3333,3333,3333,3333,3333,3331,3332,3331,3331,3331,3331,3331,3331,3331,3409,3411,3405,3406,3411,3348,3344,3344,3342,3341,3341,3340,3339,3339,3340,3339,3339,3338,3339,3338,3338,3338,3338,3337,3338,3337,3338,3338,3337,3337,3338,3337,3336,3337,3336,3336,3336,3337,3336,3336,3336,3336,3336,3336,3336,3337,3336,3336,3357,3383,3388,3387,3390,3386,3387,3390,3389,3389,3391,3353,3346,3344,3342,3342,3341,3341,3342,3340,3339
34219,3309,3309,3308,3308,3307,3307,3307,3307,3305,3306,3307,3305,3305,3306,3305,3305,3305,3305,3305,3305,3305,3305,3304,3304,3363,3394,3397,3402,3402,3351,3341,3338,3337,3335,3334,3333,3331,3331,3330,3329,3328,3329,3327,3327,3327,3327,3325,3325,3324,3325,3324,3324,3324,3324,3409,3409,3408,3409,3410,3348,3345,3343,3342,3342,3342,3341,3340,3341,3339,3339,3339,3338,3339,3339,3339,3338,3338,3338,3338,3338,3337,3338,3337,3337,3338,3338,3337,3337,3337,3336,3337,3338,3337,3337,3336,3336,3337,3336,3336,3336,3336,3336,3360,3384,3388,3389,3388,3390,3387,3389,3389,3389,3391,3352,3347,3345,3343,3342,3342,3342,3341,3340,3339
34220,3309,3308,3307,3308,3307,3307,3306,3307,3306,3306,3306,3306,3306,3306,3305,3306,3305,3305,3305,3305,3305,3305,3305,3304,3363,3394,3395,3401,3399,3351,3341,3339,3337,3336,3334,3334,3332,3331,3331,3331,3329,3328,3329,3328,3327,3327,3327,3326,3326,3326,3326,3326,3326,3326,3408,3407,3406,3406,3410,3348,3345,3343,3343,3341,3342,3340,3340,3339,3340,3339,3339,3339,3339,3339,3338,3338,3339,3338,3338,3338,3338,3338,3338,3338,3337,3337,3337,3337,3337,3337,3337,3337,3337,3337,3336,3337,3335,3337,3336,3336,3336,3336,3359,3382,3387,3389,3388,3387,3386,3388,3387,3388,3390,3352,3347,3344,3343,3343,3341,3341,3341,3340,3339
34221,3310,3310,3309,3309,3308,3309,3308,3308,3307,3307,3308,3307,3306,3306,3307,3307,3306,3306,3305,3306,3306,3306,3306,3306,3364,3397,3397,3402,3401,3351,3343,3340,3339,3337,3337,3335,3335,3334,3333,3332,3332,3331,3331,3331,3329,3330,3329,3329,3329,3328,3328,3328,3328,3328,3409,3408,3407,3407,3410,3349,3345,3344,3343,3342,3341,3341,3341,3340,3340,3340,3340,3338,3339,3338,3339,3338,3339,3338,3338,3338,3338,3338,3338,3338,3338,3338,3338,3338,3338,3337,3338,3338,3337,3337,3337,3337,3338,3338,3337,3338,3336,3337,3359,3384,3389,3388,3389,3388,3388,3390,3388,3389,3389,3353,3347,3345,3344,3343,3342,3341,3340,3341,3341
34222,3309,3308,3308,3308,3307,3307,3307,3306,3306,3306,3306,3305,3306,3305,3305,3305,3305,3305,3304,3305,3305,3305,3305,3305,3363,3395,3394,3400,3399,3349,3341,3338,3335,3333,3331,3329,3328,3327,3326,3325,3324,3323,3323,3322,3321,3321,3321,3321,3320,3320,3320,3320,3320,3319,3405,3407,3405,3407,3409,3348,3345,3343,3343,3341,3341,3340,3340,3340,3339,3339,3339,3339,3338,3338,3338,3338,3338,3339,3338,3337,3338,3338,3338,3337,3337,3336,3337,3337,3337,3337,3336,3336,3336,3336,3337,3337,3336,3337,3335,3336,3336,3336,3358,3383,3387,3388,3387,3386,3388,3389,3387,3389,3388,3352,3346,3343,3342,3341,3341,3341,3340,3340,3339
34223,3310,3309,3309,3309,3309,3307,3308,3307,3307,3307,3307,3306,3307,3306,3307,3306,3306,3306,3306,3305,3305,3306,3305,3305,3364,3395,3396,3401,3400,3350,3343,3340,3337,3336,3335,3334,3334,3332,3330,3330,3329,3329,3328,3328,3327,3327,3327,3326,3327,3326,3325,3326,3326,3326,3406,3408,3404,3409,3410,3348,3345,3343,3343,3342,3341,3342,3341,3340,3340,3340,3339,3338,3340,3339,3339,3339,3339,3339,3339,3338,3338,3338,3338,3338,3338,3338,3338,3337,3338,3338,3337,3337,3338,3337,3337,3337,3337,3337,3337,3337,3337,3337,3358,3383,3388,3388,3388,3387,3389,3390,3389,3389,3390,3353,3347,3345,3344,3342,3341,3341,3341,3341,3341
34224,3309,3309,3309,3308,3308,3307,3308,3307,3307,3306,3306,3306,3306,3306,3305,3305,3305,3305,3305,3306,3306,3305,3305,3305,3363,3397,3397,3401,3399,3351,3342,3340,3338,3337,3336,3335,3335,3335,3334,3333,3333,3333,3333,3333,3332,3333,3332,3332,3331,3332,3332,3331,3331,3331,3406,3406,3403,3408,3409,3348,3344,3343,3341,3342,3341,3341,3340,3340,3339,3339,3338,3339,3338,3338,3339,3338,3338,3338,3338,3338,3337,3337,3338,3338,3337,3337,3338,3337,3337,3337,3337,3336,3337,3337,3336,3336,3337,3336,3336,3336,3336,3336,3357,3382,3387,3387,3387,3387,3388,3389,3386,3387,3389,3353,3346,3344,3343,3342,3341,3341,3340,3340,3339
34225,3310,3310,3309,3309,3309,3308,3308,3306,3307,3307,3308,3306,3307,3307,3307,3306,3306,3306,3306,3306,3306,3306,3305,3305,3363,3396,3397,3402,3400,3351,3345,3341,3339,3337,3337,3336,3335,3336,3334,3334,3333,3333,3334,3333,3333,3333,3332,3332,3332,3331,3332,3332,3332,3332,3406,3408,3404,3408,3409,3348,3346,3344,3343,3342,3342,3341,3341,3340,3341,3339,3339,3339,3338,3340,3339,3338,3339,3339,3338,3338,3338,3338,3338,3338,3337,3338,3338,3338,3338,3338,3337,3337,3338,3338,3337,3338,3337,3337,3337,3337,3337,3337,3357,3385,3388,3388,3388,3386,3388,3389,3388,3388,3389,3353,3347,3345,3344,3343,3342,3341,3341,3341,3340
34226,3309,3309,3308,3309,3307,3307,3307,3306,3306,3306,3306,3306,3305,3305,3305,3305,3305,3305,3305,3305,3305,3305,3305,3305,3363,3395,3396,3400,3399,3351,3341,3338,3337,3335,3333,3332,3331,3330,3329,3328,3328,3327,3327,3326,3326,3326,3325,3325,3325,3325,3324,3325,3324,3323,3404,3406,3403,3407,3409,3348,3344,3344,3342,3341,3341,3340,3340,3339,3339,3339,3339,3339,3339,3338,3338,3338,3338,3338,3338,3338,3338,3338,3338,3337,3337,3337,3337,3337,3337,3337,3338,3336,3336,3337,3337,3337,3336,3337,3337,3336,3337,3336,3357,3384,3386,3388,3386,3385,3388,3388,3386,3387,3388,3353,3346,3344,3343,3342,3341,3341,3340,3341,3339
34227,3310,3310,3309,3309,3308,3308,3307,3307,3307,3307,3307,3306,3306,3307,3306,3307,3306,3306,3306,3305,3306,3306,3306,3305,3363,3397,3398,3402,3403,3352,3343,3341,3339,3337,3337,3336,3335,3335,3335,3334,3334,3334,3334,3333,3332,3333,3332,3331,3332,3332,3331,3331,3331,3331,3407,3409,3405,3410,3407,3348,3345,3344,3342,3341,3342,3341,3340,3340,3340,3340,3339,3339,3339,3339,3339,3338,3339,3338,3338,3338,3338,3338,3338,3338,3338,3338,3338,3338,3338,3338,3337,3337,3337,3337,3337,3337,3337,3337,3336,3337,3337,3337,3359,3384,3388,3389,3388,3388,3389,3389,3387,3389,3390,3353,3347,3345,3344,3343,3341,3341,3341,3340,3340
34228,3309,3308,3308,3308,3307,3307,3307,3307,3307,3306,3306,3306,3305,3305,3305,3305,3305,3305,3305,3305,3305,3305,3305,3305,3364,3396,3397,3400,3400,3350,3342,3339,3336,3334,3334,3332,3332,3331,3330,3330,3329,3327,3329,3327,3327,3327,3327,3325,3326,3324,3325,3325,3325,3324,3406,3408,3405,3409,3407,3348,3344,3344,3342,3341,3341,3340,3339,3340,3339,3339,3338,3338,3338,3338,3338,3338,3338,3338,3338,3337,3338,3337,3337,3337,3337,3337,3337,3337,3337,3337,3336,3337,3337,3337,3336,3335,3337,3337,3336,3336,3336,3336,3357,3384,3386,3390,3387,3387,3389,3388,3386,3387,3388,3352,3346,3345,3343,3342,3341,3340,3340,3340,3340
34229,3311,3310,3309,3309,3308,3308,3307,3308,3308,3306,3307,3306,3306,3306,3306,3306,3306,3306,3307,3306,3306,3306,3306,3305,3365,3397,3398,3404,3402,3351,3343,3340,3338,3337,3335,3335,3334,3333,3333,3333,3331,3331,3331,3330,3330,3330,3329,3329,3329,3328,3329,3328,3328,3329,3408,3409,3406,3410,3409,3348,3345,3344,3342,3342,3342,3341,3341,3340,3340,3340,3339,3339,3339,3339,3338,3338,3339,3338,3338,3338,3338,3338,3338,3338,3338,3338,3337,3338,3337,3338,3337,3337,3337,3337,3338,3337,3337,3337,3338,3338,3337,3337,3359,3385,3387,3390,3387,3387,3390,3389,3387,3388,3389,3352,3347,3345,3343,3343,3343,3341,3341,3341,3341
34230,3310,3309,3308,3307,3307,3307,3307,3307,3306,3306,3306,3306,3305,3305,3305,3305,3305,3305,3305,3305,3305,3305,3305,3305,3365,3398,3398,3403,3402,3352,3343,3340,3338,3337,3336,3334,3334,3334,3333,3333,3333,3332,3331,3331,3331,3331,3331,3330,3330,3330,3330,3331,3330,3330,3407,3411,3406,3410,3409,3348,3345,3343,3341,3341,3341,3341,3340,3339,3339,3338,3339,3338,3339,3338,3338,3338,3338,3337,3338,3338,3338,3338,3337,3338,3337,3337,3337,3337,3337,3337,3336,3336,3337,3337,3337,3336,3337,3336,3336,3337,3337,3336,3357,3384,3386,3390,3387,3387,3389,3388,3387,3388,3389,3353,3346,3345,3342,3343,3341,3341,3340,3340,3340
34231,3310,3309,3309,3309,3309,3308,3309,3308,3307,3307,3307,3307,3306,3307,3305,3306,3307,3306,3307,3306,3306,3306,3306,3306,3363,3399,3399,3404,3403,3352,3344,3341,3339,3337,3337,3336,3335,3334,3334,3334,3333,3332,3332,3332,3331,3331,3331,3330,3331,3331,3330,3330,3329,3329,3407,3412,3406,3412,3408,3348,3346,3344,3343,3342,3343,3341,3341,3340,3340,3340,3340,3340,3339,3339,3339,3339,3339,3339,3338,3338,3338,3338,3339,3338,3338,3338,3338,3338,3338,3338,3338,3337,3338,3337,3337,3337,3337,3337,3337,3337,3337,3337,3360,3386,3387,3391,3388,3389,3391,3388,3388,3389,3390,3355,3347,3345,3345,3343,3342,3342,3342,3340,3340
34232,3309,3308,3308,3308,3306,3307,3307,3306,3306,3305,3305,3305,3305,3305,3305,3305,3305,3305,3305,3305,3305,3305,3304,3304,3362,3395,3398,3401,3400,3352,3341,3340,3338,3336,3335,3333,3333,3333,3333,3332,3332,3331,3330,3330,3329,3329,3329,3329,3328,3328,3328,3329,3327,3327,3408,3411,3406,3413,3407,3348,3345,3342,3341,3341,3341,3340,3340,3338,3340,3338,3338,3338,3338,3338,3337,3338,3338,3338,3338,3337,3337,3337,3337,3336,3337,3337,3337,3336,3337,3336,3337,3336,3336,3336,3335,3336,3336,3337,3335,3335,3336,3335,3358,3387,3387,3390,3387,3388,3388,3387,3386,3389,3388,3352,3346,3344,3343,3342,3342,3340,3340,3340,3339
34233,3309,3308,3308,3307,3307,3307,3307,3306,3306,3306,3305,3306,3306,3306,3305,3305,3304,3305,3304,3305,3305,3304,3304,3304,3361,3394,3396,3400,3400,3351,3341,3338,3337,3336,3334,3333,3332,3331,3330,3329,3329,3329,3327,3326,3326,3327,3325,3326,3325,3324,3325,3324,3324,3324,3406,3410,3408,3412,3407,3347,3344,3343,3341,3341,3341,3341,3340,3339,3339,3338,3338,3337,3338,3338,3338,3338,3337,3337,3338,3337,3337,3337,3337,3337,3337,3337,3337,3336,3336,3337,3336,3336,3336,3336,3336,3336,3336,3336,3336,3336,3335,3336,3357,3386,3386,3391,3387,3387,3389,3387,3385,3391,3389,3352,3345,3344,3343,3341,3341,3340,3340,3340,3339
34300,5324,5309,5303,5300,5299,5298,5296,5295,5295,5294,5293,5293,5293,5292,5292,5291,5291,5291,5290,5363,5438,5441,5439,5439,5368,5351,5348,5346,5344,5343,5342,5341,5341,5340,5340,5340,5340,5340,5339,5339,5339,5339,5338,5338,5338,5338,5338,5337,5337,5457,5460,5456,5458,5457,5356,5351,5348,5346,5346,5344,5344,5343,5343,5342,5342,5342,5341,5341,5341,5340,5340,5340,5340,5340,5340,5340,5339,5339,5339,5339,5339,5339,5338,5338,5339,5339,5338,5338,5338,5338,5338,5338,5411,5420,5423,5421,5421,5422,5421,5423,5425,5422,5380,5356,5351,5348,5347,5345,5344,5343,5342,5342,5342,5342,5341,5341,5341,5341,5341,5340,5340,5340,5340
34301,0,0,0,0,0,0,0,0,0,0,0,0,0,0,0,0,0,0,0,378,374,373,374,374,0,0,0,0,0,0,0,0,0,0,0,0,0,0,0,0,0,0,0,0,0,0,0,0,0,372,372,373,373,373,0,0,0,0,0,0,0,0,0,0,0,0,0,0,0,0,0,0,0,0,0,0,0,0,0,0,0,0,0,0,0,0,0,0,0,0,0,0,171,170,170,170,170,171,170,170,171,171,0,0,0,0,0,0,0,0,0,0,0,0,0,0,0,0,0,0,0,0,0
34302,601,601,601,601,601,601,601,601,601,601,601,601,601,601,601,601,601,601,600,602,622,643,664,685,701,701,701,701,701,701,701,701,701,701,701,701,701,701,701,701,701,701,701,700,700,700,700,700,700,715,735,756,777,797,801,801,801,801,801,801,801,801,801,801,801,801,801,801,801,801,801,801,801,801,801,801,800,800,800,800,800,800,800,800,800,800,800,800,800,800,800,800,807,817,826,836,845,855,864,873,883,892,900,900,900,900,900,900,900,900,900,900,900,900,900,900,900,900,900,900,900,900,900
34303,7,7,7,7,7,7,7,7,7,7,7,7,7,7,7,7,7,7,7,7,7,7,7,7,7,7,7,7,7,7,7,7,7,7,7,7,7,7,7,7,7,7,7,7,7,7,7,7,7,7,7,7,7,7,7,7,7,7,7,7,7,7,7,7,7,7,7,7,7,7,7,7,7,7,7,7,7,7,7,7,7,7,7,7,7,7,7,7,7,7,7,7,7,7,7,7,7,7,7,7,7,7,7,7,7,7,7,7,7,7,7,7,7,7,7,7,7,7,7,7,7,7,7
34304,0,0,0,0,0,0,0,0,0,0,0,0,0,0,0,0,0,0,0,3,3,3,3,3,0,0,0,0,0,0,0,0,0,0,0,0,0,0,0,0,0,0,0,0,0,0,0,0,0,3,3,3,3,3,0,0,0,0,0,0,0,0,0,0,0,0,0,0,0,0,0,0,0,0,0,0,0,0,0,0,0,0,0,0,0,0,0,0,0,0,0,0,3,3,3,3,3,3,3,3,3,3,0,0,0,0,0,0,0,0,0,0,0,0,0,0,0,0,0,0,0,0,0
34305,3330,3320,3316,3314,3313,3312,3312,3311,3312,3310,3310,3309,3309,3310,3309,3308,3309,3309,3308,3355,3403,3403,3404,3404,3357,3346,3343,3342,3341,3341,3340,3340,3339,3339,3339,3339,3339,3338,3338,3338,3338,3338,3338,3338,3338,3337,3338,3338,3338,3416,3414,3412,3414,3414,3349,3345,3344,3343,3343,3341,3341,3341,3341,3340,3340,3340,3340,3339,3340,3339,3340,3339,3339,3339,3339,3339,3339,3338,3338,3338,3338,3339,3338,3338,3338,3338,3338,3338,3338,3338,3338,3338,3385,3390,3391,3391,3391,3390,3390,3391,3394,3391,3364,3349,3345,3344,3343,3342,3341,3341,3340,3341,3340,3340,3340,3340,3339,3339,3340,3339,3339,3339,3339
34306,3326,3317,3314,3312,3311,3309,3310,3309,3308,3308,3308,3308,3307,3307,3307,3306,3306,3306,3305,3350,3397,3399,3398,3396,3354,3344,3341,3341,3339,3339,3338,3338,3337,3337,3337,3337,3337,3336,3336,3337,3336,3335,3335,3335,3335,3335,3335,3335,3335,3408,3411,3408,3410,3408,3347,3344,3342,3341,3341,3340,3339,3338,3339,3338,3338,3338,3338,3337,3338,3337,3337,3337,3337,3337,3336,3337,3336,3336,3336,3336,3336,3336,3336,3336,3336,3336,3336,3335,3335,3335,3335,3335,3380,3386,3388,3387,3386,3388,3387,3388,3389,3388,3362,3347,3343,3341,3341,3340,3339,3339,3338,3338,3338,3338,3337,3337,3337,3337,3337,3337,3337,3336,3336
34307,0,0,0,0,0,0,0,0,0,0,0,0,0,0,0,0,0,0,0,0,0,0,0,0,0,0,0,0,0,0,0,0,0,0,0,0,0,0,0,0,0,0,0,0,0,0,0,0,0,0,0,0,0,0,0,0,0,0,0,0,0,0,0,0,0,0,0,0,0,0,0,0,0,0,0,0,0,0,0,0,0,0,0,0,0,0,0,0,0,0,0,0,0,0,0,0,0,0,0,0,0,0,0,0,0,0,0,0,0,0,0,0,0,0,0,0,0,0,0,0,0,0,0
34308,0,0,0,0,0,0,0,0,0,0,0,0,0,0,0,0,0,0,0,0,0,0,0,0,0,0,0,0,0,0,0,0,0,0,0,0,0,0,0,0,0,0,0,0,0,0,0,0,0,0,0,0,0,0,0,0,0,0,0,0,0,0,0,0,0,0,0,0,0,0,0,0,0,0,0,0,0,0,0,0,0,0,0,0,0,0,0,0,0,0,0,0,0,0,0,0,0,0,0,0,0,0,0,0,0,0,0,0,0,0,0,0,0,0,0,0,0,0,0,0,0,0,0
34309,0,0,0,0,0,0,0,0,0,0,0,0,0,0,0,0,0,0,0,0,0,0,0,0,0,0,0,0,0,0,0,0,0,0,0,0,0,0,0,0,0,0,0,0,0,0,0,0,0,0,0,0,0,0,0,0,0,0,0,0,0,0,0,0,0,0,0,0,0,0,0,0,0,0,0,0,0,0,0,0,0,0,0,0,0,0,0,0,0,0,0,0,0,0,0,0,0,0,0,0,0,0,0,0,0,0,0,0,0,0,0,0,0,0,0,0,0,0,0,0,0,0,0
34310,116,116,116,116,116,116,116,116,116,116,116,116,116,116,116,116,116,116,116,116,116,116,116,116,116,116,116,116,116,116,116,116,116,116,116,116,116,116,116,116,116,116,116,116,116,116,116,116,116,116,116,116,116,116,116,116,116,116,116,116,116,116,116,116,116,116,116,116,116,116,116,116,116,116,116,116,116,116,116,116,116,116,116,116,116,116,116,116,116,116,116,116,116,116,116,116,116,116,116,116,116,116,116,116,116,116,116,116,116,116,116,116,116,116,116,116,116,116,116,116,116,116,116
34311,373,374,376,378,378,378,380,382,381,381,380,381,380,377,376,373,371,370,368,368,369,370,374,378,383,383,384,380,380,376,376,375,377,378,379,380,381,382,383,384,384,383,381,380,378,376,374,374,371,373,373,377,381,385,388,387,384,383,382,382,379,380,381,380,380,379,380,378,380,379,377,379,377,378,378,376,374,373,372,371,369,369,368,368,366,367,367,365,364,364,363,362,364,363,363,362,364,364,365,366,367,368,368,365,365,365,365,364,364,363,361,363,360,360,359,359,359,359,358,359,358,358,357
34312,385,376,371,367,363,361,359,358,357,355,354,351,347,343,340,336,332,329,327,328,362,381,398,412,411,393,383,374,365,358,354,351,349,349,349,349,349,350,350,350,349,346,343,341,337,335,332,329,327,356,376,394,409,423,401,389,380,372,364,358,355,353,350,349,347,345,343,342,341,339,339,339,337,335,333,331,329,327,325,323,320,319,318,316,314,313,311,312,310,309,309,307,314,318,322,325,328,331,333,335,337,338,337,331,327,325,322,319,317,315,313,311,310,308,308,307,307,306,306,305,304,304,303
34313,310,310,310,311,310,310,310,310,310,310,309,309,309,309,308,308,308,308,307,307,309,310,313,314,316,316,317,316,317,316,316,316,316,316,315,315,315,315,315,314,314,314,313,313,313,313,313,312,312,312,313,314,315,316,317,317,317,316,316,316,316,316,315,315,315,314,314,314,314,313,313,313,313,312,312,311,311,311,310,310,310,309,309,309,308,308,307,307,307,306,306,305,305,305,305,305,306,306,306,306,306,306,307,306,306,306,305,305,305,305,304,304,304,303,303,303,302,302,302,302,301,301,300
34314,331,331,331,331,330,330,330,329,329,328,328,327,327,327,326,326,325,325,325,324,327,330,333,336,338,338,338,338,338,338,337,337,336,336,335,335,335,334,334,333,333,332,332,331,331,330,330,330,329,329,331,333,335,337,337,337,337,336,336,336,335,334,334,334,333,333,332,332,331,331,331,330,330,329,329,328,328,328,327,327,326,326,325,325,324,324,323,323,323,322,322,321,321,321,322,322,322,322,323,323,324,324,325,324,324,324,323,323,322,322,321,321,320,320,319,319,318,318,318,317,317,316,316
34315,302,302,303,303,303,303,303,303,303,303,303,302,302,303,302,302,302,302,301,301,302,303,305,307,308,308,308,308,309,309,309,309,308,308,308,308,308,308,308,308,308,308,307,307,307,307,306,306,306,306,306,307,308,310,310,310,310,310,310,310,309,309,309,309,309,309,308,308,308,308,308,307,307,307,306,306,306,306,305,305,305,304,304,304,303,303,303,303,302,302,301,301,301,301,301,301,301,301,301,301,302,301,302,302,301,301,301,301,300,300,300,300,299,299,299,298,298,298,297,297,297,297,297
34316,334,333,334,333,333,333,332,332,332,331,331,330,330,330,329,328,328,327,326,326,331,335,338,342,343,341,341,341,341,340,339,339,339,338,338,337,337,337,336,335,335,335,334,333,332,332,332,331,330,334,336,338,341,343,341,340,339,339,338,337,337,337,336,336,335,335,334,334,333,333,332,332,331,331,330,330,329,329,328,328,327,326,326,326,326,325,324,324,323,323,322,322,322,323,323,324,324,325,325,325,326,326,326,326,325,325,324,324,323,323,323,322,321,321,320,320,319,319,318,318,317,317,317
34317,0,0,0,0,0,0,0,0,0,0,0,0,0,0,0,0,0,0,0,0,0,0,0,0,0,0,0,0,0,0,0,0,0,0,0,0,0,0,0,0,0,0,0,0,0,0,0,0,0,0,0,0,0,0,0,0,0,0,0,0,0,0,0,0,0,0,0,0,0,0,0,0,0,0,0,0,0,0,0,0,0,0,0,0,0,0,0,0,0,0,0,0,0,0,0,0,0,0,0,0,0,0,0,0,0,0,0,0,0,0,0,0,0,0,0,0,0,0,0,0,0,0,0
34318,3328,3318,3315,3313,3312,3311,3310,3310,3309,3309,3309,3309,3309,3308,3307,3307,3307,3307,3306,3351,3397,3403,3399,3399,3355,3344,3343,3341,3339,3339,3339,3338,3338,3337,3338,3338,3338,3337,3338,3337,3337,3337,3335,3336,3337,3335,3336,3336,3336,3411,3412,3410,3410,3411,3348,3345,3342,3342,3341,3340,3340,3340,3339,3339,3339,3339,3338,3338,3338,3338,3338,3338,3337,3338,3338,3338,3337,3337,3337,3337,3336,3337,3337,3336,3337,3337,3337,3337,3337,3336,3336,3338,3380,3387,3391,3387,3389,3388,3388,3390,3390,3389,3363,3348,3345,3343,3342,3341,3340,3340,3339,3339,3339,3338,3338,3338,3339,3338,3338,3338,3338,3337,3338
34319,3330,3319,3315,3313,3312,3312,3311,3310,3309,3309,3309,3309,3308,3308,3308,3307,3308,3308,3307,3352,3401,3401,3402,3400,3356,3346,3343,3341,3341,3339,3339,3338,3339,3338,3339,3339,3338,3337,3337,3337,3338,3337,3337,3337,3336,3337,3337,3336,3336,3412,3411,3410,3412,3411,3348,3345,3343,3342,3342,3340,3340,3340,3340,3339,3338,3339,3339,3338,3338,3338,3338,3338,3338,3338,3338,3337,3337,3337,3337,3337,3337,3337,3337,3337,3337,3338,3336,3337,3337,3337,3335,3337,3382,3388,3390,3388,3390,3389,3390,3389,3391,3391,3363,3348,3345,3343,3342,3341,3341,3340,3339,3339,3339,3339,3338,3339,3339,3338,3339,3338,3338,3338,3338
34320,3326,3318,3314,3312,3311,3311,3310,3310,3310,3309,3308,3308,3308,3308,3308,3308,3307,3306,3306,3351,3397,3402,3399,3399,3355,3344,3343,3341,3339,3339,3338,3339,3338,3338,3337,3337,3337,3338,3337,3337,3337,3337,3336,3335,3337,3337,3336,3335,3335,3411,3410,3411,3410,3410,3348,3344,3343,3342,3341,3340,3340,3339,3339,3338,3339,3339,3338,3338,3339,3338,3337,3337,3338,3337,3338,3337,3337,3337,3337,3337,3337,3337,3337,3337,3336,3337,3337,3336,3337,3337,3337,3336,3381,3388,3389,3388,3388,3389,3388,3389,3390,3389,3363,3347,3345,3343,3342,3341,3340,3339,3339,3339,3339,3339,3338,3338,3338,3338,3339,3338,3337,3338,3337
34321,3328,3318,3315,3313,3313,3312,3311,3310,3311,3310,3309,3309,3309,3309,3308,3308,3307,3308,3307,3352,3397,3402,3399,3399,3355,3345,3343,3342,3341,3341,3340,3340,3339,3339,3339,3338,3338,3338,3338,3338,3337,3337,3337,3337,3337,3337,3337,3337,3337,3410,3411,3411,3411,3409,3349,3345,3344,3342,3341,3341,3341,3341,3340,3340,3340,3340,3339,3339,3340,3339,3338,3338,3338,3338,3338,3338,3338,3338,3337,3337,3337,3339,3337,3338,3338,3338,3338,3338,3337,3338,3337,3337,3381,3388,3390,3388,3388,3389,3388,3389,3390,3389,3364,3348,3345,3344,3343,3341,3341,3341,3340,3340,3340,3340,3340,3338,3339,3339,3339,3338,3338,3339,3339
34322,3327,3318,3314,3313,3312,3312,3310,3309,3309,3309,3309,3308,3308,3308,3307,3307,3308,3307,3307,3350,3397,3401,3399,3399,3355,3344,3342,3341,3340,3340,3339,3339,3339,3337,3338,3338,3338,3337,3338,3337,3337,3338,3337,3337,3336,3336,3336,3336,3336,3410,3411,3410,3412,3408,3348,3344,3343,3342,3342,3340,3339,3339,3339,3339,3338,3339,3339,3338,3338,3338,3338,3338,3338,3338,3337,3337,3337,3337,3336,3338,3337,3337,3336,3336,3337,3336,3336,3337,3337,3336,3336,3337,3381,3387,3390,3388,3388,3388,3388,3388,3390,3388,3362,3348,3345,3342,3342,3341,3340,3341,3339,3339,3338,3338,3338,3338,3338,3338,3338,3338,3338,3337,3337
34323,3328,3318,3316,3313,3313,3312,3311,3310,3310,3309,3309,3309,3308,3310,3308,3307,3308,3307,3307,3351,3398,3401,3399,3399,3355,3345,3343,3342,3341,3340,3340,3339,3339,3339,3339,3339,3338,3338,3338,3338,3338,3337,3338,3337,3337,3337,3337,3337,3337,3410,3411,3410,3412,3410,3348,3345,3343,3342,3342,3341,3340,3340,3341,3340,3340,3340,3340,3339,3339,3338,3338,3338,3338,3338,3338,3338,3338,3338,3338,3337,3337,3338,3338,3337,3338,3338,3337,3338,3337,3337,3338,3337,3381,3388,3389,3388,3388,3388,3388,3389,3389,3390,3363,3349,3345,3344,3342,3342,3341,3340,3340,3340,3340,3340,3339,3339,3339,3338,3340,3338,3338,3339,3338
34324,3327,3318,3314,3313,3312,3310,3310,3310,3309,3309,3308,3308,3308,3307,3307,3307,3306,3307,3306,3353,3398,3401,3399,3398,3354,3344,3343,3341,3340,3339,3339,3338,3339,3338,3338,3338,3338,3337,3337,3337,3337,3337,3336,3336,3336,3336,3336,3336,3335,3408,3411,3409,3412,3409,3348,3345,3342,3341,3341,3340,3340,3340,3340,3339,3338,3338,3338,3338,3338,3337,3338,3338,3338,3337,3337,3337,3337,3337,3337,3337,3336,3337,3336,3337,3336,3336,3336,3336,3336,3336,3336,3336,3381,3387,3389,3387,3386,3389,3388,3389,3390,3389,3362,3348,3344,3343,3341,3342,3340,3339,3339,3339,3339,3339,3338,3338,3338,3338,3338,3337,3338,3337,3338
34325,3330,3320,3316,3314,3313,3312,3311,3311,3312,3310,3309,3309,3309,3309,3309,3308,3309,3309,3307,3354,3400,3402,3400,3399,3356,3345,3343,3342,3340,3341,3340,3339,3339,3339,3338,3338,3339,3338,3338,3337,3338,3338,3337,3337,3338,3337,3338,3338,3336,3409,3412,3411,3414,3410,3348,3345,3344,3342,3342,3341,3341,3340,3340,3340,3339,3340,3339,3339,3339,3338,3339,3338,3339,3339,3338,3339,3338,3338,3338,3338,3337,3338,3337,3337,3337,3338,3337,3337,3337,3337,3337,3337,3382,3388,3390,3388,3389,3390,3388,3390,3392,3390,3363,3348,3345,3344,3343,3342,3340,3340,3340,3339,3340,3339,3338,3340,3339,3339,3338,3339,3338,3339,3338
34326,3327,3318,3314,3313,3312,3311,3310,3310,3309,3309,3309,3308,3308,3308,3307,3307,3307,3307,3306,3352,3399,3400,3399,3396,3355,3344,3343,3342,3340,3339,3338,3338,3338,3338,3338,3337,3337,3338,3336,3337,3336,3336,3336,3336,3336,3336,3336,3336,3336,3408,3410,3409,3411,3409,3348,3344,3343,3341,3341,3341,3340,3339,3339,3339,3339,3339,3338,3338,3338,3338,3338,3338,3338,3338,3337,3337,3336,3337,3337,3336,3337,3336,3336,3336,3336,3337,3336,3336,3337,3336,3336,3336,3380,3386,3388,3387,3386,3388,3388,3388,3390,3388,3362,3348,3343,3341,3341,3341,3340,3339,3338,3338,3338,3338,3339,3338,3338,3338,3338,3338,3337,3337,3337
34327,3327,3319,3315,3313,3312,3312,3311,3310,3310,3309,3309,3309,3309,3308,3308,3307,3307,3308,3307,3354,3400,3400,3400,3397,3356,3345,3343,3341,3341,3340,3340,3339,3339,3338,3339,3338,3339,3338,3338,3338,3338,3338,3338,3338,3337,3337,3337,3337,3336,3410,3411,3410,3413,3410,3348,3345,3343,3342,3342,3341,3341,3341,3341,3339,3340,3339,3339,3339,3339,3339,3338,3339,3339,3338,3338,3338,3338,3338,3338,3338,3338,3337,3337,3338,3337,3338,3337,3337,3338,3337,3337,3338,3382,3388,3389,3388,3388,3388,3389,3389,3391,3388,3363,3348,3345,3344,3343,3341,3341,3339,3340,3341,3339,3339,3338,3339,3338,3338,3338,3338,3339,3338,3338
34328,3327,3317,3314,3313,3312,3312,3310,3309,3309,3308,3308,3308,3308,3307,3308,3306,3307,3307,3305,3353,3399,3399,3399,3396,3355,3345,3342,3341,3340,3339,3339,3338,3338,3337,3337,3338,3337,3337,3337,3337,3336,3337,3336,3336,3337,3335,3336,3336,3336,3410,3409,3408,3411,3411,3348,3344,3343,3342,3341,3340,3340,3340,3339,3339,3338,3339,3338,3338,3338,3338,3338,3338,3337,3337,3338,3338,3337,3337,3338,3336,3337,3336,3336,3336,3337,3337,3336,3335,3337,3335,3337,3336,3382,3388,3388,3389,3388,3388,3387,3389,3390,3388,3362,3348,3344,3342,3341,3341,3341,3340,3339,3338,3339,3338,3339,3338,3338,3338,3338,3338,3338,3337,3337
34329,3328,3319,3316,3314,3313,3311,3310,3311,3310,3309,3309,3309,3309,3308,3307,3308,3307,3308,3307,3353,3400,3399,3399,3397,3355,3344,3343,3342,3341,3340,3340,3339,3339,3338,3339,3339,3338,3338,3338,3338,3338,3337,3337,3338,3338,3337,3338,3337,3338,3410,3409,3409,3410,3412,3348,3345,3344,3343,3342,3341,3341,3339,3339,3340,3340,3339,3339,3338,3338,3338,3338,3338,3338,3338,3339,3338,3338,3338,3337,3337,3337,3338,3338,3337,3337,3337,3337,3338,3337,3337,3337,3337,3382,3388,3388,3388,3388,3389,3389,3389,3391,3388,3363,3348,3345,3343,3342,3342,3340,3341,3340,3340,3339,3339,3339,3339,3339,3339,3339,3339,3338,3338,3338
34330,3329,3319,3315,3313,3311,3311,3310,3309,3308,3309,3308,3308,3308,3307,3307,3307,3306,3307,3307,3353,3401,3401,3401,3399,3355,3344,3342,3341,3340,3339,3338,3339,3338,3338,3338,3338,3338,3338,3337,3337,3336,3337,3336,3336,3336,3335,3336,3335,3336,3411,3411,3411,3412,3413,3348,3345,3343,3341,3341,3340,3339,3340,3339,3338,3338,3338,3339,3337,3339,3338,3337,3337,3337,3337,3337,3337,3338,3337,3337,3336,3337,3337,3337,3337,3336,3337,3336,3336,3335,3337,3336,3336,3382,3388,3390,3389,3389,3389,3388,3390,3392,3388,3362,3347,3345,3342,3341,3340,3341,3339,3339,3339,3339,3339,3338,3337,3338,3337,3338,3338,3338,3337,3337
34331,3329,3319,3316,3313,3313,3312,3312,3310,3311,3309,3310,3309,3309,3309,3309,3307,3308,3308,3308,3355,3403,3402,3404,3402,3357,3345,3343,3342,3341,3341,3339,3339,3339,3338,3338,3338,3337,3338,3338,3337,3337,3337,3338,3337,3337,3337,3337,3337,3337,3416,3414,3412,3414,3414,3349,3345,3343,3343,3343,3341,3341,3340,3340,3340,3340,3339,3338,3339,3340,3339,3340,3338,3338,3338,3338,3339,3339,3338,3338,3338,3338,3338,3338,3338,3338,3338,3338,3336,3337,3338,3338,3337,3385,3390,3391,3391,3391,3390,3390,3391,3394,3390,3363,3348,3345,3344,3343,3341,3341,3340,3340,3340,3339,3339,3339,3339,3339,3339,3338,3339,3338,3338,3339
34332,3329,3319,3315,3313,3312,3311,3310,3309,3309,3309,3308,3308,3307,3307,3307,3306,3307,3306,3305,3354,3401,3401,3399,3404,3356,3344,3341,3341,3339,3339,3338,3338,3337,3337,3337,3337,3337,3336,3336,3337,3336,3335,3336,3336,3335,3336,3335,3335,3336,3414,3412,3411,3413,3414,3347,3344,3343,3342,3341,3341,3340,3340,3339,3339,3339,3339,3338,3338,3338,3337,3338,3338,3337,3337,3338,3338,3338,3336,3337,3336,3336,3336,3336,3336,3337,3337,3336,3337,3337,3336,3337,3336,3384,3391,3391,3390,3390,3390,3388,3391,3390,3389,3362,3347,3344,3342,3341,3340,3339,3339,3338,3338,3338,3338,3338,3338,3337,3338,3338,3338,3337,3337,3337
34333,3329,3318,3315,3313,3312,3310,3310,3310,3308,3308,3308,3308,3307,3307,3307,3306,3306,3306,3306,3351,3399,3401,3398,3401,3354,3345,3342,3341,3340,3340,3339,3339,3338,3337,3337,3337,3337,3337,3337,3337,3337,3338,3336,3336,3336,3336,3335,3335,3335,3413,3411,3411,3411,3413,3347,3345,3343,3341,3340,3340,3339,3338,3339,3339,3338,3339,3338,3338,3338,3338,3337,3337,3337,3337,3336,3337,3336,3337,3337,3336,3336,3337,3336,3336,3337,3336,3336,3336,3336,3337,3336,3335,3384,3389,3391,3389,3391,3390,3388,3391,3391,3390,3363,3348,3344,3342,3340,3340,3339,3339,3338,3338,3338,3338,3338,3338,3337,3337,3337,3337,3337,3337,3337
34400,5403,5414,5416,5422,5427,5322,5308,5303,5299,5297,5295,5294,5294,5292,5292,5291,5291,5290,5290,5289,5289,5288,5288,5288,5288,5288,5287,5287,5287,5397,5441,5439,5443,5444,5360,5350,5347,5346,5344,5343,5342,5341,5341,5341,5341,5340,5340,5340,5339,5339,5339,5340,5339,5339,5339,5338,5338,5338,5338,5458,5459,5427,5428,5428,5429,5356,5350,5347,5346,5345,5344,5343,5343,5342,5342,5342,5341,5341,5341,5341,5340,5340,5340,5340,5340,5340,5340,5340,5340,5339,5339,5339,5340,5339,5339,5338,5339,5339,5339,5339,5338,5338,5338,5338,5338,5338,5338,5337,5338,5337,5338,5337,5337,5406,5424,5401,5396,5395,5394,5394,5393,5396,5395
34401,375,375,375,375,375,0,0,0,0,0,0,0,0,0,0,0,0,0,0,0,0,0,0,0,0,0,0,0,0,376,373,373,374,374,0,0,0,0,0,0,0,0,0,0,0,0,0,0,0,0,0,0,0,0,0,0,0,0,0,372,372,257,257,257,257,0,0,0,0,0,0,0,0,0,0,0,0,0,0,0,0,0,0,0,0,0,0,0,0,0,0,0,0,0,0,0,0,0,0,0,0,0,0,0,0,0,0,0,0,0,0,0,0,171,171,84,84,84,84,84,84,84,84
34402,513,533,554,575,596,601,601,601,601,601,601,601,601,601,601,601,601,601,601,601,601,601,601,601,601,601,601,601,601,606,626,647,668,689,701,701,701,701,701,701,701,701,701,701,701,701,701,701,701,701,701,701,701,701,701,701,701,700,700,718,739,756,770,784,798,800,800,800,800,800,800,800,800,800,800,800,800,800,800,800,800,800,800,800,800,800,800,800,800,800,800,800,800,800,800,800,800,800,800,800,800,800,800,800,800,800,800,800,800,800,800,800,800,805,814,822,827,831,836,841,845,850,855
34403,49,49,49,49,49,49,49,49,49,49,49,49,49,49,49,49,49,49,49,49,49,49,49,49,49,49,49,49,49,49,49,49,49,49,49,49,49,49,49,49,49,49,49,49,49,49,49,49,49,49,49,49,49,49,49,49,49,49,49,49,49,49,49,49,49,50,50,50,50,50,50,50,50,50,50,50,50,50,50,50,50,50,50,50,50,50,50,50,50,50,50,50,50,50,50,50,50,50,50,50,50,50,50,50,50,50,50,50,50,50,50,50,50,50,50,50,50,50,50,50,50,50,50
34404,3,3,3,3,3,0,0,0,0,0,0,0,0,0,0,0,0,0,0,0,0,0,0,0,0,0,0,0,0,3,3,3,3,3,0,0,0,0,0,0,0,0,0,0,0,0,0,0,0,0,0,0,0,0,0,0,0,0,0,3,3,3,3,3,3,0,0,0,0,0,0,0,0,0,0,0,0,0,0,0,0,0,0,0,0,0,0,0,0,0,0,0,0,0,0,0,0,0,0,0,0,0,0,0,0,0,0,0,0,0,0,0,0,3,3,3,3,3,3,3,3,3,3
34405,3379,3386,3387,3390,3394,3328,3319,3316,3314,3312,3311,3310,3311,3309,3309,3308,3308,3308,3308,3307,3308,3307,3307,3307,3306,3306,3306,3307,3306,3376,3403,3401,3404,3406,3352,3345,3344,3342,3341,3341,3340,3339,3340,3339,3339,3339,3338,3339,3338,3338,3338,3339,3339,3338,3338,3338,3338,3338,3338,3414,3415,3394,3395,3394,3395,3349,3345,3344,3343,3342,3342,3341,3341,3341,3340,3340,3340,3340,3340,3339,3339,3339,3338,3339,3339,3339,3338,3339,3338,3338,3338,3338,3339,3338,3338,3338,3338,3338,3338,3338,3338,3338,3338,3338,3338,3338,3338,3337,3338,3337,3338,3337,3337,3380,3392,3377,3373,3373,3372,3373,3372,3374,3374
34406,3375,3381,3383,3386,3390,3325,3317,3313,3311,3310,3309,3309,3307,3307,3307,3306,3306,3305,3305,3305,3304,3305,3304,3305,3304,3304,3304,3304,3304,3372,3399,3398,3401,3400,3349,3343,3341,3341,3339,3338,3338,3338,3337,3338,3337,3337,3337,3337,3336,3336,3336,3336,3336,3336,3335,3336,3335,3336,3335,3409,3410,3391,3392,3391,3392,3347,3343,3342,3341,3340,3339,3339,3339,3338,3338,3338,3338,3337,3337,3337,3337,3337,3337,3337,3337,3337,3337,3336,3337,3336,3336,3336,3336,3336,3336,3336,3336,3336,3336,3336,3336,3335,3335,3336,3335,3335,3335,3335,3335,3335,3334,3335,3335,3378,3388,3374,3372,3371,3370,3370,3370,3371,3371
34407,0,0,0,0,0,0,0,0,0,0,0,0,0,0,0,0,0,0,0,0,0,0,0,0,0,0,0,0,0,0,0,0,0,0,0,0,0,0,0,0,0,0,0,0,0,0,0,0,0,0,0,0,0,0,0,0,0,0,0,0,0,0,0,0,0,0,0,0,0,0,0,0,0,0,0,0,0,0,0,0,0,0,0,0,0,0,0,0,0,0,0,0,0,0,0,0,0,0,0,0,0,0,0,0,0,0,0,0,0,0,0,0,0,0,0,0,0,0,0,0,0,0,0
34408,0,0,0,0,0,0,0,0,0,0,0,0,0,0,0,0,0,0,0,0,0,0,0,0,0,0,0,0,0,0,0,0,0,0,0,0,0,0,0,0,0,0,0,0,0,0,0,0,0,0,0,0,0,0,0,0,0,0,0,0,0,0,0,0,0,0,0,0,0,0,0,0,0,0,0,0,0,0,0,0,0,0,0,0,0,0,0,0,0,0,0,0,0,0,0,0,0,0,0,0,0,0,0,0,0,0,0,0,0,0,0,0,0,0,0,0,0,0,0,0,0,0,0
34409,0,0,0,0,0,0,0,0,0,0,0,0,0,0,0,0,0,0,0,0,0,0,0,0,0,0,0,0,0,0,0,0,0,0,0,0,0,0,0,0,0,0,0,0,0,0,0,0,0,0,0,0,0,0,0,0,0,0,0,0,0,0,0,0,0,0,0,0,0,0,0,0,0,0,0,0,0,0,0,0,0,0,0,0,0,0,0,0,0,0,0,0,0,0,0,0,0,0,0,0,0,0,0,0,0,0,0,0,0,0,0,0,0,0,0,0,0,0,0,0,0,0,0
34410,116,116,116,116,116,116,116,116,116,116,116,116,116,116,116,116,116,116,116,116,116,116,116,116,116,116,116,116,116,116,116,116,116,116,116,116,116,116,116,116,116,116,116,116,116,116,116,116,116,116,116,116,116,116,116,116,116,116,116,116,116,116,116,116,116,116,116,116,116,116,116,116,116,116,116,116,116,116,116,116,116,116,116,116,116,116,116,116,116,116,116,116,116,116,116,116,116,116,116,116,116,116,116,116,116,116,116,116,116,116,116,116,116,116,116,116,116,116,116,116,116,116,116
34411,347,349,355,359,363,368,368,371,370,372,373,373,371,369,370,367,364,364,362,362,360,358,358,357,356,355,355,356,354,355,355,360,364,369,372,376,379,376,378,378,377,378,376,374,373,371,368,368,365,364,365,363,362,362,360,359,359,359,357,361,361,367,369,372,373,372,374,373,372,372,373,373,374,373,370,371,368,369,366,365,364,363,363,360,360,358,358,359,357,357,358,356,355,357,356,357,354,355,354,354,352,352,352,353,352,352,351,350,351,351,349,349,351,350,352,351,353,354,353,353,351,354,354
34412,314,337,357,374,389,369,360,355,351,348,345,340,335,331,328,323,319,316,313,311,308,306,304,302,301,299,298,297,296,311,339,359,377,392,382,371,364,359,356,353,348,344,339,335,330,327,323,320,317,314,312,310,308,306,306,303,302,301,300,335,356,359,363,367,371,357,351,346,342,338,335,333,330,328,324,322,319,316,315,312,309,308,306,304,303,302,301,300,298,297,297,296,295,295,294,294,293,293,292,291,291,290,291,290,289,289,288,289,288,288,288,287,287,292,299,298,298,298,298,298,298,298,298
34413,287,289,292,295,298,300,300,300,300,300,300,300,300,300,299,299,299,299,299,298,298,298,298,297,297,297,297,296,296,296,298,300,302,304,305,306,306,306,306,306,306,306,305,305,305,305,305,304,304,303,303,303,303,302,302,301,301,301,301,301,302,303,304,305,305,306,305,305,305,305,305,304,304,304,303,303,302,302,302,302,301,301,301,300,300,300,299,299,299,298,298,298,297,297,296,296,296,295,295,295,294,294,294,293,293,293,292,292,292,291,291,291,290,290,290,290,290,290,290,290,290,290,289
34414,286,288,291,294,296,298,299,299,299,299,299,299,299,299,299,299,298,298,298,298,298,297,297,296,296,296,296,296,296,295,297,299,300,302,303,304,305,305,305,305,305,305,304,305,304,304,304,303,303,302,302,302,302,302,301,301,301,300,300,300,301,302,303,303,304,304,304,304,304,304,304,303,303,303,303,302,302,302,301,301,301,300,300,300,299,299,298,298,298,298,297,297,296,296,296,295,295,294,294,294,293,293,293,293,292,292,292,291,291,291,290,290,290,290,290,290,290,290,289,289,289,289,289
34415,286,289,292,295,299,300,301,301,301,301,301,301,301,300,300,300,300,299,299,299,299,298,298,297,297,297,297,297,297,297,298,300,303,304,306,306,307,306,306,307,307,306,306,306,306,305,305,304,304,304,304,303,303,303,303,302,302,302,301,301,303,304,304,305,305,306,306,305,305,305,305,304,304,304,304,303,303,303,302,302,302,301,301,301,300,300,299,299,299,299,298,298,297,297,297,296,296,296,295,295,294,294,294,294,293,293,293,292,292,292,291,291,291,290,290,291,290,290,290,290,290,290,290
34416,284,286,289,293,295,297,298,298,298,298,298,298,298,298,297,297,297,296,296,296,296,295,295,294,294,294,294,293,293,293,295,297,299,301,302,303,303,303,304,304,303,303,303,303,303,302,302,301,301,301,300,300,300,300,299,299,299,298,298,298,300,300,301,302,302,303,302,302,302,302,302,302,301,301,301,300,300,300,299,299,299,298,298,298,297,297,296,296,296,295,295,295,294,294,294,293,293,292,292,292,291,291,291,290,290,290,289,289,288,288,288,288,287,287,287,287,287,287,287,287,287,287,287
34417,0,0,0,0,0,0,0,0,0,0,0,0,0,0,0,0,0,0,0,0,0,0,0,0,0,0,0,0,0,0,0,0,0,0,0,0,0,0,0,0,0,0,0,0,0,0,0,0,0,0,0,0,0,0,0,0,0,0,0,0,0,0,0,0,0,0,0,0,0,0,0,0,0,0,0,0,0,0,0,0,0,0,0,0,0,0,0,0,0,0,0,0,0,0,0,0,0,0,0,0,0,0,0,0,0,0,0,0,0,0,0,0,0,0,0,0,0,0,0,0,0,0,0
34418,3377,3381,3383,3389,3394,3326,3318,3314,3312,3311,3310,3309,3309,3307,3307,3307,3306,3307,3306,3305,3304,3305,3305,3305,3305,3305,3305,3305,3305,3372,3403,3399,3403,3406,3351,3344,3342,3341,3340,3340,3339,3338,3338,3338,3337,3338,3338,3337,3337,3337,3337,3337,3337,3337,3337,3336,3335,3336,3337,3410,3413,3393,3395,3393,3394,3347,3344,3342,3341,3340,3340,3339,3340,3339,3339,3339,3338,3338,3338,3338,3338,3338,3338,3338,3337,3338,3338,3337,3338,3336,3338,3337,3338,3337,3337,3337,3337,3337,3336,3336,3336,3337,3336,3336,3336,3336,3336,3335,3335,3335,3336,3335,3336,3379,3390,3376,3372,3373,3372,3371,3372,3373,3372
34419,3378,3384,3386,3389,3393,3326,3317,3313,3312,3312,3309,3309,3309,3308,3308,3306,3307,3305,3306,3306,3305,3306,3305,3305,3305,3305,3304,3304,3304,3373,3402,3401,3403,3405,3351,3343,3341,3341,3340,3339,3340,3338,3338,3338,3338,3338,3338,3338,3337,3338,3337,3337,3337,3337,3337,3337,3336,3336,3336,3412,3413,3393,3394,3393,3392,3348,3344,3342,3341,3341,3341,3340,3340,3339,3339,3338,3338,3338,3338,3339,3338,3338,3338,3338,3338,3338,3337,3338,3338,3338,3338,3337,3338,3338,3336,3337,3337,3337,3337,3337,3337,3336,3337,3336,3337,3337,3336,3336,3337,3336,3337,3337,3336,3379,3391,3376,3373,3372,3372,3371,3370,3372,3372
34420,3376,3383,3385,3390,3392,3326,3317,3314,3312,3310,3309,3309,3308,3308,3308,3308,3308,3306,3306,3306,3307,3305,3306,3305,3305,3305,3305,3305,3304,3372,3401,3399,3403,3403,3350,3344,3341,3341,3341,3340,3339,3338,3338,3338,3338,3337,3338,3338,3338,3337,3336,3338,3337,3337,3337,3337,3336,3336,3336,3409,3411,3392,3392,3392,3392,3347,3344,3342,3341,3341,3340,3340,3340,3339,3338,3339,3339,3338,3338,3339,3337,3338,3338,3338,3337,3338,3337,3338,3337,3337,3337,3337,3338,3337,3336,3337,3336,3337,3338,3336,3336,3338,3337,3338,3337,3337,3337,3336,3337,3336,3336,3336,3336,3378,3389,3375,3372,3372,3372,3371,3371,3372,3371
34421,3378,3383,3386,3388,3393,3327,3318,3315,3314,3312,3311,3310,3311,3309,3309,3308,3308,3308,3308,3307,3308,3306,3307,3307,3306,3306,3306,3307,3306,3374,3403,3400,3402,3403,3351,3345,3343,3342,3341,3341,3340,3339,3340,3339,3339,3338,3338,3339,3338,3338,3338,3339,3339,3338,3337,3338,3337,3338,3337,3410,3412,3393,3393,3393,3394,3348,3345,3343,3343,3342,3341,3340,3340,3340,3340,3340,3340,3339,3339,3339,3338,3339,3338,3338,3338,3339,3338,3338,3338,3338,3338,3337,3338,3337,3337,3337,3338,3338,3338,3337,3338,3337,3337,3337,3338,3338,3337,3337,3337,3337,3336,3337,3337,3379,3390,3376,3373,3373,3371,3373,3371,3372,3372
34422,3376,3382,3385,3388,3392,3326,3317,3314,3312,3311,3309,3309,3308,3308,3308,3307,3307,3306,3306,3307,3306,3305,3305,3305,3305,3305,3304,3305,3304,3372,3402,3400,3402,3403,3350,3344,3341,3341,3340,3339,3339,3338,3338,3338,3338,3338,3338,3338,3337,3337,3337,3338,3337,3337,3337,3336,3336,3337,3336,3410,3412,3394,3393,3392,3393,3347,3344,3342,3342,3340,3339,3340,3339,3338,3338,3339,3338,3338,3338,3338,3338,3337,3338,3338,3337,3338,3337,3338,3337,3336,3338,3337,3337,3337,3337,3337,3337,3337,3337,3337,3336,3336,3336,3337,3336,3335,3336,3336,3337,3336,3337,3337,3335,3379,3389,3376,3372,3372,3372,3371,3371,3371,3373
34423,3377,3385,3386,3390,3393,3326,3317,3315,3312,3311,3310,3309,3309,3308,3308,3308,3307,3307,3307,3307,3306,3306,3305,3305,3305,3306,3305,3305,3304,3372,3403,3401,3404,3404,3351,3344,3343,3341,3341,3340,3340,3339,3338,3339,3338,3338,3338,3337,3337,3338,3337,3337,3338,3337,3336,3337,3337,3336,3337,3411,3413,3394,3393,3394,3394,3349,3343,3342,3342,3341,3341,3340,3340,3341,3339,3339,3339,3339,3340,3339,3338,3338,3338,3338,3338,3338,3338,3338,3338,3338,3338,3338,3339,3338,3338,3337,3338,3338,3338,3337,3336,3337,3338,3337,3337,3337,3337,3337,3336,3336,3337,3337,3336,3380,3390,3376,3373,3372,3372,3372,3372,3373,3373
34424,3375,3385,3385,3387,3391,3328,3318,3315,3313,3311,3311,3310,3309,3308,3309,3308,3307,3307,3307,3306,3306,3307,3306,3306,3306,3305,3305,3305,3305,3372,3400,3399,3401,3400,3350,3345,3342,3341,3341,3339,3338,3338,3339,3339,3338,3338,3337,3338,3337,3337,3337,3338,3338,3336,3337,3337,3337,3337,3336,3409,3410,3394,3392,3392,3393,3347,3344,3342,3341,3341,3341,3340,3340,3339,3338,3338,3339,3338,3338,3338,3338,3338,3338,3338,3337,3337,3338,3337,3337,3337,3337,3337,3337,3337,3336,3337,3337,3337,3336,3337,3336,3335,3336,3337,3337,3336,3336,3336,3336,3336,3336,3336,3336,3379,3388,3375,3372,3371,3370,3371,3370,3372,3371
34425,3378,3386,3387,3389,3393,3328,3319,3315,3313,3311,3310,3310,3310,3309,3308,3308,3308,3308,3307,3307,3307,3306,3306,3307,3306,3306,3306,3305,3306,3374,3401,3401,3403,3403,3352,3345,3343,3342,3341,3340,3340,3338,3338,3339,3339,3339,3338,3338,3338,3338,3338,3338,3338,3338,3338,3337,3337,3337,3337,3412,3412,3395,3392,3394,3394,3348,3344,3343,3342,3341,3342,3341,3340,3340,3340,3339,3339,3340,3339,3339,3338,3339,3338,3339,3338,3338,3338,3338,3338,3338,3337,3338,3338,3338,3338,3337,3337,3338,3338,3338,3337,3338,3337,3337,3337,3337,3338,3337,3337,3337,3337,3337,3337,3379,3390,3377,3373,3373,3372,3373,3371,3373,3374
34426,3377,3383,3385,3386,3391,3325,3317,3313,3311,3311,3309,3309,3307,3307,3307,3307,3306,3306,3306,3305,3305,3305,3305,3305,3304,3305,3305,3304,3304,3372,3399,3399,3402,3400,3350,3343,3341,3341,3340,3340,3339,3338,3338,3338,3338,3337,3338,3337,3338,3337,3337,3338,3338,3336,3337,3336,3337,3337,3336,3412,3410,3393,3392,3393,3393,3347,3343,3342,3341,3341,3340,3340,3339,3338,3339,3339,3338,3338,3338,3337,3338,3338,3337,3337,3337,3337,3337,3337,3338,3337,3337,3337,3337,3337,3336,3336,3337,3336,3336,3337,3336,3336,3337,3337,3336,3335,3336,3335,3336,3336,3335,3336,3336,3379,3389,3375,3372,3371,3371,3372,3370,3372,3372
34427,3378,3386,3386,3389,3391,3327,3319,3316,3313,3312,3310,3310,3310,3309,3309,3308,3308,3308,3307,3307,3307,3306,3307,3305,3306,3306,3306,3305,3306,3373,3400,3401,3403,3402,3350,3345,3343,3342,3341,3341,3340,3339,3338,3339,3339,3338,3338,3338,3338,3338,3338,3338,3338,3338,3338,3337,3337,3337,3338,3413,3412,3394,3393,3393,3394,3347,3344,3343,3342,3341,3340,3340,3340,3340,3339,3339,3338,3339,3339,3338,3338,3338,3338,3338,3339,3338,3338,3338,3337,3338,3338,3337,3338,3338,3337,3338,3338,3337,3337,3337,3338,3338,3337,3337,3337,3336,3338,3336,3337,3337,3337,3336,3337,3380,3390,3375,3373,3372,3372,3373,3371,3373,3372
34428,3376,3383,3385,3387,3390,3325,3317,3314,3311,3310,3310,3309,3308,3308,3307,3307,3307,3306,3306,3305,3305,3305,3305,3305,3304,3305,3304,3304,3304,3372,3399,3400,3401,3401,3349,3343,3342,3341,3340,3339,3338,3338,3339,3338,3338,3338,3338,3337,3336,3336,3337,3336,3336,3337,3335,3337,3336,3337,3336,3411,3410,3395,3392,3393,3393,3348,3344,3342,3342,3341,3339,3340,3339,3339,3338,3339,3338,3338,3338,3338,3338,3338,3338,3337,3338,3337,3337,3337,3337,3337,3338,3337,3337,3337,3337,3336,3336,3337,3337,3336,3337,3336,3336,3337,3336,3337,3335,3336,3335,3336,3336,3335,3336,3379,3390,3375,3372,3372,3370,3371,3370,3372,3372
34429,3379,3385,3386,3390,3392,3328,3318,3315,3313,3311,3311,3309,3308,3308,3308,3308,3308,3308,3307,3307,3306,3306,3306,3306,3306,3305,3305,3306,3306,3376,3401,3402,3403,3402,3352,3345,3343,3342,3341,3340,3340,3339,3339,3338,3339,3338,3338,3338,3338,3338,3338,3338,3338,3338,3337,3337,3337,3338,3337,3412,3412,3395,3393,3393,3395,3348,3345,3343,3342,3341,3341,3340,3340,3341,3340,3339,3339,3339,3339,3339,3338,3339,3338,3338,3339,3338,3338,3338,3338,3338,3338,3338,3338,3338,3338,3338,3338,3338,3337,3337,3337,3337,3337,3337,3338,3337,3336,3336,3338,3336,3337,3337,3336,3380,3392,3376,3373,3373,3372,3373,3371,3374,3373
34430,3376,3385,3385,3390,3390,3327,3317,3316,3312,3311,3309,3309,3308,3308,3308,3306,3307,3307,3306,3306,3306,3305,3306,3305,3305,3305,3304,3305,3305,3374,3400,3400,3401,3401,3350,3344,3342,3341,3340,3339,3338,3339,3338,3338,3338,3338,3337,3338,3337,3337,3337,3337,3337,3336,3337,3336,3336,3336,3336,3411,3412,3395,3393,3391,3393,3348,3344,3343,3342,3341,3340,3340,3339,3338,3339,3339,3338,3338,3338,3338,3338,3338,3338,3337,3337,3337,3337,3337,3337,3337,3336,3337,3337,3337,3338,3336,3336,3336,3337,3338,3336,3337,3336,3336,3337,3336,3336,3336,3336,3336,3336,3335,3336,3379,3390,3374,3373,3372,3371,3371,3372,3373,3373
34431,3378,3386,3387,3390,3392,3327,3318,3314,3313,3312,3310,3310,3310,3308,3308,3308,3308,3307,3307,3307,3307,3305,3306,3306,3305,3306,3306,3305,3306,3375,3400,3402,3403,3403,3351,3345,3344,3341,3341,3341,3340,3339,3340,3339,3338,3339,3338,3338,3338,3338,3338,3338,3338,3338,3338,3337,3338,3338,3337,3414,3413,3396,3394,3392,3394,3348,3344,3344,3343,3342,3341,3341,3341,3340,3339,3339,3339,3340,3339,3339,3339,3338,3338,3338,3338,3339,3338,3339,3338,3338,3338,3338,3339,3338,3338,3337,3337,3338,3337,3338,3338,3337,3337,3337,3337,3337,3337,3337,3337,3337,3338,3337,3337,3380,3391,3377,3373,3373,3372,3372,3372,3374,3373
34432,3377,3385,3385,3391,3392,3326,3317,3313,3311,3310,3309,3309,3309,3308,3308,3306,3306,3306,3305,3305,3306,3305,3304,3305,3304,3305,3304,3305,3304,3370,3401,3400,3402,3396,3350,3343,3341,3340,3340,3339,3338,3338,3338,3338,3337,3337,3337,3337,3337,3336,3336,3337,3337,3336,3336,3336,3336,3336,3335,3413,3413,3393,3393,3392,3393,3347,3343,3342,3341,3340,3340,3339,3340,3338,3338,3338,3338,3337,3337,3338,3337,3337,3338,3337,3337,3337,3337,3336,3337,3336,3337,3336,3336,3336,3336,3336,3336,3336,3336,3337,3337,3335,3336,3336,3336,3335,3335,3335,3336,3335,3334,3336,3335,3379,3391,3376,3373,3371,3371,3371,3371,3372,3372
34433,3377,3383,3387,3391,3391,3326,3318,3314,3312,3310,3309,3309,3308,3307,3308,3306,3306,3306,3306,3306,3305,3305,3305,3305,3305,3304,3304,3304,3304,3371,3402,3400,3403,3397,3350,3344,3341,3340,3340,3338,3338,3338,3339,3337,3338,3337,3337,3337,3337,3336,3337,3336,3336,3336,3337,3336,3336,3337,3336,3412,3413,3393,3392,3392,3393,3347,3343,3342,3341,3340,3340,3339,3339,3339,3338,3338,3339,3338,3337,3337,3338,3337,3337,3338,3338,3338,3337,3337,3337,3336,3336,3337,3336,3336,3337,3336,3336,3336,3336,3336,3336,3336,3336,3336,3335,3335,3335,3336,3335,3336,3336,3335,3335,3379,3390,3376,3373,3371,3370,3372,3371,3372,3372
34500,5285,5284,5284,5283,5284,5406,5417,5419,5425,5424,5323,5310,5304,5301,5299,5298,5296,5295,5294,5294,5293,5292,5292,5291,5291,5291,5290,5291,5290,5290,5289,5289,5289,5289,5404,5444,5446,5445,5445,5359,5351,5348,5346,5344,5344,5342,5342,5341,5340,5340,5340,5340,5339,5339,5339,5339,5339,5338,5338,5338,5338,5338,5338,5338,5337,5428,5436,5433,5436,5432,5433,5434,5359,5352,5349,5348,5346,5345,5345,5344,5343,5343,5342,5342,5342,5341,5341,5341,5341,5340,5340,5340,5340,5340,5339,5340,5340,5339,5339,5339,5339,5339,5338,5338,5338,5338,5338,5338,5338,5338,5338,5338,5338,5338,5338,5337,5337,5337,5337,5337,5337,5337,5337
34501,0,0,0,0,0,373,373,373,373,373,0,0,0,0,0,0,0,0,0,0,0,0,0,0,0,0,0,0,0,0,0,0,0,0,373,371,371,372,372,0,0,0,0,0,0,0,0,0,0,0,0,0,0,0,0,0,0,0,0,0,0,0,0,0,0,255,255,255,255,255,255,255,0,0,0,0,0,0,0,0,0,0,0,0,0,0,0,0,0,0,0,0,0,0,0,0,0,0,0,0,0,0,0,0,0,0,0,0,0,0,0,0,0,0,0,0,0,0,0,0,0,0,0
34502,501,501,500,500,500,515,536,556,577,598,601,601,601,601,601,601,601,601,601,601,601,601,601,601,601,601,601,601,601,601,601,601,601,600,608,628,649,670,691,701,701,701,701,701,701,701,701,701,701,701,701,701,701,701,701,701,701,701,701,701,701,700,700,700,700,712,726,740,754,769,783,797,800,800,800,800,800,800,800,800,800,800,800,800,800,800,800,800,800,800,800,800,800,800,800,800,800,800,800,800,800,800,800,800,800,800,800,800,800,800,800,800,800,800,800,800,800,800,800,800,800,800,800
34503,45,45,45,45,45,45,45,45,45,45,45,45,45,45,45,45,45,45,45,45,45,45,45,45,45,45,45,45,45,45,45,45,45,45,45,45,45,45,45,45,45,45,45,45,45,45,45,45,45,45,45,45,45,45,45,45,45,45,45,45,45,45,45,45,45,45,45,45,45,45,45,45,45,45,45,45,45,45,45,45,45,45,45,45,45,45,45,45,45,45,45,45,45,45,45,45,45,45,45,45,45,45,45,45,45,45,45,45,45,45,45,45,45,45,45,45,45,45,45,45,45,45,45
34504,0,0,0,0,0,3,3,3,3,3,0,0,0,0,0,0,0,0,0,0,0,0,0,0,0,0,0,0,0,0,0,0,0,0,3,3,3,3,3,0,0,0,0,0,0,0,0,0,0,0,0,0,0,0,0,0,0,0,0,0,0,0,0,0,0,3,3,3,3,3,3,3,0,0,0,0,0,0,0,0,0,0,0,0,0,0,0,0,0,0,0,0,0,0,0,0,0,0,0,0,0,0,0,0,0,0,0,0,0,0,0,0,0,0,0,0,0,0,0,0,0,0,0
34505,3304,3303,3303,3303,3304,3382,3388,3390,3394,3393,3328,3320,3316,3314,3314,3312,3311,3311,3310,3310,3309,3310,3309,3308,3308,3308,3308,3308,3308,3307,3308,3307,3307,3307,3380,3405,3406,3405,3406,3351,3345,3344,3342,3341,3341,3340,3340,3340,3339,3339,3339,3339,3338,3338,3338,3338,3338,3338,3337,3338,3338,3337,3338,3337,3337,3394,3399,3398,3400,3397,3398,3398,3350,3346,3345,3343,3342,3342,3341,3341,3341,3341,3340,3340,3340,3340,3339,3339,3339,3339,3339,3339,3338,3338,3339,3338,3339,3338,3339,3338,3339,3338,3338,3338,3338,3337,3338,3338,3338,3337,3337,3337,3337,3337,3338,3337,3337,3337,3338,3337,3337,3337,3338
34506,3302,3302,3301,3302,3302,3377,3382,3386,3389,3388,3326,3318,3314,3312,3311,3311,3309,3309,3308,3308,3308,3307,3306,3307,3306,3306,3305,3306,3306,3306,3305,3305,3305,3305,3376,3401,3403,3401,3402,3349,3343,3341,3341,3340,3339,3338,3338,3337,3337,3337,3336,3336,3337,3336,3336,3336,3336,3336,3335,3335,3335,3335,3335,3335,3335,3391,3396,3395,3396,3395,3395,3395,3349,3344,3343,3341,3341,3340,3340,3339,3339,3338,3338,3338,3338,3338,3337,3338,3337,3337,3337,3337,3336,3337,3337,3337,3336,3336,3336,3336,3336,3336,3336,3336,3336,3336,3336,3335,3335,3336,3335,3335,3335,3335,3335,3335,3335,3335,3335,3335,3335,3335,3335
34507,0,0,0,0,0,0,0,0,0,0,0,0,0,0,0,0,0,0,0,0,0,0,0,0,0,0,0,0,0,0,0,0,0,0,0,0,0,0,0,0,0,0,0,0,0,0,0,0,0,0,0,0,0,0,0,0,0,0,0,0,0,0,0,0,0,0,0,0,0,0,0,0,0,0,0,0,0,0,0,0,0,0,0,0,0,0,0,0,0,0,0,0,0,0,0,0,0,0,0,0,0,0,0,0,0,0,0,0,0,0,0,0,0,0,0,0,0,0,0,0,0,0,0
34508,0,0,0,0,0,0,0,0,0,0,0,0,0,0,0,0,0,0,0,0,0,0,0,0,0,0,0,0,0,0,0,0,0,0,0,0,0,0,0,0,0,0,0,0,0,0,0,0,0,0,0,0,0,0,0,0,0,0,0,0,0,0,0,0,0,0,0,0,0,0,0,0,0,0,0,0,0,0,0,0,0,0,0,0,0,0,0,0,0,0,0,0,0,0,0,0,0,0,0,0,0,0,0,0,0,0,0,0,0,0,0,0,0,0,0,0,0,0,0,0,0,0,0
34509,0,0,0,0,0,0,0,0,0,0,0,0,0,0,0,0,0,0,0,0,0,0,0,0,0,0,0,0,0,0,0,0,0,0,0,0,0,0,0,0,0,0,0,0,0,0,0,0,0,0,0,0,0,0,0,0,0,0,0,0,0,0,0,0,0,0,0,0,0,0,0,0,0,0,0,0,0,0,0,0,0,0,0,0,0,0,0,0,0,0,0,0,0,0,0,0,0,0,0,0,0,0,0,0,0,0,0,0,0,0,0,0,0,0,0,0,0,0,0,0,0,0,0
34510,116,116,116,116,116,116,116,116,116,116,116,116,116,116,116,116,116,116,116,116,116,116,116,116,116,116,116,116,116,116,116,116,116,116,116,116,116,116,116,116,116,116,116,116,116,116,116,116,116,116,116,116,116,116,116,116,116,116,116,116,116,116,116,116,116,116,116,116,116,116,116,116,116,116,116,116,116,116,116,116,116,116,116,116,116,116,116,116,116,116,116,116,116,116,116,116,116,116,116,116,116,116,116,116,116,116,116,116,116,116,116,116,116,116,116,116,116,116,116,116,116,116,116
34511,325,325,325,324,324,325,327,332,337,341,345,346,344,345,343,340,342,338,339,336,336,336,336,335,334,333,332,334,332,331,332,332,331,332,332,333,336,341,348,349,350,351,351,350,347,345,344,344,343,342,339,338,340,339,338,339,337,338,336,335,335,336,334,336,334,337,336,337,340,341,344,347,346,347,345,347,345,343,343,342,341,340,340,340,337,339,337,336,335,336,335,334,335,335,334,333,333,332,333,332,332,332,330,331,331,330,330,330,330,330,330,329,328,328,329,328,328,329,327,328,329,329,327
34512,269,269,269,268,268,297,318,337,354,369,347,338,330,324,318,312,307,303,299,296,294,291,288,286,285,283,281,281,279,278,278,276,276,275,294,319,338,355,370,359,347,339,332,325,319,314,310,306,302,299,297,294,292,290,288,287,286,284,282,282,281,280,279,279,278,294,303,312,319,326,332,337,327,320,316,311,307,304,300,298,294,292,291,289,287,286,284,283,282,281,280,279,279,278,277,277,276,275,275,275,273,274,273,273,273,273,272,271,271,271,271,270,270,270,270,269,269,269,269,269,269,268,267
34513,277,277,276,276,276,277,279,282,285,288,289,290,290,290,290,290,290,289,289,289,289,288,288,288,288,287,287,287,286,286,286,285,285,285,285,287,289,291,293,294,295,295,295,295,295,295,294,294,294,294,293,293,293,293,292,292,291,291,291,290,290,290,289,289,289,289,289,290,290,291,292,292,293,292,292,292,292,291,291,291,291,290,290,289,289,289,289,288,288,287,287,287,286,286,285,285,285,285,284,284,284,283,283,283,282,282,282,281,281,281,280,280,280,279,279,279,278,278,278,277,277,277,277
34514,289,288,288,287,287,289,293,298,303,307,309,309,309,309,308,308,307,307,306,306,305,305,304,304,303,302,302,302,301,301,300,299,299,299,299,302,306,309,312,314,314,315,314,314,314,313,313,312,312,311,311,310,310,309,309,308,308,307,307,306,306,305,304,304,303,303,305,306,306,307,308,309,310,309,309,308,308,308,307,307,306,306,305,304,304,303,303,303,302,301,301,301,300,300,299,299,298,298,297,297,296,296,296,295,294,294,294,293,293,292,292,291,291,291,290,290,289,289,288,288,287,287,287
34515,274,274,274,274,273,274,277,279,282,284,286,286,286,286,286,286,286,286,286,286,285,285,285,285,285,284,284,284,283,283,283,282,282,282,282,284,286,287,289,290,291,291,291,291,291,291,291,291,291,291,290,290,290,290,289,289,289,288,288,288,287,287,287,286,286,286,286,287,287,288,288,289,289,289,289,289,289,288,288,288,287,287,287,286,287,286,286,285,285,285,284,284,284,283,283,283,282,282,282,281,281,281,280,280,280,280,279,279,278,278,278,277,277,277,277,276,276,276,275,275,274,274,274
34516,286,285,285,284,284,286,290,294,299,303,305,305,305,305,304,304,303,303,302,302,301,301,300,300,299,299,298,298,297,297,296,295,295,295,295,298,302,305,308,309,310,310,310,309,309,309,308,308,307,307,306,306,305,305,304,304,303,303,302,302,301,301,300,300,299,299,300,301,302,303,304,305,305,305,305,304,304,303,303,302,302,301,301,300,300,299,299,299,298,298,297,297,296,296,295,295,294,294,293,293,292,292,292,291,291,290,290,290,289,289,288,288,287,287,287,286,286,286,285,285,284,284,284
34517,0,0,0,0,0,0,0,0,0,0,0,0,0,0,0,0,0,0,0,0,0,0,0,0,0,0,0,0,0,0,0,0,0,0,0,0,0,0,0,0,0,0,0,0,0,0,0,0,0,0,0,0,0,0,0,0,0,0,0,0,0,0,0,0,0,0,0,0,0,0,0,0,0,0,0,0,0,0,0,0,0,0,0,0,0,0,0,0,0,0,0,0,0,0,0,0,0,0,0,0,0,0,0,0,0,0,0,0,0,0,0,0,0,0,0,0,0,0,0,0,0,0,0
34518,3303,3303,3303,3303,3303,3378,3382,3390,3389,3389,3328,3318,3316,3313,3312,3311,3310,3309,3309,3309,3308,3308,3308,3307,3307,3306,3307,3307,3307,3306,3306,3305,3306,3305,3379,3405,3405,3401,3406,3349,3344,3343,3341,3340,3340,3339,3338,3338,3338,3338,3338,3337,3337,3337,3337,3337,3337,3337,3336,3336,3336,3337,3336,3336,3336,3391,3398,3395,3396,3396,3398,3396,3349,3345,3343,3342,3342,3340,3341,3341,3340,3340,3339,3339,3339,3339,3338,3338,3338,3338,3338,3338,3337,3337,3337,3338,3337,3337,3337,3336,3337,3337,3337,3337,3336,3336,3336,3337,3336,3337,3336,3337,3336,3336,3336,3336,3336,3336,3336,3337,3336,3336,3336
34519,3303,3302,3302,3302,3303,3378,3386,3386,3389,3389,3327,3319,3315,3313,3311,3311,3310,3309,3309,3309,3309,3308,3308,3308,3307,3306,3307,3306,3307,3306,3306,3306,3306,3305,3379,3404,3405,3402,3404,3350,3344,3343,3341,3340,3339,3339,3339,3339,3338,3337,3337,3338,3337,3337,3337,3337,3337,3337,3335,3336,3335,3337,3336,3337,3336,3392,3399,3396,3398,3395,3396,3397,3349,3345,3343,3342,3341,3341,3340,3340,3339,3339,3340,3339,3339,3338,3339,3339,3338,3338,3338,3338,3338,3338,3337,3337,3338,3338,3338,3338,3337,3337,3337,3337,3336,3337,3337,3337,3337,3336,3336,3337,3336,3337,3336,3336,3336,3336,3336,3336,3335,3336,3336
34520,3303,3302,3302,3302,3302,3378,3385,3388,3389,3390,3326,3319,3316,3313,3312,3311,3310,3310,3309,3309,3308,3307,3308,3307,3308,3307,3307,3307,3307,3306,3305,3305,3306,3306,3380,3404,3403,3403,3405,3349,3344,3342,3341,3340,3340,3339,3339,3338,3338,3337,3337,3337,3337,3337,3337,3336,3337,3336,3336,3336,3337,3336,3335,3336,3336,3392,3398,3396,3397,3395,3396,3396,3350,3345,3343,3342,3341,3340,3341,3340,3339,3340,3338,3338,3338,3338,3339,3338,3338,3338,3337,3338,3338,3338,3337,3338,3337,3337,3337,3337,3337,3337,3337,3337,3336,3336,3336,3336,3336,3336,3337,3335,3336,3336,3336,3336,3335,3336,3336,3336,3335,3336,3335
34521,3304,3303,3303,3303,3304,3377,3386,3387,3389,3389,3328,3320,3316,3314,3313,3312,3310,3311,3310,3310,3309,3310,3309,3308,3307,3308,3307,3308,3306,3307,3308,3307,3307,3306,3377,3404,3403,3402,3404,3350,3345,3344,3342,3341,3341,3340,3339,3339,3339,3339,3338,3338,3338,3338,3337,3338,3338,3338,3337,3337,3337,3337,3337,3337,3337,3392,3398,3396,3398,3395,3395,3395,3350,3346,3345,3343,3342,3342,3341,3341,3340,3340,3340,3340,3339,3339,3338,3338,3339,3338,3339,3338,3338,3338,3338,3337,3338,3338,3339,3338,3338,3338,3338,3337,3337,3337,3338,3338,3338,3337,3337,3337,3337,3337,3336,3337,3337,3337,3336,3337,3337,3335,3338
34522,3303,3302,3303,3302,3302,3377,3384,3387,3388,3389,3326,3319,3315,3313,3312,3311,3309,3309,3309,3309,3308,3308,3308,3308,3307,3307,3306,3306,3307,3306,3305,3305,3305,3305,3377,3403,3403,3401,3403,3349,3344,3342,3341,3340,3339,3338,3338,3338,3338,3337,3337,3337,3337,3337,3336,3336,3336,3337,3336,3335,3336,3335,3336,3337,3335,3391,3398,3395,3397,3395,3395,3395,3349,3344,3344,3342,3341,3341,3341,3340,3340,3339,3339,3339,3339,3339,3338,3338,3338,3338,3338,3338,3338,3337,3338,3337,3338,3337,3337,3337,3337,3337,3337,3337,3336,3336,3336,3337,3336,3336,3336,3337,3337,3337,3335,3336,3336,3335,3336,3336,3335,3335,3335
34523,3303,3303,3303,3302,3303,3378,3385,3387,3388,3389,3326,3320,3316,3314,3312,3312,3310,3309,3310,3309,3309,3308,3308,3308,3308,3308,3307,3307,3308,3307,3307,3307,3307,3307,3377,3403,3404,3403,3404,3350,3345,3342,3342,3341,3341,3339,3338,3339,3338,3338,3338,3338,3338,3338,3338,3338,3338,3336,3337,3338,3337,3337,3336,3337,3337,3393,3398,3396,3398,3395,3395,3396,3350,3345,3344,3343,3342,3341,3341,3340,3340,3340,3340,3340,3339,3339,3339,3339,3338,3339,3338,3338,3338,3338,3338,3338,3338,3338,3338,3338,3337,3338,3338,3337,3337,3337,3337,3338,3338,3337,3337,3337,3337,3337,3338,3337,3337,3336,3336,3337,3337,3336,3336
34524,3302,3303,3303,3302,3304,3378,3386,3386,3388,3388,3327,3319,3315,3312,3312,3311,3310,3310,3309,3309,3309,3307,3307,3307,3306,3306,3305,3307,3306,3307,3305,3306,3306,3305,3376,3401,3403,3403,3403,3349,3344,3342,3341,3341,3340,3339,3338,3337,3338,3338,3337,3337,3337,3336,3337,3336,3337,3337,3336,3336,3336,3336,3336,3336,3335,3392,3397,3395,3396,3395,3395,3395,3349,3345,3343,3343,3342,3340,3341,3339,3339,3339,3339,3338,3338,3338,3338,3338,3338,3338,3338,3338,3337,3338,3337,3338,3337,3337,3338,3337,3337,3336,3337,3336,3336,3336,3336,3336,3336,3336,3336,3337,3336,3336,3336,3335,3336,3335,3336,3336,3335,3336,3336
34525,3304,3303,3303,3303,3303,3378,3386,3387,3388,3391,3327,3319,3315,3313,3312,3311,3310,3309,3309,3309,3309,3308,3309,3307,3308,3307,3307,3307,3307,3307,3306,3307,3307,3306,3376,3402,3403,3405,3403,3350,3345,3343,3341,3341,3341,3339,3339,3339,3338,3338,3338,3338,3338,3337,3338,3337,3337,3337,3337,3337,3338,3336,3337,3336,3337,3392,3398,3395,3399,3395,3395,3395,3350,3345,3344,3343,3342,3341,3341,3341,3341,3340,3340,3340,3339,3339,3338,3339,3339,3338,3338,3338,3338,3338,3338,3338,3338,3338,3338,3337,3338,3337,3337,3337,3338,3336,3337,3337,3337,3336,3336,3337,3337,3337,3337,3337,3337,3337,3338,3336,3337,3337,3336
34526,3302,3302,3303,3303,3302,3379,3386,3387,3389,3393,3327,3319,3315,3313,3312,3312,3309,3309,3308,3308,3308,3308,3308,3307,3307,3307,3307,3307,3307,3306,3306,3306,3306,3305,3378,3402,3403,3404,3403,3350,3344,3342,3341,3340,3340,3339,3339,3338,3338,3338,3338,3337,3337,3337,3336,3337,3336,3336,3337,3337,3336,3337,3336,3337,3336,3393,3398,3396,3398,3395,3395,3396,3349,3345,3343,3343,3341,3341,3340,3340,3340,3339,3339,3339,3339,3338,3338,3338,3338,3338,3338,3337,3338,3338,3337,3337,3336,3337,3337,3337,3337,3337,3337,3336,3336,3336,3337,3336,3336,3336,3336,3336,3335,3336,3336,3335,3335,3335,3335,3335,3335,3335,3336
34527,3304,3303,3303,3303,3303,3381,3386,3387,3389,3392,3326,3319,3316,3313,3312,3311,3310,3310,3310,3309,3309,3308,3308,3308,3307,3307,3308,3307,3306,3307,3307,3307,3306,3305,3377,3402,3405,3403,3403,3350,3345,3343,3342,3341,3340,3338,3340,3338,3338,3339,3338,3338,3338,3337,3337,3337,3337,3337,3337,3337,3336,3336,3336,3337,3337,3394,3398,3396,3399,3395,3396,3396,3350,3345,3344,3343,3342,3341,3341,3341,3340,3340,3339,3339,3339,3339,3339,3338,3339,3338,3338,3339,3338,3338,3337,3338,3338,3338,3337,3337,3337,3337,3337,3336,3337,3337,3337,3337,3337,3337,3337,3337,3337,3337,3337,3337,3337,3337,3337,3336,3336,3336,3337
34528,3303,3302,3302,3302,3303,3379,3386,3386,3388,3391,3327,3320,3316,3314,3312,3311,3311,3310,3309,3309,3309,3309,3308,3308,3307,3307,3307,3307,3307,3306,3306,3306,3305,3306,3377,3402,3404,3404,3402,3350,3345,3342,3341,3340,3340,3339,3339,3339,3337,3338,3337,3338,3337,3337,3337,3337,3336,3336,3336,3336,3336,3336,3337,3336,3336,3392,3397,3395,3399,3396,3395,3395,3349,3346,3343,3343,3342,3340,3340,3340,3339,3339,3339,3340,3339,3338,3338,3339,3337,3338,3337,3338,3337,3337,3337,3337,3337,3337,3337,3337,3337,3337,3336,3337,3337,3336,3337,3335,3335,3336,3336,3337,3335,3336,3336,3336,3335,3336,3336,3335,3336,3336,3335
34529,3304,3303,3303,3303,3304,3382,3387,3388,3389,3392,3327,3320,3316,3314,3313,3311,3311,3310,3309,3309,3309,3308,3309,3308,3308,3307,3308,3307,3307,3307,3307,3306,3306,3306,3378,3403,3406,3405,3404,3350,3345,3343,3342,3341,3340,3340,3339,3340,3338,3338,3338,3339,3338,3337,3338,3338,3338,3337,3336,3338,3336,3337,3338,3337,3336,3394,3399,3398,3399,3397,3397,3398,3349,3345,3344,3343,3342,3341,3341,3341,3341,3339,3340,3340,3340,3339,3339,3339,3339,3338,3338,3338,3338,3338,3338,3338,3339,3337,3338,3337,3337,3338,3338,3338,3337,3336,3337,3337,3337,3337,3337,3337,3336,3337,3337,3337,3337,3335,3336,3336,3337,3336,3337
34530,3303,3302,3302,3302,3302,3379,3386,3387,3388,3392,3327,3319,3314,3313,3312,3311,3310,3309,3309,3309,3308,3308,3307,3307,3307,3307,3306,3307,3306,3307,3306,3306,3306,3306,3377,3402,3404,3404,3402,3350,3344,3343,3341,3340,3340,3339,3339,3338,3338,3337,3339,3338,3337,3336,3336,3338,3337,3336,3336,3336,3336,3336,3336,3337,3335,3393,3396,3397,3399,3395,3395,3397,3349,3345,3343,3343,3341,3341,3341,3340,3340,3339,3339,3338,3339,3338,3338,3338,3338,3338,3337,3338,3338,3338,3337,3337,3338,3337,3337,3337,3337,3336,3336,3337,3336,3337,3336,3336,3336,3337,3336,3336,3336,3336,3336,3336,3336,3335,3335,3335,3336,3335,3336
34531,3303,3303,3303,3303,3303,3381,3388,3387,3390,3393,3328,3320,3316,3314,3314,3312,3310,3311,3310,3309,3309,3309,3309,3307,3308,3308,3308,3308,3307,3307,3306,3307,3307,3307,3378,3404,3406,3404,3403,3351,3345,3344,3342,3341,3340,3340,3340,3339,3339,3338,3339,3338,3338,3338,3337,3337,3338,3338,3337,3337,3337,3337,3337,3337,3336,3394,3399,3397,3400,3396,3398,3398,3350,3345,3345,3343,3342,3341,3341,3340,3341,3341,3340,3340,3340,3340,3339,3339,3339,3338,3339,3339,3338,3338,3339,3338,3338,3338,3338,3338,3339,3338,3337,3337,3337,3337,3337,3338,3338,3337,3337,3337,3337,3337,3337,3336,3337,3336,3336,3336,3337,3337,3337
34532,3303,3302,3301,3302,3302,3381,3387,3386,3390,3397,3327,3318,3316,3313,3311,3311,3310,3309,3309,3309,3308,3307,3306,3307,3306,3308,3306,3306,3306,3306,3306,3306,3305,3305,3378,3403,3405,3404,3403,3350,3343,3342,3341,3340,3339,3339,3338,3338,3338,3337,3337,3337,3337,3336,3336,3336,3336,3336,3336,3336,3336,3336,3335,3335,3336,3394,3398,3396,3397,3396,3396,3397,3349,3345,3343,3341,3341,3341,3340,3340,3339,3338,3338,3339,3338,3337,3337,3339,3337,3337,3338,3338,3337,3337,3337,3337,3337,3336,3336,3336,3337,3337,3336,3336,3336,3336,3336,3335,3336,3336,3335,3335,3336,3336,3335,3336,3335,3335,3336,3336,3335,3335,3335
34533,3303,3302,3302,3302,3302,3380,3387,3386,3388,3395,3328,3320,3316,3313,3312,3311,3310,3309,3309,3309,3308,3308,3308,3307,3306,3306,3306,3306,3306,3306,3306,3306,3306,3305,3379,3403,3405,3403,3403,3350,3344,3341,3341,3340,3340,3339,3338,3339,3338,3337,3336,3336,3337,3337,3336,3336,3335,3336,3335,3336,3335,3335,3336,3335,3335,3393,3398,3397,3397,3396,3397,3395,3349,3345,3343,3342,3341,3340,3339,3340,3338,3339,3339,3339,3339,3338,3338,3338,3338,3337,3337,3338,3336,3337,3337,3337,3337,3337,3337,3337,3336,3336,3337,3336,3336,3336,3336,3336,3335,3337,3336,3335,3336,3335,3337,3336,3335,3335,3335,3335,3335,3335,3336
34600,0,0,0,0,0,0,0,0,0,0,0,0,0,0,0,0,0,0,0,0,0,0,0,0,0,0,0,0,0,0,0,0,0,0,0,0,0,0,0,0,0,0,0,0,0,0,0,0,0,0,0,0,0,0,0,0,0,0,0,0,0,0,0,0,0,0,0,0,0,0,0,0,0,0,0,0,0,0,0,0,0,0,0,0,0,0,0,0,0,0,0,0,0,0,0,0,0,0,0,0,0,0,0,0,0,0,0,0,0,0,0,0,0,0,0,0,0,0,0,0,0,0,0
34601,0,0,0,0,0,0,0,0,0,0,0,0,0,0,0,0,0,0,0,0,0,0,0,0,0,0,0,0,0,0,0,0,0,0,0,0,0,0,0,0,0,0,0,0,0,0,0,0,0,0,0,0,0,0,0,0,0,0,0,0,0,0,0,0,0,0,0,0,0,0,0,0,0,0,0,0,0,0,0,0,0,0,0,0,0,0,0,0,0,0,0,0,0,0,0,0,0,0,0,0,0,0,0,0,0,0,0,0,0,0,0,0,0,0,0,0,0,0,0,0,0,0,0
34602,0,0,0,0,0,0,0,0,0,0,0,0,0,0,0,0,0,0,0,0,0,0,0,0,0,0,0,0,0,0,0,0,0,0,0,0,0,0,0,0,0,0,0,0,0,0,0,0,0,0,0,0,0,0,0,0,0,0,0,0,0,0,0,0,0,0,0,0,0,0,0,0,0,0,0,0,0,0,0,0,0,0,0,0,0,0,0,0,0,0,0,0,0,0,0,0,0,0,0,0,0,0,0,0,0,0,0,0,0,0,0,0,0,0,0,0,0,0,0,0,0,0,0
34603,0,0,0,0,0,0,0,0,0,0,0,0,0,0,0,0,0,0,0,0,0,0,0,0,0,0,0,0,0,0,0,0,0,0,0,0,0,0,0,0,0,0,0,0,0,0,0,0,0,0,0,0,0,0,0,0,0,0,0,0,0,0,0,0,0,0,0,0,0,0,0,0,0,0,0,0,0,0,0,0,0,0,0,0,0,0,0,0,0,0,0,0,0,0,0,0,0,0,0,0,0,0,0,0,0,0,0,0,0,0,0,0,0,0,0,0,0,0,0,0,0,0,0
34604,0,0,0,0,0,0,0,0,0,0,0,0,0,0,0,0,0,0,0,0,0,0,0,0,0,0,0,0,0,0,0,0,0,0,0,0,0,0,0,0,0,0,0,0,0,0,0,0,0,0,0,0,0,0,0,0,0,0,0,0,0,0,0,0,0,0,0,0,0,0,0,0,0,0,0,0,0,0,0,0,0,0,0,0,0,0,0,0,0,0,0,0,0,0,0,0,0,0,0,0,0,0,0,0,0,0,0,0,0,0,0,0,0,0,0,0,0,0,0,0,0,0,0
34605,0,0,0,0,0,0,0,0,0,0,0,0,0,0,0,0,0,0,0,0,0,0,0,0,0,0,0,0,0,0,0,0,0,0,0,0,0,0,0,0,0,0,0,0,0,0,0,0,0,0,0,0,0,0,0,0,0,0,0,0,0,0,0,0,0,0,0,0,0,0,0,0,0,0,0,0,0,0,0,0,0,0,0,0,0,0,0,0,0,0,0,0,0,0,0,0,0,0,0,0,0,0,0,0,0,0,0,0,0,0,0,0,0,0,0,0,0,0,0,0,0,0,0
34606,0,0,0,0,0,0,0,0,0,0,0,0,0,0,0,0,0,0,0,0,0,0,0,0,0,0,0,0,0,0,0,0,0,0,0,0,0,0,0,0,0,0,0,0,0,0,0,0,0,0,0,0,0,0,0,0,0,0,0,0,0,0,0,0,0,0,0,0,0,0,0,0,0,0,0,0,0,0,0,0,0,0,0,0,0,0,0,0,0,0,0,0,0,0,0,0,0,0,0,0,0,0,0,0,0,0,0,0,0,0,0,0,0,0,0,0,0,0,0,0,0,0,0
34607,0,0,0,0,0,0,0,0,0,0,0,0,0,0,0,0,0,0,0,0,0,0,0,0,0,0,0,0,0,0,0,0,0,0,0,0,0,0,0,0,0,0,0,0,0,0,0,0,0,0,0,0,0,0,0,0,0,0,0,0,0,0,0,0,0,0,0,0,0,0,0,0,0,0,0,0,0,0,0,0,0,0,0,0,0,0,0,0,0,0,0,0,0,0,0,0,0,0,0,0,0,0,0,0,0,0,0,0,0,0,0,0,0,0,0,0,0,0,0,0,0,0,0
34608,0,0,0,0,0,0,0,0,0,0,0,0,0,0,0,0,0,0,0,0,0,0,0,0,0,0,0,0,0,0,0,0,0,0,0,0,0,0,0,0,0,0,0,0,0,0,0,0,0,0,0,0,0,0,0,0,0,0,0,0,0,0,0,0,0,0,0,0,0,0,0,0,0,0,0,0,0,0,0,0,0,0,0,0,0,0,0,0,0,0,0,0,0,0,0,0,0,0,0,0,0,0,0,0,0,0,0,0,0,0,0,0,0,0,0,0,0,0,0,0,0,0,0
34609,0,0,0,0,0,0,0,0,0,0,0,0,0,0,0,0,0,0,0,0,0,0,0,0,0,0,0,0,0,0,0,0,0,0,0,0,0,0,0,0,0,0,0,0,0,0,0,0,0,0,0,0,0,0,0,0,0,0,0,0,0,0,0,0,0,0,0,0,0,0,0,0,0,0,0,0,0,0,0,0,0,0,0,0,0,0,0,0,0,0,0,0,0,0,0,0,0,0,0,0,0,0,0,0,0,0,0,0,0,0,0,0,0,0,0,0,0,0,0,0,0,0,0
34610,0,0,0,0,0,0,0,0,0,0,0,0,0,0,0,0,0,0,0,0,0,0,0,0,0,0,0,0,0,0,0,0,0,0,0,0,0,0,0,0,0,0,0,0,0,0,0,0,0,0,0,0,0,0,0,0,0,0,0,0,0,0,0,0,0,0,0,0,0,0,0,0,0,0,0,0,0,0,0,0,0,0,0,0,0,0,0,0,0,0,0,0,0,0,0,0,0,0,0,0,0,0,0,0,0,0,0,0,0,0,0,0,0,0,0,0,0,0,0,0,0,0,0
34611,0,0,0,0,0,0,0,0,0,0,0,0,0,0,0,0,0,0,0,0,0,0,0,0,0,0,0,0,0,0,0,0,0,0,0,0,0,0,0,0,0,0,0,0,0,0,0,0,0,0,0,0,0,0,0,0,0,0,0,0,0,0,0,0,0,0,0,0,0,0,0,0,0,0,0,0,0,0,0,0,0,0,0,0,0,0,0,0,0,0,0,0,0,0,0,0,0,0,0,0,0,0,0,0,0,0,0,0,0,0,0,0,0,0,0,0,0,0,0,0,0,0,0
34612,0,0,0,0,0,0,0,0,0,0,0,0,0,0,0,0,0,0,0,0,0,0,0,0,0,0,0,0,0,0,0,0,0,0,0,0,0,0,0,0,0,0,0,0,0,0,0,0,0,0,0,0,0,0,0,0,0,0,0,0,0,0,0,0,0,0,0,0,0,0,0,0,0,0,0,0,0,0,0,0,0,0,0,0,0,0,0,0,0,0,0,0,0,0,0,0,0,0,0,0,0,0,0,0,0,0,0,0,0,0,0,0,0,0,0,0,0,0,0,0,0,0,0
34613,0,0,0,0,0,0,0,0,0,0,0,0,0,0,0,0,0,0,0,0,0,0,0,0,0,0,0,0,0,0,0,0,0,0,0,0,0,0,0,0,0,0,0,0,0,0,0,0,0,0,0,0,0,0,0,0,0,0,0,0,0,0,0,0,0,0,0,0,0,0,0,0,0,0,0,0,0,0,0,0,0,0,0,0,0,0,0,0,0,0,0,0,0,0,0,0,0,0,0,0,0,0,0,0,0,0,0,0,0,0,0,0,0,0,0,0,0,0,0,0,0,0,0
34614,0,0,0,0,0,0,0,0,0,0,0,0,0,0,0,0,0,0,0,0,0,0,0,0,0,0,0,0,0,0,0,0,0,0,0,0,0,0,0,0,0,0,0,0,0,0,0,0,0,0,0,0,0,0,0,0,0,0,0,0,0,0,0,0,0,0,0,0,0,0,0,0,0,0,0,0,0,0,0,0,0,0,0,0,0,0,0,0,0,0,0,0,0,0,0,0,0,0,0,0,0,0,0,0,0,0,0,0,0,0,0,0,0,0,0,0,0,0,0,0,0,0,0
34615,0,0,0,0,0,0,0,0,0,0,0,0,0,0,0,0,0,0,0,0,0,0,0,0,0,0,0,0,0,0,0,0,0,0,0,0,0,0,0,0,0,0,0,0,0,0,0,0,0,0,0,0,0,0,0,0,0,0,0,0,0,0,0,0,0,0,0,0,0,0,0,0,0,0,0,0,0,0,0,0,0,0,0,0,0,0,0,0,0,0,0,0,0,0,0,0,0,0,0,0,0,0,0,0,0,0,0,0,0,0,0,0,0,0,0,0,0,0,0,0,0,0,0
34616,0,0,0,0,0,0,0,0,0,0,0,0,0,0,0,0,0,0,0,0,0,0,0,0,0,0,0,0,0,0,0,0,0,0,0,0,0,0,0,0,0,0,0,0,0,0,0,0,0,0,0,0,0,0,0,0,0,0,0,0,0,0,0,0,0,0,0,0,0,0,0,0,0,0,0,0,0,0,0,0,0,0,0,0,0,0,0,0,0,0,0,0,0,0,0,0,0,0,0,0,0,0,0,0,0,0,0,0,0,0,0,0,0,0,0,0,0,0,0,0,0,0,0
34617,0,0,0,0,0,0,0,0,0,0,0,0,0,0,0,0,0,0,0,0,0,0,0,0,0,0,0,0,0,0,0,0,0,0,0,0,0,0,0,0,0,0,0,0,0,0,0,0,0,0,0,0,0,0,0,0,0,0,0,0,0,0,0,0,0,0,0,0,0,0,0,0,0,0,0,0,0,0,0,0,0,0,0,0,0,0,0,0,0,0,0,0,0,0,0,0,0,0,0,0,0,0,0,0,0,0,0,0,0,0,0,0,0,0,0,0,0,0,0,0,0,0,0
34618,0,0,0,0,0,0,0,0,0,0,0,0,0,0,0,0,0,0,0,0,0,0,0,0,0,0,0,0,0,0,0,0,0,0,0,0,0,0,0,0,0,0,0,0,0,0,0,0,0,0,0,0,0,0,0,0,0,0,0,0,0,0,0,0,0,0,0,0,0,0,0,0,0,0,0,0,0,0,0,0,0,0,0,0,0,0,0,0,0,0,0,0,0,0,0,0,0,0,0,0,0,0,0,0,0,0,0,0,0,0,0,0,0,0,0,0,0,0,0,0,0,0,0
34619,0,0,0,0,0,0,0,0,0,0,0,0,0,0,0,0,0,0,0,0,0,0,0,0,0,0,0,0,0,0,0,0,0,0,0,0,0,0,0,0,0,0,0,0,0,0,0,0,0,0,0,0,0,0,0,0,0,0,0,0,0,0,0,0,0,0,0,0,0,0,0,0,0,0,0,0,0,0,0,0,0,0,0,0,0,0,0,0,0,0,0,0,0,0,0,0,0,0,0,0,0,0,0,0,0,0,0,0,0,0,0,0,0,0,0,0,0,0,0,0,0,0,0
34620,0,0,0,0,0,0,0,0,0,0,0,0,0,0,0,0,0,0,0,0,0,0,0,0,0,0,0,0,0,0,0,0,0,0,0,0,0,0,0,0,0,0,0,0,0,0,0,0,0,0,0,0,0,0,0,0,0,0,0,0,0,0,0,0,0,0,0,0,0,0,0,0,0,0,0,0,0,0,0,0,0,0,0,0,0,0,0,0,0,0,0,0,0,0,0,0,0,0,0,0,0,0,0,0,0,0,0,0,0,0,0,0,0,0,0,0,0,0,0,0,0,0,0
34621,0,0,0,0,0,0,0,0,0,0,0,0,0,0,0,0,0,0,0,0,0,0,0,0,0,0,0,0,0,0,0,0,0,0,0,0,0,0,0,0,0,0,0,0,0,0,0,0,0,0,0,0,0,0,0,0,0,0,0,0,0,0,0,0,0,0,0,0,0,0,0,0,0,0,0,0,0,0,0,0,0,0,0,0,0,0,0,0,0,0,0,0,0,0,0,0,0,0,0,0,0,0,0,0,0,0,0,0,0,0,0,0,0,0,0,0,0,0,0,0,0,0,0
34622,0,0,0,0,0,0,0,0,0,0,0,0,0,0,0,0,0,0,0,0,0,0,0,0,0,0,0,0,0,0,0,0,0,0,0,0,0,0,0,0,0,0,0,0,0,0,0,0,0,0,0,0,0,0,0,0,0,0,0,0,0,0,0,0,0,0,0,0,0,0,0,0,0,0,0,0,0,0,0,0,0,0,0,0,0,0,0,0,0,0,0,0,0,0,0,0,0,0,0,0,0,0,0,0,0,0,0,0,0,0,0,0,0,0,0,0,0,0,0,0,0,0,0
34623,0,0,0,0,0,0,0,0,0,0,0,0,0,0,0,0,0,0,0,0,0,0,0,0,0,0,0,0,0,0,0,0,0,0,0,0,0,0,0,0,0,0,0,0,0,0,0,0,0,0,0,0,0,0,0,0,0,0,0,0,0,0,0,0,0,0,0,0,0,0,0,0,0,0,0,0,0,0,0,0,0,0,0,0,0,0,0,0,0,0,0,0,0,0,0,0,0,0,0,0,0,0,0,0,0,0,0,0,0,0,0,0,0,0,0,0,0,0,0,0,0,0,0
34624,0,0,0,0,0,0,0,0,0,0,0,0,0,0,0,0,0,0,0,0,0,0,0,0,0,0,0,0,0,0,0,0,0,0,0,0,0,0,0,0,0,0,0,0,0,0,0,0,0,0,0,0,0,0,0,0,0,0,0,0,0,0,0,0,0,0,0,0,0,0,0,0,0,0,0,0,0,0,0,0,0,0,0,0,0,0,0,0,0,0,0,0,0,0,0,0,0,0,0,0,0,0,0,0,0,0,0,0,0,0,0,0,0,0,0,0,0,0,0,0,0,0,0
34625,0,0,0,0,0,0,0,0,0,0,0,0,0,0,0,0,0,0,0,0,0,0,0,0,0,0,0,0,0,0,0,0,0,0,0,0,0,0,0,0,0,0,0,0,0,0,0,0,0,0,0,0,0,0,0,0,0,0,0,0,0,0,0,0,0,0,0,0,0,0,0,0,0,0,0,0,0,0,0,0,0,0,0,0,0,0,0,0,0,0,0,0,0,0,0,0,0,0,0,0,0,0,0,0,0,0,0,0,0,0,0,0,0,0,0,0,0,0,0,0,0,0,0
34626,0,0,0,0,0,0,0,0,0,0,0,0,0,0,0,0,0,0,0,0,0,0,0,0,0,0,0,0,0,0,0,0,0,0,0,0,0,0,0,0,0,0,0,0,0,0,0,0,0,0,0,0,0,0,0,0,0,0,0,0,0,0,0,0,0,0,0,0,0,0,0,0,0,0,0,0,0,0,0,0,0,0,0,0,0,0,0,0,0,0,0,0,0,0,0,0,0,0,0,0,0,0,0,0,0,0,0,0,0,0,0,0,0,0,0,0,0,0,0,0,0,0,0
34627,0,0,0,0,0,0,0,0,0,0,0,0,0,0,0,0,0,0,0,0,0,0,0,0,0,0,0,0,0,0,0,0,0,0,0,0,0,0,0,0,0,0,0,0,0,0,0,0,0,0,0,0,0,0,0,0,0,0,0,0,0,0,0,0,0,0,0,0,0,0,0,0,0,0,0,0,0,0,0,0,0,0,0,0,0,0,0,0,0,0,0,0,0,0,0,0,0,0,0,0,0,0,0,0,0,0,0,0,0,0,0,0,0,0,0,0,0,0,0,0,0,0,0
34628,0,0,0,0,0,0,0,0,0,0,0,0,0,0,0,0,0,0,0,0,0,0,0,0,0,0,0,0,0,0,0,0,0,0,0,0,0,0,0,0,0,0,0,0,0,0,0,0,0,0,0,0,0,0,0,0,0,0,0,0,0,0,0,0,0,0,0,0,0,0,0,0,0,0,0,0,0,0,0,0,0,0,0,0,0,0,0,0,0,0,0,0,0,0,0,0,0,0,0,0,0,0,0,0,0,0,0,0,0,0,0,0,0,0,0,0,0,0,0,0,0,0,0
34629,0,0,0,0,0,0,0,0,0,0,0,0,0,0,0,0,0,0,0,0,0,0,0,0,0,0,0,0,0,0,0,0,0,0,0,0,0,0,0,0,0,0,0,0,0,0,0,0,0,0,0,0,0,0,0,0,0,0,0,0,0,0,0,0,0,0,0,0,0,0,0,0,0,0,0,0,0,0,0,0,0,0,0,0,0,0,0,0,0,0,0,0,0,0,0,0,0,0,0,0,0,0,0,0,0,0,0,0,0,0,0,0,0,0,0,0,0,0,0,0,0,0,0
34630,0,0,0,0,0,0,0,0,0,0,0,0,0,0,0,0,0,0,0,0,0,0,0,0,0,0,0,0,0,0,0,0,0,0,0,0,0,0,0,0,0,0,0,0,0,0,0,0,0,0,0,0,0,0,0,0,0,0,0,0,0,0,0,0,0,0,0,0,0,0,0,0,0,0,0,0,0,0,0,0,0,0,0,0,0,0,0,0,0,0,0,0,0,0,0,0,0,0,0,0,0,0,0,0,0,0,0,0,0,0,0,0,0,0,0,0,0,0,0,0,0,0,0
34631,0,0,0,0,0,0,0,0,0,0,0,0,0,0,0,0,0,0,0,0,0,0,0,0,0,0,0,0,0,0,0,0,0,0,0,0,0,0,0,0,0,0,0,0,0,0,0,0,0,0,0,0,0,0,0,0,0,0,0,0,0,0,0,0,0,0,0,0,0,0,0,0,0,0,0,0,0,0,0,0,0,0,0,0,0,0,0,0,0,0,0,0,0,0,0,0,0,0,0,0,0,0,0,0,0,0,0,0,0,0,0,0,0,0,0,0,0,0,0,0,0,0,0
34632,0,0,0,0,0,0,0,0,0,0,0,0,0,0,0,0,0,0,0,0,0,0,0,0,0,0,0,0,0,0,0,0,0,0,0,0,0,0,0,0,0,0,0,0,0,0,0,0,0,0,0,0,0,0,0,0,0,0,0,0,0,0,0,0,0,0,0,0,0,0,0,0,0,0,0,0,0,0,0,0,0,0,0,0,0,0,0,0,0,0,0,0,0,0,0,0,0,0,0,0,0,0,0,0,0,0,0,0,0,0,0,0,0,0,0,0,0,0,0,0,0,0,0
34633,0,0,0,0,0,0,0,0,0,0,0,0,0,0,0,0,0,0,0,0,0,0,0,0,0,0,0,0,0,0,0,0,0,0,0,0,0,0,0,0,0,0,0,0,0,0,0,0,0,0,0,0,0,0,0,0,0,0,0,0,0,0,0,0,0,0,0,0,0,0,0,0,0,0,0,0,0,0,0,0,0,0,0,0,0,0,0,0,0,0,0,0,0,0,0,0,0,0,0,0,0,0,0,0,0,0,0,0,0,0,0,0,0,0,0,0,0,0,0,0,0,0,0
35000,499,501,503,505,506,507,508,510,511,512,513,494,477,466,457,448,442,437,432,428,423,420,417,415,412,410,408,406,404,402,397,399,398,397,395,395,394,393,392,391,391,390,390,389,388,388,388,388,388,386,386,386,386,386,385,385,385,385,385,384,384,382,378,371,372,368,366,363,361,359,358,356,354,353,351,347,344,342,339,337,335,333,331,330,329,327,326,325,324,323,322,322,321,320,320,319,319,318,318,317,317,316,316,315,315,315,315,315,314,314,314,314,314,313,313,312,311,308,307,305,304,303,302
35001,528,530,531,533,535,535,537,538,540,541,542,520,499,485,476,467,460,454,448,443,438,434,431,428,424,422,420,418,416,414,411,410,408,407,405,404,403,402,401,399,400,399,399,399,398,398,398,398,397,396,395,395,395,395,394,394,395,394,394,393,393,390,385,381,377,373,371,368,365,363,361,360,358,357,354,351,348,345,342,340,338,336,334,333,331,330,329,328,327,326,325,324,323,322,322,321,321,320,320,320,319,319,318,318,318,318,317,317,317,317,316,317,316,316,316,315,313,312,310,309,308,307,306
35002,528,530,531,533,535,535,537,538,540,541,542,520,499,486,476,467,460,454,448,443,438,434,431,428,424,422,420,418,416,414,411,410,408,407,405,404,403,402,401,400,400,399,399,399,398,398,398,398,397,396,395,395,395,395,394,394,395,394,394,393,393,390,384,381,377,373,371,368,365,363,361,359,358,356,354,350,348,345,342,340,338,336,334,333,331,330,329,328,327,326,325,324,323,322,322,321,321,320,320,320,319,319,318,318,318,318,317,317,317,317,317,317,316,315,316,315,313,312,310,309,308,307,306
35010,334,334,334,333,333,333,332,332,332,331,331,330,330,329,329,328,327,327,326,326,331,335,338,342,343,341,341,341,342,343,342,342,342,342,341,341,341,341,340,340,340,339,339,340,339,338,338,338,338,338,338,339,341,343,341,341,343,346,348,344,343,342,342,341,341,340,340,339,339,339,339,338,337,337,336,336,337,337,338,338,339,339,338,338,337,337,336,336,336,335,335,335,334,334,334,333,333,332,332,332,331,331,330,330,330,329,329,328,328,328,328,329,329,328,327,327,327,326,326,325,325,324,324
35011,292,293,293,293,294,294,294,294,294,295,298,303,308,313,318,319,321,321,321,322,322,322,322,322,322,322,322,321,321,320,320,320,320,320,319,319,319,319,319,319,321,322,324,326,326,326,327,326,326,326,326,326,326,326,325,325,325,325,325,325,324,324,324,324,324,323,323,323,322,322,322,322,321,322,322,323,323,323,323,323,323,324,323,323,323,322,322,321,321,320,320,320,319,319,319,318,318,317,317,316,316,316,316,315,315,314,314,314,313,313,312,312,312,311,311,310,310,310,309,309,309,308,308
35100,2,2,2,2,2,2,2,2,2,2,2,2,2,2,2,2,2,2,2,2,2,2,2,2,2,2,2,2,2,2,2,2,2,2,2,2,2,2,2,2,2,2,2,2,2,2,2,2,2,2,2,2,2,2,2,2,2,2,2,2,2,2,2,2,2,2,2,2,2,2,2,2,2,2,2,2,2,2,2,2,2,2,2,2,2,2,2,2,2,2,2,2,2,2,2,2,2,2,2,2,2,2,2,2,2,2,2,2,2,2,2,2,2,2,2,2,2,2,2,2,2,2,2
35110,576,576,576,576,576,576,576,576,576,576,576,576,576,576,576,576,576,576,576,576,576,576,576,576,576,576,576,576,576,576,576,576,576,576,576,576,576,576,576,576,576,576,576,576,576,576,576,576,576,576,576,576,576,576,576,576,576,576,576,576,576,576,576,576,576,576,576,576,576,576,576,576,576,576,576,576,576,576,576,576,576,576,576,576,576,576,576,576,576,576,576,576,576,576,576,576,576,576,576,576,576,576,576,576,576,576,576,576,576,576,576,576,576,576,576,576,576,576,576,576,576,576,576
35111,500,500,500,500,500,500,500,500,500,500,500,500,500,500,500,500,500,500,500,500,500,500,500,500,500,500,500,500,500,500,500,500,500,500,500,500,500,500,500,500,500,500,500,500,500,500,500,500,500,500,500,500,500,500,500,500,500,500,500,500,500,500,500,500,500,500,500,500,500,500,500,500,500,500,500,500,500,500,500,500,500,500,500,500,500,500,500,500,500,500,500,500,500,500,500,500,500,500,500,500,500,500,500,500,500,500,500,500,500,500,500,500,500,500,500,500,500,500,500,500,500,500,500
35112,500,500,500,500,500,500,500,500,500,500,500,500,500,500,500,500,500,500,500,500,500,500,500,500,500,500,500,500,500,500,500,500,500,500,500,500,500,500,500,500,500,500,500,500,500,500,500,500,500,500,500,500,500,500,500,500,500,500,500,500,500,500,500,500,500,500,500,500,500,500,500,500,500,500,500,500,500,500,500,500,500,500,500,500,500,500,500,500,500,500,500,500,500,500,500,500,500,500,500,500,500,500,500,500,500,500,500,500,500,500,500,500,500,500,500,500,500,500,500,500,500,500,500
36000,0,0,0,0,0,0,0,0,0,0,0,0,0,0,0,0,0,0,0,0,0,0,0,0,0,0,0,0,0,0,0,0,0,0,0,0,0,0,0,0,0,0,0,0,0,0,0,0,0,0,0,0,0,0,0,0,0,0,0,0,0,0,0,0,0,0,0,0,0,0,0,0,0,0,0,0,0,0,0,0,0,0,0,0,0,0,0,0,0,0,0,0,0,0,0,0,0,0,0,0,0,0,0,0,0,0,0,0,0,0,0,0,0,0,0,0,0,0,0,0,0,0,0
36001,0,0,0,0,0,0,0,0,0,0,0,0,0,0,0,0,0,0,0,0,0,0,0,0,0,0,0,0,0,0,0,0,0,0,0,0,0,0,0,0,0,0,0,0,0,0,0,0,0,0,0,0,0,0,0,0,0,0,0,0,0,0,0,0,0,0,0,0,0,0,0,0,0,0,0,0,0,0,0,0,0,0,0,0,0,0,0,0,0,0,0,0,0,0,0,0,0,0,0,0,0,0,0,0,0,0,0,0,0,0,0,0,0,0,0,0,0,0,0,0,0,0,0
36100,0,0,0,0,0,0,0,0,0,0,0,0,0,0,0,0,0,0,0,0,0,0,0,0,0,0,0,0,0,0,0,0,0,0,0,0,0,0,0,0,0,0,0,0,0,0,0,0,0,0,0,0,0,0,0,0,0,0,0,0,0,0,0,0,0,0,0,0,0,0,0,0,0,0,0,0,0,0,0,0,0,0,0,0,0,0,0,0,0,0,0,0,0,0,0,0,0,0,0,0,0,0,0,0,0,0,0,0,0,0,0,0,0,0,0,0,0,0,0,0,0,0,0
36101,0,0,0,0,0,0,0,0,0,0,0,0,0,0,0,0,0,0,0,0,0,0,0,0,0,0,0,0,0,0,0,0,0,0,0,0,0,0,0,0,0,0,0,0,0,0,0,0,0,0,0,0,0,0,0,0,0,0,0,0,0,0,0,0,0,0,0,0,0,0,0,0,0,0,0,0,0,0,0,0,0,0,0,0,0,0,0,0,0,0,0,0,0,0,0,0,0,0,0,0,0,0,0,0,0,0,0,0,0,0,0,0,0,0,0,0,0,0,0,0,0,0,0
36102,0,0,0,0,0,0,0,0,0,0,0,0,0,0,0,0,0,0,0,0,0,0,0,0,0,0,0,0,0,0,0,0,0,0,0,0,0,0,0,0,0,0,0,0,0,0,0,0,0,0,0,0,0,0,0,0,0,0,0,0,0,0,0,0,0,0,0,0,0,0,0,0,0,0,0,0,0,0,0,0,0,0,0,0,0,0,0,0,0,0,0,0,0,0,0,0,0,0,0,0,0,0,0,0,0,0,0,0,0,0,0,0,0,0,0,0,0,0,0,0,0,0,0
36103,0,0,0,0,0,0,0,0,0,0,0,0,0,0,0,0,0,0,0,0,0,0,0,0,0,0,0,0,0,0,0,0,0,0,0,0,0,0,0,0,0,0,0,0,0,0,0,0,0,0,0,0,0,0,0,0,0,0,0,0,0,0,0,0,0,0,0,0,0,0,0,0,0,0,0,0,0,0,0,0,0,0,0,0,0,0,0,0,0,0,0,0,0,0,0,0,0,0,0,0,0,0,0,0,0,0,0,0,0,0,0,0,0,0,0,0,0,0,0,0,0,0,0
37000,1,1,1,1,1,1,1,1,1,1,1,1,1,1,1,1,1,1,1,1,1,1,1,1,1,1,1,1,1,1,1,1,1,1,1,1,1,1,1,1,1,1,1,1,1,1,1,1,1,1,1,1,1,1,1,1,1,1,1,1,1,1,1,1,1,1,1,1,1,1,1,1,1,1,1,1,1,1,1,1,1,1,1,1,1,1,1,1,1,1,1,1,1,1,1,1,1,1,1,1,1,1,1,1,1,1,1,1,1,1,1,1,1,1,1,1,1,1,1,1,1,1,1
37001,0,0,0,0,0,0,0,0,0,0,0,0,0,0,0,0,0,0,0,0,0,0,0,0,0,0,0,0,0,0,0,0,0,0,0,0,0,0,0,0,0,0,0,0,0,0,0,0,0,0,0,0,0,0,0,0,0,0,0,0,0,0,0,0,0,0,0,0,0,0,0,0,0,0,0,0,0,0,0,0,0,0,0,0,0,0,0,0,0,0,0,0,0,0,0,0,0,0,0,0,0,0,0,0,0,0,0,0,0,0,0,0,0,0,0,0,0,0,0,0,0,0,0
37002,0,0,0,0,0,0,0,0,0,0,0,0,0,0,0,0,0,0,0,0,0,0,0,0,0,0,0,0,0,0,0,0,0,0,0,0,0,0,0,0,0,0,0,0,0,0,0,0,0,0,0,0,0,0,0,0,0,0,0,0,0,0,0,0,0,0,0,0,0,0,0,0,0,0,0,0,0,0,0,0,0,0,0,0,0,0,0,0,0,0,0,0,0,0,0,0,0,0,0,0,0,0,0,0,0,0,0,0,0,0,0,0,0,0,0,0,0,0,0,0,0,0,0
37003,0,0,0,0,0,0,0,0,0,0,0,0,0,0,0,0,0,0,0,0,0,0,0,0,0,0,0,0,0,0,0,0,0,0,0,0,0,0,0,0,0,0,0,0,0,0,0,0,0,0,0,0,0,0,0,0,0,0,0,0,0,0,0,0,0,0,0,0,0,0,0,0,0,0,0,0,0,0,0,0,0,0,0,0,0,0,0,0,0,0,0,0,0,0,0,0,0,0,0,0,0,0,0,0,0,0,0,0,0,0,0,0,0,0,0,0,0,0,0,0,0,0,0
37004,63364,63364,63364,63364,63364,63364,63364,63364,63364,63364,63364,63363,63363,63364,63367,63364,63364,63364,63364,63364,63364,63364,63364,63364,63364,63364,63364,63364,63364,63364,63364,63364,63364,63364,63364,63364,63364,63364,63364,63363,63364,63364,63364,63364,63364,63364,63364,63364,63364,63364,63364,63364,63364,63364,63364,63364,63364,63364,63364,63364,63364,64053,64053,64054,64053,64053,64053,64054,64053,64053,64053,64053,64053,64053,64546,64546,64546,64546,64546,64546,64546,64546,64546,64546,64546,64546,64546,64546,64546,64546,64546,64546,64546,64546,64546,64546,64546,64546,64546,64546,64546,64546,64546,64546,64545,64546,64546,64546,64546,64546,64546,64546,64546,64546,64546,65038,65038,65038,65038,65038,65039,65039,65039
37005,60,60,60,60,60,60,60,60,60,60,61,64,66,68,70,70,70,70,70,70,70,70,70,70,70,70,70,70,70,70,70,70,70,70,70,70,70,70,70,71,73,75,77,79,80,80,80,80,80,80,80,80,80,80,80,80,80,80,80,80,80,80,80,80,80,80,80,80,80,80,80,80,81,82,83,84,85,86,87,88,89,90,90,90,90,90,90,90,90,90,90,90,90,90,90,90,90,90,90,90,90,90,90,90,90,90,90,90,90,90,90,90,90,90,90,90,90,90,89,89,89,89,89
37006,300,300,300,301,301,301,301,302,302,302,304,308,313,319,323,322,323,324,325,325,325,326,326,326,326,326,326,326,326,326,326,326,326,325,325,326,325,325,325,328,332,335,338,340,339,338,338,338,338,338,338,338,338,337,337,337,337,336,336,336,336,336,335,335,335,335,334,334,334,333,333,333,335,336,336,337,337,337,338,338,339,338,338,337,337,337,336,336,336,336,335,335,334,334,333,333,333,332,332,332,331,331,330,330,330,329,329,328,328,328,327,327,327,326,326,326,325,325,324,324,324,323,323
37007,3309,3308,3308,3309,3308,3308,3308,3308,3307,3307,3395,3399,3406,3407,3363,3344,3339,3335,3332,3328,3326,3323,3323,3322,3320,3320,3319,3319,3318,3318,3317,3316,3316,3316,3316,3315,3315,3315,3315,3409,3421,3421,3416,3412,3353,3349,3347,3346,3345,3345,3344,3344,3343,3343,3342,3342,3342,3342,3342,3341,3341,3341,3341,3341,3341,3340,3340,3340,3340,3340,3340,3340,3399,3404,3389,3391,3392,3392,3390,3391,3394,3358,3351,3348,3346,3345,3345,3344,3344,3343,3343,3343,3342,3341,3341,3341,3341,3341,3341,3341,3341,3341,3340,3340,3340,3341,3340,3340,3340,3341,3340,3339,3340,3339,3340,3339,3340,3339,3340,3339,3340,3339,3338
37008,3307,3306,3306,3306,3305,3305,3305,3305,3305,3305,3390,3394,3399,3403,3360,3339,3333,3327,3323,3321,3320,3318,3316,3316,3314,3314,3314,3313,3313,3312,3312,3312,3312,3312,3310,3311,3311,3311,3310,3401,3414,3415,3411,3407,3351,3347,3345,3344,3343,3343,3342,3341,3341,3341,3340,3340,3340,3340,3340,3339,3339,3339,3339,3339,3339,3338,3339,3338,3338,3339,3338,3338,3397,3401,3386,3388,3387,3389,3388,3387,3391,3356,3348,3346,3344,3343,3342,3342,3341,3341,3341,3341,3340,3340,3340,3340,3339,3339,3339,3339,3338,3338,3339,3339,3338,3338,3338,3338,3337,3338,3338,3338,3338,3338,3337,3337,3338,3338,3338,3337,3337,3337,3337
37009,0,0,0,0,0,0,0,0,0,0,0,0,0,0,0,0,0,0,0,0,0,0,0,0,0,0,0,0,0,0,0,0,0,0,0,0,0,0,0,0,0,0,0,0,0,0,0,0,0,0,0,0,0,0,0,0,0,0,0,0,0,0,0,0,0,0,0,0,0,0,0,0,0,0,0,0,0,0,0,0,0,0,0,0,0,0,0,0,0,0,0,0,0,0,0,0,0,0,0,0,0,0,0,0,0,0,0,0,0,0,0,0,0,0,0,0,0,0,0,0,0,0,0
37010,0,0,0,0,0,0,0,0,0,0,0,0,0,0,0,0,0,0,0,0,0,0,0,0,0,0,0,0,0,0,0,0,0,0,0,0,0,0,0,0,0,0,0,0,0,0,0,0,0,0,0,0,0,0,0,0,0,0,0,0,0,0,0,0,0,0,0,0,0,0,0,0,0,0,0,0,0,0,0,0,0,0,0,0,0,0,0,0,0,0,0,0,0,0,0,0,0,0,0,0,0,0,0,0,0,0,0,0,0,0,0,0,0,0,0,0,0,0,0,0,0,0,0
37011,0,0,0,0,0,0,0,0,0,0,0,0,0,0,0,0,0,0,0,0,0,0,0,0,0,0,0,0,0,0,0,0,0,0,0,0,0,0,0,0,0,0,0,0,0,0,0,0,0,0,0,0,0,0,0,0,0,0,0,0,0,0,0,0,0,0,0,0,0,0,0,0,0,0,0,0,0,0,0,0,0,0,0,0,0,0,0,0,0,0,0,0,0,0,0,0,0,0,0,0,0,0,0,0,0,0,0,0,0,0,0,0,0,0,0,0,0,0,0,0,0,0,0
37012,116,116,116,116,116,116,116,116,116,116,116,116,116,116,116,116,116,116,116,116,116,116,116,116,116,116,116,116,116,116,116,116,116,116,116,116,116,116,116,116,116,116,116,116,116,116,116,116,116,116,116,116,116,116,116,116,116,116,116,116,116,116,116,116,116,116,116,116,116,116,116,116,116,116,116,116,116,116,116,116,116,116,116,116,116,116,116,116,116,116,116,116,116,116,116,116,116,116,116,116,116,116,116,116,116,116,116,116,116,116,116,116,116,116,116,116,116,116,116,116,116,116,116
37013,0,0,0,0,0,0,0,0,0,0,0,0,0,0,0,0,0,0,0,0,0,0,0,0,0,0,0,0,0,0,0,0,0,0,0,0,0,0,0,0,0,0,0,0,0,0,0,0,0,0,0,0,0,0,0,0,0,0,0,0,0,0,0,0,0,0,0,0,0,0,0,0,0,0,0,0,0,0,0,0,0,0,0,0,0,0,0,0,0,0,0,0,0,0,0,0,0,0,0,0,0,0,0,0,0,0,0,0,0,0,0,0,0,0,0,0,0,0,0,0,0,0,0
37014,0,0,0,0,0,0,0,0,0,0,0,0,0,0,0,0,0,0,0,0,0,0,0,0,0,0,0,0,0,0,0,0,0,0,0,0,0,0,0,0,0,0,0,0,0,0,0,0,0,0,0,0,0,0,0,0,0,0,0,0,0,0,0,0,0,0,0,0,0,0,0,0,0,0,0,0,0,0,0,0,0,0,0,0,0,0,0,0,0,0,0,0,0,0,0,0,0,0,0,0,0,0,0,0,0,0,0,0,0,0,0,0,0,0,0,0,0,0,0,0,0,0,0
37015,0,0,0,0,0,0,0,0,0,0,0,0,0,0,0,0,0,0,0,0,0,0,0,0,0,0,0,0,0,0,0,0,0,0,0,0,0,0,0,0,0,0,0,0,0,0,0,0,0,0,0,0,0,0,0,0,0,0,0,0,0,0,0,0,0,0,0,0,0,0,0,0,0,0,0,0,0,0,0,0,0,0,0,0,0,0,0,0,0,0,0,0,0,0,0,0,0,0,0,0,0,0,0,0,0,0,0,0,0,0,0,0,0,0,0,0,0,0,0,0,0,0,0
37016,0,0,0,0,0,0,0,0,0,0,0,0,0,0,0,0,0,0,0,0,0,0,0,0,0,0,0,0,0,0,0,0,0,0,0,0,0,0,0,0,0,0,0,0,0,0,0,0,0,0,0,0,0,0,0,0,0,0,0,0,0,0,0,0,0,0,0,0,0,0,0,0,0,0,0,0,0,0,0,0,0,0,0,0,0,0,0,0,0,0,0,0,0,0,0,0,0,0,0,0,0,0,0,0,0,0,0,0,0,0,0,0,0,0,0,0,0,0,0,0,0,0,0
37017,0,0,0,0,0,0,0,0,0,0,0,0,0,0,0,0,0,0,0,0,0,0,0,0,0,0,0,0,0,0,0,0,0,0,0,0,0,0,0,0,0,0,0,0,0,0,0,0,0,0,0,0,0,0,0,0,0,0,0,0,0,0,0,0,0,0,0,0,0,0,0,0,0,0,0,0,0,0,0,0,0,0,0,0,0,0,0,0,0,0,0,0,0,0,0,0,0,0,0,0,0,0,0,0,0,0,0,0,0,0,0,0,0,0,0,0,0,0,0,0,0,0,0
37018,0,0,0,0,0,0,0,0,0,0,0,0,0,0,0,0,0,0,0,0,0,0,0,0,0,0,0,0,0,0,0,0,0,0,0,0,0,0,0,0,0,0,0,0,0,0,0,0,0,0,0,0,0,0,0,0,0,0,0,0,0,0,0,0,0,0,0,0,0,0,0,0,0,0,0,0,0,0,0,0,0,0,0,0,0,0,0,0,0,0,0,0,0,0,0,0,0,0,0,0,0,0,0,0,0,0,0,0,0,0,0,0,0,0,0,0,0,0,0,0,0,0,0
37019,0,0,0,0,0,0,0,0,0,0,0,0,0,0,0,0,0,0,0,0,0,0,0,0,0,0,0,0,0,0,0,0,0,0,0,0,0,0,0,0,0,0,0,0,0,0,0,0,0,0,0,0,0,0,0,0,0,0,0,0,0,0,0,0,0,0,0,0,0,0,0,0,0,0,0,0,0,0,0,0,0,0,0,0,0,0,0,0,0,0,0,0,0,0,0,0,0,0,0,0,0,0,0,0,0,0,0,0,0,0,0,0,0,0,0,0,0,0,0,0,0,0,0
37020,0,0,0,0,0,0,0,0,0,0,0,0,0,0,0,0,0,0,0,0,0,0,0,0,0,0,0,0,0,0,0,0,0,0,0,0,0,0,0,0,0,0,0,0,0,0,0,0,0,0,0,0,0,0,0,0,0,0,0,0,0,0,0,0,0,0,0,0,0,0,0,0,0,0,0,0,0,0,0,0,0,0,0,0,0,0,0,0,0,0,0,0,0,0,0,0,0,0,0,0,0,0,0,0,0,0,0,0,0,0,0,0,0,0,0,0,0,0,0,0,0,0,0
37021,0,0,0,0,0,0,0,0,0,0,0,0,0,0,0,0,0,0,0,0,0,0,0,0,0,0,0,0,0,0,0,0,0,0,0,0,0,0,0,0,0,0,0,0,0,0,0,0,0,0,0,0,0,0,0,0,0,0,0,0,0,0,0,0,0,0,0,0,0,0,0,0,0,0,0,0,0,0,0,0,0,0,0,0,0,0,0,0,0,0,0,0,0,0,0,0,0,0,0,0,0,0,0,0,0,0,0,0,0,0,0,0,0,0,0,0,0,0,0,0,0,0,0
37022,0,0,0,0,0,0,0,0,0,0,0,0,0,0,0,0,0,0,0,0,0,0,0,0,0,0,0,0,0,0,0,0,0,0,0,0,0,0,0,0,0,0,0,0,0,0,0,0,0,0,0,0,0,0,0,0,0,0,0,0,0,0,0,0,0,0,0,0,0,0,0,0,0,0,0,0,0,0,0,0,0,0,0,0,0,0,0,0,0,0,0,0,0,0,0,0,0,0,0,0,0,0,0,0,0,0,0,0,0,0,0,0,0,0,0,0,0,0,0,0,0,0,0
37023,0,0,0,0,0,0,0,0,0,0,0,0,0,0,0,0,0,0,0,0,0,0,0,0,0,0,0,0,0,0,0,0,0,0,0,0,0,0,0,0,0,0,0,0,0,0,0,0,0,0,0,0,0,0,0,0,0,0,0,0,0,0,0,0,0,0,0,0,0,0,0,0,0,0,0,0,0,0,0,0,0,0,0,0,0,0,0,0,0,0,0,0,0,0,0,0,0,0,0,0,0,0,0,0,0,0,0,0,0,0,0,0,0,0,0,0,0,0,0,0,0,0,0
37024,0,0,0,0,0,0,0,0,0,0,0,0,0,0,0,0,0,0,0,0,0,0,0,0,0,0,0,0,0,0,0,0,0,0,0,0,0,0,0,0,0,0,0,0,0,0,0,0,0,0,0,0,0,0,0,0,0,0,0,0,0,0,0,0,0,0,0,0,0,0,0,0,0,0,0,0,0,0,0,0,0,0,0,0,0,0,0,0,0,0,0,0,0,0,0,0,0,0,0,0,0,0,0,0,0,0,0,0,0,0,0,0,0,0,0,0,0,0,0,0,0,0,0
41000,0,0,0,0,0,0,0,0,0,0,0,0,0,0,0,0,0,0,0,0,0,0,0,0,0,0,0,0,0,0,0,0,0,0,0,0,0,0,0,0,0,0,0,0,0,0,0,0,0,0,0,0,0,0,0,0,0,0,0,0,0,0,0,0,0,0,0,0,0,0,0,0,0,0,0,0,0,0,0,0,0,0,0,0,0,0,0,0,0,0,0,0,0,0,0,0,0,0,0,0,0,0,0,0,0,0,0,0,0,0,0,0,0,0,0,0,0,0,0,0,0,0,0
41100,1,1,1,1,1,1,1,1,1,1,1,1,1,1,1,1,1,1,1,1,1,1,1,1,1,1,1,1,1,1,1,1,1,1,1,1,1,1,1,1,1,1,1,1,1,1,1,1,1,1,1,1,1,1,1,1,1,1,1,1,1,1,1,1,1,1,1,1,1,1,1,1,1,1,1,1,1,1,1,1,1,1,1,1,1,1,1,1,1,1,1,1,1,1,1,1,1,1,1,1,1,1,1,1,1,1,1,1,1,1,1,1,1,1,1,1,1,1,1,1,1,1,1
41200,1,1,1,1,1,1,1,1,1,1,1,1,1,1,1,1,1,1,1,1,1,1,1,1,1,1,1,1,1,1,1,1,1,1,1,1,1,1,1,1,1,1,1,1,1,1,1,1,1,1,1,1,1,1,1,1,1,1,1,1,1,1,1,1,1,1,1,1,1,1,1,1,1,1,1,1,1,1,1,1,1,1,1,1,1,1,1,1,1,1,1,1,1,1,1,1,1,1,1,1,1,1,1,1,1,1,1,1,1,1,1,1,1,1,1,1,1,1,1,1,1,1,1
42000,21947,21947,21947,21947,21947,21947,21947,21947,21947,21947,21947,21947,21947,21947,21947,21947,21947,21947,21947,21947,21947,21947,21947,21947,21947,21947,21947,21947,21947,21947,21947,21947,21947,21947,21947,21947,21947,21947,21947,21947,21947,21947,21947,21947,21947,21947,21947,21947,21947,21947,21947,21947,21947,21947,21947,21947,21947,21947,21947,21947,21947,21947,21947,21947,21947,21947,21947,21947,21947,21947,21947,21947,21947,21947,21947,21947,21947,21947,21947,21947,21947,21947,21947,21947,21947,21947,21947,21947,21947,21947,21947,21947,21947,21947,21947,21947,21947,21947,21947,21947,21947,21947,21947,21947,21947,21947,21947,21947,21947,21947,21947,21947,21947,21947,21947,21947,21947,21947,21947,21947,21947,21947,21947
42010,0,0,0,0,0,0,0,0,0,0,0,0,0,0,0,0,0,0,0,0,0,0,0,0,0,0,0,0,0,0,0,0,0,0,0,0,0,0,0,0,0,0,0,0,0,0,0,0,0,0,0,0,0,0,0,0,0,0,0,0,0,0,0,0,0,0,0,0,0,0,0,0,0,0,0,0,0,0,0,0,0,0,0,0,0,0,0,0,0,0,0,0,0,0,0,0,0,0,0,0,0,0,0,0,0,0,0,0,0,0,0,0,0,0,0,0,0,0,0,0,0,0,0
42011,0,0,0,0,0,0,0,0,0,0,0,0,0,0,0,0,0,0,0,0,0,0,0,0,0,0,0,0,0,0,0,0,0,0,0,0,0,0,0,0,0,0,0,0,0,0,0,0,0,0,0,0,0,0,0,0,0,0,0,0,0,0,0,0,0,0,0,0,0,0,0,0,0,0,0,0,0,0,0,0,0,0,0,0,0,0,0,0,0,0,0,0,0,0,0,0,0,0,0,0,0,0,0,0,0,0,0,0,0,0,0,0,0,0,0,0,0,0,0,0,0,0,0
42020,0,0,0,0,0,0,0,0,0,0,0,0,0,0,0,0,0,0,0,0,0,0,0,0,0,0,0,0,0,0,0,0,0,0,0,0,0,0,0,0,0,0,0,0,0,0,0,0,0,0,0,0,0,0,0,0,0,0,0,0,0,0,0,0,0,0,0,0,0,0,0,0,0,0,0,0,0,0,0,0,0,0,0,0,0,0,0,0,0,0,0,0,0,0,0,0,0,0,0,0,0,0,0,0,0,0,0,0,0,0,0,0,0,0,0,0,0,0,0,0,0,0,0
42021,0,0,0,0,0,0,0,0,0,0,0,0,0,0,0,0,0,0,0,0,0,0,0,0,0,0,0,0,0,0,0,0,0,0,0,0,0,0,0,0,0,0,0,0,0,0,0,0,0,0,0,0,0,0,0,0,0,0,0,0,0,0,0,0,0,0,0,0,0,0,0,0,0,0,0,0,0,0,0,0,0,0,0,0,0,0,0,0,0,0,0,0,0,0,0,0,0,0,0,0,0,0,0,0,0,0,0,0,0,0,0,0,0,0,0,0,0,0,0,0,0,0,0
43000,0,0,0,0,0,0,0,0,0,0,0,0,0,0,0,0,0,0,0,0,0,0,0,0,0,0,0,0,0,0,0,0,0,0,0,0,0,0,0,0,0,0,0,0,0,0,0,0,0,0,0,0,0,0,0,0,0,0,0,0,0,0,0,0,0,0,0,0,0,0,0,0,0,0,0,0,0,0,0,0,0,0,0,0,0,0,0,0,0,0,0,0,0,0,0,0,0,0,0,0,0,0,0,0,0,0,0,0,0,0,0,0,0,0,0,0,0,0,0,0,0,0,0
43100,127,127,127,127,127,127,127,127,127,127,127,127,127,127,127,127,127,127,127,127,127,127,127,127,127,127,127,127,127,127,127,127,127,127,127,127,127,127,127,127,127,127,127,127,127,127,127,127,127,127,127,127,127,127,127,127,127,127,127,127,127,127,127,127,127,127,127,127,127,127,127,127,127,127,127,127,127,127,127,127,127,127,127,127,127,127,127,127,127,127,127,127,127,127,127,127,127,127,127,127,127,127,127,127,127,127,127,127,127,127,127,127,127,127,127,127,127,127,127,127,127,127,127
43101,0,0,0,0,0,0,0,0,0,0,0,0,0,0,0,0,0,0,0,0,0,0,0,0,0,0,0,0,0,0,0,0,0,0,0,0,0,0,0,0,0,0,0,0,0,0,0,0,0,0,0,0,0,0,0,0,0,0,0,0,0,0,0,0,0,0,0,0,0,0,0,0,0,0,0,0,0,0,0,0,0,0,0,0,0,0,0,0,0,0,0,0,0,0,0,0,0,0,0,0,0,0,0,0,0,0,0,0,0,0,0,0,0,0,0,0,0,0,0,0,0,0,0
43102,2359,2359,2359,2359,2359,2359,2359,2359,2359,2359,2359,2359,2359,2359,2359,2359,2359,2359,2359,2359,2359,2359,2359,2359,2359,2359,2359,2359,2359,2359,2359,2359,2359,2359,2359,2359,2359,2359,2359,2359,2359,2359,2359,2359,2359,2359,2359,2359,2359,2359,2359,2359,2359,2359,2359,2359,2359,2359,2359,2359,2359,2359,2359,2359,2359,2359,2359,2359,2359,2359,2359,2359,2359,2359,2359,2359,2359,2359,2359,2359,2359,2359,2359,2359,2359,2359,2359,2359,2359,2359,2359,2359,2359,2359,2359,2359,2359,2359,2359,2359,2359,2359,2359,2359,2359,2359,2359,2359,2359,2359,2359,2359,2359,2359,2359,2359,2359,2359,2359,2359,2359,2359,2359
43103,63336,63336,63336,63336,63336,63336,63336,63336,63336,63336,63336,63336,63336,63336,63336,63336,63336,63336,63336,63336,63336,63336,63336,63336,63336,63336,63336,63336,63336,63336,63336,63336,63336,63336,63336,63336,63336,63336,63336,63336,63336,63336,63336,63336,63336,63336,63336,63336,63336,63336,63336,63336,63336,63336,63336,63336,63336,63336,63336,63336,63336,64036,64036,64036,64036,64036,64036,64036,64036,64036,64036,64036,64036,64036,64536,64536,64536,64536,64536,64536,64536,64536,64536,64536,64536,64536,64536,64536,64536,64536,64536,64536,64536,64536,64536,64536,64536,64536,64536,64536,64536,64536,64536,64536,64536,64536,64536,64536,64536,64536,64536,64536,64536,64536,64536,65036,65036,65036,65036,65036,65036,65036,65036
43104,1,1,1,1,1,1,1,1,1,1,1,1,1,1,1,1,1,1,1,1,1,1,1,1,1,1,1,1,1,1,1,1,1,1,1,1,1,1,1,1,1,1,1,1,1,1,1,1,1,1,1,1,1,1,1,1,1,1,1,1,1,1,1,1,1,1,1,1,1,1,1,1,1,1,1,1,1,1,1,1,1,1,1,1,1,1,1,1,1,1,1,1,1,1,1,1,1,1,1,1,1,1,1,1,1,1,1,1,1,1,1,1,1,1,1,1,1,1,1,1,1,1,1
43105,0,0,0,0,0,0,0,0,0,0,0,0,0,0,0,0,0,0,0,0,0,0,0,0,0,0,0,0,0,0,0,0,0,0,0,0,0,0,0,0,0,0,0,0,0,0,0,0,0,0,0,0,0,0,0,0,0,0,0,0,0,0,0,0,0,0,0,0,0,0,0,0,0,0,0,0,0,0,0,0,0,0,0,0,0,0,0,0,0,0,0,0,0,0,0,0,0,0,0,0,0,0,0,0,0,0,0,0,0,0,0,0,0,0,0,0,0,0,0,0,0,0,0
43106,0,0,0,0,0,0,0,0,0,0,0,0,0,0,0,0,0,0,0,0,0,0,0,0,0,0,0,0,0,0,0,0,0,0,0,0,0,0,0,0,0,0,0,0,0,0,0,0,0,0,0,0,0,0,0,0,0,0,0,0,0,0,0,0,0,0,0,0,0,0,0,0,0,0,0,0,0,0,0,0,0,0,0,0,0,0,0,0,0,0,0,0,0,0,0,0,0,0,0,0,0,0,0,0,0,0,0,0,0,0,0,0,0,0,0,0,0,0,0,0,0,0,0
43107,0,0,0,0,0,0,0,0,0,0,0,0,0,0,0,0,0,0,0,0,0,0,0,0,0,0,0,0,0,0,0,0,0,0,0,0,0,0,0,0,0,0,0,0,0,0,0,0,0,0,0,0,0,0,0,0,0,0,0,0,0,0,0,0,0,0,0,0,0,0,0,0,0,0,0,0,0,0,0,0,0,0,0,0,0,0,0,0,0,0,0,0,0,0,0,0,0,0,0,0,0,0,0,0,0,0,0,0,0,0,0,0,0,0,0,0,0,0,0,0,0,0,0
43108,0,0,0,0,0,0,0,0,0,0,0,0,0,0,0,0,0,0,0,0,0,0,0,0,0,0,0,0,0,0,0,0,0,0,0,0,0,0,0,0,0,0,0,0,0,0,0,0,0,0,0,0,0,0,0,0,0,0,0,0,0,0,0,0,0,0,0,0,0,0,0,0,0,0,0,0,0,0,0,0,0,0,0,0,0,0,0,0,0,0,0,0,0,0,0,0,0,0,0,0,0,0,0,0,0,0,0,0,0,0,0,0,0,0,0,0,0,0,0,0,0,0,0
43109,0,0,0,0,0,0,0,0,0,0,0,0,0,0,0,0,0,0,0,0,0,0,0,0,0,0,0,0,0,0,0,0,0,0,0,0,0,0,0,0,0,0,0,0,0,0,0,0,0,0,0,0,0,0,0,0,0,0,0,0,0,0,0,0,0,0,0,0,0,0,0,0,0,0,0,0,0,0,0,0,0,0,0,0,0,0,0,0,0,0,0,0,0,0,0,0,0,0,0,0,0,0,0,0,0,0,0,0,0,0,0,0,0,0,0,0,0,0,0,0,0,0,0
43110,0,0,0,0,0,0,0,0,0,0,0,0,0,0,0,0,0,0,0,0,0,0,0,0,0,0,0,0,0,0,0,0,0,0,0,0,0,0,0,0,0,0,0,0,0,0,0,0,0,0,0,0,0,0,0,0,0,0,0,0,0,0,0,0,0,0,0,0,0,0,0,0,0,0,0,0,0,0,0,0,0,0,0,0,0,0,0,0,0,0,0,0,0,0,0,0,0,0,0,0,0,0,0,0,0,0,0,0,0,0,0,0,0,0,0,0,0,0,0,0,0,0,0
43111,0,0,0,0,0,0,0,0,0,0,0,0,0,0,0,0,0,0,0,0,0,0,0,0,0,0,0,0,0,0,0,0,0,0,0,0,0,0,0,0,0,0,0,0,0,0,0,0,0,0,0,0,0,0,0,0,0,0,0,0,0,0,0,0,0,0,0,0,0,0,0,0,0,0,0,0,0,0,0,0,0,0,0,0,0,0,0,0,0,0,0,0,0,0,0,0,0,0,0,0,0,0,0,0,0,0,0,0,0,0,0,0,0,0,0,0,0,0,0,0,0,0,0
43112,0,0,0,0,0,0,0,0,0,0,0,0,0,0,0,0,0,0,0,0,0,0,0,0,0,0,0,0,0,0,0,0,0,0,0,0,0,0,0,0,0,0,0,0,0,0,0,0,0,0,0,0,0,0,0,0,0,0,0,0,0,0,0,0,0,0,0,0,0,0,0,0,0,0,0,0,0,0,0,0,0,0,0,0,0,0,0,0,0,0,0,0,0,0,0,0,0,0,0,0,0,0,0,0,0,0,0,0,0,0,0,0,0,0,0,0,0,0,0,0,0,0,0
43113,0,0,0,0,0,0,0,0,0,0,0,0,0,0,0,0,0,0,0,0,0,0,0,0,0,0,0,0,0,0,0,0,0,0,0,0,0,0,0,0,0,0,0,0,0,0,0,0,0,0,0,0,0,0,0,0,0,0,0,0,0,0,0,0,0,0,0,0,0,0,0,0,0,0,0,0,0,0,0,0,0,0,0,0,0,0,0,0,0,0,0,0,0,0,0,0,0,0,0,0,0,0,0,0,0,0,0,0,0,0,0,0,0,0,0,0,0,0,0,0,0,0,0
43114,0,0,0,0,0,0,0,0,0,0,0,0,0,0,0,0,0,0,0,0,0,0,0,0,0,0,0,0,0,0,0,0,0,0,0,0,0,0,0,0,0,0,0,0,0,0,0,0,0,0,0,0,0,0,0,0,0,0,0,0,0,0,0,0,0,0,0,0,0,0,0,0,0,0,0,0,0,0,0,0,0,0,0,0,0,0,0,0,0,0,0,0,0,0,0,0,0,0,0,0,0,0,0,0,0,0,0,0,0,0,0,0,0,0,0,0,0,0,0,0,0,0,0
43115,0,0,0,0,0,0,0,0,0,0,0,0,0,0,0,0,0,0,0,0,0,0,0,0,0,0,0,0,0,0,0,0,0,0,0,0,0,0,0,0,0,0,0,0,0,0,0,0,0,0,0,0,0,0,0,0,0,0,0,0,0,0,0,0,0,0,0,0,0,0,0,0,0,0,0,0,0,0,0,0,0,0,0,0,0,0,0,0,0,0,0,0,0,0,0,0,0,0,0,0,0,0,0,0,0,0,0,0,0,0,0,0,0,0,0,0,0,0,0,0,0,0,0
43116,0,0,0,0,0,0,0,0,0,0,0,0,0,0,0,0,0,0,0,0,0,0,0,0,0,0,0,0,0,0,0,0,0,0,0,0,0,0,0,0,0,0,0,0,0,0,0,0,0,0,0,0,0,0,0,0,0,0,0,0,0,0,0,0,0,0,0,0,0,0,0,0,0,0,0,0,0,0,0,0,0,0,0,0,0,0,0,0,0,0,0,0,0,0,0,0,0,0,0,0,0,0,0,0,0,0,0,0,0,0,0,0,0,0,0,0,0,0,0,0,0,0,0
43117,0,0,0,0,0,0,0,0,0,0,0,0,0,0,0,0,0,0,0,0,0,0,0,0,0,0,0,0,0,0,0,0,0,0,0,0,0,0,0,0,0,0,0,0,0,0,0,0,0,0,0,0,0,0,0,0,0,0,0,0,0,0,0,0,0,0,0,0,0,0,0,0,0,0,0,0,0,0,0,0,0,0,0,0,0,0,0,0,0,0,0,0,0,0,0,0,0,0,0,0,0,0,0,0,0,0,0,0,0,0,0,0,0,0,0,0,0,0,0,0,0,0,0
43118,0,0,0,0,0,0,0,0,0,0,0,0,0,0,0,0,0,0,0,0,0,0,0,0,0,0,0,0,0,0,0,0,0,0,0,0,0,0,0,0,0,0,0,0,0,0,0,0,0,0,0,0,0,0,0,0,0,0,0,0,0,0,0,0,0,0,0,0,0,0,0,0,0,0,0,0,0,0,0,0,0,0,0,0,0,0,0,0,0,0,0,0,0,0,0,0,0,0,0,0,0,0,0,0,0,0,0,0,0,0,0,0,0,0,0,0,0,0,0,0,0,0,0
43119,0,0,0,0,0,0,0,0,0,0,0,0,0,0,0,0,0,0,0,0,0,0,0,0,0,0,0,0,0,0,0,0,0,0,0,0,0,0,0,0,0,0,0,0,0,0,0,0,0,0,0,0,0,0,0,0,0,0,0,0,0,0,0,0,0,0,0,0,0,0,0,0,0,0,0,0,0,0,0,0,0,0,0,0,0,0,0,0,0,0,0,0,0,0,0,0,0,0,0,0,0,0,0,0,0,0,0,0,0,0,0,0,0,0,0,0,0,0,0,0,0,0,0
43120,0,0,0,0,0,0,0,0,0,0,0,0,0,0,0,0,0,0,0,0,0,0,0,0,0,0,0,0,0,0,0,0,0,0,0,0,0,0,0,0,0,0,0,0,0,0,0,0,0,0,0,0,0,0,0,0,0,0,0,0,0,0,0,0,0,0,0,0,0,0,0,0,0,0,0,0,0,0,0,0,0,0,0,0,0,0,0,0,0,0,0,0,0,0,0,0,0,0,0,0,0,0,0,0,0,0,0,0,0,0,0,0,0,0,0,0,0,0,0,0,0,0,0
43121,0,0,0,0,0,0,0,0,0,0,0,0,0,0,0,0,0,0,0,0,0,0,0,0,0,0,0,0,0,0,0,0,0,0,0,0,0,0,0,0,0,0,0,0,0,0,0,0,0,0,0,0,0,0,0,0,0,0,0,0,0,0,0,0,0,0,0,0,0,0,0,0,0,0,0,0,0,0,0,0,0,0,0,0,0,0,0,0,0,0,0,0,0,0,0,0,0,0,0,0,0,0,0,0,0,0,0,0,0,0,0,0,0,0,0,0,0,0,0,0,0,0,0
43122,0,0,0,0,0,0,0,0,0,0,0,0,0,0,0,0,0,0,0,0,0,0,0,0,0,0,0,0,0,0,0,0,0,0,0,0,0,0,0,0,0,0,0,0,0,0,0,0,0,0,0,0,0,0,0,0,0,0,0,0,0,0,0,0,0,0,0,0,0,0,0,0,0,0,0,0,0,0,0,0,0,0,0,0,0,0,0,0,0,0,0,0,0,0,0,0,0,0,0,0,0,0,0,0,0,0,0,0,0,0,0,0,0,0,0,0,0,0,0,0,0,0,0
43123,0,0,0,0,0,0,0,0,0,0,0,0,0,0,0,0,0,0,0,0,0,0,0,0,0,0,0,0,0,0,0,0,0,0,0,0,0,0,0,0,0,0,0,0,0,0,0,0,0,0,0,0,0,0,0,0,0,0,0,0,0,0,0,0,0,0,0,0,0,0,0,0,0,0,0,0,0,0,0,0,0,0,0,0,0,0,0,0,0,0,0,0,0,0,0,0,0,0,0,0,0,0,0,0,0,0,0,0,0,0,0,0,0,0,0,0,0,0,0,0,0,0,0
43124,0,0,0,0,0,0,0,0,0,0,0,0,0,0,0,0,0,0,0,0,0,0,0,0,0,0,0,0,0,0,0,0,0,0,0,0,0,0,0,0,0,0,0,0,0,0,0,0,0,0,0,0,0,0,0,0,0,0,0,0,0,0,0,0,0,0,0,0,0,0,0,0,0,0,0,0,0,0,0,0,0,0,0,0,0,0,0,0,0,0,0,0,0,0,0,0,0,0,0,0,0,0,0,0,0,0,0,0,0,0,0,0,0,0,0,0,0,0,0,0,0,0,0
43125,0,0,0,0,0,0,0,0,0,0,0,0,0,0,0,0,0,0,0,0,0,0,0,0,0,0,0,0,0,0,0,0,0,0,0,0,0,0,0,0,0,0,0,0,0,0,0,0,0,0,0,0,0,0,0,0,0,0,0,0,0,0,0,0,0,0,0,0,0,0,0,0,0,0,0,0,0,0,0,0,0,0,0,0,0,0,0,0,0,0,0,0,0,0,0,0,0,0,0,0,0,0,0,0,0,0,0,0,0,0,0,0,0,0,0,0,0,0,0,0,0,0,0
43126,0,0,0,0,0,0,0,0,0,0,0,0,0,0,0,0,0,0,0,0,0,0,0,0,0,0,0,0,0,0,0,0,0,0,0,0,0,0,0,0,0,0,0,0,0,0,0,0,0,0,0,0,0,0,0,0,0,0,0,0,0,0,0,0,0,0,0,0,0,0,0,0,0,0,0,0,0,0,0,0,0,0,0,0,0,0,0,0,0,0,0,0,0,0,0,0,0,0,0,0,0,0,0,0,0,0,0,0,0,0,0,0,0,0,0,0,0,0,0,0,0,0,0
43127,0,0,0,0,0,0,0,0,0,0,0,0,0,0,0,0,0,0,0,0,0,0,0,0,0,0,0,0,0,0,0,0,0,0,0,0,0,0,0,0,0,0,0,0,0,0,0,0,0,0,0,0,0,0,0,0,0,0,0,0,0,0,0,0,0,0,0,0,0,0,0,0,0,0,0,0,0,0,0,0,0,0,0,0,0,0,0,0,0,0,0,0,0,0,0,0,0,0,0,0,0,0,0,0,0,0,0,0,0,0,0,0,0,0,0,0,0,0,0,0,0,0,0
43128,0,0,0,0,0,0,0,0,0,0,0,0,0,0,0,0,0,0,0,0,0,0,0,0,0,0,0,0,0,0,0,0,0,0,0,0,0,0,0,0,0,0,0,0,0,0,0,0,0,0,0,0,0,0,0,0,0,0,0,0,0,0,0,0,0,0,0,0,0,0,0,0,0,0,0,0,0,0,0,0,0,0,0,0,0,0,0,0,0,0,0,0,0,0,0,0,0,0,0,0,0,0,0,0,0,0,0,0,0,0,0,0,0,0,0,0,0,0,0,0,0,0,0
43129,0,0,0,0,0,0,0,0,0,0,0,0,0,0,0,0,0,0,0,0,0,0,0,0,0,0,0,0,0,0,0,0,0,0,0,0,0,0,0,0,0,0,0,0,0,0,0,0,0,0,0,0,0,0,0,0,0,0,0,0,0,0,0,0,0,0,0,0,0,0,0,0,0,0,0,0,0,0,0,0,0,0,0,0,0,0,0,0,0,0,0,0,0,0,0,0,0,0,0,0,0,0,0,0,0,0,0,0,0,0,0,0,0,0,0,0,0,0,0,0,0,0,0
44002,0,0,0,0,0,0,0,0,0,0,0,0,0,0,0,0,0,0,0,0,0,0,0,0,0,0,0,0,0,0,0,0,0,0,0,0,0,0,0,0,0,0,0,0,0,0,0,0,0,0,0,0,0,0,0,0,0,0,0,0,0,0,0,0,0,0,0,0,0,0,0,0,0,0,0,0,0,0,0,0,0,0,0,0,0,0,0,0,0,0,0,0,0,0,0,0,0,0,0,0,0,0,0,0,0,0,0,0,0,0,0,0,0,0,0,0,0,0,0,0,0,0,0
44003,0,0,0,0,0,0,0,0,0,0,0,0,0,0,0,0,0,0,0,0,0,0,0,0,0,0,0,0,0,0,0,0,0,0,0,0,0,0,0,0,0,0,0,0,0,0,0,0,0,0,0,0,0,0,0,0,0,0,0,0,0,0,0,0,0,0,0,0,0,0,0,0,0,0,0,0,0,0,0,0,0,0,0,0,0,0,0,0,0,0,0,0,0,0,0,0,0,0,0,0,0,0,0,0,0,0,0,0,0,0,0,0,0,0,0,0,0,0,0,0,0,0,0
