Register,12:25:54,12:27:34,12:29:14,12:30:54,12:32:34,12:34:14,12:35:54,12:37:34,12:39:14,12:40:54,12:42:34,12:44:14,12:45:54,12:47:34,12:49:14,12:50:54,12:52:34,12:54:14,12:55:54,12:57:34,12:59:14,13:00:54,13:02:34,13:04:14,13:05:54,13:07:34,13:09:15,13:10:55,13:12:35,13:14:15,13:15:55,13:17:35,13:19:15,13:20:55,13:22:35,13:24:15,13:25:55,13:27:35,13:29:15,13:30:55,13:32:35,13:34:15,13:35:55,13:37:35,13:39:15,13:40:55,13:42:35,13:44:15,13:45:55,13:47:35,13:49:15,13:50:55,13:52:35,13:54:15,13:55:55,13:57:35,13:59:15,14:00:55,14:02:35,14:04:15,14:05:55,14:07:35,14:09:15,14:10:55,14:12:35,14:14:15,14:15:55,14:17:35,14:19:15,14:20:55,14:22:35,14:24:15,14:25:55,14:27:35,14:29:15,14:30:55,14:32:35,14:34:15,14:35:55,14:37:35
30000,523,544,519,514,532,535,537,530,535,538,541,529,530,532,533,537,522,536,535,539,540,537,539,542,542,542,538,542,542,543,543,539,542,543,545,544,542,543,543,544,543,542,544,544,544,543,544,545,544,545,542,545,547,545,547,541,541,543,544,544,543,545,545,545,544,543,546,545,545,546,545,547,548,546,547,545,544,544,542,543
30001,65523,2041,37,65502,2038,2040,2038,2038,2037,2037,2037,2034,2032,2033,2032,2034,65518,2032,2032,2031,2031,2030,2031,2030,2032,2032,2031,2030,2029,2031,2029,2031,2030,2031,2031,2030,2031,2031,2032,2030,2030,2030,2030,2032,2030,2031,2030,2031,2032,2031,2032,2031,2032,2031,2033,2031,2028,2032,2030,2030,2030,2030,2031,2030,2029,2030,2031,2031,2030,2031,2030,2031,2031,2029,2031,2030,2031,2031,2029,2030
30002,295,298,310,315,323,332,341,349,356,364,372,377,384,390,395,401,407,411,415,421,425,429,433,437,441,445,447,451,454,457,460,462,464,468,470,472,474,476,478,480,482,483,485,487,489,491,491,493,495,496,498,498,500,501,502,503,504,505,507,508,509,510,511,512,513,512,513,514,515,516,515,516,517,517,518,518,518,518,520,521
30003,304,308,320,326,333,344,354,363,371,379,387,394,402,410,415,421,427,432,437,443,447,451,455,460,464,468,471,474,477,480,481,485,489,491,494,496,498,501,503,506,509,510,512,514,516,518,519,520,522,524,526,526,527,533,530,530,531,533,535,536,537,538,539,540,541,541,542,543,544,545,544,545,546,546,547,547,547,548,550,550
30004,2452,2422,2453,2431,2419,2416,2431,2425,2398,2413,2426,2424,2398,2411,2407,2425,2450,2423,2414,2415,2392,2411,2387,2396,2420,2429,2417,2415,2392,2431,2412,2396,2410,2406,2423,2417,2417,2423,2418,2418,2396,2422,2413,2428,2430,2455,2399,2402,2416,2423,2433,2431,2417,2416,2422,2406,2384,2398,2382,2385,2373,2385,2425,2412,2429,2427,2403,2407,2428,2441,2439,2434,2431,2434,2429,2423,2410,2400,2420,2433
30005,7,9,5,7,6,8,9,9,7,9,7,7,9,8,10,7,7,6,8,6,10,8,10,8,11,10,9,7,9,9,9,7,7,8,10,9,8,9,7,9,9,18,8,9,8,7,9,10,12,9,7,8,6,10,7,11,8,7,7,7,11,9,7,13,5,8,8,7,6,7,8,10,8,7,8,9,11,10,7,19
30006,0,63364,0,0,63364,63364,63364,63364,63364,63364,63364,63364,63364,63364,63364,63364,0,63364,63364,63364,63364,63364,63364,63364,63364,63364,63364,63364,63364,63364,63364,63364,63364,63364,63364,63364,63364,63364,63364,63364,63363,63364,63364,63364,63364,0,63364,63364,63364,63364,63364,63364,63364,63364,63364,63364,63364,63364,63364,63364,63363,63363,63364,63364,63364,63364,63364,63364,63364,63364,63364,63364,63364,63364,63364,63364,63364,63364,63364,63364
30007,0,0,0,0,0,0,0,0,0,0,0,0,0,0,0,0,0,0,0,0,0,0,0,0,0,0,0,0,0,0,0,0,0,0,0,0,0,0,0,0,0,0,0,0,0,0,0,0,0,0,0,0,0,0,0,0,0,0,0,0,0,0,0,0,0,0,0,0,0,0,0,0,0,0,0,0,0,0,0,0
30010,0,0,0,0,0,0,0,0,0,0,0,0,0,0,0,0,0,0,0,0,0,0,0,0,0,0,0,0,0,0,0,0,0,0,0,0,0,0,0,0,0,0,0,0,0,0,0,0,0,0,0,0,0,0,0,0,0,0,0,0,0,0,0,0,0,0,0,0,0,0,0,0,0,0,0,0,0,0,0,0
30020,44,76,90,97,99,99,100,100,100,100,100,100,100,100,100,100,100,100,100,100,100,100,100,100,100,100,100,100,100,100,100,100,100,100,100,100,100,100,100,100,100,100,100,100,100,100,100,100,101,101,101,101,101,101,101,101,101,101,101,101,101,101,101,101,101,101,101,101,101,101,101,101,101,101,101,101,101,101,101,101
30021,46,79,92,98,99,99,99,99,99,99,100,100,100,100,100,100,100,100,100,100,100,100,100,100,100,100,100,100,100,100,100,100,100,100,100,100,100,100,100,100,100,100,100,100,100,100,100,100,100,100,100,100,100,100,100,100,100,100,100,100,100,100,100,100,100,100,100,100,100,100,100,100,100,100,100,100,100,100,100,100
30022,47,80,94,98,99,99,99,99,99,99,99,99,99,99,100,100,100,100,100,100,100,100,100,100,100,100,100,100,100,100,100,100,100,100,100,100,100,100,100,100,100,100,100,100,100,100,100,100,100,100,100,100,100,100,100,100,100,100,100,100,100,100,100,100,100,100,100,100,100,100,100,100,100,100,100,100,100,100,100,100
30023,44,76,90,96,98,99,99,99,99,99,99,99,99,99,99,99,99,99,99,99,99,99,99,99,99,99,99,99,99,99,99,99,99,99,99,99,99,99,99,99,99,99,100,100,100,100,100,100,100,100,100,100,100,100,100,100,100,100,100,100,100,100,100,100,100,100,100,100,100,100,100,100,100,100,100,100,100,100,100,100
30024,0,0,0,0,0,0,0,0,0,0,0,0,0,0,0,0,0,0,0,0,0,0,0,0,0,0,0,0,0,0,0,0,0,0,0,0,0,0,0,0,0,0,0,0,0,0,0,0,0,0,0,0,0,0,0,0,0,0,0,0,0,0,0,0,0,0,0,0,0,0,0,0,0,0,0,0,0,0,0,0
30025,0,0,0,0,0,0,0,0,0,0,0,0,0,0,0,0,0,0,0,0,0,0,0,0,0,0,0,0,0,0,0,0,0,0,0,0,0,0,0,0,0,0,0,0,0,0,0,0,0,0,0,0,0,0,0,0,0,0,0,0,0,0,0,0,0,0,0,0,0,0,0,0,0,0,0,0,0,0,0,0
30026,0,0,0,0,0,0,0,0,0,0,0,0,0,0,0,0,0,0,0,0,0,0,0,0,0,0,0,0,0,0,0,0,0,0,0,0,0,0,0,0,0,0,0,0,0,0,0,0,0,0,0,0,0,0,0,0,0,0,0,0,0,0,0,0,0,0,0,0,0,0,0,0,0,0,0,0,0,0,0,0
30027,0,0,0,0,0,0,0,0,0,0,0,0,0,0,0,0,0,0,0,0,0,0,0,0,0,0,0,0,0,0,0,0,0,0,0,0,0,0,0,0,0,0,0,0,0,0,0,0,0,0,0,0,0,0,0,0,0,0,0,0,0,0,0,0,0,0,0,0,0,0,0,0,0,0,0,0,0,0,0,0
30028,527,548,515,527,535,538,540,533,538,540,542,532,533,535,536,538,521,538,539,541,542,539,542,544,545,545,541,544,545,546,546,543,545,547,547,547,544,545,545,545,545,546,546,546,546,530,547,547,547,547,545,548,548,548,548,543,546,546,546,546,546,547,547,547,547,547,548,548,548,548,549,549,549,549,549,547,546,546,546,546
30029,65535,11,65535,12,11,12,12,12,12,11,12,12,12,12,12,12,65534,12,12,12,12,12,12,12,12,12,12,12,12,12,12,12,12,12,12,12,12,12,12,12,12,12,12,12,12,65535,12,12,12,12,12,12,12,12,12,12,12,12,12,12,12,12,12,12,12,12,12,12,12,12,12,12,12,12,12,12,12,12,12,12
30030,0,0,0,0,0,0,0,0,0,0,0,0,0,0,0,0,0,0,0,0,0,0,0,0,0,0,0,0,0,0,0,0,0,0,0,0,0,0,0,0,0,0,0,0,0,0,0,0,0,0,0,0,0,0,0,0,0,0,0,0,0,0,0,0,0,0,0,0,0,0,0,0,0,0,0,0,0,0,0,0
30031,0,0,0,0,0,0,0,0,0,0,0,0,0,0,0,0,0,0,0,0,0,0,0,0,0,0,0,0,0,0,0,0,0,0,0,0,0,0,0,0,0,0,0,0,0,0,0,0,0,0,0,0,0,0,0,0,0,0,0,0,0,0,0,0,0,0,0,0,0,0,0,0,0,0,0,0,0,0,0,0
30032,0,0,0,0,0,0,0,0,0,0,0,0,0,0,0,0,0,0,0,0,0,0,0,0,0,0,0,0,0,0,0,0,0,0,0,0,0,0,0,0,0,0,0,0,0,0,0,0,0,0,0,0,0,0,0,0,0,0,0,0,0,0,0,0,0,0,0,0,0,0,0,0,0,0,0,0,0,0,0,0
30033,0,0,0,0,0,0,0,0,0,0,0,0,0,0,0,0,0,0,0,0,0,0,0,0,0,0,0,0,0,0,0,0,0,0,0,0,0,0,0,0,0,0,0,0,0,0,0,0,0,0,0,0,0,0,0,0,0,0,0,0,0,0,0,0,0,0,0,0,0,0,0,0,0,0,0,0,0,0,0,0
30034,0,0,0,0,0,0,0,0,0,0,0,0,0,0,0,0,0,0,0,0,0,0,0,0,0,0,0,0,0,0,0,0,0,0,0,0,0,0,0,0,0,0,0,0,0,0,0,0,0,0,0,0,0,0,0,0,0,0,0,0,0,0,0,0,0,0,0,0,0,0,0,0,0,0,0,0,0,0,0,0
30035,0,0,0,0,0,0,0,0,0,0,0,0,0,0,0,0,0,0,0,0,0,0,0,0,0,0,0,0,0,0,0,0,0,0,0,0,0,0,0,0,0,0,0,0,0,0,0,0,0,0,0,0,0,0,0,0,0,0,0,0,0,0,0,0,0,0,0,0,0,0,0,0,0,0,0,0,0,0,0,0
30036,219,219,219,219,219,219,219,219,219,219,219,219,219,219,219,219,219,219,219,219,219,219,219,219,219,219,219,219,219,219,219,219,219,219,219,219,219,219,219,219,219,219,219,219,219,219,219,219,219,219,219,219,219,219,219,219,219,219,219,219,219,219,219,219,219,219,219,219,219,219,219,219,219,219,219,219,219,219,219,219
30037,0,0,0,0,0,0,0,0,0,0,0,0,0,0,0,0,0,0,0,0,0,0,0,0,0,0,0,0,0,0,0,0,0,0,0,0,0,0,0,0,0,0,0,0,0,0,0,0,0,0,0,0,0,0,0,0,0,0,0,0,0,0,0,0,0,0,0,0,0,0,0,0,0,0,0,0,0,0,0,0
30038,0,0,0,0,0,0,0,0,0,0,0,0,0,0,0,0,0,0,0,0,0,0,0,0,0,0,0,0,0,0,0,0,0,0,0,0,0,0,0,0,0,0,0,0,0,0,0,0,0,0,0,0,0,0,0,0,0,0,0,0,0,0,0,0,0,0,0,0,0,0,0,0,0,0,0,0,0,0,0,0
30039,0,0,0,0,0,0,0,0,0,0,0,0,0,0,0,0,0,0,0,0,0,0,0,0,0,0,0,0,0,0,0,0,0,0,0,0,0,0,0,0,0,0,0,0,0,0,0,0,0,0,0,0,0,0,0,0,0,0,0,0,0,0,0,0,0,0,0,0,0,0,0,0,0,0,0,0,0,0,0,0
30040,0,0,0,0,0,0,0,0,0,0,0,0,0,0,0,0,0,0,0,0,0,0,0,0,0,0,0,0,0,0,0,0,0,0,0,0,0,0,0,0,0,0,0,0,0,0,0,0,0,0,0,0,0,0,0,0,0,0,0,0,0,0,0,0,0,0,0,0,0,0,0,0,0,0,0,0,0,0,0,0
30100,5260,5440,5317,5307,5304,5302,5300,5298,5298,5296,5296,5294,5293,5293,5292,5291,5291,5290,5289,5289,5288,5288,5288,5287,5287,5286,5286,5286,5285,5286,5285,5285,5285,5284,5285,5284,5284,5283,5284,5283,5284,5283,5283,5283,5283,5282,5282,5282,5282,5282,5282,5282,5282,5282,5281,5282,5281,5282,5281,5281,5281,5281,5281,5281,5280,5280,5280,5280,5280,5280,5280,5280,5280,5280,5280,5280,5422,5420,5415,5420
30101,0,375,0,0,0,0,0,0,0,0,0,0,0,0,0,0,0,0,0,0,0,0,0,0,0,0,0,0,0,0,0,0,0,0,0,0,0,0,0,0,0,0,0,0,0,0,0,0,0,0,0,0,0,0,0,0,0,0,0,0,0,0,0,0,0,0,0,0,0,0,0,0,0,0,0,0,377,378,378,379
30102,3289,3404,3324,3319,3316,3315,3314,3312,3312,3311,3311,3311,3309,3309,3309,3308,3308,3308,3307,3307,3306,3306,3306,3306,3305,3305,3305,3305,3305,3305,3305,3305,3304,3304,3304,3304,3304,3303,3304,3303,3304,3304,3303,3303,3303,3302,3303,3303,3303,3302,3302,3302,3303,3303,3302,3302,3303,3302,3302,3302,3302,3302,3302,3302,3302,3302,3302,3302,3302,3301,3301,3302,3302,3301,3301,3302,3392,3391,3388,3390
30103,3287,3398,3323,3316,3314,3313,3312,3311,3311,3309,3309,3308,3307,3307,3307,3306,3305,3305,3305,3304,3305,3305,3304,3304,3303,3303,3303,3303,3303,3302,3303,3302,3302,3302,3302,3301,3302,3302,3302,3301,3301,3301,3301,3301,3301,3301,3301,3301,3301,3300,3300,3300,3301,3301,3300,3300,3299,3301,3300,3300,3300,3300,3300,3299,3299,3299,3299,3299,3299,3299,3299,3299,3299,3299,3299,3299,3384,3383,3383,3384
30104,2260,2270,2300,2300,2310,2310,2320,2330,2330,2330,2340,2340,2350,2350,2360,2360,2370,2380,2380,2390,2400,2400,2410,2420,2420,2430,2440,2450,2460,2460,2480,2480,2490,2500,2500,2510,2510,2520,2530,2530,2540,2550,2550,2560,2570,2580,2580,2590,2600,2600,2610,2610,2620,2630,2640,2640,2650,2660,2660,2670,2670,2680,2680,2690,2690,2700,2700,2710,2720,2720,2730,2730,2730,2740,2750,2750,2770,2800,2850,2890
30105,2210,2240,2270,2270,2270,2270,2280,2290,2290,2290,2300,2300,2300,2310,2310,2310,2320,2320,2330,2330,2330,2340,2340,2350,2350,2360,2360,2370,2370,2370,2380,2390,2390,2400,2400,2410,2410,2410,2420,2430,2430,2430,2440,2450,2450,2460,2460,2470,2470,2480,2490,2490,2490,2500,2500,2520,2520,2520,2530,2530,2530,2540,2550,2550,2550,2560,2560,2570,2570,2580,2580,2590,2590,2600,2600,2610,2630,2680,2740,2790
30106,0,0,0,0,0,0,0,0,0,0,0,0,0,0,0,0,0,0,0,0,0,0,0,0,0,0,0,0,0,0,0,0,0,0,0,0,0,0,0,0,0,0,0,0,0,0,0,0,0,0,0,0,0,0,0,0,0,0,0,0,0,0,0,0,0,0,0,0,0,0,0,0,0,0,0,0,0,0,0,0
30107,246,268,281,289,297,302,308,312,315,320,322,323,327,331,332,335,335,338,340,343,342,343,345,347,348,348,351,353,354,354,355,358,357,358,359,361,363,363,364,363,366,367,368,368,369,369,371,371,371,374,375,374,376,377,376,377,377,379,379,380,380,380,381,384,383,382,383,385,385,385,385,388,386,387,387,387,389,393,393,398
30108,224,252,250,250,251,255,257,262,264,269,272,275,278,282,284,287,290,292,295,296,299,301,302,304,306,307,309,309,311,313,314,315,316,317,319,320,321,321,323,325,325,326,327,328,329,330,331,332,332,334,334,335,335,336,336,337,338,339,340,340,342,342,343,344,344,345,345,346,346,347,347,348,348,349,349,350,377,400,419,434
30109,0,0,0,0,0,0,0,0,0,0,0,0,0,0,0,0,0,0,0,0,0,0,0,0,0,0,0,0,0,0,0,0,0,0,0,0,0,0,0,0,0,0,0,0,0,0,0,0,0,0,0,0,0,0,0,0,0,0,0,0,0,0,0,0,0,0,0,0,0,0,0,0,0,0,0,0,0,0,0,0
30110,0,0,0,0,0,0,0,0,0,0,0,0,0,0,0,0,0,0,0,0,0,0,0,0,0,0,0,0,0,0,0,0,0,0,0,0,0,0,0,0,0,0,0,0,0,0,0,0,0,0,0,0,0,0,0,0,0,0,0,0,0,0,0,0,0,0,0,0,0,0,0,0,0,0,0,0,0,0,0,0
30200,147,147,147,147,147,147,147,147,147,147,147,147,147,147,147,147,147,147,147,147,147,147,147,147,147,147,147,147,147,147,147,147,147,147,147,147,147,147,147,147,147,147,147,147,147,147,147,147,147,147,147,147,147,147,147,147,147,147,147,147,147,147,147,147,147,147,147,147,147,147,147,147,147,147,147,147,147,147,147,147
30201,18,18,18,18,18,18,18,18,18,18,18,18,18,18,18,18,18,18,18,18,18,18,18,18,18,18,18,18,18,18,18,18,18,18,18,18,18,18,18,18,18,18,18,18,18,18,18,18,18,18,18,18,18,18,18,18,18,18,18,18,18,18,18,18,18,18,18,18,18,18,18,18,18,18,18,18,18,18,18,18
30202,115,115,115,115,115,115,115,115,115,115,115,115,115,115,115,115,115,115,115,115,115,115,115,115,115,115,115,115,115,115,115,115,115,115,115,115,115,115,115,115,115,115,115,115,115,115,115,115,115,115,115,115,115,115,115,115,115,115,115,115,115,115,115,115,115,115,115,115,115,115,115,115,115,115,115,115,115,115,115,115
30203,106,106,106,106,106,106,106,106,106,106,106,106,106,106,106,106,106,106,106,106,106,106,106,106,106,106,106,106,106,106,106,106,106,106,106,106,106,106,106,106,106,106,106,106,106,106,106,106,106,106,106,106,106,106,106,106,106,106,106,106,106,106,106,106,106,106,106,106,106,106,106,106,106,106,106,106,106,106,106,106
30204,116,116,116,116,116,116,116,116,116,116,116,116,116,116,116,116,116,116,116,116,116,116,116,116,116,116,116,116,116,116,116,116,116,116,116,116,116,116,116,116,116,116,116,116,116,116,116,116,116,116,116,116,116,116,116,116,116,116,116,116,116,116,116,116,116,116,116,116,116,116,116,116,116,116,116,116,116,116,116,116
30205,104,104,104,104,104,104,104,104,104,104,104,104,104,104,104,104,104,104,104,104,104,104,104,104,104,104,104,104,104,104,104,104,104,104,104,104,104,104,104,104,104,104,104,104,104,104,104,104,104,104,104,104,104,104,104,104,104,104,104,104,104,104,104,104,104,104,104,104,104,104,104,104,104,104,104,104,104,104,104,104
30210,3,3,0,0,0,0,0,0,0,0,0,0,0,0,0,0,0,0,0,0,0,0,0,0,0,0,0,0,0,0,0,0,0,0,0,0,0,0,0,0,0,0,0,0,0,0,0,0,0,0,0,0,0,0,0,0,0,0,0,0,0,0,0,0,0,0,0,0,0,0,0,0,0,0,0,0,3,3,3,3
30211,0,0,0,0,0,0,0,0,0,0,0,0,0,0,0,0,0,0,0,0,0,0,0,0,0,0,0,0,0,0,0,0,0,0,0,0,0,0,0,0,0,0,0,0,0,0,0,0,0,0,0,0,0,0,0,0,0,0,0,0,0,0,0,0,0,0,0,0,0,0,0,0,0,0,0,0,0,0,0,0
30212,5,5,5,5,5,5,5,5,5,5,5,5,5,5,5,5,5,5,5,5,5,5,5,5,5,5,5,5,5,5,5,5,5,5,5,5,5,5,5,5,5,5,5,5,5,5,5,5,5,5,5,5,5,5,5,5,5,5,5,5,5,5,5,5,5,5,5,5,5,5,5,5,5,5,5,5,5,5,5,5
30213,0,0,0,0,0,0,0,0,0,0,0,0,0,0,0,0,0,0,0,0,0,0,0,0,0,0,0,0,0,0,0,0,0,0,0,0,0,0,0,0,0,0,0,0,0,0,0,0,0,0,0,0,0,0,0,0,0,0,0,0,0,0,0,0,0,0,0,0,0,0,0,0,0,0,0,0,0,0,0,0
30214,0,0,0,0,0,0,0,0,0,0,0,0,0,0,0,0,0,0,0,0,0,0,0,0,0,0,0,0,0,0,0,0,0,0,0,0,0,0,0,0,0,0,0,0,0,0,0,0,0,0,0,0,0,0,0,0,0,0,0,0,0,0,0,0,0,0,0,0,0,0,0,0,0,0,0,0,0,0,0,0
30300,1,1,1,1,1,1,1,1,1,1,1,1,1,1,1,1,1,1,1,1,1,1,1,1,1,1,1,1,1,1,1,1,1,1,1,1,1,1,1,1,1,1,1,1,1,1,1,1,1,1,1,1,1,1,1,1,1,1,1,1,1,1,1,1,1,1,1,1,1,1,1,1,1,1,1,1,1,1,1,1
30301,1,1,1,1,1,1,1,1,1,1,1,1,1,1,1,1,1,1,1,1,1,1,1,1,1,1,1,1,1,1,1,1,1,1,1,1,1,1,1,1,1,1,1,1,1,1,1,1,1,1,1,1,1,1,1,1,1,1,1,1,1,1,1,1,1,1,1,1,1,1,1,1,1,1,1,1,1,1,1,1
30302,0,0,0,0,0,0,0,0,0,0,0,0,0,0,0,0,0,0,0,0,0,0,0,0,0,0,0,0,0,0,0,0,0,0,0,0,0,0,0,0,0,0,0,0,0,0,0,0,0,0,0,0,0,0,0,0,0,0,0,0,0,0,0,0,0,0,0,0,0,0,0,0,0,0,0,0,0,0,0,0
30303,57,57,57,57,57,57,57,55,54,66,59,59,60,59,59,59,59,59,59,59,59,59,60,60,59,60,59,60,60,60,60,60,60,60,60,60,60,60,60,60,60,60,60,60,60,60,60,60,60,60,60,60,60,60,60,60,60,60,60,60,60,60,60,60,60,60,60,60,60,60,60,60,60,60,60,60,60,60,60,60
30304,13880,13880,13880,13880,13880,13880,13880,13880,13880,13880,13880,13880,13880,13880,13880,13880,13880,13880,13880,13880,13880,13880,13880,13880,13880,13880,13880,13880,13880,13880,13880,13880,13880,13880,13880,13880,13880,13880,13880,13880,13880,13880,13880,13880,13880,13880,13880,13880,13880,13880,13880,13880,13880,13880,13880,13880,13880,13880,13880,13880,13880,13880,13880,13880,13880,13880,13880,13880,13880,13880,13880,13880,13880,13880,13880,13880,13880,13880,13880,13880
30305,12852,12852,12852,12852,12852,12852,12852,12852,12852,12852,12852,12852,12852,12852,12852,12852,12852,12852,12852,12852,12852,12852,12852,12852,12852,12852,12852,12852,12852,12852,12852,12852,12852,12852,12852,12852,12852,12852,12852,12852,12852,12852,12852,12852,12852,12852,12852,12852,12852,12852,12852,12852,12852,12852,12852,12852,12852,12852,12852,12852,12852,12852,12852,12852,12852,12852,12852,12852,12852,12852,12852,12852,12852,12852,12852,12852,12852,12852,12852,12852
30306,14649,14649,14649,14649,14649,14649,14649,14649,14649,14649,14649,14649,14649,14649,14649,14649,14649,14649,14649,14649,14649,14649,14649,14649,14649,14649,14649,14649,14649,14649,14649,14649,14649,14649,14649,14649,14649,14649,14649,14649,14649,14649,14649,14649,14649,14649,14649,14649,14649,14649,14649,14649,14649,14649,14649,14649,14649,14649,14649,14649,14649,14649,14649,14649,14649,14649,14649,14649,14649,14649,14649,14649,14649,14649,14649,14649,14649,14649,14649,14649
30307,17733,17733,17733,17733,17733,17733,17733,17733,17733,17733,17733,17733,17733,17733,17733,17733,17733,17733,17733,17733,17733,17733,17733,17733,17733,17733,17733,17733,17733,17733,17733,17733,17733,17733,17733,17733,17733,17733,17733,17733,17733,17733,17733,17733,17733,17733,17733,17733,17733,17733,17733,17733,17733,17733,17733,17733,17733,17733,17733,17733,17733,17733,17733,17733,17733,17733,17733,17733,17733,17733,17733,17733,17733,17733,17733,17733,17733,17733,17733,17733
30308,17975,17975,17975,17975,17975,17975,17975,17975,17975,17975,17975,17975,17975,17975,17975,17975,17975,17975,17975,17975,17975,17975,17975,17975,17975,17975,17975,17975,17975,17975,17975,17975,17975,17975,17975,17975,17975,17975,17975,17975,17975,17975,17975,17975,17975,17975,17975,17975,17975,17975,17975,17975,17975,17975,17975,17975,17975,17975,17975,17975,17975,17975,17975,17975,17975,17975,17975,17975,17975,17975,17975,17975,17975,17975,17975,17975,17975,17975,17975,17975
30309,13635,13635,13635,13635,13635,13635,13635,13635,13635,13635,13635,13635,13635,13635,13635,13635,13635,13635,13635,13635,13635,13635,13635,13635,13635,13635,13635,13635,13635,13635,13635,13635,13635,13635,13635,13635,13635,13635,13635,13635,13635,13635,13635,13635,13635,13635,13635,13635,13635,13635,13635,13635,13635,13635,13635,13635,13635,13635,13635,13635,13635,13635,13635,13635,13635,13635,13635,13635,13635,13635,13635,13635,13635,13635,13635,13635,13635,13635,13635,13635
30350,12848,12848,12848,12848,12848,12848,12848,12848,12848,12848,12848,12848,12848,12848,12848,12848,12848,12848,12848,12848,12848,12848,12848,12848,12848,12848,12848,12848,12848,12848,12848,12848,12848,12848,12848,12848,12848,12848,12848,12848,12848,12848,12848,12848,12848,12848,12848,12848,12848,12848,12848,12848,12848,12848,12848,12848,12848,12848,12848,12848,12848,12848,12848,12848,12848,12848,12848,12848,12848,12848,12848,12848,12848,12848,12848,12848,12848,12848,12848,12848
30351,12852,12852,12852,12852,12852,12852,12852,12852,12852,12852,12852,12852,12852,12852,12852,12852,12852,12852,12852,12852,12852,12852,12852,12852,12852,12852,12852,12852,12852,12852,12852,12852,12852,12852,12852,12852,12852,12852,12852,12852,12852,12852,12852,12852,12852,12852,12852,12852,12852,12852,12852,12852,12852,12852,12852,12852,12852,12852,12852,12852,12852,12852,12852,12852,12852,12852,12852,12852,12852,12852,12852,12852,12852,12852,12852,12852,12852,12852,12852,12852
30352,12345,12345,12345,12345,12345,12345,12345,12345,12345,12345,12345,12345,12345,12345,12345,12345,12345,12345,12345,12345,12345,12345,12345,12345,12345,12345,12345,12345,12345,12345,12345,12345,12345,12345,12345,12345,12345,12345,12345,12345,12345,12345,12345,12345,12345,12345,12345,12345,12345,12345,12345,12345,12345,12345,12345,12345,12345,12345,12345,12345,12345,12345,12345,12345,12345,12345,12345,12345,12345,12345,12345,12345,12345,12345,12345,12345,12345,12345,12345,12345
30353,12345,12345,12345,12345,12345,12345,12345,12345,12345,12345,12345,12345,12345,12345,12345,12345,12345,12345,12345,12345,12345,12345,12345,12345,12345,12345,12345,12345,12345,12345,12345,12345,12345,12345,12345,12345,12345,12345,12345,12345,12345,12345,12345,12345,12345,12345,12345,12345,12345,12345,12345,12345,12345,12345,12345,12345,12345,12345,12345,12345,12345,12345,12345,12345,12345,12345,12345,12345,12345,12345,12345,12345,12345,12345,12345,12345,12345,12345,12345,12345
30354,12337,12337,12337,12337,12337,12337,12337,12337,12337,12337,12337,12337,12337,12337,12337,12337,12337,12337,12337,12337,12337,12337,12337,12337,12337,12337,12337,12337,12337,12337,12337,12337,12337,12337,12337,12337,12337,12337,12337,12337,12337,12337,12337,12337,12337,12337,12337,12337,12337,12337,12337,12337,12337,12337,12337,12337,12337,12337,12337,12337,12337,12337,12337,12337,12337,12337,12337,12337,12337,12337,12337,12337,12337,12337,12337,12337,12337,12337,12337,12337
30355,13625,13625,13625,13625,13625,13625,13625,13625,13625,13625,13625,13625,13625,13625,13625,13625,13625,13625,13625,13625,13625,13625,13625,13625,13625,13625,13625,13625,13625,13625,13625,13625,13625,13625,13625,13625,13625,13625,13625,13625,13625,13625,13625,13625,13625,13625,13625,13625,13625,13625,13625,13625,13625,13625,13625,13625,13625,13625,13625,13625,13625,13625,13625,13625,13625,13625,13625,13625,13625,13625,13625,13625,13625,13625,13625,13625,13625,13625,13625,13625
30400,49320,49320,49320,49320,49320,49320,49320,49320,49320,49320,49320,49320,49320,49320,49320,49320,49320,49320,49320,49320,49320,49320,49320,49320,49320,49320,49320,49320,49320,49320,49320,49320,49320,49320,49320,49320,49320,49320,49320,49320,49320,49320,49320,49320,49320,49320,49320,49320,49320,49320,49320,49320,49320,49320,49320,49320,49320,49320,49320,49320,49320,49320,49320,49320,49320,49320,49320,49320,49320,49320,49320,49320,49320,49320,49320,49320,49320,49320,49320,49320
30401,46490,46490,46490,46490,46490,46490,46490,46490,46490,46490,46490,46490,46490,46490,46490,46490,46490,46490,46490,46490,46490,46490,46490,46490,46490,46490,46490,46490,46490,46490,46490,46490,46490,46490,46490,46490,46490,46490,46490,46490,46490,46490,46490,46490,46490,46490,46490,46490,46490,46490,46490,46490,46490,46490,46490,46490,46490,46490,46490,46490,46490,46490,46490,46490,46490,46490,46490,46490,46490,46490,46490,46490,46490,46490,46490,46490,46490,46490,46490,46490
30402,49320,49320,49320,49320,49320,49320,49320,49320,49320,49320,49320,49320,49320,49320,49320,49320,49320,49320,49320,49320,49320,49320,49320,49320,49320,49320,49320,49320,49320,49320,49320,49320,49320,49320,49320,49320,49320,49320,49320,49320,49320,49320,49320,49320,49320,49320,49320,49320,49320,49320,49320,49320,49320,49320,49320,49320,49320,49320,49320,49320,49320,49320,49320,49320,49320,49320,49320,49320,49320,49320,49320,49320,49320,49320,49320,49320,49320,49320,49320,49320
30403,46337,46337,46337,46337,46337,46337,46337,46337,46337,46337,46337,46337,46337,46337,46337,46337,46337,46337,46337,46337,46337,46337,46337,46337,46337,46337,46337,46337,46337,46337,46337,46337,46337,46337,46337,46337,46337,46337,46337,46337,46337,46337,46337,46337,46337,46337,46337,46337,46337,46337,46337,46337,46337,46337,46337,46337,46337,46337,46337,46337,46337,46337,46337,46337,46337,46337,46337,46337,46337,46337,46337,46337,46337,46337,46337,46337,46337,46337,46337,46337
31000,22094,22094,22094,22094,22094,22094,22094,22094,22094,22094,22094,22094,22094,22094,22094,22094,22094,22094,22094,22094,22094,22094,22094,22094,22094,22094,22094,22094,22094,22094,22094,22094,22094,22094,22094,22094,22094,22094,22094,22094,22094,22094,22094,22094,22094,22094,22094,22094,22094,22094,22094,22094,22094,22094,22094,22094,22094,22094,22094,22094,22094,22094,22094,22094,22094,22094,22094,22094,22094,22094,22094,22094,22094,22094,22094,22094,22094,22094,22094,22094
31001,21316,21316,21316,21316,21316,21316,21316,21316,21316,21316,21316,21316,21316,21316,21316,21316,21316,21316,21316,21316,21316,21316,21316,21316,21316,21316,21316,21316,21316,21316,21316,21316,21316,21316,21316,21316,21316,21316,21316,21316,21316,21316,21316,21316,21316,21316,21316,21316,21316,21316,21316,21316,21316,21316,21316,21316,21316,21316,21316,21316,21316,21316,21316,21316,21316,21316,21316,21316,21316,21316,21316,21316,21316,21316,21316,21316,21316,21316,21316,21316
31002,11568,11568,11568,11568,11568,11568,11568,11568,11568,11568,11568,11568,11568,11568,11568,11568,11568,11568,11568,11568,11568,11568,11568,11568,11568,11568,11568,11568,11568,11568,11568,11568,11568,11568,11568,11568,11568,11568,11568,11568,11568,11568,11568,11568,11568,11568,11568,11568,11568,11568,11568,11568,11568,11568,11568,11568,11568,11568,11568,11568,11568,11568,11568,11568,11568,11568,11568,11568,11568,11568,11568,11568,11568,11568,11568,11568,11568,11568,11568,11568
31003,5,5,5,5,5,5,5,5,5,5,5,5,5,5,5,5,5,5,5,5,5,5,5,5,5,5,5,5,5,5,5,5,5,5,5,5,5,5,5,5,5,5,5,5,5,5,5,5,5,5,5,5,5,5,5,5,5,5,5,5,5,5,5,5,5,5,5,5,5,5,5,5,5,5,5,5,5,5,5,5
31004,1543,1543,1543,1543,1543,1543,1543,1543,1543,1543,1543,1543,1543,1543,1543,1543,1543,1543,1543,1543,1543,1543,1543,1543,1543,1543,1543,1543,1543,1543,1543,1543,1543,1543,1543,1543,1543,1543,1543,1543,1543,1543,1543,1543,1543,1543,1543,1543,1543,1543,1543,1543,1543,1543,1543,1543,1543,1543,1543,1543,1543,1543,1543,1543,1543,1543,1543,1543,1543,1543,1543,1543,1543,1543,1543,1543,1543,1543,1543,1543
31005,0,0,0,0,0,0,0,0,0,0,0,0,0,0,0,0,0,0,0,0,0,0,0,0,0,0,0,0,0,0,0,0,0,0,0,0,0,0,0,0,0,0,0,0,0,0,0,0,0,0,0,0,0,0,0,0,0,0,0,0,0,0,0,0,0,0,0,0,0,0,0,0,0,0,0,0,0,0,0,0
31006,0,0,0,0,0,0,0,0,0,0,0,0,0,0,0,0,0,0,0,0,0,0,0,0,0,0,0,0,0,0,0,0,0,0,0,0,0,0,0,0,0,0,0,0,0,0,0,0,0,0,0,0,0,0,0,0,0,0,0,0,0,0,0,0,0,0,0,0,0,0,0,0,0,0,0,0,0,0,0,0
31007,0,0,0,0,0,0,0,0,0,0,0,0,0,0,0,0,0,0,0,0,0,0,0,0,0,0,0,0,0,0,0,0,0,0,0,0,0,0,0,0,0,0,0,0,0,0,0,0,0,0,0,0,0,0,0,0,0,0,0,0,0,0,0,0,0,0,0,0,0,0,0,0,0,0,0,0,0,0,0,0
31008,0,0,0,0,0,0,0,0,0,0,0,0,0,0,0,0,0,0,0,0,0,0,0,0,0,0,0,0,0,0,0,0,0,0,0,0,0,0,0,0,0,0,0,0,0,0,0,0,0,0,0,0,0,0,0,0,0,0,0,0,0,0,0,0,0,0,0,0,0,0,0,0,0,0,0,0,0,0,0,0
31009,0,0,0,0,0,0,0,0,0,0,0,0,0,0,0,0,0,0,0,0,0,0,0,0,0,0,0,0,0,0,0,0,0,0,0,0,0,0,0,0,0,0,0,0,0,0,0,0,0,0,0,0,0,0,0,0,0,0,0,0,0,0,0,0,0,0,0,0,0,0,0,0,0,0,0,0,0,0,0,0
32105,15360,15360,15360,15360,15360,15360,15360,15360,15360,15360,15360,15360,15360,15360,15360,15360,15360,15360,15360,15360,15360,15360,15360,15360,15360,15360,15360,15360,15360,15360,15360,15360,15360,15360,15360,15360,15360,15360,15360,15360,15360,15360,15360,15360,15360,15360,15360,15360,15360,15360,15360,15360,15360,15360,15360,15360,15360,15360,15360,15360,15360,15360,15360,15360,15360,15360,15360,15360,15360,15360,15360,15360,15360,15360,15360,15360,15360,15360,15360,15360
32200,2449,2418,2423,2422,2427,2416,2429,2418,2400,2411,2423,2427,2415,2412,2410,2423,2419,2422,2413,2413,2396,2397,2384,2393,2427,2422,2419,2408,2386,2424,2423,2401,2409,2403,2430,2411,2406,2415,2425,2420,2401,2430,2419,2416,2429,2432,2392,2398,2414,2419,2428,2432,2418,2429,2411,2408,2375,2392,2372,2388,2373,2424,2425,2413,2427,2402,2405,2406,2432,2441,2437,2430,2435,2435,2425,2413,2408,2399,2419,2432
32204,499,499,499,499,499,499,499,499,499,500,500,500,499,499,499,499,499,499,499,499,500,500,500,500,499,499,500,499,500,500,499,500,499,500,500,500,499,499,499,499,500,499,500,500,500,500,500,499,499,499,499,499,500,499,499,500,500,500,499,499,500,500,499,499,499,499,499,499,500,500,499,499,499,500,500,500,500,499,500,500
32300,3,6,8,10,7,9,8,8,6,8,9,10,10,8,8,9,10,17,9,7,8,9,10,6,15,9,10,7,6,6,10,9,11,8,8,10,8,6,7,8,8,9,7,9,11,10,12,9,10,8,10,6,9,9,6,8,8,7,8,6,8,8,7,8,5,10,6,9,13,9,8,6,6,5,10,10,9,6,4,9
32301,3,6,8,10,7,9,8,8,6,8,9,10,10,8,8,9,10,17,9,7,8,9,10,6,15,9,10,7,6,6,10,9,11,8,8,10,8,6,7,8,8,9,7,9,11,10,12,9,10,8,10,6,9,9,6,8,8,7,8,6,8,8,7,8,5,10,6,9,13,9,8,6,6,5,10,10,9,6,4,9
32302,0,0,0,0,0,0,0,0,0,0,0,0,0,0,0,0,0,0,0,0,0,0,0,0,0,0,0,0,0,0,0,0,0,0,0,0,0,0,0,0,0,0,0,0,0,0,0,0,0,0,0,0,0,0,0,0,0,0,0,0,0,0,0,0,0,0,0,0,0,0,0,0,0,0,0,0,0,0,0,0
33000,0,0,0,0,0,0,0,0,0,0,0,0,0,0,0,0,0,0,0,0,0,0,0,0,0,0,0,0,0,0,0,0,0,0,0,0,0,0,0,0,0,0,0,0,0,0,0,0,0,0,0,0,0,0,0,0,0,0,0,0,0,0,0,0,0,0,0,0,0,0,0,0,0,0,0,0,0,0,0,0
33001,30296,30300,30305,30307,30313,30319,30325,30330,30337,30343,30349,30354,30360,30366,30372,30378,30383,30389,30395,30401,30407,30413,30419,30425,30431,30437,30442,30448,30454,30460,30466,30472,30478,30484,30490,30496,30501,30507,30513,30519,30526,30531,30537,30543,30549,30555,30561,30567,30573,30579,30584,30590,30596,30602,30608,30614,30620,30626,30632,30638,30643,30649,30655,30661,30667,30673,30679,30685,30691,30697,30703,30709,30715,30721,30727,30732,30738,30744,30750,30756
33002,0,0,0,0,0,0,0,0,0,0,0,0,0,0,0,0,0,0,0,0,0,0,0,0,0,0,0,0,0,0,0,0,0,0,0,0,0,0,0,0,0,0,0,0,0,0,0,0,0,0,0,0,0,0,0,0,0,0,0,0,0,0,0,0,0,0,0,0,0,0,0,0,0,0,0,0,0,0,0,0
33003,25130,25130,25130,25130,25130,25130,25130,25130,25130,25130,25130,25130,25130,25130,25130,25130,25130,25130,25130,25130,25130,25130,25130,25130,25130,25130,25130,25130,25130,25130,25130,25130,25130,25130,25130,25130,25130,25130,25130,25130,25130,25130,25130,25130,25130,25130,25130,25130,25130,25130,25130,25130,25130,25130,25130,25130,25130,25130,25130,25130,25130,25130,25130,25130,25130,25130,25130,25130,25130,25130,25130,25130,25130,25130,25130,25130,25130,25130,25130,25130
33004,0,0,0,0,0,0,0,0,0,0,0,0,0,0,0,0,0,0,0,0,0,0,0,0,0,0,0,0,0,0,0,0,0,0,0,0,0,0,0,0,0,0,0,0,0,0,0,0,0,0,0,0,0,0,0,0,0,0,0,0,0,0,0,0,0,0,0,0,0,0,0,0,0,0,0,0,0,0,0,0
33005,0,4,9,11,17,23,29,34,40,46,52,58,64,70,75,81,87,93,99,105,111,117,122,129,135,141,146,152,158,164,170,176,182,188,194,200,205,211,217,223,229,235,241,247,253,258,264,270,276,282,288,294,300,306,312,318,324,330,336,342,347,353,359,365,371,377,383,389,395,401,406,412,418,424,431,436,442,448,454,460
33006,0,0,0,0,0,0,0,0,0,0,0,0,0,0,0,0,0,0,0,0,0,0,0,0,0,0,0,0,0,0,0,0,0,0,0,0,0,0,0,0,0,0,0,0,0,0,0,0,0,0,0,0,0,0,0,0,0,0,0,0,0,0,0,0,0,0,0,0,0,0,0,0,0,0,0,0,0,0,0,0
33007,682,682,682,682,682,682,682,682,682,682,682,682,682,682,682,682,682,682,682,682,682,682,682,682,682,682,682,682,682,682,682,682,682,682,682,682,682,682,682,682,682,682,682,682,682,682,682,682,682,682,682,682,682,682,682,682,682,682,682,682,682,682,682,682,682,682,682,682,682,682,682,682,682,682,682,682,682,682,682,682
33008,0,0,0,0,0,0,0,0,0,0,0,0,0,0,0,0,0,0,0,0,0,0,0,0,0,0,0,0,0,0,0,0,0,0,0,0,0,0,0,0,0,0,0,0,0,0,0,0,0,0,0,0,0,0,0,0,0,0,0,0,0,0,0,0,0,0,0,0,0,0,0,0,0,0,0,0,0,0,0,0
33009,1715,1719,1724,1727,1732,1738,1744,1750,1756,1762,1768,1773,1779,1785,1791,1797,1802,1808,1814,1820,1826,1832,1838,1844,1850,1856,1861,1867,1873,1879,1885,1891,1897,1903,1909,1915,1920,1927,1933,1939,1945,1950,1956,1962,1968,1974,1980,1986,1992,1998,2003,2009,2015,2021,2027,2033,2039,2045,2051,2057,2062,2068,2075,2081,2087,2092,2098,2104,2110,2116,2122,2128,2134,2140,2146,2151,2157,2163,2169,2175
33010,0,0,0,0,0,0,0,0,0,0,0,0,0,0,0,0,0,0,0,0,0,0,0,0,0,0,0,0,0,0,0,0,0,0,0,0,0,0,0,0,0,0,0,0,0,0,0,0,0,0,0,0,0,0,0,0,0,0,0,0,0,0,0,0,0,0,0,0,0,0,0,0,0,0,0,0,0,0,0,0
33011,1984,1984,1984,1984,1984,1984,1984,1984,1984,1984,1984,1984,1984,1984,1984,1984,1984,1984,1984,1984,1984,1984,1984,1984,1984,1984,1984,1984,1984,1984,1984,1984,1984,1984,1984,1984,1984,1984,1984,1984,1984,1984,1984,1984,1984,1984,1984,1984,1984,1984,1984,1984,1984,1984,1984,1984,1984,1984,1984,1984,1984,1984,1984,1984,1984,1984,1984,1984,1984,1984,1984,1984,1984,1984,1984,1984,1984,1984,1984,1984
34000,5260,5435,5316,5307,5304,5302,5300,5298,5297,5296,5295,5294,5293,5292,5292,5291,5290,5290,5289,5289,5289,5288,5288,5287,5287,5287,5286,5286,5286,5285,5285,5285,5285,5284,5285,5284,5284,5284,5284,5283,5283,5283,5283,5283,5283,5283,5283,5282,5282,5282,5282,5282,5282,5282,5282,5281,5282,5282,5281,5281,5281,5281,5281,5281,5281,5280,5280,5280,5280,5280,5280,5280,5280,5280,5280,5280,5420,5422,5424,5419
34001,0,375,0,0,0,0,0,0,0,0,0,0,0,0,0,0,0,0,0,0,0,0,0,0,0,0,0,0,0,0,0,0,0,0,0,0,0,0,0,0,0,0,0,0,0,0,0,0,0,0,0,0,0,0,0,0,0,0,0,0,0,0,0,0,0,0,0,0,0,0,0,0,0,0,0,0,377,378,378,379
34002,479,493,501,501,501,501,501,501,501,501,501,501,501,501,501,501,501,500,500,500,500,500,500,500,500,500,500,500,500,500,500,500,500,500,500,500,500,500,500,500,500,500,500,500,500,500,500,500,500,500,500,500,500,500,500,500,500,500,500,500,500,500,500,500,500,500,500,500,500,500,500,500,500,500,500,500,513,534,555,576
34003,0,0,0,0,0,0,0,0,0,0,0,0,0,0,0,0,0,0,0,0,0,0,0,0,0,0,0,0,0,0,0,0,0,0,0,0,0,0,0,0,0,0,0,0,0,0,0,0,0,0,0,0,0,0,0,0,0,0,0,0,0,0,0,0,0,0,0,0,0,0,0,0,0,0,0,0,0,0,0,0
34004,3,3,0,0,0,0,0,0,0,0,0,0,0,0,0,0,0,0,0,0,0,0,0,0,0,0,0,0,0,0,0,0,0,0,0,0,0,0,0,0,0,0,0,0,0,0,0,0,0,0,0,0,0,0,0,0,0,0,0,0,0,0,0,0,0,0,0,0,0,0,0,0,0,0,0,0,3,3,3,3
34005,3289,3399,3324,3318,3317,3315,3314,3313,3312,3312,3311,3310,3309,3309,3308,3308,3308,3308,3307,3307,3306,3306,3306,3306,3306,3306,3305,3305,3305,3305,3304,3305,3304,3304,3305,3304,3304,3304,3304,3304,3304,3304,3303,3303,3303,3303,3303,3303,3303,3303,3303,3303,3302,3302,3302,3302,3302,3302,3302,3301,3302,3302,3302,3302,3302,3301,3302,3302,3301,3302,3301,3301,3302,3301,3301,3302,3390,3393,3394,3390
34006,3287,3395,3322,3316,3314,3313,3312,3310,3310,3309,3309,3308,3308,3307,3307,3306,3306,3305,3305,3305,3305,3304,3304,3304,3304,3304,3303,3303,3303,3302,3302,3303,3302,3302,3302,3302,3300,3302,3302,3302,3302,3302,3301,3301,3301,3301,3300,3301,3300,3301,3301,3300,3300,3300,3300,3300,3300,3300,3300,3300,3300,3300,3300,3300,3299,3299,3299,3299,3299,3299,3299,3300,3300,3299,3300,3299,3386,3384,3385,3382
34007,0,0,0,0,0,0,0,0,0,0,0,0,0,0,0,0,0,0,0,0,0,0,0,0,0,0,0,0,0,0,0,0,0,0,0,0,0,0,0,0,0,0,0,0,0,0,0,0,0,0,0,0,0,0,0,0,0,0,0,0,0,0,0,0,0,0,0,0,0,0,0,0,0,0,0,0,0,0,0,0
34008,0,0,0,0,0,0,0,0,0,0,0,0,0,0,0,0,0,0,0,0,0,0,0,0,0,0,0,0,0,0,0,0,0,0,0,0,0,0,0,0,0,0,0,0,0,0,0,0,0,0,0,0,0,0,0,0,0,0,0,0,0,0,0,0,0,0,0,0,0,0,0,0,0,0,0,0,0,0,0,0
34009,0,0,0,0,0,0,0,0,0,0,0,0,0,0,0,0,0,0,0,0,0,0,0,0,0,0,0,0,0,0,0,0,0,0,0,0,0,0,0,0,0,0,0,0,0,0,0,0,0,0,0,0,0,0,0,0,0,0,0,0,0,0,0,0,0,0,0,0,0,0,0,0,0,0,0,0,0,0,0,0
34010,116,116,116,116,116,116,116,116,116,116,116,116,116,116,116,116,116,116,116,116,116,116,116,116,116,116,116,116,116,116,116,116,116,116,116,116,116,116,116,116,116,116,116,116,116,116,116,116,116,116,116,116,116,116,116,116,116,116,116,116,116,116,116,116,116,116,116,116,116,116,116,116,116,116,116,116,116,116,116,116
34011,246,267,282,289,297,302,307,311,316,320,323,324,328,330,332,335,336,338,340,343,342,345,345,346,348,351,353,352,353,356,356,358,358,359,360,361,363,363,365,366,366,368,367,367,370,371,371,372,373,373,376,374,374,376,376,378,378,380,377,379,380,381,383,382,384,383,383,383,385,386,387,386,386,387,386,387,389,391,395,397
34012,223,253,250,249,252,255,258,262,266,269,272,276,279,282,285,287,290,292,295,297,299,300,302,304,306,307,309,310,312,313,315,316,316,318,319,320,321,322,323,325,325,326,327,328,329,330,331,332,333,334,334,335,336,336,337,337,338,339,340,341,341,342,343,344,344,345,345,346,346,347,347,347,348,348,349,349,379,401,419,434
34013,226,228,230,230,231,231,232,232,233,233,234,234,235,235,236,237,237,238,239,239,240,240,241,242,243,244,244,245,246,247,247,248,249,250,250,251,252,252,253,254,254,255,255,256,257,257,258,259,260,260,261,262,262,263,264,264,265,266,266,266,267,268,268,269,269,270,271,271,271,272,273,273,274,274,275,275,277,281,285,289
34014,222,227,227,228,228,228,229,230,230,230,231,231,232,232,232,233,233,233,234,234,235,235,235,236,237,237,237,238,239,239,239,240,240,241,242,242,243,242,243,244,244,245,245,245,246,247,247,248,249,249,250,250,250,251,252,252,252,253,254,254,254,255,256,256,256,257,258,258,258,259,259,260,260,261,262,262,267,272,278,283
34015,222,225,228,228,228,229,229,229,230,230,230,230,231,231,231,232,232,232,233,233,233,234,234,235,235,236,236,237,237,238,238,239,239,240,240,241,241,241,242,243,243,244,244,244,245,246,246,247,247,248,249,249,249,250,251,251,252,252,253,253,253,254,255,255,255,256,257,257,257,258,258,259,259,260,260,261,263,268,274,279
34016,221,225,227,227,227,227,228,229,229,229,230,230,231,231,231,232,232,232,233,233,234,234,234,235,235,236,236,237,237,238,238,239,239,240,240,241,241,241,242,243,243,244,244,245,245,246,246,247,248,248,249,249,250,251,251,252,252,253,253,254,254,255,255,256,256,256,257,258,258,258,259,259,260,261,261,262,265,271,276,282
34017,0,0,0,0,0,0,0,0,0,0,0,0,0,0,0,0,0,0,0,0,0,0,0,0,0,0,0,0,0,0,0,0,0,0,0,0,0,0,0,0,0,0,0,0,0,0,0,0,0,0,0,0,0,0,0,0,0,0,0,0,0,0,0,0,0,0,0,0,0,0,0,0,0,0,0,0,0,0,0,0
34018,3289,3395,3323,3316,3315,3314,3312,3311,3310,3310,3310,3309,3309,3308,3307,3307,3306,3306,3306,3306,3305,3305,3305,3304,3304,3304,3304,3304,3303,3303,3303,3303,3303,3304,3303,3302,3303,3303,3302,3302,3302,3302,3302,3302,3302,3302,3302,3302,3302,3301,3301,3302,3302,3301,3301,3301,3301,3301,3301,3301,3300,3300,3301,3301,3300,3301,3300,3301,3301,3300,3301,3300,3301,3300,3300,3300,3386,3386,3392,3390
34019,3288,3396,3323,3317,3315,3314,3312,3312,3310,3309,3309,3309,3308,3308,3308,3306,3307,3306,3306,3306,3305,3305,3305,3305,3304,3305,3304,3304,3304,3303,3303,3304,3304,3303,3303,3302,3302,3302,3302,3302,3302,3302,3301,3301,3302,3302,3302,3301,3302,3302,3302,3302,3301,3302,3301,3301,3301,3302,3301,3301,3301,3301,3301,3301,3301,3300,3301,3301,3301,3301,3300,3300,3300,3300,3300,3300,3387,3388,3389,3388
34020,3287,3397,3323,3317,3315,3314,3313,3312,3311,3310,3309,3309,3308,3309,3308,3307,3306,3306,3306,3306,3306,3305,3305,3305,3304,3304,3304,3304,3303,3303,3304,3303,3303,3303,3303,3302,3304,3302,3302,3302,3302,3302,3302,3302,3302,3302,3302,3302,3301,3301,3302,3301,3301,3301,3301,3302,3301,3301,3301,3300,3301,3301,3300,3301,3300,3300,3301,3300,3300,3300,3300,3300,3301,3300,3300,3300,3386,3387,3390,3387
34021,3288,3398,3324,3317,3316,3314,3313,3313,3311,3312,3311,3310,3309,3309,3308,3307,3307,3306,3306,3307,3306,3306,3306,3305,3306,3306,3305,3305,3305,3305,3303,3305,3304,3304,3304,3303,3303,3303,3303,3304,3303,3302,3303,3302,3303,3303,3302,3303,3302,3302,3303,3302,3302,3302,3302,3301,3302,3302,3302,3301,3302,3302,3302,3301,3301,3301,3300,3301,3301,3301,3301,3301,3302,3301,3301,3300,3389,3392,3392,3389
34022,3287,3396,3323,3316,3316,3314,3312,3312,3310,3309,3309,3308,3308,3307,3308,3306,3306,3306,3305,3306,3305,3305,3305,3304,3305,3304,3304,3304,3304,3303,3304,3303,3303,3302,3303,3302,3302,3302,3303,3302,3302,3302,3302,3302,3302,3302,3302,3302,3302,3301,3301,3301,3302,3301,3301,3301,3301,3301,3300,3300,3301,3300,3301,3300,3301,3300,3300,3300,3300,3300,3300,3300,3300,3299,3300,3300,3386,3391,3393,3387
34023,3287,3398,3322,3318,3315,3314,3313,3312,3311,3311,3310,3309,3308,3308,3308,3307,3307,3307,3306,3306,3306,3305,3305,3305,3305,3305,3304,3304,3305,3304,3304,3304,3304,3303,3303,3304,3303,3303,3304,3302,3303,3302,3302,3302,3302,3302,3302,3302,3302,3302,3302,3302,3302,3302,3302,3301,3302,3302,3302,3301,3302,3301,3301,3301,3302,3300,3301,3300,3301,3301,3300,3301,3301,3300,3301,3300,3388,3392,3393,3388
34024,3287,3397,3322,3317,3315,3313,3312,3311,3311,3310,3309,3309,3308,3308,3308,3306,3306,3306,3306,3305,3305,3305,3304,3304,3304,3305,3305,3303,3304,3302,3302,3303,3303,3302,3303,3303,3302,3303,3302,3302,3302,3302,3302,3302,3301,3302,3302,3301,3301,3301,3301,3302,3301,3301,3301,3300,3301,3301,3301,3300,3300,3301,3300,3300,3300,3300,3300,3300,3300,3300,3300,3300,3300,3300,3300,3300,3387,3391,3392,3387
34025,3288,3399,3323,3318,3316,3315,3313,3312,3312,3312,3310,3309,3309,3308,3308,3308,3308,3307,3307,3306,3306,3305,3305,3305,3305,3305,3305,3305,3304,3304,3304,3304,3304,3303,3303,3303,3303,3303,3304,3302,3302,3303,3303,3303,3303,3303,3303,3303,3302,3302,3301,3302,3301,3302,3302,3302,3302,3302,3301,3301,3301,3301,3302,3301,3301,3301,3300,3300,3301,3301,3301,3301,3301,3301,3301,3301,3389,3393,3394,3389
34026,3287,3397,3322,3317,3315,3314,3312,3311,3311,3310,3309,3309,3308,3307,3307,3308,3307,3306,3306,3305,3306,3305,3305,3305,3305,3304,3304,3303,3304,3303,3302,3303,3302,3303,3303,3303,3302,3302,3302,3302,3302,3303,3301,3302,3302,3302,3302,3302,3302,3301,3301,3301,3301,3301,3301,3300,3301,3301,3301,3301,3300,3301,3301,3300,3301,3300,3301,3300,3300,3300,3300,3301,3300,3300,3300,3299,3388,3392,3392,3388
34027,3287,3398,3323,3318,3316,3314,3314,3312,3312,3310,3310,3310,3309,3309,3308,3307,3307,3307,3307,3306,3306,3306,3305,3306,3305,3305,3305,3305,3305,3304,3304,3304,3304,3304,3304,3303,3303,3302,3302,3303,3303,3303,3303,3303,3302,3303,3303,3302,3302,3302,3302,3303,3302,3302,3302,3302,3302,3302,3302,3301,3302,3301,3302,3301,3301,3301,3302,3301,3301,3301,3301,3301,3301,3301,3301,3301,3390,3390,3392,3388
34028,3287,3396,3322,3317,3316,3315,3312,3312,3312,3310,3309,3309,3308,3309,3308,3307,3307,3307,3306,3305,3306,3305,3305,3306,3305,3304,3304,3305,3304,3304,3302,3304,3303,3304,3303,3302,3303,3303,3302,3303,3302,3302,3302,3302,3302,3301,3302,3301,3302,3302,3301,3302,3301,3301,3301,3301,3301,3301,3301,3301,3301,3300,3301,3301,3301,3300,3300,3300,3301,3301,3300,3300,3300,3300,3300,3301,3390,3390,3391,3388
34029,3288,3398,3323,3317,3317,3314,3313,3312,3311,3311,3310,3309,3309,3309,3308,3308,3307,3306,3307,3307,3306,3306,3306,3305,3305,3305,3305,3305,3305,3304,3304,3305,3303,3303,3305,3303,3303,3303,3303,3303,3304,3304,3303,3303,3303,3302,3302,3302,3303,3303,3303,3302,3301,3302,3302,3302,3302,3302,3302,3301,3301,3301,3301,3301,3302,3301,3302,3301,3301,3302,3301,3301,3301,3301,3301,3302,3390,3388,3390,3388
34030,3287,3397,3322,3317,3315,3313,3312,3311,3310,3310,3310,3308,3308,3307,3307,3307,3306,3305,3305,3305,3306,3304,3305,3304,3304,3305,3304,3304,3303,3303,3303,3303,3303,3302,3303,3302,3302,3302,3302,3302,3302,3302,3302,3302,3302,3301,3301,3302,3301,3301,3302,3302,3301,3301,3301,3300,3301,3301,3300,3300,3301,3301,3300,3301,3300,3300,3300,3300,3301,3300,3299,3300,3300,3300,3300,3300,3388,3387,3388,3387
34031,3288,3398,3323,3317,3316,3314,3313,3312,3312,3310,3309,3310,3309,3308,3308,3308,3308,3308,3307,3307,3306,3306,3306,3305,3305,3305,3304,3305,3305,3305,3304,3303,3304,3304,3305,3304,3304,3304,3303,3303,3303,3303,3303,3302,3303,3303,3302,3302,3302,3302,3301,3302,3302,3302,3302,3302,3302,3302,3302,3301,3301,3302,3302,3302,3301,3301,3301,3302,3301,3301,3301,3301,3301,3300,3301,3301,3388,3388,3388,3386
34032,3287,3397,3322,3316,3315,3313,3312,3311,3310,3309,3309,3309,3309,3307,3307,3306,3306,3306,3306,3305,3305,3305,3304,3304,3304,3305,3304,3304,3303,3303,3303,3302,3302,3302,3302,3303,3302,3302,3302,3302,3301,3302,3301,3302,3302,3301,3302,3301,3301,3302,3301,3301,3300,3300,3300,3301,3301,3300,3301,3300,3300,3300,3300,3300,3300,3300,3300,3300,3299,3300,3300,3300,3300,3299,3300,3300,3387,3384,3383,3382
34033,3288,3397,3322,3316,3314,3314,3312,3310,3310,3309,3309,3308,3308,3307,3307,3306,3307,3306,3305,3305,3305,3305,3304,3304,3304,3304,3303,3303,3303,3303,3302,3303,3302,3302,3302,3302,3300,3302,3302,3302,3301,3302,3301,3301,3301,3301,3301,3301,3300,3301,3301,3300,3301,3301,3300,3301,3300,3300,3300,3300,3300,3300,3300,3301,3299,3299,3300,3299,3299,3299,3299,3299,3300,3299,3299,3299,3386,3384,3382,3384
34100,5258,5258,5258,5258,5258,5258,5258,5258,5258,5258,5258,5258,5258,5258,5258,5258,5257,5257,5258,5257,5258,5258,5257,5258,5257,5257,5257,5257,5257,5257,5257,5257,5258,5257,5258,5257,5257,5257,5257,5257,5257,5257,5257,5257,5257,5257,5257,5257,5256,5257,5257,5256,5257,5257,5256,5257,5256,5257,5257,5257,5257,5257,5257,5257,5257,5257,5257,5257,5256,5257,5256,5256,5257,5257,5256,5425,5309,5302,5299,5297
34101,0,0,0,0,0,0,0,0,0,0,0,0,0,0,0,0,0,0,0,0,0,0,0,0,0,0,0,0,0,0,0,0,0,0,0,0,0,0,0,0,0,0,0,0,0,0,0,0,0,0,0,0,0,0,0,0,0,0,0,0,0,0,0,0,0,0,0,0,0,0,0,0,0,0,0,376,0,0,0,0
34102,478,478,478,478,478,478,478,478,478,478,478,478,478,478,478,478,478,478,478,478,478,478,478,478,478,478,478,478,478,478,478,478,478,478,478,478,478,478,478,478,478,478,478,478,478,478,478,478,478,478,478,478,478,478,478,478,478,478,478,477,477,477,477,477,477,477,477,477,477,477,477,477,477,477,477,495,501,501,501,501
34103,0,0,0,0,0,0,0,0,0,0,0,0,0,0,0,0,0,0,0,0,0,0,0,0,0,0,0,0,0,0,0,0,0,0,0,0,0,0,0,0,0,0,0,0,0,0,0,0,0,0,0,0,0,0,0,0,0,0,0,0,0,0,0,0,0,0,0,0,0,0,0,0,0,0,0,0,0,0,0,0
34104,0,0,0,0,0,0,0,0,0,0,0,0,0,0,0,0,0,0,0,0,0,0,0,0,0,0,0,0,0,0,0,0,0,0,0,0,0,0,0,0,0,0,0,0,0,0,0,0,0,0,0,0,0,0,0,0,0,0,0,0,0,0,0,0,0,0,0,0,0,0,0,0,0,0,0,3,0,0,0,0
34105,3287,3288,3287,3287,3287,3287,3287,3288,3287,3287,3287,3288,3288,3288,3287,3287,3287,3287,3287,3287,3287,3287,3287,3287,3287,3287,3287,3287,3287,3287,3287,3287,3287,3287,3287,3287,3287,3287,3287,3287,3287,3287,3287,3287,3287,3287,3287,3287,3286,3286,3287,3287,3287,3287,3287,3287,3287,3287,3286,3287,3287,3287,3287,3287,3286,3287,3287,3287,3287,3287,3286,3287,3287,3287,3287,3394,3320,3315,3314,3312
34106,3286,3285,3285,3285,3286,3285,3285,3285,3285,3285,3286,3285,3285,3285,3285,3285,3285,3285,3285,3285,3286,3285,3285,3285,3285,3285,3285,3285,3285,3285,3284,3285,3285,3285,3286,3285,3285,3285,3285,3285,3285,3285,3285,3285,3285,3285,3284,3285,3284,3285,3284,3284,3285,3285,3284,3285,3284,3285,3285,3285,3285,3285,3284,3285,3285,3285,3285,3285,3284,3284,3284,3284,3285,3284,3284,3386,3317,3313,3311,3310
34107,0,0,0,0,0,0,0,0,0,0,0,0,0,0,0,0,0,0,0,0,0,0,0,0,0,0,0,0,0,0,0,0,0,0,0,0,0,0,0,0,0,0,0,0,0,0,0,0,0,0,0,0,0,0,0,0,0,0,0,0,0,0,0,0,0,0,0,0,0,0,0,0,0,0,0,0,0,0,0,0
34108,0,0,0,0,0,0,0,0,0,0,0,0,0,0,0,0,0,0,0,0,0,0,0,0,0,0,0,0,0,0,0,0,0,0,0,0,0,0,0,0,0,0,0,0,0,0,0,0,0,0,0,0,0,0,0,0,0,0,0,0,0,0,0,0,0,0,0,0,0,0,0,0,0,0,0,0,0,0,0,0
34109,0,0,0,0,0,0,0,0,0,0,0,0,0,0,0,0,0,0,0,0,0,0,0,0,0,0,0,0,0,0,0,0,0,0,0,0,0,0,0,0,0,0,0,0,0,0,0,0,0,0,0,0,0,0,0,0,0,0,0,0,0,0,0,0,0,0,0,0,0,0,0,0,0,0,0,0,0,0,0,0
34110,116,116,116,116,116,116,116,116,116,116,116,116,116,116,116,116,116,116,116,116,116,116,116,116,116,116,116,116,116,116,116,116,116,116,116,116,116,116,116,116,116,116,116,116,116,116,116,116,116,116,116,116,116,116,116,116,116,116,116,116,116,116,116,116,116,116,116,116,116,116,116,116,116,116,116,116,116,116,116,116
34111,235,258,268,274,279,286,290,296,300,304,307,311,311,314,316,319,319,322,323,323,324,328,325,327,329,330,329,330,332,332,333,332,335,335,334,334,335,336,335,337,337,338,339,338,342,339,342,341,343,343,343,343,344,343,344,344,346,344,345,344,346,346,347,347,348,348,350,347,349,350,350,350,349,351,351,354,352,353,352,347
34112,214,216,219,222,226,230,236,240,246,250,255,258,263,266,269,272,275,277,280,282,284,286,287,288,289,291,293,294,294,295,296,297,298,298,298,300,300,301,301,302,303,303,304,304,305,305,306,306,307,307,308,308,308,308,309,309,309,310,310,311,311,312,312,313,313,313,314,314,315,315,315,316,316,316,317,350,338,331,327,322
34113,217,217,217,217,217,217,218,218,218,218,218,219,219,219,220,220,220,220,220,221,221,222,222,222,222,223,223,224,224,224,224,225,225,226,226,226,227,227,228,228,228,229,229,229,230,230,230,231,231,231,232,232,232,233,233,234,234,235,235,235,235,236,237,237,237,238,238,238,239,239,239,240,240,240,241,245,247,247,247,248
34114,215,215,216,216,216,216,216,217,217,217,217,218,218,218,219,219,219,220,220,220,221,221,221,222,222,222,223,223,223,224,224,224,225,225,225,226,226,227,227,228,228,228,229,229,229,229,230,230,230,231,231,231,232,232,233,233,234,234,234,235,235,235,236,236,237,237,237,237,238,238,238,239,239,240,240,243,246,246,247,247
34115,217,217,218,218,218,218,218,219,218,219,219,219,220,220,220,221,220,221,221,221,222,222,223,223,223,223,224,224,225,225,225,225,225,226,226,227,227,227,228,228,229,229,229,230,230,230,231,231,231,232,232,233,233,233,234,234,234,235,235,235,236,236,237,237,237,238,238,238,239,239,239,240,240,241,241,245,247,247,247,248
34116,219,219,220,220,220,220,221,221,222,222,223,223,224,224,225,225,225,226,226,227,228,228,228,229,229,229,230,231,231,231,232,232,233,233,233,234,234,235,236,236,236,237,237,238,238,238,239,239,239,240,240,241,241,241,242,242,243,243,244,244,244,245,245,245,246,246,247,247,247,248,248,248,249,249,250,252,254,254,255,255
34117,0,0,0,0,0,0,0,0,0,0,0,0,0,0,0,0,0,0,0,0,0,0,0,0,0,0,0,0,0,0,0,0,0,0,0,0,0,0,0,0,0,0,0,0,0,0,0,0,0,0,0,0,0,0,0,0,0,0,0,0,0,0,0,0,0,0,0,0,0,0,0,0,0,0,0,0,0,0,0,0
34118,3287,3286,3286,3286,3287,3287,3287,3287,3286,3286,3286,3286,3286,3286,3287,3286,3287,3286,3287,3285,3286,3286,3286,3286,3286,3286,3286,3286,3286,3287,3286,3286,3286,3285,3286,3286,3285,3286,3285,3285,3286,3285,3285,3286,3285,3285,3286,3286,3285,3286,3285,3286,3285,3286,3285,3285,3285,3286,3285,3286,3285,3286,3286,3285,3286,3286,3286,3286,3285,3285,3285,3285,3286,3285,3286,3386,3319,3313,3312,3311
34119,3287,3287,3287,3287,3287,3287,3287,3287,3286,3286,3287,3287,3287,3287,3287,3286,3286,3287,3286,3286,3287,3287,3286,3286,3286,3287,3287,3286,3287,3287,3286,3286,3286,3286,3286,3286,3287,3286,3286,3286,3286,3286,3286,3286,3286,3286,3286,3285,3286,3286,3286,3286,3287,3285,3287,3285,3286,3286,3286,3286,3286,3287,3286,3286,3286,3287,3286,3286,3285,3286,3286,3286,3285,3286,3286,3393,3320,3314,3312,3311
34120,3286,3286,3287,3287,3286,3286,3286,3287,3287,3286,3286,3287,3285,3287,3287,3286,3286,3286,3286,3286,3286,3286,3286,3286,3285,3285,3287,3287,3287,3285,3286,3286,3286,3286,3286,3286,3286,3286,3286,3285,3285,3285,3286,3286,3286,3286,3286,3287,3286,3285,3285,3286,3285,3286,3285,3285,3286,3285,3286,3286,3286,3286,3286,3286,3286,3285,3285,3286,3285,3286,3285,3284,3286,3286,3285,3391,3318,3314,3312,3311
34121,3287,3287,3287,3287,3287,3287,3287,3287,3287,3287,3287,3288,3287,3287,3287,3287,3287,3287,3287,3286,3287,3287,3287,3287,3287,3287,3287,3287,3287,3287,3287,3287,3287,3287,3286,3287,3286,3287,3287,3287,3287,3287,3287,3287,3286,3287,3287,3287,3286,3286,3286,3286,3287,3287,3286,3287,3286,3286,3286,3287,3286,3287,3285,3286,3286,3287,3287,3287,3286,3287,3286,3287,3286,3286,3286,3390,3320,3315,3312,3312
34122,3286,3287,3287,3287,3286,3286,3286,3286,3286,3286,3286,3286,3286,3286,3286,3286,3286,3286,3286,3286,3286,3286,3285,3286,3286,3286,3285,3285,3285,3286,3285,3286,3287,3286,3286,3285,3286,3286,3286,3285,3286,3286,3285,3287,3286,3286,3285,3286,3286,3285,3286,3286,3286,3285,3285,3285,3285,3285,3286,3285,3285,3285,3286,3285,3285,3286,3285,3286,3286,3286,3286,3285,3285,3286,3285,3389,3319,3314,3313,3311
34123,3287,3287,3287,3287,3287,3287,3287,3287,3287,3287,3287,3286,3287,3287,3287,3287,3286,3286,3287,3287,3286,3287,3286,3287,3287,3287,3286,3286,3287,3287,3286,3287,3287,3286,3287,3287,3287,3287,3287,3287,3287,3287,3286,3286,3287,3286,3286,3286,3286,3286,3287,3286,3287,3286,3286,3286,3285,3287,3286,3287,3287,3286,3287,3287,3286,3287,3286,3287,3286,3287,3286,3286,3287,3286,3286,3392,3319,3314,3313,3311
34124,3286,3287,3287,3286,3286,3287,3286,3287,3286,3286,3286,3287,3286,3287,3286,3286,3286,3286,3287,3285,3286,3286,3286,3286,3285,3286,3285,3286,3286,3285,3286,3286,3286,3287,3287,3285,3286,3285,3286,3286,3286,3286,3286,3285,3286,3286,3287,3286,3285,3286,3285,3284,3285,3286,3285,3286,3285,3286,3286,3285,3286,3285,3285,3285,3286,3285,3285,3286,3285,3286,3285,3285,3286,3285,3286,3391,3318,3314,3312,3311
34125,3287,3287,3288,3287,3287,3287,3287,3288,3287,3287,3287,3287,3288,3287,3286,3287,3286,3287,3287,3287,3287,3287,3287,3287,3287,3286,3287,3286,3287,3286,3287,3287,3287,3287,3287,3286,3286,3287,3287,3286,3286,3287,3286,3287,3286,3287,3286,3287,3286,3286,3286,3287,3287,3287,3286,3286,3286,3286,3286,3285,3286,3287,3286,3286,3286,3286,3286,3286,3286,3286,3286,3286,3287,3286,3286,3391,3320,3315,3314,3312
34126,3287,3286,3287,3287,3286,3286,3286,3286,3286,3286,3286,3286,3286,3287,3286,3286,3287,3286,3285,3286,3286,3286,3285,3286,3285,3285,3286,3285,3285,3286,3286,3286,3286,3286,3286,3285,3285,3285,3285,3286,3285,3286,3286,3286,3286,3286,3285,3286,3285,3286,3286,3285,3285,3285,3284,3285,3286,3285,3286,3285,3285,3286,3286,3285,3286,3285,3285,3285,3285,3285,3285,3285,3285,3284,3286,3390,3318,3314,3311,3311
34127,3287,3287,3287,3286,3287,3287,3287,3287,3287,3287,3287,3286,3287,3287,3286,3287,3287,3287,3287,3286,3287,3287,3287,3287,3287,3287,3287,3287,3287,3287,3286,3287,3287,3286,3287,3287,3287,3287,3287,3287,3286,3286,3287,3287,3286,3286,3286,3286,3285,3286,3286,3286,3286,3287,3286,3286,3285,3286,3286,3286,3286,3287,3286,3286,3286,3286,3286,3286,3286,3286,3286,3286,3286,3287,3286,3391,3319,3314,3313,3311
34128,3286,3286,3287,3286,3286,3287,3286,3286,3285,3286,3286,3286,3286,3285,3286,3286,3286,3286,3287,3286,3286,3286,3286,3286,3286,3286,3286,3286,3286,3285,3285,3286,3286,3286,3286,3286,3285,3286,3285,3285,3286,3286,3285,3286,3285,3285,3286,3286,3284,3285,3286,3285,3285,3286,3285,3285,3285,3285,3285,3285,3285,3285,3285,3285,3286,3285,3285,3286,3286,3285,3285,3286,3286,3286,3285,3390,3317,3313,3312,3311
34129,3287,3287,3287,3286,3287,3287,3287,3287,3287,3287,3287,3287,3287,3287,3287,3287,3286,3286,3287,3286,3286,3286,3287,3286,3287,3286,3286,3286,3286,3286,3287,3286,3287,3287,3287,3287,3286,3286,3287,3287,3286,3286,3287,3286,3287,3286,3286,3286,3286,3286,3285,3285,3285,3286,3286,3286,3287,3286,3286,3285,3287,3287,3287,3287,3286,3285,3286,3286,3286,3286,3286,3286,3285,3286,3287,3393,3320,3314,3313,3312
34130,3287,3286,3287,3286,3287,3286,3287,3287,3286,3287,3286,3286,3286,3286,3286,3285,3285,3286,3286,3286,3286,3286,3287,3286,3286,3286,3287,3286,3286,3285,3286,3285,3286,3285,3286,3285,3286,3285,3286,3286,3285,3286,3286,3286,3286,3285,3286,3285,3285,3286,3285,3285,3285,3285,3286,3286,3286,3285,3285,3285,3285,3286,3286,3285,3286,3285,3285,3285,3285,3286,3286,3285,3285,3285,3284,3394,3318,3313,3312,3311
34131,3287,3287,3288,3287,3287,3286,3287,3287,3287,3287,3287,3287,3287,3288,3287,3287,3287,3287,3287,3287,3287,3287,3287,3287,3287,3287,3287,3287,3287,3287,3287,3287,3287,3287,3287,3287,3287,3287,3287,3287,3287,3287,3287,3287,3287,3287,3286,3286,3286,3286,3287,3286,3287,3287,3287,3286,3286,3286,3286,3287,3286,3286,3286,3286,3286,3287,3286,3287,3287,3286,3286,3286,3286,3286,3285,3393,3319,3315,3313,3312
34132,3286,3286,3286,3285,3286,3286,3287,3286,3286,3285,3287,3285,3286,3285,3285,3285,3285,3285,3285,3285,3286,3285,3286,3286,3285,3285,3285,3285,3286,3285,3286,3285,3286,3286,3286,3286,3285,3285,3284,3285,3285,3286,3286,3286,3286,3285,3285,3284,3285,3285,3285,3285,3285,3285,3285,3286,3285,3285,3285,3285,3285,3286,3286,3286,3285,3286,3284,3285,3285,3286,3284,3284,3285,3285,3284,3390,3317,3314,3312,3311
34133,3286,3285,3285,3285,3286,3286,3285,3285,3285,3286,3286,3285,3286,3286,3285,3286,3286,3285,3285,3285,3286,3286,3286,3285,3287,3285,3285,3285,3285,3285,3284,3285,3285,3285,3286,3286,3285,3285,3285,3285,3285,3285,3285,3285,3285,3286,3284,3285,3285,3286,3285,3285,3285,3285,3284,3285,3285,3286,3286,3284,3285,3285,3284,3285,3284,3285,3285,3285,3284,3285,3285,3285,3286,3285,3285,3387,3317,3314,3312,3310
34200,5113,5114,5179,5235,5151,5146,5144,5143,5141,5140,5140,5261,5273,5296,5209,5202,5265,5318,5337,5344,5355,5293,5279,5275,5273,5271,5270,5269,5269,5268,5268,5268,5267,5266,5266,5266,5375,5387,5387,5394,5387,5300,5296,5293,5291,5291,5290,5288,5288,5288,5287,5287,5287,5286,5286,5377,5398,5395,5402,5399,5310,5300,5296,5294,5293,5291,5290,5289,5289,5289,5288,5288,5288,5288,5287,5287,5286,5287,5286,5286
34201,0,0,0,390,0,0,0,0,0,0,0,388,387,386,0,0,388,384,383,382,382,0,0,0,0,0,0,0,0,0,0,0,0,0,0,0,380,379,380,380,380,0,0,0,0,0,0,0,0,0,0,0,0,0,0,380,379,379,379,379,0,0,0,0,0,0,0,0,0,0,0,0,0,0,0,0,0,0,0,0
34202,82,82,104,111,113,113,113,113,113,113,113,150,175,196,201,201,201,223,244,265,286,301,301,301,301,301,301,301,301,301,301,301,301,301,301,301,316,337,358,379,400,401,401,401,401,401,401,401,401,401,401,401,401,401,401,407,428,449,470,491,501,501,501,501,501,501,501,501,501,501,501,501,501,501,501,501,501,501,501,501
34203,7,7,7,7,7,7,7,7,7,7,7,7,7,7,7,7,7,7,7,7,7,7,7,7,7,7,7,7,7,7,7,7,7,7,7,7,7,7,7,7,7,7,7,7,7,7,7,7,7,7,7,7,7,7,7,7,7,7,7,7,7,7,7,7,7,7,7,7,7,7,7,7,7,7,7,7,7,7,7,7
34204,0,0,0,3,0,0,0,0,0,0,0,3,3,3,0,0,3,3,3,3,3,0,0,0,0,0,0,0,0,0,0,0,0,0,0,0,3,3,3,3,3,0,0,0,0,0,0,0,0,0,0,0,0,0,0,3,3,3,3,3,0,0,0,0,0,0,0,0,0,0,0,0,0,0,0,0,0,0,0,0
34205,3197,3198,3238,3274,3221,3218,3217,3216,3215,3214,3214,3291,3301,3313,3257,3254,3294,3327,3340,3345,3352,3309,3301,3298,3298,3296,3296,3294,3294,3294,3294,3294,3294,3293,3293,3293,3363,3369,3371,3374,3371,3314,3312,3310,3309,3308,3307,3306,3306,3306,3306,3306,3305,3305,3305,3363,3377,3375,3379,3378,3320,3314,3311,3310,3309,3308,3308,3308,3307,3306,3307,3306,3306,3306,3305,3306,3305,3306,3305,3305
34206,3194,3195,3236,3268,3219,3216,3215,3213,3212,3212,3211,3284,3293,3308,3254,3248,3288,3320,3333,3338,3344,3307,3298,3295,3294,3293,3292,3292,3292,3291,3291,3291,3290,3290,3290,3290,3356,3364,3365,3370,3365,3312,3309,3308,3306,3306,3305,3305,3305,3304,3304,3303,3303,3302,3303,3359,3371,3369,3374,3373,3318,3312,3309,3308,3307,3306,3306,3305,3305,3305,3305,3304,3304,3304,3304,3304,3303,3303,3303,3303
34207,0,0,0,0,0,0,0,0,0,0,0,0,0,0,0,0,0,0,0,0,0,0,0,0,0,0,0,0,0,0,0,0,0,0,0,0,0,0,0,0,0,0,0,0,0,0,0,0,0,0,0,0,0,0,0,0,0,0,0,0,0,0,0,0,0,0,0,0,0,0,0,0,0,0,0,0,0,0,0,0
34208,0,0,0,0,0,0,0,0,0,0,0,0,0,0,0,0,0,0,0,0,0,0,0,0,0,0,0,0,0,0,0,0,0,0,0,0,0,0,0,0,0,0,0,0,0,0,0,0,0,0,0,0,0,0,0,0,0,0,0,0,0,0,0,0,0,0,0,0,0,0,0,0,0,0,0,0,0,0,0,0
34209,0,0,0,0,0,0,0,0,0,0,0,0,0,0,0,0,0,0,0,0,0,0,0,0,0,0,0,0,0,0,0,0,0,0,0,0,0,0,0,0,0,0,0,0,0,0,0,0,0,0,0,0,0,0,0,0,0,0,0,0,0,0,0,0,0,0,0,0,0,0,0,0,0,0,0,0,0,0,0,0
34210,116,116,116,116,116,116,116,116,116,116,116,116,116,116,116,116,116,116,116,116,116,116,116,116,116,116,116,116,116,116,116,116,116,116,116,116,116,116,116,116,116,116,116,116,116,116,116,116,116,116,116,116,116,116,116,116,116,116,116,116,116,116,116,116,116,116,116,116,116,116,116,116,116,116,116,116,116,116,116,116
34211,314,326,331,331,333,335,336,338,339,340,341,346,348,351,355,354,357,358,362,364,364,367,367,367,365,365,364,361,362,361,359,360,359,359,359,357,359,362,366,368,371,370,370,370,367,367,366,367,366,365,365,366,364,364,364,365,368,369,372,376,376,377,377,375,373,373,372,372,372,371,372,372,370,369,371,372,368,367,367,363
34212,302,298,318,313,307,304,304,305,305,305,306,342,363,381,361,353,350,382,397,408,419,409,390,379,370,363,357,351,347,343,340,337,335,333,332,330,359,380,394,408,419,391,380,371,365,359,354,350,347,344,342,339,338,336,335,350,375,392,406,418,404,390,380,373,368,362,358,355,351,349,347,345,343,342,341,339,335,332,329,325
34213,302,301,304,302,301,300,300,300,299,298,298,303,305,308,304,302,302,307,309,311,311,310,308,307,306,306,306,305,304,304,304,303,303,303,302,302,306,309,311,314,317,314,313,313,313,312,312,312,311,311,310,310,309,309,309,311,316,320,325,329,329,329,328,328,327,327,326,326,326,325,324,324,323,323,322,322,322,321,321,320
34214,289,289,288,288,288,287,287,287,287,286,286,286,287,288,289,289,289,290,290,291,292,293,294,293,293,293,293,293,292,292,292,292,292,292,292,291,291,292,293,295,298,298,299,299,298,299,298,298,298,298,298,298,297,297,298,297,299,302,305,308,310,311,311,310,311,310,310,310,310,310,309,309,308,309,308,308,308,307,307,306
34215,293,293,292,292,292,292,292,291,291,290,290,290,291,293,294,294,293,293,295,295,296,297,298,297,297,297,297,296,296,296,295,295,295,295,294,294,294,295,297,299,302,303,302,303,302,302,302,302,302,301,300,300,300,300,300,299,302,305,309,313,315,316,315,315,315,314,314,314,314,314,313,312,312,312,311,311,311,310,310,309
34216,289,289,288,288,287,287,287,286,286,286,286,287,288,289,289,290,290,291,292,293,294,295,295,295,294,294,294,294,293,293,293,293,293,293,293,292,293,294,295,297,299,300,300,301,300,300,300,300,300,300,299,299,298,299,299,298,300,303,306,309,311,312,312,312,312,312,312,312,312,312,311,311,310,310,310,310,309,309,308,308
34217,0,0,0,0,0,0,0,0,0,0,0,0,0,0,0,0,0,0,0,0,0,0,0,0,0,0,0,0,0,0,0,0,0,0,0,0,0,0,0,0,0,0,0,0,0,0,0,0,0,0,0,0,0,0,0,0,0,0,0,0,0,0,0,0,0,0,0,0,0,0,0,0,0,0,0,0,0,0,0,0
34218,3196,3196,3236,3271,3220,3216,3215,3214,3214,3213,3212,3285,3296,3313,3257,3254,3294,3325,3340,3345,3347,3309,3301,3298,3296,3295,3294,3294,3293,3293,3293,3292,3294,3293,3293,3292,3359,3369,3369,3370,3370,3312,3310,3308,3307,3306,3306,3305,3306,3305,3305,3304,3304,3304,3304,3363,3373,3372,3375,3377,3320,3312,3310,3309,3308,3306,3306,3306,3305,3306,3305,3305,3305,3305,3305,3305,3304,3304,3303,3304
34219,3196,3197,3236,3271,3220,3217,3215,3215,3213,3213,3213,3286,3296,3311,3257,3251,3291,3326,3339,3343,3348,3307,3300,3298,3296,3294,3293,3293,3293,3292,3292,3293,3291,3291,3291,3291,3359,3367,3367,3371,3371,3312,3310,3309,3307,3307,3307,3305,3305,3305,3305,3304,3304,3304,3304,3363,3373,3375,3374,3378,3319,3312,3310,3309,3308,3308,3307,3306,3306,3305,3305,3305,3305,3304,3305,3304,3304,3305,3304,3304
34220,3196,3197,3237,3269,3220,3217,3215,3214,3213,3213,3212,3284,3293,3310,3255,3251,3291,3322,3335,3341,3346,3308,3300,3297,3295,3294,3294,3294,3292,3293,3293,3292,3292,3291,3291,3291,3358,3366,3365,3371,3368,3313,3309,3308,3307,3307,3306,3305,3305,3305,3305,3303,3304,3304,3303,3360,3372,3373,3375,3375,3319,3312,3310,3309,3308,3307,3307,3306,3306,3306,3305,3305,3304,3305,3304,3304,3304,3305,3304,3304
34221,3197,3198,3237,3270,3221,3218,3215,3215,3214,3213,3214,3286,3296,3313,3257,3253,3293,3323,3338,3343,3348,3309,3300,3298,3296,3296,3294,3294,3294,3293,3293,3293,3292,3292,3292,3292,3359,3368,3366,3372,3370,3314,3312,3309,3308,3308,3306,3306,3306,3306,3305,3305,3305,3304,3305,3360,3373,3375,3377,3376,3320,3313,3310,3309,3309,3308,3307,3306,3306,3306,3306,3306,3305,3306,3305,3305,3305,3304,3305,3305
34222,3194,3195,3236,3268,3220,3216,3215,3214,3213,3213,3212,3287,3293,3309,3254,3248,3289,3320,3333,3338,3344,3307,3298,3295,3294,3293,3292,3292,3292,3291,3291,3291,3290,3290,3290,3290,3357,3365,3366,3371,3367,3312,3309,3308,3307,3307,3306,3305,3305,3305,3304,3304,3305,3305,3303,3359,3371,3373,3375,3375,3319,3313,3310,3309,3308,3307,3306,3306,3306,3306,3305,3305,3305,3305,3304,3305,3304,3304,3304,3304
34223,3196,3196,3237,3272,3220,3217,3215,3215,3214,3213,3213,3288,3294,3310,3255,3251,3291,3322,3335,3340,3346,3308,3299,3298,3296,3294,3294,3293,3293,3293,3293,3292,3292,3291,3292,3292,3357,3368,3365,3370,3367,3313,3310,3308,3308,3307,3307,3306,3306,3305,3305,3305,3305,3305,3305,3361,3373,3374,3376,3375,3320,3313,3311,3309,3308,3308,3307,3306,3306,3306,3306,3306,3306,3306,3305,3305,3305,3305,3305,3304
34224,3196,3197,3237,3272,3220,3217,3215,3214,3213,3213,3213,3289,3295,3311,3257,3252,3293,3323,3336,3340,3347,3308,3299,3298,3296,3295,3294,3294,3294,3294,3293,3293,3292,3293,3292,3291,3358,3366,3366,3370,3366,3312,3310,3308,3307,3306,3307,3305,3305,3305,3305,3304,3304,3303,3304,3359,3372,3372,3375,3373,3319,3312,3310,3309,3308,3307,3307,3306,3306,3306,3305,3305,3305,3305,3305,3305,3304,3304,3304,3304
34225,3197,3197,3237,3272,3220,3217,3216,3215,3214,3213,3213,3289,3294,3311,3257,3253,3293,3323,3337,3340,3347,3309,3300,3298,3297,3296,3294,3294,3294,3294,3293,3293,3293,3293,3293,3293,3359,3367,3367,3371,3366,3313,3311,3310,3309,3308,3307,3306,3305,3306,3305,3306,3305,3305,3305,3360,3374,3372,3377,3375,3320,3313,3311,3309,3309,3308,3307,3308,3307,3306,3306,3306,3306,3305,3305,3305,3304,3305,3305,3305
34226,3196,3197,3237,3272,3219,3216,3215,3214,3214,3212,3211,3289,3293,3309,3255,3251,3290,3321,3333,3338,3345,3308,3299,3296,3296,3294,3294,3293,3292,3292,3292,3292,3292,3291,3291,3291,3356,3367,3365,3371,3365,3313,3310,3308,3307,3307,3306,3305,3305,3305,3304,3304,3304,3305,3304,3359,3374,3370,3376,3373,3318,3312,3311,3309,3308,3307,3307,3306,3306,3306,3305,3305,3304,3304,3304,3304,3304,3305,3304,3303
34227,3197,3197,3237,3273,3221,3217,3216,3215,3214,3213,3214,3291,3296,3310,3257,3253,3290,3324,3335,3341,3348,3309,3300,3298,3296,3296,3294,3294,3294,3294,3294,3294,3293,3293,3293,3292,3359,3369,3367,3373,3366,3313,3311,3309,3308,3307,3307,3306,3306,3306,3306,3305,3305,3305,3304,3360,3376,3373,3378,3374,3319,3312,3311,3309,3309,3307,3307,3307,3306,3306,3306,3305,3306,3306,3305,3305,3305,3305,3305,3305
34228,3195,3196,3237,3272,3219,3216,3215,3214,3213,3213,3213,3288,3294,3308,3255,3251,3289,3323,3334,3338,3346,3307,3298,3297,3295,3294,3294,3293,3293,3292,3291,3293,3293,3291,3291,3291,3358,3367,3366,3371,3365,3312,3310,3309,3307,3307,3306,3305,3305,3305,3304,3304,3304,3304,3304,3360,3375,3369,3376,3374,3319,3313,3309,3309,3308,3307,3306,3306,3306,3305,3306,3305,3305,3304,3305,3305,3304,3304,3303,3304
34229,3197,3197,3237,3274,3221,3217,3217,3215,3215,3214,3214,3291,3298,3309,3257,3252,3291,3324,3336,3340,3348,3309,3300,3298,3297,3295,3294,3294,3294,3293,3293,3293,3293,3293,3292,3291,3362,3369,3369,3373,3367,3314,3310,3309,3308,3308,3307,3306,3306,3306,3305,3305,3305,3305,3305,3361,3377,3371,3378,3375,3318,3314,3311,3309,3309,3307,3308,3306,3307,3306,3305,3305,3306,3306,3305,3305,3305,3305,3305,3304
34230,3197,3197,3237,3274,3220,3216,3215,3214,3213,3213,3213,3290,3298,3310,3257,3252,3291,3325,3335,3340,3348,3308,3299,3297,3296,3295,3294,3293,3293,3293,3292,3293,3293,3292,3292,3291,3361,3367,3367,3372,3367,3313,3310,3308,3308,3306,3306,3305,3305,3305,3305,3304,3304,3305,3304,3360,3376,3370,3378,3375,3319,3312,3310,3308,3308,3307,3306,3306,3306,3306,3306,3305,3305,3305,3304,3305,3304,3304,3304,3304
34231,3197,3197,3238,3274,3220,3218,3216,3216,3215,3214,3214,3291,3301,3311,3257,3253,3293,3327,3335,3340,3352,3309,3301,3298,3298,3296,3296,3294,3294,3294,3293,3293,3293,3293,3292,3293,3362,3368,3371,3374,3367,3314,3310,3309,3308,3308,3307,3306,3306,3306,3306,3305,3305,3305,3305,3363,3377,3372,3379,3375,3320,3314,3311,3310,3308,3308,3307,3307,3306,3306,3307,3305,3306,3306,3305,3306,3305,3306,3305,3304
34232,3194,3196,3237,3273,3219,3216,3215,3214,3212,3213,3213,3286,3298,3307,3255,3251,3286,3326,3335,3347,3350,3307,3300,3297,3294,3294,3293,3294,3293,3292,3292,3292,3291,3291,3291,3291,3363,3364,3369,3372,3366,3312,3309,3308,3306,3307,3305,3305,3305,3304,3305,3305,3304,3302,3304,3365,3376,3370,3377,3375,3318,3312,3310,3309,3307,3307,3306,3305,3306,3306,3305,3305,3304,3305,3304,3304,3304,3304,3303,3304
34233,3195,3195,3237,3273,3219,3216,3215,3214,3213,3213,3213,3286,3298,3306,3255,3251,3286,3327,3334,3347,3349,3308,3299,3297,3295,3295,3293,3293,3293,3292,3293,3291,3291,3291,3291,3291,3363,3364,3370,3371,3367,3312,3309,3308,3306,3306,3305,3306,3305,3305,3304,3303,3303,3302,3303,3364,3375,3370,3377,3374,3319,3312,3309,3308,3308,3307,3306,3305,3305,3305,3305,3304,3304,3304,3304,3304,3303,3303,3303,3303
34300,5160,5158,5157,5156,5156,5155,5155,5155,5155,5154,5154,5154,5155,5154,5285,5314,5263,5239,5234,5231,5229,5319,5352,5360,5377,5384,5299,5290,5287,5285,5283,5282,5281,5280,5279,5278,5278,5278,5277,5277,5277,5389,5390,5391,5389,5327,5299,5296,5293,5292,5290,5289,5289,5287,5287,5286,5286,5286,5285,5286,5385,5399,5397,5403,5403,5307,5299,5296,5294,5292,5291,5290,5289,5289,5288,5287,5287,5287,5287,5286
34301,0,0,0,0,0,0,0,0,0,0,0,0,0,0,383,382,0,0,0,0,0,381,379,379,378,378,0,0,0,0,0,0,0,0,0,0,0,0,0,0,0,377,377,377,378,0,0,0,0,0,0,0,0,0,0,0,0,0,0,0,377,376,377,377,377,0,0,0,0,0,0,0,0,0,0,0,0,0,0,0
34302,146,146,146,146,146,146,146,146,146,146,146,146,146,146,161,182,201,201,201,201,201,206,227,248,269,290,301,301,301,301,301,301,301,301,301,301,301,301,301,301,301,319,340,361,382,401,401,401,401,401,401,401,401,401,401,401,401,401,401,401,410,431,452,472,493,501,501,501,501,501,501,501,501,501,501,501,501,501,501,501
34303,6,6,6,6,6,6,6,6,6,6,6,6,6,6,6,6,6,6,6,6,6,6,6,6,6,6,6,6,6,6,6,6,6,6,6,6,6,6,6,6,6,6,6,6,6,7,7,7,7,7,7,7,7,7,7,7,7,7,7,7,7,7,7,7,7,7,7,7,7,7,7,7,7,7,7,7,7,7,7,7
34304,0,0,0,0,0,0,0,0,0,0,0,0,0,0,3,3,0,0,0,0,0,3,3,3,3,3,0,0,0,0,0,0,0,0,0,0,0,0,0,0,0,3,3,3,3,0,0,0,0,0,0,0,0,0,0,0,0,0,0,0,3,3,3,3,3,0,0,0,0,0,0,0,0,0,0,0,0,0,0,0
34305,3228,3227,3226,3225,3225,3225,3225,3224,3224,3224,3224,3223,3224,3224,3307,3325,3292,3278,3274,3272,3270,3329,3348,3354,3363,3370,3313,3308,3306,3304,3303,3303,3302,3301,3301,3301,3301,3300,3300,3299,3299,3372,3371,3371,3371,3331,3313,3311,3309,3308,3307,3307,3306,3305,3305,3306,3305,3305,3305,3305,3368,3377,3376,3379,3382,3319,3313,3312,3310,3309,3308,3308,3307,3307,3306,3306,3306,3305,3306,3305
34306,3223,3223,3222,3221,3221,3221,3220,3221,3221,3220,3220,3220,3220,3220,3298,3319,3288,3273,3270,3268,3266,3323,3342,3346,3359,3362,3311,3306,3304,3302,3301,3300,3300,3299,3298,3298,3298,3298,3297,3298,3298,3367,3367,3368,3367,3329,3312,3309,3308,3306,3305,3305,3305,3304,3303,3303,3302,3303,3302,3303,3364,3373,3371,3375,3374,3316,3311,3309,3308,3307,3306,3306,3305,3305,3304,3304,3303,3304,3303,3303
34307,0,0,0,0,0,0,0,0,0,0,0,0,0,0,0,0,0,0,0,0,0,0,0,0,0,0,0,0,0,0,0,0,0,0,0,0,0,0,0,0,0,0,0,0,0,0,0,0,0,0,0,0,0,0,0,0,0,0,0,0,0,0,0,0,0,0,0,0,0,0,0,0,0,0,0,0,0,0,0,0
34308,0,0,0,0,0,0,0,0,0,0,0,0,0,0,0,0,0,0,0,0,0,0,0,0,0,0,0,0,0,0,0,0,0,0,0,0,0,0,0,0,0,0,0,0,0,0,0,0,0,0,0,0,0,0,0,0,0,0,0,0,0,0,0,0,0,0,0,0,0,0,0,0,0,0,0,0,0,0,0,0
34309,0,0,0,0,0,0,0,0,0,0,0,0,0,0,0,0,0,0,0,0,0,0,0,0,0,0,0,0,0,0,0,0,0,0,0,0,0,0,0,0,0,0,0,0,0,0,0,0,0,0,0,0,0,0,0,0,0,0,0,0,0,0,0,0,0,0,0,0,0,0,0,0,0,0,0,0,0,0,0,0
34310,116,116,116,116,116,116,116,116,116,116,116,116,116,116,116,116,116,116,116,116,116,116,116,116,116,116,116,116,116,116,116,116,116,116,116,116,116,116,116,116,116,116,116,116,116,116,116,116,116,116,116,116,116,116,116,116,116,116,116,116,116,116,116,116,116,116,116,116,116,116,116,116,116,116,116,116,116,116,116,116
34311,315,325,330,332,335,337,340,341,344,346,346,349,349,349,349,351,353,357,356,353,353,350,350,354,358,361,363,366,366,367,365,366,365,368,366,367,366,364,365,360,359,359,361,363,366,368,371,370,370,371,370,371,371,372,372,372,372,369,368,366,364,364,366,372,372,378,377,378,377,379,379,380,378,378,379,381,377,376,375,370
34312,301,298,296,294,293,294,296,299,301,304,306,307,306,305,336,358,367,348,341,334,328,338,363,379,394,406,392,378,370,364,358,355,351,348,346,344,341,338,333,329,324,357,375,391,405,410,387,377,371,365,361,358,354,352,350,349,345,341,336,332,352,373,391,405,418,399,388,381,375,370,366,363,359,358,356,354,350,345,342,338
34313,278,278,277,277,277,277,277,276,276,276,276,275,275,275,275,275,276,276,276,276,276,276,277,277,279,279,281,281,281,281,281,281,280,281,280,280,280,280,280,280,279,280,282,284,287,289,290,290,291,291,291,290,290,290,290,290,290,290,290,289,290,292,295,298,301,303,303,303,302,303,303,303,302,302,302,302,302,302,301,301
34314,288,288,287,287,287,286,286,286,286,285,285,285,285,284,284,285,286,287,287,287,287,286,287,288,290,291,292,293,293,292,292,292,292,292,292,292,291,291,291,290,290,291,294,297,301,305,306,306,306,306,305,305,305,304,304,304,304,303,303,303,303,307,311,316,320,322,322,322,322,322,322,321,321,320,320,319,319,319,318,318
34315,272,271,271,271,271,271,271,271,270,270,270,270,270,270,270,270,271,271,271,271,271,271,271,272,273,274,275,275,275,275,275,275,275,275,275,275,275,275,275,275,275,276,277,278,280,283,284,284,285,286,286,286,286,286,286,286,286,286,285,286,286,288,290,292,294,296,296,296,296,296,296,296,296,296,296,296,296,296,296,296
34316,289,288,288,288,288,287,287,287,287,287,287,286,286,286,289,291,291,289,289,288,288,289,292,294,296,298,297,295,295,295,294,294,294,294,293,293,293,293,292,292,292,296,299,303,307,311,309,309,309,308,308,308,308,307,307,307,306,306,306,305,308,312,317,321,326,326,326,326,325,325,325,324,324,324,323,323,322,322,321,320
34317,0,0,0,0,0,0,0,0,0,0,0,0,0,0,0,0,0,0,0,0,0,0,0,0,0,0,0,0,0,0,0,0,0,0,0,0,0,0,0,0,0,0,0,0,0,0,0,0,0,0,0,0,0,0,0,0,0,0,0,0,0,0,0,0,0,0,0,0,0,0,0,0,0,0,0,0,0,0,0,0
34318,3225,3224,3223,3222,3222,3222,3221,3222,3221,3221,3221,3222,3221,3222,3300,3321,3289,3274,3270,3269,3268,3324,3344,3346,3359,3364,3312,3307,3305,3303,3303,3302,3300,3300,3300,3300,3299,3299,3298,3298,3298,3368,3369,3370,3368,3330,3312,3310,3308,3307,3307,3306,3306,3305,3304,3304,3305,3303,3303,3303,3366,3374,3373,3375,3377,3317,3312,3311,3309,3308,3307,3306,3305,3306,3305,3305,3304,3304,3305,3304
34319,3228,3227,3226,3225,3225,3225,3225,3224,3224,3224,3224,3223,3224,3224,3305,3325,3292,3278,3274,3272,3270,3329,3348,3352,3363,3364,3313,3308,3305,3304,3303,3302,3301,3300,3301,3299,3299,3299,3300,3298,3299,3370,3368,3370,3370,3330,3312,3310,3309,3308,3306,3306,3306,3305,3305,3304,3304,3305,3304,3304,3365,3374,3374,3377,3377,3317,3312,3311,3310,3308,3307,3308,3306,3306,3306,3305,3305,3305,3305,3304
34320,3223,3223,3222,3221,3221,3221,3220,3221,3221,3220,3220,3221,3221,3220,3298,3320,3288,3273,3270,3268,3266,3323,3342,3348,3359,3362,3312,3306,3305,3303,3302,3300,3300,3300,3298,3298,3298,3298,3298,3298,3298,3367,3367,3370,3368,3330,3312,3310,3308,3307,3307,3305,3306,3305,3304,3304,3305,3304,3303,3303,3364,3373,3371,3376,3376,3317,3312,3310,3309,3307,3307,3307,3306,3306,3305,3305,3304,3304,3304,3304
34321,3225,3224,3223,3223,3222,3222,3222,3222,3222,3221,3222,3222,3222,3222,3302,3321,3290,3275,3272,3270,3268,3324,3344,3348,3359,3363,3313,3308,3305,3304,3302,3302,3301,3300,3301,3299,3301,3299,3299,3299,3298,3369,3369,3370,3367,3330,3313,3311,3309,3308,3307,3306,3306,3305,3305,3305,3305,3305,3303,3305,3366,3373,3372,3375,3376,3316,3312,3312,3310,3309,3308,3307,3306,3306,3306,3306,3306,3305,3306,3305
34322,3224,3223,3222,3222,3222,3222,3221,3221,3221,3221,3221,3221,3220,3220,3300,3321,3289,3274,3271,3268,3267,3324,3344,3348,3360,3363,3312,3308,3304,3303,3302,3300,3300,3300,3299,3299,3298,3299,3299,3298,3299,3368,3370,3370,3367,3329,3312,3309,3308,3307,3306,3306,3306,3304,3305,3304,3303,3303,3303,3304,3366,3374,3372,3376,3375,3316,3312,3310,3308,3307,3307,3306,3305,3305,3305,3304,3304,3304,3304,3303
34323,3225,3224,3223,3222,3222,3222,3221,3222,3222,3222,3222,3222,3222,3221,3301,3321,3289,3275,3271,3269,3268,3323,3344,3348,3361,3363,3312,3307,3305,3304,3302,3302,3302,3301,3300,3299,3300,3299,3299,3299,3298,3368,3370,3370,3368,3329,3313,3310,3309,3308,3307,3307,3306,3305,3305,3305,3305,3305,3303,3305,3366,3374,3372,3378,3376,3318,3312,3310,3310,3309,3308,3307,3307,3306,3305,3305,3305,3305,3306,3304
34324,3224,3223,3222,3221,3222,3222,3221,3221,3222,3221,3221,3221,3221,3220,3302,3320,3288,3274,3271,3269,3268,3324,3344,3348,3360,3364,3312,3306,3305,3302,3302,3301,3300,3299,3299,3299,3299,3299,3298,3298,3298,3367,3369,3368,3367,3329,3312,3310,3308,3307,3306,3305,3305,3305,3304,3304,3304,3303,3303,3303,3366,3374,3371,3377,3374,3317,3312,3310,3308,3307,3307,3306,3305,3305,3305,3304,3305,3304,3303,3304
34325,3226,3225,3224,3224,3223,3222,3223,3223,3224,3223,3222,3223,3223,3223,3304,3321,3291,3276,3272,3271,3269,3326,3346,3350,3362,3366,3312,3307,3305,3304,3303,3303,3302,3301,3300,3301,3299,3300,3300,3299,3299,3369,3371,3371,3369,3331,3313,3310,3309,3308,3307,3307,3306,3305,3305,3306,3304,3305,3305,3304,3367,3376,3374,3379,3377,3319,3313,3311,3310,3309,3308,3307,3306,3307,3306,3306,3305,3305,3305,3305
34326,3225,3224,3222,3223,3223,3222,3222,3222,3222,3222,3222,3222,3222,3221,3304,3319,3289,3275,3272,3269,3269,3323,3345,3348,3360,3365,3312,3306,3305,3303,3302,3302,3300,3300,3299,3299,3300,3299,3298,3298,3299,3367,3369,3368,3368,3329,3312,3310,3308,3308,3306,3305,3305,3305,3304,3304,3303,3303,3303,3303,3366,3374,3375,3376,3376,3316,3312,3311,3308,3308,3307,3306,3306,3306,3305,3305,3304,3305,3304,3303
34327,3225,3225,3224,3223,3223,3223,3222,3223,3222,3222,3222,3222,3222,3222,3304,3320,3290,3275,3272,3269,3269,3324,3345,3351,3361,3367,3313,3307,3306,3304,3303,3302,3301,3300,3300,3300,3300,3299,3299,3299,3298,3368,3371,3370,3368,3330,3312,3311,3309,3308,3307,3306,3306,3305,3305,3305,3305,3304,3304,3305,3366,3376,3374,3378,3376,3318,3313,3311,3309,3308,3307,3307,3306,3307,3305,3305,3305,3305,3305,3305
34328,3224,3223,3222,3222,3222,3221,3221,3221,3222,3222,3221,3220,3221,3221,3303,3319,3289,3274,3271,3268,3267,3323,3344,3351,3360,3365,3312,3306,3304,3303,3301,3301,3300,3299,3299,3299,3298,3298,3297,3298,3298,3367,3368,3369,3368,3329,3312,3309,3308,3307,3306,3305,3305,3305,3303,3303,3304,3304,3303,3303,3365,3376,3374,3378,3376,3316,3312,3310,3309,3308,3306,3306,3306,3305,3304,3304,3304,3305,3304,3303
34329,3226,3224,3223,3223,3222,3222,3222,3223,3222,3222,3222,3222,3223,3222,3304,3320,3289,3275,3272,3270,3268,3325,3345,3351,3362,3366,3312,3307,3305,3303,3303,3302,3302,3301,3300,3300,3300,3300,3299,3298,3299,3368,3367,3369,3367,3330,3312,3311,3309,3308,3307,3306,3306,3305,3305,3305,3303,3304,3304,3304,3366,3375,3374,3378,3376,3318,3312,3311,3309,3308,3308,3307,3306,3306,3305,3305,3306,3305,3305,3305
34330,3226,3225,3225,3223,3224,3223,3223,3223,3223,3223,3222,3222,3223,3223,3307,3323,3291,3276,3273,3271,3269,3327,3346,3353,3362,3367,3312,3307,3305,3303,3303,3302,3301,3300,3300,3299,3299,3300,3299,3298,3298,3369,3369,3368,3369,3330,3312,3310,3308,3308,3306,3306,3305,3305,3304,3303,3304,3303,3303,3304,3365,3375,3375,3377,3379,3317,3312,3309,3309,3307,3307,3306,3305,3305,3305,3305,3303,3304,3304,3304
34331,3226,3224,3223,3222,3222,3222,3223,3223,3222,3222,3222,3222,3222,3222,3307,3323,3290,3275,3272,3270,3268,3327,3348,3354,3363,3369,3313,3307,3305,3303,3303,3302,3302,3301,3300,3300,3299,3300,3299,3299,3299,3372,3371,3370,3371,3331,3313,3311,3309,3308,3307,3307,3306,3305,3305,3305,3304,3304,3304,3304,3368,3377,3375,3379,3382,3318,3313,3311,3310,3309,3308,3307,3306,3307,3306,3306,3305,3305,3305,3304
34332,3224,3224,3223,3222,3222,3221,3222,3221,3222,3221,3221,3220,3221,3221,3305,3325,3289,3274,3270,3269,3267,3326,3345,3354,3363,3370,3311,3307,3305,3302,3302,3301,3300,3300,3299,3299,3299,3298,3298,3298,3298,3372,3370,3370,3372,3330,3312,3310,3308,3306,3305,3305,3305,3304,3304,3304,3303,3304,3303,3303,3367,3377,3376,3378,3376,3316,3311,3310,3308,3308,3306,3306,3306,3305,3304,3305,3304,3304,3304,3304
34333,3226,3225,3224,3223,3223,3222,3223,3222,3222,3222,3222,3223,3222,3222,3305,3324,3291,3276,3273,3271,3269,3326,3343,3353,3360,3364,3311,3306,3305,3303,3302,3302,3301,3300,3300,3299,3299,3299,3299,3298,3298,3370,3368,3368,3370,3329,3312,3309,3308,3307,3306,3305,3305,3304,3304,3304,3303,3303,3302,3303,3366,3374,3373,3376,3374,3316,3312,3310,3308,3307,3306,3306,3305,3305,3305,3304,3303,3304,3304,3303
34400,5123,5124,5188,5147,5269,5289,5318,5252,5235,5231,5229,5226,5226,5224,5223,5223,5222,5222,5221,5221,5221,5220,5220,5220,5219,5219,5329,5355,5372,5382,5387,5298,5291,5287,5285,5283,5282,5281,5280,5280,5279,5278,5278,5277,5277,5314,5390,5397,5392,5388,5315,5298,5293,5291,5290,5288,5287,5287,5285,5285,5285,5284,5284,5283,5283,5392,5395,5396,5402,5398,5305,5296,5293,5291,5290,5289,5287,5287,5286,5286
34401,0,0,244,0,385,383,382,0,0,0,0,0,0,0,0,0,0,0,0,0,0,0,0,0,0,0,380,379,378,378,378,0,0,0,0,0,0,0,0,0,0,0,0,0,0,132,377,377,377,377,0,0,0,0,0,0,0,0,0,0,0,0,0,0,0,376,376,377,377,377,0,0,0,0,0,0,0,0,0,0
34402,100,100,101,110,143,164,186,201,201,201,201,201,201,201,201,201,201,201,201,201,201,201,201,201,201,201,209,230,251,272,293,301,301,301,301,301,301,301,301,301,301,301,301,301,301,301,322,343,364,385,401,401,401,401,401,401,401,401,401,401,401,401,401,401,401,412,433,454,475,496,501,501,501,501,501,501,501,501,501,501
34403,49,49,49,49,49,49,49,49,49,49,49,49,49,49,49,49,49,49,49,49,49,49,49,49,49,49,49,49,49,49,49,49,49,49,49,49,49,49,49,49,49,49,49,49,49,49,49,49,49,49,49,49,49,49,49,49,49,49,49,49,49,49,49,49,49,49,49,49,49,49,49,49,49,49,49,49,49,49,49,49
34404,0,0,3,0,3,3,3,0,0,0,0,0,0,0,0,0,0,0,0,0,0,0,0,0,0,0,3,3,3,3,3,0,0,0,0,0,0,0,0,0,0,0,0,0,0,3,3,3,3,3,0,0,0,0,0,0,0,0,0,0,0,0,0,0,0,3,3,3,3,3,0,0,0,0,0,0,0,0,0,0
34405,3204,3204,3245,3218,3296,3309,3327,3285,3274,3272,3271,3269,3269,3268,3267,3267,3266,3266,3266,3265,3265,3265,3265,3265,3264,3264,3334,3349,3359,3367,3370,3313,3308,3306,3305,3303,3303,3302,3301,3302,3301,3300,3300,3300,3300,3323,3370,3377,3373,3370,3323,3312,3310,3308,3308,3306,3306,3305,3305,3305,3305,3304,3304,3303,3304,3372,3375,3375,3378,3376,3317,3312,3309,3309,3308,3307,3306,3305,3305,3305
34406,3201,3201,3240,3216,3291,3303,3321,3281,3271,3268,3266,3265,3264,3264,3263,3262,3262,3262,3262,3262,3262,3261,3261,3261,3261,3261,3328,3345,3355,3362,3364,3310,3306,3303,3302,3301,3301,3300,3299,3299,3298,3298,3298,3298,3298,3320,3367,3371,3369,3365,3321,3310,3308,3306,3305,3305,3304,3303,3303,3302,3302,3302,3302,3302,3301,3369,3370,3371,3375,3372,3315,3309,3308,3306,3305,3305,3304,3304,3303,3303
34407,0,0,0,0,0,0,0,0,0,0,0,0,0,0,0,0,0,0,0,0,0,0,0,0,0,0,0,0,0,0,0,0,0,0,0,0,0,0,0,0,0,0,0,0,0,0,0,0,0,0,0,0,0,0,0,0,0,0,0,0,0,0,0,0,0,0,0,0,0,0,0,0,0,0,0,0,0,0,0,0
34408,0,0,0,0,0,0,0,0,0,0,0,0,0,0,0,0,0,0,0,0,0,0,0,0,0,0,0,0,0,0,0,0,0,0,0,0,0,0,0,0,0,0,0,0,0,0,0,0,0,0,0,0,0,0,0,0,0,0,0,0,0,0,0,0,0,0,0,0,0,0,0,0,0,0,0,0,0,0,0,0
34409,0,0,0,0,0,0,0,0,0,0,0,0,0,0,0,0,0,0,0,0,0,0,0,0,0,0,0,0,0,0,0,0,0,0,0,0,0,0,0,0,0,0,0,0,0,0,0,0,0,0,0,0,0,0,0,0,0,0,0,0,0,0,0,0,0,0,0,0,0,0,0,0,0,0,0,0,0,0,0,0
34410,116,116,116,116,116,116,116,116,116,116,116,116,116,116,116,116,116,116,116,116,116,116,116,116,116,116,116,116,116,116,116,116,116,116,116,116,116,116,116,116,116,116,116,116,116,116,116,116,116,116,116,116,116,116,116,116,116,116,116,116,116,116,116,116,116,116,116,116,116,116,116,116,116,116,116,116,116,116,116,116
34411,299,313,318,321,324,329,334,338,344,345,347,350,348,347,348,345,343,342,339,338,336,335,334,335,334,333,332,335,338,344,347,352,354,355,355,356,357,357,354,352,350,350,345,345,342,340,342,345,347,352,356,359,360,361,362,361,361,360,357,357,355,352,352,351,348,348,350,352,357,361,365,367,366,370,368,369,367,367,365,364
34412,266,266,266,272,308,330,348,347,334,329,325,321,317,311,308,302,298,295,292,289,286,284,282,280,278,276,298,324,343,360,375,357,347,341,337,333,329,324,319,314,310,305,302,298,294,292,329,348,365,380,377,360,352,346,342,338,333,328,324,319,314,310,306,303,300,325,347,364,380,394,372,362,356,351,347,343,338,333,328,324
34413,258,258,259,259,259,259,260,261,262,262,262,263,262,262,262,262,262,262,262,262,262,262,262,262,262,262,261,262,263,264,265,266,266,267,267,266,267,267,267,267,266,266,266,266,266,266,267,269,271,274,277,278,278,278,278,278,278,278,278,278,278,278,278,278,278,278,280,283,286,289,291,291,291,292,292,292,291,291,291,291
34414,259,259,259,259,259,260,261,262,262,262,263,263,263,263,263,263,263,263,263,263,262,263,262,262,262,262,262,262,263,265,266,267,267,267,267,267,268,268,268,267,267,267,267,267,267,267,268,269,271,274,277,277,278,278,278,278,278,278,278,278,278,278,278,278,278,278,280,282,285,288,290,290,290,291,291,291,291,291,291,291
34415,258,258,258,258,259,259,260,261,261,262,262,262,262,262,262,262,262,262,262,261,261,261,261,261,261,261,261,261,262,263,265,266,265,266,266,266,266,266,266,266,265,266,266,265,265,266,266,268,271,274,276,277,277,277,277,278,277,277,277,277,277,277,277,277,277,277,280,283,286,289,291,291,291,291,291,292,291,291,291,291
34416,256,256,256,256,256,257,258,259,260,260,260,260,260,261,260,260,261,261,260,260,260,260,260,260,259,259,259,260,261,262,263,264,265,265,265,265,265,265,265,265,265,265,265,265,265,265,265,267,270,272,275,276,276,276,277,277,277,276,276,276,276,276,276,276,276,276,279,281,284,287,289,289,289,289,289,290,289,289,289,289
34417,0,0,0,0,0,0,0,0,0,0,0,0,0,0,0,0,0,0,0,0,0,0,0,0,0,0,0,0,0,0,0,0,0,0,0,0,0,0,0,0,0,0,0,0,0,0,0,0,0,0,0,0,0,0,0,0,0,0,0,0,0,0,0,0,0,0,0,0,0,0,0,0,0,0,0,0,0,0,0,0
34418,3202,3203,3245,3217,3291,3309,3323,3282,3271,3268,3267,3266,3265,3265,3264,3265,3264,3263,3262,3262,3262,3262,3262,3262,3261,3261,3331,3347,3359,3364,3370,3311,3306,3304,3303,3302,3301,3301,3299,3299,3300,3298,3299,3298,3299,3322,3368,3373,3370,3365,3322,3311,3308,3307,3306,3305,3304,3304,3304,3303,3303,3302,3303,3303,3303,3370,3374,3373,3377,3373,3316,3311,3308,3306,3306,3305,3304,3305,3304,3303
34419,3203,3202,3244,3217,3292,3305,3325,3283,3272,3269,3268,3266,3266,3265,3264,3264,3263,3263,3263,3263,3262,3262,3261,3262,3262,3261,3333,3347,3358,3364,3369,3312,3306,3304,3303,3302,3301,3300,3299,3299,3299,3299,3299,3298,3298,3321,3369,3372,3369,3367,3323,3312,3309,3307,3306,3306,3305,3304,3304,3302,3303,3303,3302,3302,3303,3370,3375,3374,3377,3375,3316,3310,3308,3307,3307,3306,3305,3304,3305,3305
34420,3202,3202,3243,3217,3291,3305,3323,3283,3273,3269,3268,3267,3266,3265,3265,3265,3264,3264,3263,3263,3263,3263,3262,3263,3262,3262,3332,3346,3359,3363,3368,3311,3307,3304,3304,3303,3301,3301,3301,3300,3300,3299,3298,3298,3299,3320,3368,3372,3369,3365,3322,3312,3309,3307,3306,3306,3304,3304,3303,3302,3303,3302,3303,3302,3302,3369,3373,3372,3376,3372,3316,3310,3308,3307,3307,3305,3305,3305,3304,3303
34421,3203,3204,3245,3217,3295,3308,3327,3284,3274,3271,3270,3269,3269,3268,3267,3267,3266,3266,3266,3265,3265,3265,3265,3265,3264,3264,3334,3348,3359,3365,3370,3313,3308,3305,3305,3303,3302,3302,3301,3301,3301,3300,3300,3300,3299,3323,3369,3375,3369,3366,3323,3312,3308,3308,3306,3306,3305,3305,3305,3305,3304,3304,3304,3302,3304,3371,3375,3374,3377,3373,3316,3312,3309,3308,3307,3306,3305,3305,3305,3305
34422,3201,3202,3243,3218,3291,3305,3324,3281,3271,3269,3268,3266,3265,3265,3263,3264,3263,3264,3263,3262,3262,3262,3262,3262,3262,3262,3330,3345,3356,3362,3367,3311,3307,3304,3302,3302,3301,3300,3301,3300,3299,3299,3299,3298,3299,3322,3369,3375,3369,3366,3322,3311,3309,3307,3305,3305,3304,3304,3304,3303,3303,3303,3304,3303,3302,3370,3372,3373,3376,3372,3315,3311,3308,3306,3306,3306,3305,3305,3303,3304
34423,3203,3204,3244,3218,3292,3304,3325,3282,3271,3269,3268,3266,3266,3265,3265,3263,3264,3263,3263,3263,3263,3262,3263,3263,3262,3262,3331,3347,3358,3363,3368,3312,3308,3305,3303,3302,3302,3302,3300,3300,3300,3299,3299,3299,3299,3323,3369,3376,3370,3367,3323,3312,3309,3307,3307,3306,3305,3305,3304,3303,3304,3304,3303,3303,3302,3371,3374,3375,3378,3374,3316,3311,3309,3307,3306,3306,3305,3305,3304,3305
34424,3202,3203,3242,3218,3292,3305,3326,3283,3273,3271,3270,3268,3267,3267,3267,3266,3265,3265,3265,3265,3265,3264,3264,3264,3263,3263,3331,3346,3358,3362,3367,3312,3307,3305,3304,3302,3302,3301,3300,3300,3300,3299,3300,3299,3299,3322,3368,3373,3370,3367,3322,3311,3308,3307,3306,3305,3304,3305,3303,3304,3303,3303,3302,3302,3302,3370,3372,3373,3376,3372,3316,3310,3308,3308,3306,3305,3305,3305,3304,3304
34425,3203,3203,3244,3218,3296,3308,3327,3285,3274,3271,3270,3269,3269,3268,3267,3266,3266,3266,3266,3265,3265,3265,3265,3264,3264,3264,3332,3349,3359,3365,3367,3312,3308,3305,3304,3303,3303,3302,3301,3302,3301,3300,3300,3300,3299,3323,3370,3377,3371,3369,3323,3312,3309,3308,3307,3305,3306,3305,3304,3304,3304,3304,3303,3303,3303,3371,3373,3374,3378,3375,3317,3311,3309,3308,3307,3306,3306,3305,3305,3305
34426,3202,3202,3241,3217,3292,3303,3322,3282,3271,3268,3267,3265,3265,3264,3264,3264,3263,3263,3263,3262,3263,3262,3262,3262,3261,3261,3330,3346,3356,3362,3364,3311,3306,3304,3302,3302,3302,3300,3299,3300,3300,3298,3299,3298,3298,3322,3367,3374,3370,3367,3322,3311,3308,3307,3305,3305,3305,3303,3303,3303,3302,3303,3303,3302,3301,3370,3371,3372,3375,3373,3315,3310,3308,3307,3305,3306,3305,3304,3304,3304
34427,3203,3204,3242,3217,3295,3306,3326,3284,3274,3272,3271,3269,3268,3267,3267,3267,3266,3265,3265,3265,3265,3264,3264,3264,3263,3264,3332,3348,3358,3364,3366,3312,3308,3306,3304,3303,3302,3302,3301,3301,3300,3300,3300,3299,3300,3321,3369,3374,3372,3370,3323,3311,3309,3307,3308,3305,3305,3305,3304,3304,3304,3304,3304,3303,3303,3371,3372,3374,3377,3375,3316,3311,3308,3308,3307,3306,3305,3305,3305,3305
34428,3202,3202,3240,3217,3294,3303,3322,3281,3271,3268,3266,3265,3264,3264,3264,3263,3262,3263,3262,3262,3262,3262,3262,3261,3261,3261,3328,3345,3355,3364,3366,3310,3306,3304,3302,3302,3301,3301,3300,3299,3299,3298,3298,3298,3298,3320,3368,3372,3371,3368,3322,3311,3308,3306,3306,3305,3304,3304,3303,3303,3303,3302,3302,3302,3301,3369,3370,3373,3375,3374,3315,3309,3308,3307,3305,3305,3304,3304,3304,3303
34429,3204,3204,3243,3218,3296,3307,3324,3284,3273,3271,3269,3268,3268,3266,3265,3266,3266,3265,3265,3265,3264,3264,3264,3264,3263,3263,3332,3348,3359,3367,3368,3312,3308,3306,3304,3303,3302,3302,3301,3301,3300,3300,3300,3299,3299,3323,3370,3373,3372,3370,3323,3312,3310,3308,3307,3305,3305,3305,3304,3304,3304,3304,3303,3303,3302,3372,3372,3373,3377,3376,3316,3311,3309,3309,3307,3306,3305,3305,3305,3304
34430,3202,3202,3241,3217,3295,3306,3321,3283,3272,3269,3268,3267,3266,3265,3265,3264,3264,3264,3263,3263,3263,3263,3263,3262,3262,3262,3330,3347,3356,3363,3365,3311,3307,3305,3303,3302,3302,3301,3300,3300,3299,3299,3299,3299,3298,3321,3367,3372,3372,3368,3322,3312,3309,3307,3307,3305,3304,3304,3303,3303,3302,3302,3302,3302,3302,3370,3370,3372,3376,3375,3316,3310,3308,3307,3306,3306,3305,3305,3304,3304
34431,3203,3203,3242,3218,3296,3307,3322,3283,3272,3269,3268,3266,3265,3265,3264,3264,3265,3264,3262,3263,3263,3262,3262,3262,3262,3262,3330,3348,3358,3367,3367,3312,3308,3305,3304,3302,3302,3302,3301,3300,3300,3299,3300,3299,3299,3322,3369,3372,3373,3370,3323,3312,3310,3308,3307,3306,3305,3305,3304,3304,3305,3303,3303,3303,3303,3372,3372,3374,3377,3375,3316,3312,3309,3308,3308,3307,3306,3305,3304,3305
34432,3202,3202,3242,3216,3293,3306,3322,3281,3271,3268,3267,3265,3264,3264,3263,3263,3262,3262,3262,3262,3262,3261,3261,3262,3261,3261,3331,3347,3357,3363,3366,3310,3306,3303,3302,3301,3301,3300,3299,3299,3299,3299,3299,3298,3298,3327,3370,3372,3370,3369,3321,3311,3307,3307,3306,3304,3305,3304,3302,3303,3302,3303,3302,3302,3302,3371,3372,3372,3376,3374,3315,3310,3309,3306,3306,3305,3304,3304,3303,3304
34433,3203,3202,3243,3217,3294,3308,3322,3282,3272,3269,3268,3267,3266,3265,3265,3264,3263,3264,3263,3264,3262,3262,3262,3262,3262,3261,3333,3348,3357,3363,3367,3311,3306,3304,3303,3302,3301,3301,3300,3300,3298,3298,3298,3298,3298,3327,3370,3371,3370,3368,3323,3311,3307,3307,3305,3304,3304,3304,3302,3303,3303,3302,3302,3302,3302,3371,3372,3371,3375,3375,3315,3310,3309,3306,3305,3305,3305,3304,3304,3304
34500,5122,5123,5123,5143,5134,5132,5132,5241,5283,5308,5329,5239,5233,5230,5229,5227,5226,5224,5224,5223,5223,5222,5222,5222,5221,5220,5220,5220,5220,5219,5219,5337,5364,5374,5384,5385,5297,5292,5288,5287,5285,5284,5283,5282,5281,5280,5280,5280,5279,5279,5362,5393,5393,5395,5393,5312,5298,5294,5292,5290,5290,5289,5288,5287,5286,5286,5286,5286,5285,5285,5393,5402,5402,5406,5399,5305,5298,5295,5293,5292
34501,0,0,0,0,0,0,0,385,382,380,379,0,0,0,0,0,0,0,0,0,0,0,0,0,0,0,0,0,0,0,0,378,377,376,376,376,0,0,0,0,0,0,0,0,0,0,0,0,0,0,376,375,375,375,375,0,0,0,0,0,0,0,0,0,0,0,0,0,0,0,374,374,375,375,375,0,0,0,0,0
34502,106,106,106,110,110,110,110,120,157,178,200,201,201,201,201,201,201,201,201,201,201,201,201,201,201,201,201,201,201,201,201,213,234,255,276,297,301,301,301,301,301,301,301,301,301,301,301,301,301,301,304,325,346,367,387,401,401,401,401,401,401,401,401,401,401,401,401,401,401,401,416,436,458,478,499,501,501,501,501,501
34503,45,45,45,45,45,45,45,45,45,45,45,45,45,45,45,45,45,45,45,45,45,45,45,45,45,45,45,45,45,45,45,45,45,45,45,45,45,45,45,45,45,45,45,45,45,45,45,45,45,45,45,45,45,45,45,45,45,45,45,45,45,45,45,45,45,45,45,45,45,45,45,45,45,45,45,45,45,45,45,45
34504,0,0,0,0,0,0,0,3,3,3,3,0,0,0,0,0,0,0,0,0,0,0,0,0,0,0,0,0,0,0,0,3,3,3,3,3,0,0,0,0,0,0,0,0,0,0,0,0,0,0,3,3,3,3,3,0,0,0,0,0,0,0,0,0,0,0,0,0,0,0,3,3,3,3,3,0,0,0,0,0
34505,3202,3203,3204,3216,3210,3209,3209,3279,3304,3320,3333,3276,3272,3270,3269,3268,3268,3267,3267,3266,3266,3265,3265,3265,3264,3264,3264,3263,3264,3263,3264,3338,3355,3361,3368,3368,3312,3309,3306,3306,3305,3303,3303,3303,3302,3302,3302,3301,3301,3301,3353,3373,3373,3374,3372,3321,3312,3311,3309,3308,3307,3307,3306,3305,3305,3305,3305,3305,3304,3304,3372,3379,3378,3381,3377,3316,3312,3311,3309,3308
34506,3200,3201,3201,3213,3208,3207,3206,3273,3301,3316,3329,3274,3270,3269,3267,3267,3265,3264,3265,3264,3263,3263,3263,3262,3263,3262,3262,3262,3261,3262,3262,3334,3350,3357,3363,3365,3310,3307,3305,3303,3302,3302,3301,3300,3300,3300,3299,3299,3299,3299,3349,3369,3368,3370,3369,3319,3310,3309,3307,3306,3305,3305,3304,3304,3303,3303,3303,3303,3303,3302,3369,3375,3375,3377,3373,3315,3310,3309,3307,3306
34507,0,0,0,0,0,0,0,0,0,0,0,0,0,0,0,0,0,0,0,0,0,0,0,0,0,0,0,0,0,0,0,0,0,0,0,0,0,0,0,0,0,0,0,0,0,0,0,0,0,0,0,0,0,0,0,0,0,0,0,0,0,0,0,0,0,0,0,0,0,0,0,0,0,0,0,0,0,0,0,0
34508,0,0,0,0,0,0,0,0,0,0,0,0,0,0,0,0,0,0,0,0,0,0,0,0,0,0,0,0,0,0,0,0,0,0,0,0,0,0,0,0,0,0,0,0,0,0,0,0,0,0,0,0,0,0,0,0,0,0,0,0,0,0,0,0,0,0,0,0,0,0,0,0,0,0,0,0,0,0,0,0
34509,0,0,0,0,0,0,0,0,0,0,0,0,0,0,0,0,0,0,0,0,0,0,0,0,0,0,0,0,0,0,0,0,0,0,0,0,0,0,0,0,0,0,0,0,0,0,0,0,0,0,0,0,0,0,0,0,0,0,0,0,0,0,0,0,0,0,0,0,0,0,0,0,0,0,0,0,0,0,0,0
34510,116,116,116,116,116,116,116,116,116,116,116,116,116,116,116,116,116,116,116,116,116,116,116,116,116,116,116,116,116,116,116,116,116,116,116,116,116,116,116,116,116,116,116,116,116,116,116,116,116,116,116,116,116,116,116,116,116,116,116,116,116,116,116,116,116,116,116,116,116,116,116,116,116,116,116,116,116,116,116,116
34511,281,295,301,304,305,306,307,309,312,314,319,322,323,324,322,323,322,319,319,318,318,315,315,315,314,314,312,313,312,313,311,313,313,318,322,328,331,330,332,329,327,327,325,323,322,320,319,319,319,318,317,318,320,325,330,334,336,337,335,333,333,330,329,327,325,326,326,323,324,324,324,325,330,334,339,341,343,340,340,338
34512,255,254,254,258,255,254,254,267,296,316,334,313,306,300,295,289,285,281,278,275,272,270,268,265,264,262,261,259,258,257,256,283,305,324,340,356,336,326,317,310,303,298,292,288,283,280,277,274,271,269,278,306,325,342,357,350,336,327,319,312,306,301,294,291,287,284,281,278,276,274,303,323,341,356,370,347,336,328,321,315
34513,254,254,253,253,253,253,253,253,253,254,255,255,256,256,256,256,256,256,256,255,255,255,255,255,255,255,254,254,254,254,254,254,254,255,256,258,258,259,259,259,259,259,259,259,258,258,258,258,258,258,258,259,261,263,266,268,269,269,269,269,269,269,269,269,269,269,269,269,268,268,269,272,275,277,280,282,282,282,282,282
34514,261,261,260,260,260,260,259,259,260,261,263,264,263,263,263,263,263,263,263,262,262,262,262,262,262,261,261,261,261,260,260,260,261,263,265,267,268,267,267,267,267,267,267,266,266,266,266,266,265,265,265,267,270,274,278,282,282,282,282,281,281,281,280,280,280,280,279,279,279,278,280,284,289,293,298,299,299,299,298,298
34515,251,251,251,250,251,251,251,250,250,251,252,252,253,253,252,253,252,253,253,252,252,252,252,252,252,252,252,252,251,251,251,251,251,252,253,255,255,256,256,256,256,256,256,255,256,255,255,255,255,256,255,256,258,260,263,265,265,266,266,266,266,266,266,266,266,266,266,265,265,265,266,268,271,274,277,278,278,278,278,278
34516,259,258,258,258,258,258,258,257,258,259,260,261,261,261,261,261,261,261,261,261,261,260,260,260,259,259,259,259,259,258,259,258,259,260,262,264,265,265,265,265,265,265,265,264,264,264,264,263,263,264,263,265,268,272,276,279,279,279,279,279,279,278,278,278,278,277,277,277,276,276,277,281,286,290,294,296,296,296,295,295
34517,0,0,0,0,0,0,0,0,0,0,0,0,0,0,0,0,0,0,0,0,0,0,0,0,0,0,0,0,0,0,0,0,0,0,0,0,0,0,0,0,0,0,0,0,0,0,0,0,0,0,0,0,0,0,0,0,0,0,0,0,0,0,0,0,0,0,0,0,0,0,0,0,0,0,0,0,0,0,0,0
34518,3201,3202,3203,3215,3210,3208,3208,3276,3304,3317,3333,3275,3272,3270,3268,3268,3267,3266,3266,3265,3265,3265,3265,3264,3264,3263,3263,3263,3263,3263,3264,3336,3352,3361,3363,3366,3312,3308,3305,3304,3303,3302,3302,3302,3301,3302,3301,3300,3300,3300,3349,3369,3368,3372,3372,3321,3312,3309,3307,3306,3307,3306,3305,3305,3304,3304,3304,3304,3303,3303,3371,3376,3377,3378,3374,3315,3312,3310,3308,3308
34519,3202,3202,3202,3214,3210,3208,3208,3274,3301,3318,3331,3274,3270,3269,3268,3267,3265,3264,3265,3265,3264,3264,3263,3263,3263,3262,3262,3263,3262,3262,3262,3334,3350,3359,3364,3366,3312,3308,3305,3304,3303,3302,3302,3301,3302,3300,3300,3300,3300,3299,3351,3370,3370,3374,3370,3321,3312,3310,3308,3307,3306,3306,3305,3304,3304,3305,3304,3303,3304,3303,3370,3376,3375,3378,3377,3316,3312,3309,3309,3308
34520,3202,3201,3202,3215,3209,3208,3207,3275,3303,3317,3332,3274,3270,3269,3267,3267,3266,3265,3265,3265,3264,3264,3264,3263,3264,3262,3263,3263,3262,3263,3262,3334,3352,3360,3365,3365,3311,3307,3305,3304,3303,3302,3302,3302,3301,3300,3300,3300,3300,3299,3350,3373,3370,3373,3372,3320,3311,3309,3308,3307,3306,3306,3305,3304,3305,3305,3304,3303,3303,3303,3370,3376,3377,3378,3375,3315,3311,3309,3308,3308
34521,3202,3202,3203,3215,3210,3208,3208,3273,3302,3317,3333,3276,3271,3270,3269,3268,3267,3266,3266,3266,3266,3265,3265,3265,3263,3264,3264,3263,3264,3263,3263,3336,3351,3359,3364,3367,3312,3308,3306,3305,3304,3303,3302,3302,3302,3301,3301,3301,3300,3300,3351,3372,3369,3373,3372,3320,3312,3310,3309,3308,3307,3305,3306,3305,3305,3304,3305,3305,3304,3303,3369,3376,3376,3378,3376,3316,3312,3311,3309,3308
34522,3202,3202,3202,3215,3208,3208,3207,3274,3303,3317,3331,3274,3270,3269,3268,3267,3266,3265,3265,3264,3263,3265,3263,3264,3263,3263,3262,3263,3262,3262,3262,3336,3351,3359,3365,3366,3311,3307,3305,3304,3302,3302,3301,3302,3301,3300,3301,3301,3300,3299,3349,3372,3372,3372,3372,3320,3312,3309,3308,3306,3305,3305,3305,3304,3304,3303,3304,3303,3303,3303,3371,3375,3375,3377,3374,3316,3311,3310,3308,3306
34523,3202,3202,3204,3216,3209,3208,3208,3274,3302,3317,3330,3274,3271,3269,3269,3268,3268,3265,3266,3265,3264,3265,3264,3264,3263,3264,3263,3263,3263,3263,3262,3336,3352,3360,3365,3366,3311,3309,3306,3306,3304,3303,3303,3302,3301,3301,3301,3301,3301,3300,3352,3373,3372,3373,3371,3321,3312,3310,3309,3307,3307,3306,3306,3305,3305,3305,3305,3304,3304,3304,3372,3375,3376,3378,3375,3316,3312,3310,3309,3308
34524,3201,3202,3202,3214,3208,3208,3207,3274,3302,3316,3330,3274,3271,3269,3268,3267,3266,3265,3265,3264,3265,3264,3263,3263,3263,3262,3263,3262,3263,3262,3262,3337,3352,3359,3365,3365,3311,3308,3305,3303,3303,3303,3302,3302,3301,3300,3300,3300,3299,3300,3351,3372,3371,3372,3372,3319,3312,3309,3308,3306,3306,3305,3304,3305,3304,3304,3304,3303,3304,3302,3370,3377,3376,3378,3374,3315,3310,3309,3307,3307
34525,3201,3202,3202,3215,3209,3208,3208,3276,3301,3316,3330,3275,3272,3269,3268,3267,3267,3265,3265,3264,3265,3264,3264,3264,3263,3263,3263,3263,3262,3262,3262,3335,3353,3358,3365,3366,3311,3308,3306,3305,3304,3303,3302,3302,3302,3301,3301,3300,3300,3300,3352,3372,3370,3373,3372,3321,3312,3309,3309,3307,3306,3307,3305,3305,3305,3304,3304,3304,3304,3304,3371,3377,3377,3378,3374,3316,3312,3310,3309,3308
34526,3201,3203,3202,3215,3209,3208,3208,3277,3302,3317,3331,3275,3270,3269,3268,3267,3266,3265,3265,3265,3263,3264,3264,3264,3263,3263,3263,3262,3263,3262,3262,3336,3355,3360,3367,3365,3311,3307,3306,3304,3303,3303,3302,3301,3301,3300,3300,3300,3300,3300,3352,3372,3371,3373,3372,3320,3311,3309,3308,3306,3306,3305,3305,3304,3303,3304,3304,3303,3303,3303,3370,3377,3376,3380,3374,3315,3311,3309,3309,3307
34527,3202,3203,3203,3215,3209,3208,3208,3278,3302,3318,3331,3274,3271,3269,3268,3267,3266,3265,3265,3265,3265,3264,3264,3264,3263,3263,3264,3263,3263,3262,3262,3337,3354,3359,3367,3366,3312,3307,3305,3305,3303,3303,3303,3302,3301,3301,3300,3301,3300,3300,3353,3373,3372,3373,3372,3320,3312,3309,3308,3307,3307,3307,3305,3305,3305,3305,3305,3305,3304,3304,3371,3377,3377,3381,3373,3316,3312,3309,3308,3308
34528,3201,3201,3201,3213,3208,3207,3206,3276,3302,3319,3330,3275,3271,3269,3268,3267,3266,3266,3265,3265,3264,3264,3263,3263,3263,3263,3262,3262,3262,3262,3262,3335,3353,3357,3366,3365,3310,3307,3305,3305,3303,3302,3302,3301,3300,3300,3301,3300,3299,3299,3351,3370,3371,3370,3369,3320,3312,3309,3308,3307,3307,3305,3305,3305,3304,3304,3304,3304,3303,3303,3370,3377,3376,3380,3373,3316,3311,3310,3309,3308
34529,3202,3202,3203,3215,3209,3208,3208,3278,3302,3319,3331,3275,3271,3269,3269,3268,3267,3265,3265,3265,3264,3265,3264,3264,3263,3262,3264,3262,3264,3263,3262,3338,3355,3358,3368,3367,3312,3307,3306,3305,3304,3303,3302,3301,3301,3301,3302,3301,3299,3300,3353,3371,3372,3371,3371,3320,3312,3309,3307,3307,3306,3306,3305,3305,3305,3305,3304,3304,3304,3304,3371,3379,3375,3381,3374,3316,3312,3310,3309,3308
34530,3201,3202,3202,3215,3208,3207,3208,3276,3302,3318,3330,3275,3271,3270,3268,3268,3267,3266,3267,3265,3265,3264,3264,3264,3263,3264,3263,3263,3263,3263,3263,3337,3354,3359,3365,3366,3310,3308,3305,3304,3303,3303,3302,3301,3301,3301,3300,3299,3300,3300,3351,3370,3370,3370,3369,3319,3312,3309,3307,3307,3306,3306,3304,3305,3303,3304,3303,3303,3303,3302,3370,3376,3375,3379,3373,3316,3312,3309,3308,3308
34531,3202,3203,3203,3215,3209,3209,3209,3279,3304,3320,3332,3276,3272,3270,3269,3268,3267,3267,3266,3265,3266,3265,3265,3265,3264,3263,3263,3263,3263,3263,3262,3337,3355,3362,3368,3368,3312,3308,3307,3305,3305,3303,3302,3303,3302,3301,3301,3301,3300,3301,3352,3372,3373,3372,3371,3320,3312,3311,3308,3308,3307,3307,3306,3305,3305,3305,3305,3304,3303,3304,3372,3379,3377,3381,3374,3316,3312,3310,3308,3307
34532,3202,3202,3203,3214,3208,3208,3207,3277,3302,3320,3331,3274,3271,3269,3268,3267,3266,3265,3266,3265,3265,3263,3264,3262,3264,3262,3262,3262,3262,3262,3262,3341,3348,3360,3367,3366,3311,3308,3306,3304,3303,3302,3302,3300,3300,3300,3300,3300,3300,3299,3351,3369,3371,3371,3370,3319,3310,3309,3308,3306,3306,3305,3305,3304,3303,3303,3304,3304,3304,3303,3371,3378,3375,3381,3378,3315,3311,3309,3308,3306
34533,3200,3202,3201,3214,3209,3207,3207,3276,3302,3320,3330,3274,3271,3269,3269,3267,3267,3265,3265,3265,3265,3264,3264,3264,3263,3263,3262,3262,3261,3262,3262,3340,3348,3359,3365,3366,3310,3307,3305,3303,3302,3303,3302,3301,3301,3300,3300,3299,3299,3299,3352,3369,3372,3370,3369,3320,3311,3309,3308,3307,3305,3305,3304,3304,3304,3304,3303,3304,3303,3303,3371,3377,3376,3379,3378,3316,3311,3309,3308,3307
34600,0,0,0,0,0,0,0,0,0,0,0,0,0,0,0,0,0,0,0,0,0,0,0,0,0,0,0,0,0,0,0,0,0,0,0,0,0,0,0,0,0,0,0,0,0,0,0,0,0,0,0,0,0,0,0,0,0,0,0,0,0,0,0,0,0,0,0,0,0,0,0,0,0,0,0,0,0,0,0,0
34601,0,0,0,0,0,0,0,0,0,0,0,0,0,0,0,0,0,0,0,0,0,0,0,0,0,0,0,0,0,0,0,0,0,0,0,0,0,0,0,0,0,0,0,0,0,0,0,0,0,0,0,0,0,0,0,0,0,0,0,0,0,0,0,0,0,0,0,0,0,0,0,0,0,0,0,0,0,0,0,0
34602,0,0,0,0,0,0,0,0,0,0,0,0,0,0,0,0,0,0,0,0,0,0,0,0,0,0,0,0,0,0,0,0,0,0,0,0,0,0,0,0,0,0,0,0,0,0,0,0,0,0,0,0,0,0,0,0,0,0,0,0,0,0,0,0,0,0,0,0,0,0,0,0,0,0,0,0,0,0,0,0
34603,0,0,0,0,0,0,0,0,0,0,0,0,0,0,0,0,0,0,0,0,0,0,0,0,0,0,0,0,0,0,0,0,0,0,0,0,0,0,0,0,0,0,0,0,0,0,0,0,0,0,0,0,0,0,0,0,0,0,0,0,0,0,0,0,0,0,0,0,0,0,0,0,0,0,0,0,0,0,0,0
34604,0,0,0,0,0,0,0,0,0,0,0,0,0,0,0,0,0,0,0,0,0,0,0,0,0,0,0,0,0,0,0,0,0,0,0,0,0,0,0,0,0,0,0,0,0,0,0,0,0,0,0,0,0,0,0,0,0,0,0,0,0,0,0,0,0,0,0,0,0,0,0,0,0,0,0,0,0,0,0,0
34605,0,0,0,0,0,0,0,0,0,0,0,0,0,0,0,0,0,0,0,0,0,0,0,0,0,0,0,0,0,0,0,0,0,0,0,0,0,0,0,0,0,0,0,0,0,0,0,0,0,0,0,0,0,0,0,0,0,0,0,0,0,0,0,0,0,0,0,0,0,0,0,0,0,0,0,0,0,0,0,0
34606,0,0,0,0,0,0,0,0,0,0,0,0,0,0,0,0,0,0,0,0,0,0,0,0,0,0,0,0,0,0,0,0,0,0,0,0,0,0,0,0,0,0,0,0,0,0,0,0,0,0,0,0,0,0,0,0,0,0,0,0,0,0,0,0,0,0,0,0,0,0,0,0,0,0,0,0,0,0,0,0
34607,0,0,0,0,0,0,0,0,0,0,0,0,0,0,0,0,0,0,0,0,0,0,0,0,0,0,0,0,0,0,0,0,0,0,0,0,0,0,0,0,0,0,0,0,0,0,0,0,0,0,0,0,0,0,0,0,0,0,0,0,0,0,0,0,0,0,0,0,0,0,0,0,0,0,0,0,0,0,0,0
34608,0,0,0,0,0,0,0,0,0,0,0,0,0,0,0,0,0,0,0,0,0,0,0,0,0,0,0,0,0,0,0,0,0,0,0,0,0,0,0,0,0,0,0,0,0,0,0,0,0,0,0,0,0,0,0,0,0,0,0,0,0,0,0,0,0,0,0,0,0,0,0,0,0,0,0,0,0,0,0,0
34609,0,0,0,0,0,0,0,0,0,0,0,0,0,0,0,0,0,0,0,0,0,0,0,0,0,0,0,0,0,0,0,0,0,0,0,0,0,0,0,0,0,0,0,0,0,0,0,0,0,0,0,0,0,0,0,0,0,0,0,0,0,0,0,0,0,0,0,0,0,0,0,0,0,0,0,0,0,0,0,0
34610,0,0,0,0,0,0,0,0,0,0,0,0,0,0,0,0,0,0,0,0,0,0,0,0,0,0,0,0,0,0,0,0,0,0,0,0,0,0,0,0,0,0,0,0,0,0,0,0,0,0,0,0,0,0,0,0,0,0,0,0,0,0,0,0,0,0,0,0,0,0,0,0,0,0,0,0,0,0,0,0
34611,0,0,0,0,0,0,0,0,0,0,0,0,0,0,0,0,0,0,0,0,0,0,0,0,0,0,0,0,0,0,0,0,0,0,0,0,0,0,0,0,0,0,0,0,0,0,0,0,0,0,0,0,0,0,0,0,0,0,0,0,0,0,0,0,0,0,0,0,0,0,0,0,0,0,0,0,0,0,0,0
34612,0,0,0,0,0,0,0,0,0,0,0,0,0,0,0,0,0,0,0,0,0,0,0,0,0,0,0,0,0,0,0,0,0,0,0,0,0,0,0,0,0,0,0,0,0,0,0,0,0,0,0,0,0,0,0,0,0,0,0,0,0,0,0,0,0,0,0,0,0,0,0,0,0,0,0,0,0,0,0,0
34613,0,0,0,0,0,0,0,0,0,0,0,0,0,0,0,0,0,0,0,0,0,0,0,0,0,0,0,0,0,0,0,0,0,0,0,0,0,0,0,0,0,0,0,0,0,0,0,0,0,0,0,0,0,0,0,0,0,0,0,0,0,0,0,0,0,0,0,0,0,0,0,0,0,0,0,0,0,0,0,0
34614,0,0,0,0,0,0,0,0,0,0,0,0,0,0,0,0,0,0,0,0,0,0,0,0,0,0,0,0,0,0,0,0,0,0,0,0,0,0,0,0,0,0,0,0,0,0,0,0,0,0,0,0,0,0,0,0,0,0,0,0,0,0,0,0,0,0,0,0,0,0,0,0,0,0,0,0,0,0,0,0
34615,0,0,0,0,0,0,0,0,0,0,0,0,0,0,0,0,0,0,0,0,0,0,0,0,0,0,0,0,0,0,0,0,0,0,0,0,0,0,0,0,0,0,0,0,0,0,0,0,0,0,0,0,0,0,0,0,0,0,0,0,0,0,0,0,0,0,0,0,0,0,0,0,0,0,0,0,0,0,0,0
34616,0,0,0,0,0,0,0,0,0,0,0,0,0,0,0,0,0,0,0,0,0,0,0,0,0,0,0,0,0,0,0,0,0,0,0,0,0,0,0,0,0,0,0,0,0,0,0,0,0,0,0,0,0,0,0,0,0,0,0,0,0,0,0,0,0,0,0,0,0,0,0,0,0,0,0,0,0,0,0,0
34617,0,0,0,0,0,0,0,0,0,0,0,0,0,0,0,0,0,0,0,0,0,0,0,0,0,0,0,0,0,0,0,0,0,0,0,0,0,0,0,0,0,0,0,0,0,0,0,0,0,0,0,0,0,0,0,0,0,0,0,0,0,0,0,0,0,0,0,0,0,0,0,0,0,0,0,0,0,0,0,0
34618,0,0,0,0,0,0,0,0,0,0,0,0,0,0,0,0,0,0,0,0,0,0,0,0,0,0,0,0,0,0,0,0,0,0,0,0,0,0,0,0,0,0,0,0,0,0,0,0,0,0,0,0,0,0,0,0,0,0,0,0,0,0,0,0,0,0,0,0,0,0,0,0,0,0,0,0,0,0,0,0
34619,0,0,0,0,0,0,0,0,0,0,0,0,0,0,0,0,0,0,0,0,0,0,0,0,0,0,0,0,0,0,0,0,0,0,0,0,0,0,0,0,0,0,0,0,0,0,0,0,0,0,0,0,0,0,0,0,0,0,0,0,0,0,0,0,0,0,0,0,0,0,0,0,0,0,0,0,0,0,0,0
34620,0,0,0,0,0,0,0,0,0,0,0,0,0,0,0,0,0,0,0,0,0,0,0,0,0,0,0,0,0,0,0,0,0,0,0,0,0,0,0,0,0,0,0,0,0,0,0,0,0,0,0,0,0,0,0,0,0,0,0,0,0,0,0,0,0,0,0,0,0,0,0,0,0,0,0,0,0,0,0,0
34621,0,0,0,0,0,0,0,0,0,0,0,0,0,0,0,0,0,0,0,0,0,0,0,0,0,0,0,0,0,0,0,0,0,0,0,0,0,0,0,0,0,0,0,0,0,0,0,0,0,0,0,0,0,0,0,0,0,0,0,0,0,0,0,0,0,0,0,0,0,0,0,0,0,0,0,0,0,0,0,0
34622,0,0,0,0,0,0,0,0,0,0,0,0,0,0,0,0,0,0,0,0,0,0,0,0,0,0,0,0,0,0,0,0,0,0,0,0,0,0,0,0,0,0,0,0,0,0,0,0,0,0,0,0,0,0,0,0,0,0,0,0,0,0,0,0,0,0,0,0,0,0,0,0,0,0,0,0,0,0,0,0
34623,0,0,0,0,0,0,0,0,0,0,0,0,0,0,0,0,0,0,0,0,0,0,0,0,0,0,0,0,0,0,0,0,0,0,0,0,0,0,0,0,0,0,0,0,0,0,0,0,0,0,0,0,0,0,0,0,0,0,0,0,0,0,0,0,0,0,0,0,0,0,0,0,0,0,0,0,0,0,0,0
34624,0,0,0,0,0,0,0,0,0,0,0,0,0,0,0,0,0,0,0,0,0,0,0,0,0,0,0,0,0,0,0,0,0,0,0,0,0,0,0,0,0,0,0,0,0,0,0,0,0,0,0,0,0,0,0,0,0,0,0,0,0,0,0,0,0,0,0,0,0,0,0,0,0,0,0,0,0,0,0,0
34625,0,0,0,0,0,0,0,0,0,0,0,0,0,0,0,0,0,0,0,0,0,0,0,0,0,0,0,0,0,0,0,0,0,0,0,0,0,0,0,0,0,0,0,0,0,0,0,0,0,0,0,0,0,0,0,0,0,0,0,0,0,0,0,0,0,0,0,0,0,0,0,0,0,0,0,0,0,0,0,0
34626,0,0,0,0,0,0,0,0,0,0,0,0,0,0,0,0,0,0,0,0,0,0,0,0,0,0,0,0,0,0,0,0,0,0,0,0,0,0,0,0,0,0,0,0,0,0,0,0,0,0,0,0,0,0,0,0,0,0,0,0,0,0,0,0,0,0,0,0,0,0,0,0,0,0,0,0,0,0,0,0
34627,0,0,0,0,0,0,0,0,0,0,0,0,0,0,0,0,0,0,0,0,0,0,0,0,0,0,0,0,0,0,0,0,0,0,0,0,0,0,0,0,0,0,0,0,0,0,0,0,0,0,0,0,0,0,0,0,0,0,0,0,0,0,0,0,0,0,0,0,0,0,0,0,0,0,0,0,0,0,0,0
34628,0,0,0,0,0,0,0,0,0,0,0,0,0,0,0,0,0,0,0,0,0,0,0,0,0,0,0,0,0,0,0,0,0,0,0,0,0,0,0,0,0,0,0,0,0,0,0,0,0,0,0,0,0,0,0,0,0,0,0,0,0,0,0,0,0,0,0,0,0,0,0,0,0,0,0,0,0,0,0,0
34629,0,0,0,0,0,0,0,0,0,0,0,0,0,0,0,0,0,0,0,0,0,0,0,0,0,0,0,0,0,0,0,0,0,0,0,0,0,0,0,0,0,0,0,0,0,0,0,0,0,0,0,0,0,0,0,0,0,0,0,0,0,0,0,0,0,0,0,0,0,0,0,0,0,0,0,0,0,0,0,0
34630,0,0,0,0,0,0,0,0,0,0,0,0,0,0,0,0,0,0,0,0,0,0,0,0,0,0,0,0,0,0,0,0,0,0,0,0,0,0,0,0,0,0,0,0,0,0,0,0,0,0,0,0,0,0,0,0,0,0,0,0,0,0,0,0,0,0,0,0,0,0,0,0,0,0,0,0,0,0,0,0
34631,0,0,0,0,0,0,0,0,0,0,0,0,0,0,0,0,0,0,0,0,0,0,0,0,0,0,0,0,0,0,0,0,0,0,0,0,0,0,0,0,0,0,0,0,0,0,0,0,0,0,0,0,0,0,0,0,0,0,0,0,0,0,0,0,0,0,0,0,0,0,0,0,0,0,0,0,0,0,0,0
34632,0,0,0,0,0,0,0,0,0,0,0,0,0,0,0,0,0,0,0,0,0,0,0,0,0,0,0,0,0,0,0,0,0,0,0,0,0,0,0,0,0,0,0,0,0,0,0,0,0,0,0,0,0,0,0,0,0,0,0,0,0,0,0,0,0,0,0,0,0,0,0,0,0,0,0,0,0,0,0,0
34633,0,0,0,0,0,0,0,0,0,0,0,0,0,0,0,0,0,0,0,0,0,0,0,0,0,0,0,0,0,0,0,0,0,0,0,0,0,0,0,0,0,0,0,0,0,0,0,0,0,0,0,0,0,0,0,0,0,0,0,0,0,0,0,0,0,0,0,0,0,0,0,0,0,0,0,0,0,0,0,0
35000,295,300,311,315,323,333,342,350,356,365,372,378,385,391,395,402,407,411,417,421,426,430,433,438,441,445,447,451,454,457,460,462,465,467,470,473,474,476,478,480,482,483,485,487,490,491,492,493,495,496,498,499,500,501,503,503,504,506,507,508,509,510,511,512,513,513,513,514,515,516,515,516,517,518,518,518,518,518,520,520
35001,304,310,322,326,335,346,355,363,372,380,388,395,403,411,415,422,428,432,438,443,448,452,456,460,464,468,471,474,477,480,484,486,489,491,494,497,498,501,504,507,509,510,512,514,516,518,519,521,523,524,525,526,527,529,530,530,532,534,536,536,536,538,539,540,541,541,542,543,544,545,544,545,546,546,547,547,547,549,550,551
35002,304,310,322,326,335,346,355,363,372,380,388,395,403,411,415,422,428,432,438,443,448,452,456,460,464,468,471,474,477,480,484,486,489,491,494,497,498,502,504,507,509,511,512,514,516,518,519,521,523,524,525,526,527,529,530,530,532,534,536,536,536,538,539,540,541,541,542,543,544,545,544,545,546,546,547,547,547,549,550,551
35010,302,302,303,303,301,300,300,299,299,298,298,303,305,308,304,302,303,307,309,310,312,310,308,307,307,306,306,305,304,304,304,303,303,303,302,302,306,309,311,314,318,315,314,313,313,312,312,311,311,311,310,310,309,309,308,311,316,320,325,329,329,329,328,328,327,327,326,326,326,325,325,324,324,324,323,323,322,322,321,320
35011,221,225,227,227,228,228,228,229,229,229,229,230,230,230,231,232,232,232,233,233,233,234,234,235,236,236,236,237,237,238,238,239,239,240,240,241,241,242,242,242,243,244,244,244,245,246,246,247,248,248,249,250,250,250,251,251,252,252,253,253,254,254,254,255,255,256,256,257,257,258,258,259,259,260,261,261,263,268,274,279
35100,1,2,2,1,2,2,2,2,2,2,2,2,2,2,2,2,2,2,2,2,2,2,2,2,2,2,2,2,2,2,2,2,2,2,2,2,2,2,2,2,1,2,2,2,2,2,2,2,2,2,2,2,2,2,2,2,2,2,2,2,2,2,2,2,2,2,2,2,2,2,2,2,2,2,2,2,2,2,2,
35110,576,576,576,576,576,576,576,576,576,576,576,576,576,576,576,576,576,576,576,576,576,576,576,576,576,576,576,576,576,576,576,576,576,576,576,576,576,576,576,576,576,576,576,576,576,576,576,576,576,576,576,576,576,576,576,576,576,576,576,576,576,576,576,576,576,576,576,576,576,576,576,576,576,576,576,576,576,576,576,
35111,500,500,500,500,500,500,500,500,500,500,500,500,500,500,500,500,500,500,500,500,500,500,500,500,500,500,500,500,500,500,500,500,500,500,500,500,500,500,500,500,500,500,500,500,500,500,500,500,500,500,500,500,500,500,500,500,500,500,500,500,500,500,500,500,500,500,500,500,500,500,500,500,500,500,500,500,500,500,500,
35112,500,500,500,500,500,500,500,500,500,500,500,500,500,500,500,500,500,500,500,500,500,500,500,500,500,500,500,500,500,500,500,500,500,500,500,500,500,500,500,500,500,500,500,500,500,500,500,500,500,500,500,500,500,500,500,500,500,500,500,500,500,500,500,500,500,500,500,500,500,500,500,500,500,500,500,500,500,500,500,
36000,0,0,0,0,0,0,0,0,0,0,0,0,0,0,0,0,0,0,0,0,0,0,0,0,0,0,0,0,0,0,0,0,0,0,0,0,0,0,0,0,0,0,0,0,0,0,0,0,0,0,0,0,0,0,0,0,0,0,0,0,0,0,0,0,0,0,0,0,0,0,0,0,0,0,0,0,0,0,0,
36001,0,0,0,0,0,0,0,0,0,0,0,0,0,0,0,0,0,0,0,0,0,0,0,0,0,0,0,0,0,0,0,0,0,0,0,0,0,0,0,0,0,0,0,0,0,0,0,0,0,0,0,0,0,0,0,0,0,0,0,0,0,0,0,0,0,0,0,0,0,0,0,0,0,0,0,0,0,0,0,
36100,0,0,0,0,0,0,0,0,0,0,0,0,0,0,0,0,0,0,0,0,0,0,0,0,0,0,0,0,0,0,0,0,0,0,0,0,0,0,0,0,0,0,0,0,0,0,0,0,0,0,0,0,0,0,0,0,0,0,0,0,0,0,0,0,0,0,0,0,0,0,0,0,0,0,0,0,0,0,0,
36101,0,0,0,0,0,0,0,0,0,0,0,0,0,0,0,0,0,0,0,0,0,0,0,0,0,0,0,0,0,0,0,0,0,0,0,0,0,0,0,0,0,0,0,0,0,0,0,0,0,0,0,0,0,0,0,0,0,0,0,0,0,0,0,0,0,0,0,0,0,0,0,0,0,0,0,0,0,0,0,
36102,0,0,0,0,0,0,0,0,0,0,0,0,0,0,0,0,0,0,0,0,0,0,0,0,0,0,0,0,0,0,0,0,0,0,0,0,0,0,0,0,0,0,0,0,0,0,0,0,0,0,0,0,0,0,0,0,0,0,0,0,0,0,0,0,0,0,0,0,0,0,0,0,0,0,0,0,0,0,0,
36103,0,0,0,0,0,0,0,0,0,0,0,0,0,0,0,0,0,0,0,0,0,0,0,0,0,0,0,0,0,0,0,0,0,0,0,0,0,0,0,0,0,0,0,0,0,0,0,0,0,0,0,0,0,0,0,0,0,0,0,0,0,0,0,0,0,0,0,0,0,0,0,0,0,0,0,0,0,0,0,
37000,1,1,1,1,1,1,1,1,1,1,1,1,1,1,1,1,1,1,1,1,1,1,1,1,1,1,1,1,1,1,1,1,1,1,1,1,1,1,1,1,1,1,1,1,1,1,1,1,1,1,1,1,1,1,1,1,1,1,1,1,1,1,1,1,1,1,1,1,1,1,1,1,1,1,1,1,1,1,1,
37001,0,0,0,0,0,0,0,0,0,0,0,0,0,0,0,0,0,0,0,0,0,0,0,0,0,0,0,0,0,0,0,0,0,0,0,0,0,0,0,0,0,0,0,0,0,0,0,0,0,0,0,0,0,0,0,0,0,0,0,0,0,0,0,0,0,0,0,0,0,0,0,0,0,0,0,0,0,0,0,
37002,0,0,0,0,0,0,0,0,0,0,0,0,0,0,0,0,0,0,0,0,0,0,0,0,0,0,0,0,0,0,0,0,0,0,0,0,0,0,0,0,0,0,0,0,0,0,0,0,0,0,0,0,0,0,0,0,0,0,0,0,0,0,0,0,0,0,0,0,0,0,0,0,0,0,0,0,0,0,0,
37003,0,0,0,0,0,0,0,0,0,0,0,0,0,0,0,0,0,0,0,0,0,0,0,0,0,0,0,0,0,0,0,0,0,0,0,0,0,0,0,0,0,0,0,0,0,0,0,0,0,0,0,0,0,0,0,0,0,0,0,0,0,0,0,0,0,0,0,0,0,0,0,0,0,0,0,0,0,0,0,
37004,0,63364,63364,0,63364,63364,63364,63364,63364,63364,0,63364,63364,63364,63364,63364,63364,63364,63364,63364,63364,63364,63364,63363,63364,63364,63364,63364,63364,63364,63364,63364,63364,63364,63364,63364,63364,63363,63363,63364,0,63364,63364,63364,63364,63364,63364,63364,63364,63364,63364,63364,63364,63364,63364,63363,63363,63364,63364,63364,63363,63364,63364,63364,63364,63364,63364,63364,63364,63364,63364,63364,63364,63364,63364,63364,63364,63364,63364,
37005,47,49,50,50,50,50,50,50,50,50,50,50,50,50,50,50,50,50,50,50,50,50,50,50,50,50,50,50,50,50,50,50,50,50,50,50,50,50,50,50,50,50,50,50,50,50,50,50,50,50,50,50,50,50,50,50,50,50,50,50,50,50,50,50,50,50,50,50,50,50,50,50,50,50,50,50,51,53,55,
37006,226,228,230,230,231,231,232,233,233,233,234,234,235,235,236,237,237,238,239,239,240,240,241,242,243,244,244,245,246,247,248,248,249,250,250,251,251,252,253,253,254,255,256,256,257,258,258,259,260,260,261,261,262,263,264,264,265,266,266,267,267,268,268,269,269,270,270,271,272,272,273,273,274,274,275,275,277,281,285,
37007,3288,3403,3323,3318,3316,3314,3314,3313,3312,3311,3311,3310,3309,3309,3309,3309,3308,3307,3308,3307,3306,3306,3306,3306,3306,3305,3305,3305,3305,3305,3304,3305,3305,3305,3304,3304,3304,3304,3304,3303,3304,3303,3304,3303,3303,3303,3303,3303,3302,3303,3303,3303,3302,3302,3302,3302,3302,3302,3302,3302,3302,3302,3302,3302,3302,3302,3302,3301,3301,3301,3301,3301,3301,3301,3301,3301,3395,3389,3388,
37008,3287,3397,3321,3315,3314,3312,3312,3311,3310,3310,3309,3308,3307,3306,3306,3306,3305,3305,3305,3305,3305,3304,3304,3303,3304,3303,3303,3303,3303,3302,3302,3302,3302,3302,3302,3301,3301,3301,3302,3302,3302,3301,3301,3301,3301,3301,3301,3301,3301,3301,3301,3301,3300,3300,3300,3300,3300,3300,3300,3300,3300,3300,3300,3299,3299,3299,3299,3300,3300,3299,3299,3299,3299,3299,3299,3299,3388,3380,3382,
37009,0,0,0,0,0,0,0,0,0,0,0,0,0,0,0,0,0,0,0,0,0,0,0,0,0,0,0,0,0,0,0,0,0,0,0,0,0,0,0,0,0,0,0,0,0,0,0,0,0,0,0,0,0,0,0,0,0,0,0,0,0,0,0,0,0,0,0,0,0,0,0,0,0,0,0,0,0,0,0,
37010,0,0,0,0,0,0,0,0,0,0,0,0,0,0,0,0,0,0,0,0,0,0,0,0,0,0,0,0,0,0,0,0,0,0,0,0,0,0,0,0,0,0,0,0,0,0,0,0,0,0,0,0,0,0,0,0,0,0,0,0,0,0,0,0,0,0,0,0,0,0,0,0,0,0,0,0,0,0,0,
37011,0,0,0,0,0,0,0,0,0,0,0,0,0,0,0,0,0,0,0,0,0,0,0,0,0,0,0,0,0,0,0,0,0,0,0,0,0,0,0,0,0,0,0,0,0,0,0,0,0,0,0,0,0,0,0,0,0,0,0,0,0,0,0,0,0,0,0,0,0,0,0,0,0,0,0,0,0,0,0,
37012,116,116,116,116,116,116,116,116,116,116,116,116,116,116,116,116,116,116,116,116,116,116,116,116,116,116,116,116,116,116,116,116,116,116,116,116,116,116,116,116,116,116,116,116,116,116,116,116,116,116,116,116,116,116,116,116,116,116,116,116,116,116,116,116,116,116,116,116,116,116,116,116,116,116,116,116,116,116,116,
37013,0,0,0,0,0,0,0,0,0,0,0,0,0,0,0,0,0,0,0,0,0,0,0,0,0,0,0,0,0,0,0,0,0,0,0,0,0,0,0,0,0,0,0,0,0,0,0,0,0,0,0,0,0,0,0,0,0,0,0,0,0,0,0,0,0,0,0,0,0,0,0,0,0,0,0,0,0,0,0,
37014,0,0,0,0,0,0,0,0,0,0,0,0,0,0,0,0,0,0,0,0,0,0,0,0,0,0,0,0,0,0,0,0,0,0,0,0,0,0,0,0,0,0,0,0,0,0,0,0,0,0,0,0,0,0,0,0,0,0,0,0,0,0,0,0,0,0,0,0,0,0,0,0,0,0,0,0,0,0,0,
37015,0,0,0,0,0,0,0,0,0,0,0,0,0,0,0,0,0,0,0,0,0,0,0,0,0,0,0,0,0,0,0,0,0,0,0,0,0,0,0,0,0,0,0,0,0,0,0,0,0,0,0,0,0,0,0,0,0,0,0,0,0,0,0,0,0,0,0,0,0,0,0,0,0,0,0,0,0,0,0,
37016,0,0,0,0,0,0,0,0,0,0,0,0,0,0,0,0,0,0,0,0,0,0,0,0,0,0,0,0,0,0,0,0,0,0,0,0,0,0,0,0,0,0,0,0,0,0,0,0,0,0,0,0,0,0,0,0,0,0,0,0,0,0,0,0,0,0,0,0,0,0,0,0,0,0,0,0,0,0,0,
37017,0,0,0,0,0,0,0,0,0,0,0,0,0,0,0,0,0,0,0,0,0,0,0,0,0,0,0,0,0,0,0,0,0,0,0,0,0,0,0,0,0,0,0,0,0,0,0,0,0,0,0,0,0,0,0,0,0,0,0,0,0,0,0,0,0,0,0,0,0,0,0,0,0,0,0,0,0,0,0,
37018,0,0,0,0,0,0,0,0,0,0,0,0,0,0,0,0,0,0,0,0,0,0,0,0,0,0,0,0,0,0,0,0,0,0,0,0,0,0,0,0,0,0,0,0,0,0,0,0,0,0,0,0,0,0,0,0,0,0,0,0,0,0,0,0,0,0,0,0,0,0,0,0,0,0,0,0,0,0,0,
37019,0,0,0,0,0,0,0,0,0,0,0,0,0,0,0,0,0,0,0,0,0,0,0,0,0,0,0,0,0,0,0,0,0,0,0,0,0,0,0,0,0,0,0,0,0,0,0,0,0,0,0,0,0,0,0,0,0,0,0,0,0,0,0,0,0,0,0,0,0,0,0,0,0,0,0,0,0,0,0,
37020,0,0,0,0,0,0,0,0,0,0,0,0,0,0,0,0,0,0,0,0,0,0,0,0,0,0,0,0,0,0,0,0,0,0,0,0,0,0,0,0,0,0,0,0,0,0,0,0,0,0,0,0,0,0,0,0,0,0,0,0,0,0,0,0,0,0,0,0,0,0,0,0,0,0,0,0,0,0,0,
37021,0,0,0,0,0,0,0,0,0,0,0,0,0,0,0,0,0,0,0,0,0,0,0,0,0,0,0,0,0,0,0,0,0,0,0,0,0,0,0,0,0,0,0,0,0,0,0,0,0,0,0,0,0,0,0,0,0,0,0,0,0,0,0,0,0,0,0,0,0,0,0,0,0,0,0,0,0,0,0,
37022,0,0,0,0,0,0,0,0,0,0,0,0,0,0,0,0,0,0,0,0,0,0,0,0,0,0,0,0,0,0,0,0,0,0,0,0,0,0,0,0,0,0,0,0,0,0,0,0,0,0,0,0,0,0,0,0,0,0,0,0,0,0,0,0,0,0,0,0,0,0,0,0,0,0,0,0,0,0,0,
37023,0,0,0,0,0,0,0,0,0,0,0,0,0,0,0,0,0,0,0,0,0,0,0,0,0,0,0,0,0,0,0,0,0,0,0,0,0,0,0,0,0,0,0,0,0,0,0,0,0,0,0,0,0,0,0,0,0,0,0,0,0,0,0,0,0,0,0,0,0,0,0,0,0,0,0,0,0,0,0,
37024,0,0,0,0,0,0,0,0,0,0,0,0,0,0,0,0,0,0,0,0,0,0,0,0,0,0,0,0,0,0,0,0,0,0,0,0,0,0,0,0,0,0,0,0,0,0,0,0,0,0,0,0,0,0,0,0,0,0,0,0,0,0,0,0,0,0,0,0,0,0,0,0,0,0,0,0,0,0,0,
41000,0,0,0,0,0,0,0,0,0,0,0,0,0,0,0,0,0,0,0,0,0,0,0,0,0,0,0,0,0,0,0,0,0,0,0,0,0,0,0,0,0,0,0,0,0,0,0,0,0,0,0,0,0,0,0,0,0,0,0,0,0,0,0,0,0,0,0,0,0,0,0,0,0,0,0,0,0,0,0,
41100,1,1,1,1,1,1,1,1,1,1,1,1,1,1,1,1,1,1,1,1,1,1,1,1,1,1,1,1,1,1,1,1,1,1,1,1,1,1,1,1,1,1,1,1,1,1,1,1,1,1,1,1,1,1,1,1,1,1,1,1,1,1,1,1,1,1,1,1,1,1,1,1,1,1,1,1,1,1,1,
41200,1,1,1,1,1,1,1,1,1,1,1,1,1,1,1,1,1,1,1,1,1,1,1,1,1,1,1,1,1,1,1,1,1,1,1,1,1,1,1,1,1,1,1,1,1,1,1,1,1,1,1,1,1,1,1,1,1,1,1,1,1,1,1,1,1,1,1,1,1,1,1,1,1,1,1,1,1,1,1,
42000,21947,21947,21947,21947,21947,21947,21947,21947,21947,21947,21947,21947,21947,21947,21947,21947,21947,21947,21947,21947,21947,21947,21947,21947,21947,21947,21947,21947,21947,21947,21947,21947,21947,21947,21947,21947,21947,21947,21947,21947,21947,21947,21947,21947,21947,21947,21947,21947,21947,21947,21947,21947,21947,21947,21947,21947,21947,21947,21947,21947,21947,21947,21947,21947,21947,21947,21947,21947,21947,21947,21947,21947,21947,21947,21947,21947,21947,21947,21947,
42010,0,0,0,0,0,0,0,0,0,0,0,0,0,0,0,0,0,0,0,0,0,0,0,0,0,0,0,0,0,0,0,0,0,0,0,0,0,0,0,0,0,0,0,0,0,0,0,0,0,0,0,0,0,0,0,0,0,0,0,0,0,0,0,0,0,0,0,0,0,0,0,0,0,0,0,0,0,0,0,
42011,0,0,0,0,0,0,0,0,0,0,0,0,0,0,0,0,0,0,0,0,0,0,0,0,0,0,0,0,0,0,0,0,0,0,0,0,0,0,0,0,0,0,0,0,0,0,0,0,0,0,0,0,0,0,0,0,0,0,0,0,0,0,0,0,0,0,0,0,0,0,0,0,0,0,0,0,0,0,0,
42020,0,0,0,0,0,0,0,0,0,0,0,0,0,0,0,0,0,0,0,0,0,0,0,0,0,0,0,0,0,0,0,0,0,0,0,0,0,0,0,0,0,0,0,0,0,0,0,0,0,0,0,0,0,0,0,0,0,0,0,0,0,0,0,0,0,0,0,0,0,0,0,0,0,0,0,0,0,0,0,
42021,0,0,0,0,0,0,0,0,0,0,0,0,0,0,0,0,0,0,0,0,0,0,0,0,0,0,0,0,0,0,0,0,0,0,0,0,0,0,0,0,0,0,0,0,0,0,0,0,0,0,0,0,0,0,0,0,0,0,0,0,0,0,0,0,0,0,0,0,0,0,0,0,0,0,0,0,0,0,0,
43000,0,0,0,0,0,0,0,0,0,0,0,0,0,0,0,0,0,0,0,0,0,0,0,0,0,0,0,0,0,0,0,0,0,0,0,0,0,0,0,0,0,0,0,0,0,0,0,0,0,0,0,0,0,0,0,0,0,0,0,0,0,0,0,0,0,0,0,0,0,0,0,0,0,0,0,0,0,0,0,
43100,127,127,127,127,127,127,127,127,127,127,127,127,127,127,127,127,127,127,127,127,127,127,127,127,127,127,127,127,127,127,127,127,127,127,127,127,127,127,127,127,127,127,127,127,127,127,127,127,127,127,127,127,127,127,127,127,127,127,127,127,127,127,127,127,127,127,127,127,127,127,127,127,127,127,127,127,127,127,127,
43101,0,0,0,0,0,0,0,0,0,0,0,0,0,0,0,0,0,0,0,0,0,0,0,0,0,0,0,0,0,0,0,0,0,0,0,0,0,0,0,0,0,0,0,0,0,0,0,0,0,0,0,0,0,0,0,0,0,0,0,0,0,0,0,0,0,0,0,0,0,0,0,0,0,0,0,0,0,0,0,
43102,0,2359,2359,2359,2359,2359,2359,2359,2359,2359,2359,2359,2359,2359,2359,2359,2359,2359,2359,2359,2359,2359,2359,2359,2359,2359,2359,2359,2359,2359,2359,2359,2359,2359,2359,2359,2359,2359,2359,2359,2359,2359,2359,2359,2359,2359,2359,2359,2359,2359,2359,2359,2359,2359,2359,2359,2359,2359,2359,2359,2359,2359,2359,2359,2359,2359,2359,2359,2359,2359,2359,2359,2359,2359,2359,2359,2359,2359,2359,
43103,2200,63336,63336,63336,63336,63336,63336,63336,63336,63336,63336,63336,63336,63336,63336,63336,63336,63336,63336,63336,63336,63336,63336,63336,63336,63336,63336,63336,63336,63336,63336,63336,63336,63336,63336,63336,63336,63336,63336,63336,63336,63336,63336,63336,63336,63336,63336,63336,63336,63336,63336,63336,63336,63336,63336,63336,63336,63336,63336,63336,63336,63336,63336,63336,63336,63336,63336,63336,63336,63336,63336,63336,63336,63336,63336,63336,63336,63336,63336,
43104,0,1,1,1,1,1,1,1,1,1,1,1,1,1,1,1,1,1,1,1,1,1,1,1,1,1,1,1,1,1,1,1,1,1,1,1,1,1,1,1,1,1,1,1,1,1,1,1,1,1,1,1,1,1,1,1,1,1,1,1,1,1,1,1,1,1,1,1,1,1,1,1,1,1,1,1,1,1,1,
43105,0,0,0,0,0,0,0,0,0,0,0,0,0,0,0,0,0,0,0,0,0,0,0,0,0,0,0,0,0,0,0,0,0,0,0,0,0,0,0,0,0,0,0,0,0,0,0,0,0,0,0,0,0,0,0,0,0,0,0,0,0,0,0,0,0,0,0,0,0,0,0,0,0,0,0,0,0,0,0,
43106,0,0,0,0,0,0,0,0,0,0,0,0,0,0,0,0,0,0,0,0,0,0,0,0,0,0,0,0,0,0,0,0,0,0,0,0,0,0,0,0,0,0,0,0,0,0,0,0,0,0,0,0,0,0,0,0,0,0,0,0,0,0,0,0,0,0,0,0,0,0,0,0,0,0,0,0,0,0,0,
43107,0,0,0,0,0,0,0,0,0,0,0,0,0,0,0,0,0,0,0,0,0,0,0,0,0,0,0,0,0,0,0,0,0,0,0,0,0,0,0,0,0,0,0,0,0,0,0,0,0,0,0,0,0,0,0,0,0,0,0,0,0,0,0,0,0,0,0,0,0,0,0,0,0,0,0,0,0,0,0,
43108,0,0,0,0,0,0,0,0,0,0,0,0,0,0,0,0,0,0,0,0,0,0,0,0,0,0,0,0,0,0,0,0,0,0,0,0,0,0,0,0,0,0,0,0,0,0,0,0,0,0,0,0,0,0,0,0,0,0,0,0,0,0,0,0,0,0,0,0,0,0,0,0,0,0,0,0,0,0,0,
43109,0,0,0,0,0,0,0,0,0,0,0,0,0,0,0,0,0,0,0,0,0,0,0,0,0,0,0,0,0,0,0,0,0,0,0,0,0,0,0,0,0,0,0,0,0,0,0,0,0,0,0,0,0,0,0,0,0,0,0,0,0,0,0,0,0,0,0,0,0,0,0,0,0,0,0,0,0,0,0,
43110,0,0,0,0,0,0,0,0,0,0,0,0,0,0,0,0,0,0,0,0,0,0,0,0,0,0,0,0,0,0,0,0,0,0,0,0,0,0,0,0,0,0,0,0,0,0,0,0,0,0,0,0,0,0,0,0,0,0,0,0,0,0,0,0,0,0,0,0,0,0,0,0,0,0,0,0,0,0,0,
43111,0,0,0,0,0,0,0,0,0,0,0,0,0,0,0,0,0,0,0,0,0,0,0,0,0,0,0,0,0,0,0,0,0,0,0,0,0,0,0,0,0,0,0,0,0,0,0,0,0,0,0,0,0,0,0,0,0,0,0,0,0,0,0,0,0,0,0,0,0,0,0,0,0,0,0,0,0,0,0,
43112,0,0,0,0,0,0,0,0,0,0,0,0,0,0,0,0,0,0,0,0,0,0,0,0,0,0,0,0,0,0,0,0,0,0,0,0,0,0,0,0,0,0,0,0,0,0,0,0,0,0,0,0,0,0,0,0,0,0,0,0,0,0,0,0,0,0,0,0,0,0,0,0,0,0,0,0,0,0,0,
43113,0,0,0,0,0,0,0,0,0,0,0,0,0,0,0,0,0,0,0,0,0,0,0,0,0,0,0,0,0,0,0,0,0,0,0,0,0,0,0,0,0,0,0,0,0,0,0,0,0,0,0,0,0,0,0,0,0,0,0,0,0,0,0,0,0,0,0,0,0,0,0,0,0,0,0,0,0,0,0,
43114,0,0,0,0,0,0,0,0,0,0,0,0,0,0,0,0,0,0,0,0,0,0,0,0,0,0,0,0,0,0,0,0,0,0,0,0,0,0,0,0,0,0,0,0,0,0,0,0,0,0,0,0,0,0,0,0,0,0,0,0,0,0,0,0,0,0,0,0,0,0,0,0,0,0,0,0,0,0,0,
43115,0,0,0,0,0,0,0,0,0,0,0,0,0,0,0,0,0,0,0,0,0,0,0,0,0,0,0,0,0,0,0,0,0,0,0,0,0,0,0,0,0,0,0,0,0,0,0,0,0,0,0,0,0,0,0,0,0,0,0,0,0,0,0,0,0,0,0,0,0,0,0,0,0,0,0,0,0,0,0,
43116,0,0,0,0,0,0,0,0,0,0,0,0,0,0,0,0,0,0,0,0,0,0,0,0,0,0,0,0,0,0,0,0,0,0,0,0,0,0,0,0,0,0,0,0,0,0,0,0,0,0,0,0,0,0,0,0,0,0,0,0,0,0,0,0,0,0,0,0,0,0,0,0,0,0,0,0,0,0,0,
43117,0,0,0,0,0,0,0,0,0,0,0,0,0,0,0,0,0,0,0,0,0,0,0,0,0,0,0,0,0,0,0,0,0,0,0,0,0,0,0,0,0,0,0,0,0,0,0,0,0,0,0,0,0,0,0,0,0,0,0,0,0,0,0,0,0,0,0,0,0,0,0,0,0,0,0,0,0,0,0,
43118,0,0,0,0,0,0,0,0,0,0,0,0,0,0,0,0,0,0,0,0,0,0,0,0,0,0,0,0,0,0,0,0,0,0,0,0,0,0,0,0,0,0,0,0,0,0,0,0,0,0,0,0,0,0,0,0,0,0,0,0,0,0,0,0,0,0,0,0,0,0,0,0,0,0,0,0,0,0,0,
43119,0,0,0,0,0,0,0,0,0,0,0,0,0,0,0,0,0,0,0,0,0,0,0,0,0,0,0,0,0,0,0,0,0,0,0,0,0,0,0,0,0,0,0,0,0,0,0,0,0,0,0,0,0,0,0,0,0,0,0,0,0,0,0,0,0,0,0,0,0,0,0,0,0,0,0,0,0,0,0,
43120,0,0,0,0,0,0,0,0,0,0,0,0,0,0,0,0,0,0,0,0,0,0,0,0,0,0,0,0,0,0,0,0,0,0,0,0,0,0,0,0,0,0,0,0,0,0,0,0,0,0,0,0,0,0,0,0,0,0,0,0,0,0,0,0,0,0,0,0,0,0,0,0,0,0,0,0,0,0,0,
43121,0,0,0,0,0,0,0,0,0,0,0,0,0,0,0,0,0,0,0,0,0,0,0,0,0,0,0,0,0,0,0,0,0,0,0,0,0,0,0,0,0,0,0,0,0,0,0,0,0,0,0,0,0,0,0,0,0,0,0,0,0,0,0,0,0,0,0,0,0,0,0,0,0,0,0,0,0,0,0,
43122,0,0,0,0,0,0,0,0,0,0,0,0,0,0,0,0,0,0,0,0,0,0,0,0,0,0,0,0,0,0,0,0,0,0,0,0,0,0,0,0,0,0,0,0,0,0,0,0,0,0,0,0,0,0,0,0,0,0,0,0,0,0,0,0,0,0,0,0,0,0,0,0,0,0,0,0,0,0,0,
43123,0,0,0,0,0,0,0,0,0,0,0,0,0,0,0,0,0,0,0,0,0,0,0,0,0,0,0,0,0,0,0,0,0,0,0,0,0,0,0,0,0,0,0,0,0,0,0,0,0,0,0,0,0,0,0,0,0,0,0,0,0,0,0,0,0,0,0,0,0,0,0,0,0,0,0,0,0,0,0,
43124,0,0,0,0,0,0,0,0,0,0,0,0,0,0,0,0,0,0,0,0,0,0,0,0,0,0,0,0,0,0,0,0,0,0,0,0,0,0,0,0,0,0,0,0,0,0,0,0,0,0,0,0,0,0,0,0,0,0,0,0,0,0,0,0,0,0,0,0,0,0,0,0,0,0,0,0,0,0,0,
43125,0,0,0,0,0,0,0,0,0,0,0,0,0,0,0,0,0,0,0,0,0,0,0,0,0,0,0,0,0,0,0,0,0,0,0,0,0,0,0,0,0,0,0,0,0,0,0,0,0,0,0,0,0,0,0,0,0,0,0,0,0,0,0,0,0,0,0,0,0,0,0,0,0,0,0,0,0,0,0,
43126,0,0,0,0,0,0,0,0,0,0,0,0,0,0,0,0,0,0,0,0,0,0,0,0,0,0,0,0,0,0,0,0,0,0,0,0,0,0,0,0,0,0,0,0,0,0,0,0,0,0,0,0,0,0,0,0,0,0,0,0,0,0,0,0,0,0,0,0,0,0,0,0,0,0,0,0,0,0,0,
43127,0,0,0,0,0,0,0,0,0,0,0,0,0,0,0,0,0,0,0,0,0,0,0,0,0,0,0,0,0,0,0,0,0,0,0,0,0,0,0,0,0,0,0,0,0,0,0,0,0,0,0,0,0,0,0,0,0,0,0,0,0,0,0,0,0,0,0,0,0,0,0,0,0,0,0,0,0,0,0,
43128,0,0,0,0,0,0,0,0,0,0,0,0,0,0,0,0,0,0,0,0,0,0,0,0,0,0,0,0,0,0,0,0,0,0,0,0,0,0,0,0,0,0,0,0,0,0,0,0,0,0,0,0,0,0,0,0,0,0,0,0,0,0,0,0,0,0,0,0,0,0,0,0,0,0,0,0,0,0,0,
43129,0,0,0,0,0,0,0,0,0,0,0,0,0,0,0,0,0,0,0,0,0,0,0,0,0,0,0,0,0,0,0,0,0,0,0,0,0,0,0,0,0,0,0,0,0,0,0,0,0,0,0,0,0,0,0,0,0,0,0,0,0,0,0,0,0,0,0,0,0,0,0,0,0,0,0,0,0,0,0,
44002,0,0,0,0,0,0,0,0,0,0,0,0,0,0,0,0,0,0,0,0,0,0,0,0,0,0,0,0,0,0,0,0,0,0,0,0,0,0,0,0,0,0,0,0,0,0,0,0,0,0,0,0,0,0,0,0,0,0,0,0,0,0,0,0,0,0,0,0,0,0,0,0,0,0,0,0,0,0,0,
44003,0,0,0,0,0,0,0,0,0,0,0,0,0,0,0,0,0,0,0,0,0,0,0,0,0,0,0,0,0,0,0,0,0,0,0,0,0,0,0,0,0,0,0,0,0,0,0,0,0,0,0,0,0,0,0,0,0,0,0,0,0,0,0,0,0,0,0,0,0,0,0,0,0,0,0,0,0,0,0,
