timestamp,Register,raw_uint16,raw_int16,hex,tier,name,interpreted,bin16,u8_hi,u8_lo,i8_hi,i8_lo,ascii_be,ascii_le,bcd,div10,div100,div1000,u32_next_be,u32_next_le,i32_next_be,i32_next_le,f32_next_be,f32_next_le
15:40:52,30001,2311,2311,0x0907,OK,battery_power,2311 W,0000100100000111,9,7,9,7,··,··,0907,231.1,23.11,2.311,,,,,,
15:40:52,30006,63069,-2467,0xF65D,OK,ac_power,-2467 W,1111011001011101,246,93,-10,93,·],]·,-,6306.9,630.69,63.069,,,,,,
15:40:52,30010,0,0,0x0000,UNB,Unb: ?,,0000000000000000,0,0,0,0,··,··,0000,0.0,0.00,0.000,,,,,,
15:40:52,30020,100,100,0x0064,VERM,Verm: mppt1_voltage,10 V,0000000001100100,0,100,0,100,·d,d·,0064,10.0,1.00,0.100,6553700,6553700,6553700,6553700,-,-
15:40:52,30021,100,100,0x0064,VERM,Verm: mppt2_voltage,10 V,0000000001100100,0,100,0,100,·d,d·,0064,10.0,1.00,0.100,6553699,6488164,6553699,6488164,-,-
15:40:52,30022,99,99,0x0063,VERM,Verm: mppt3_voltage,9.900 V,0000000001100011,0,99,0,99,·c,c·,0063,9.9,0.99,0.099,6488163,6488163,6488163,6488163,-,-
15:40:52,30023,99,99,0x0063,VERM,Verm: mppt4_voltage,9.900 V,0000000001100011,0,99,0,99,·c,c·,0063,9.9,0.99,0.099,6488064,99,6488064,99,-,-
15:40:52,30024,0,0,0x0000,VERM,Verm: mppt1_current,0 A,0000000000000000,0,0,0,0,··,··,0000,0.0,0.00,0.000,0,0,0,0,0,0
15:40:52,30025,0,0,0x0000,VERM,Verm: mppt2_current,0 A,0000000000000000,0,0,0,0,··,··,0000,0.0,0.00,0.000,0,0,0,0,0,0
15:40:52,30026,0,0,0x0000,VERM,Verm: mppt3_current,0 A,0000000000000000,0,0,0,0,··,··,0000,0.0,0.00,0.000,0,0,0,0,0,0
15:40:52,30027,0,0,0x0000,VERM,Verm: mppt4_current,0 A,0000000000000000,0,0,0,0,··,··,0000,0.0,0.00,0.000,,,,,,
15:40:52,30029,13,13,0x000D,VERM,Verm: battery_power_factor,13,0000000000001101,0,13,0,13,··,··,-,1.3,0.13,0.013,851968,13,851968,13,-,-
15:40:52,30030,0,0,0x0000,UNB,Unb: ?,,0000000000000000,0,0,0,0,··,··,0000,0.0,0.00,0.000,0,0,0,0,0,0
15:40:52,30031,0,0,0x0000,UNB,Unb: ?,,0000000000000000,0,0,0,0,··,··,0000,0.0,0.00,0.000,0,0,0,0,0,0
15:40:52,30032,0,0,0x0000,UNB,Unb: ?,,0000000000000000,0,0,0,0,··,··,0000,0.0,0.00,0.000,0,0,0,0,0,0
15:40:52,30033,0,0,0x0000,UNB,Unb: ?,,0000000000000000,0,0,0,0,··,··,0000,0.0,0.00,0.000,0,0,0,0,0,0
15:40:52,30034,0,0,0x0000,UNB,Unb: ?,,0000000000000000,0,0,0,0,··,··,0000,0.0,0.00,0.000,0,0,0,0,0,0
15:40:52,30035,0,0,0x0000,UNB,Unb: ?,,0000000000000000,0,0,0,0,··,··,0000,0.0,0.00,0.000,219,14352384,219,14352384,-,-
15:40:52,30036,219,219,0x00DB,VERM,Verm: hardware_version,219,0000000011011011,0,219,0,-37,··,··,-,21.9,2.19,0.219,14352384,219,14352384,219,-,-
15:40:52,30037,0,0,0x0000,VERM,Verm: mppt1_power,0 W,0000000000000000,0,0,0,0,··,··,0000,0.0,0.00,0.000,0,0,0,0,0,0
15:40:52,30038,0,0,0x0000,VERM,Verm: mppt2_power,0 W,0000000000000000,0,0,0,0,··,··,0000,0.0,0.00,0.000,0,0,0,0,0,0
15:40:52,30039,0,0,0x0000,VERM,Verm: mppt3_power,0 W,0000000000000000,0,0,0,0,··,··,0000,0.0,0.00,0.000,0,0,0,0,0,0
15:40:52,30040,0,0,0x0000,VERM,Verm: mppt4_power,0 W,0000000000000000,0,0,0,0,··,··,0000,0.0,0.00,0.000,,,,,,
15:40:52,30100,5273,5273,0x1499,VERM,Verm: battery_voltage,52.730 V,0001010010011001,20,153,20,-103,··,··,1499,527.3,52.73,5.273,345571328,5273,345571328,5273,-,-
15:40:52,30101,0,0,0x0000,VERM,Verm: pack1_current_mirror,0 A,0000000000000000,0,0,0,0,··,··,0000,0.0,0.00,0.000,,,,,,
15:40:53,30106,0,0,0x0000,UNB,Unb: ?,,0000000000000000,0,0,0,0,··,··,0000,0.0,0.00,0.000,,,,,,
15:40:53,30109,0,0,0x0000,UNB,Unb: ?,,0000000000000000,0,0,0,0,··,··,0000,0.0,0.00,0.000,0,0,0,0,0,0
15:40:53,30110,0,0,0x0000,UNB,Unb: ?,,0000000000000000,0,0,0,0,··,··,0000,0.0,0.00,0.000,,,,,,
15:40:53,30201,18,18,0x0012,UNB,Unb: unknown_30201,18,0000000000010010,0,18,0,18,··,··,0012,1.8,0.18,0.018,,,,,,
15:40:53,30203,106,106,0x006A,UNB,Unb: unknown_30203,106,0000000001101010,0,106,0,106,·j,j·,-,10.6,1.06,0.106,,,,,,
15:40:53,30210,0,0,0x0000,VERM,Verm: active_pack_charge_status,0,0000000000000000,0,0,0,0,··,··,0000,0.0,0.00,0.000,0,0,0,0,0,0
15:40:53,30211,0,0,0x0000,UNB,Unb: ?,,0000000000000000,0,0,0,0,··,··,0000,0.0,0.00,0.000,5,327680,5,327680,-,-
15:40:53,30212,5,5,0x0005,VERM,Verm: pack_config,5,0000000000000101,0,5,0,5,··,··,0005,0.5,0.05,0.005,327680,5,327680,5,-,-
15:40:53,30213,0,0,0x0000,UNB,Unb: ?,,0000000000000000,0,0,0,0,··,··,0000,0.0,0.00,0.000,0,0,0,0,0,0
15:40:53,30214,0,0,0x0000,UNB,Unb: ?,,0000000000000000,0,0,0,0,··,··,0000,0.0,0.00,0.000,,,,,,
15:40:53,30300,1,1,0x0001,VERM,Verm: wifi_status,1,0000000000000001,0,1,0,1,··,··,0001,0.1,0.01,0.001,65537,65537,65537,65537,-,-
15:40:53,30301,1,1,0x0001,VERM,Verm: active_inverter_state,1,0000000000000001,0,1,0,1,··,··,0001,0.1,0.01,0.001,65536,1,65536,1,-,-
15:40:53,30302,0,0,0x0000,VERM,Verm: cloud_status,0,0000000000000000,0,0,0,0,··,··,0000,0.0,0.00,0.000,55,3604480,55,3604480,-,-
15:40:53,30303,55,55,0x0037,VERM,Verm: wifi_signal_strength,-55 dBm,0000000000110111,0,55,0,55,·7,7·,0037,5.5,0.55,0.055,,,,,,
15:40:53,30400,49320,-16216,0xC0A8,UNB,Unb: ip_address,192.168,1100000010101000,192,168,-64,-88,··,··,-,4932.0,493.20,49.320,,,,,,
15:40:54,31003,5,5,0x0005,VERM,Verm: pack_dependent_31003,5,0000000000000101,0,5,0,5,··,··,0005,0.5,0.05,0.005,329223,101122053,329223,101122053,-,-
15:40:54,31004,1543,1543,0x0607,VERM,Verm: pack_dependent_31004,1543,0000011000000111,6,7,6,7,··,··,0607,154.3,15.43,1.543,101122048,1543,101122048,1543,-,-
15:40:54,31005,0,0,0x0000,UNB,Unb: unknown_31005,,0000000000000000,0,0,0,0,··,··,0000,0.0,0.00,0.000,0,0,0,0,0,0
15:40:54,31006,0,0,0x0000,UNB,Unb: unknown_31006,,0000000000000000,0,0,0,0,··,··,0000,0.0,0.00,0.000,0,0,0,0,0,0
15:40:54,31007,0,0,0x0000,UNB,Unb: unknown_31007,,0000000000000000,0,0,0,0,··,··,0000,0.0,0.00,0.000,0,0,0,0,0,0
15:40:54,31008,0,0,0x0000,UNB,Unb: unknown_31008,,0000000000000000,0,0,0,0,··,··,0000,0.0,0.00,0.000,0,0,0,0,0,0
15:40:54,31009,0,0,0x0000,UNB,Unb: unknown_31009,,0000000000000000,0,0,0,0,··,··,0000,0.0,0.00,0.000,,,,,,
15:40:54,32100,5443,5443,0x1543,OK,dc_voltage,54.430 V,0001010101000011,21,67,21,67,·C,C·,1543,544.3,54.43,5.443,356712490,2757955,356712490,2757955,-,-
15:40:54,32101,42,42,0x002A,OK,dc_current,42 A,0000000000101010,0,42,0,42,·*,*·,-,4.2,0.42,0.042,2752512,42,2752512,42,-,-
15:40:54,32102,0,0,0x0000,UNB,Unb: unknown_32102,,0000000000000000,0,0,0,0,··,··,0000,0.0,0.00,0.000,0,0,0,0,0,0
15:40:54,32103,0,0,0x0000,UNB,Unb: ?,,0000000000000000,0,0,0,0,··,··,0000,0.0,0.00,0.000,,,,,,
15:40:54,32200,2412,2412,0x096C,OK,ac_voltage,241.200 V,0000100101101100,9,108,9,108,·l,l·,-,241.2,24.12,2.412,158075244,158075244,158075244,158075244,-,-
15:40:54,32201,2412,2412,0x096C,VERM,Verm: ac_voltage_2,241.200 V,0000100101101100,9,108,9,108,·l,l·,-,241.2,24.12,2.412,,,,,,
15:40:54,32204,499,499,0x01F3,OK,ac_frequency,49.900 Hz,0000000111110011,1,243,1,-13,··,··,-,49.9,4.99,0.499,,,,,,
15:40:54,34002,576,576,0x0240,OK,pack1_bat_soc,57.600 %,0000001001000000,2,64,2,64,·@,@·,0240,57.6,5.76,0.576,,,,,,
15:40:54,34004,0,0,0x0000,VERM,Verm: pack1_charge_status,0,0000000000000000,0,0,0,0,··,··,0000,0.0,0.00,0.000,,,,,,
15:40:55,34102,601,601,0x0259,OK,pack2_bat_soc,60.100 %,0000001001011001,2,89,2,89,·Y,Y·,0259,60.1,6.01,0.601,,,,,,
15:40:55,34104,0,0,0x0000,VERM,Verm: pack2_charge_status,0,0000000000000000,0,0,0,0,··,··,0000,0.0,0.00,0.000,,,,,,
15:40:55,34202,601,601,0x0259,OK,pack3_bat_soc,60.100 %,0000001001011001,2,89,2,89,·Y,Y·,0259,60.1,6.01,0.601,,,,,,
15:40:55,34204,0,0,0x0000,VERM,Verm: pack3_charge_status,0,0000000000000000,0,0,0,0,··,··,0000,0.0,0.00,0.000,,,,,,
15:40:55,34302,575,575,0x023F,OK,pack4_bat_soc,57.500 %,0000001000111111,2,63,2,63,·?,?·,-,57.5,5.75,0.575,,,,,,
15:40:55,34304,0,0,0x0000,VERM,Verm: pack4_charge_status,0,0000000000000000,0,0,0,0,··,··,0000,0.0,0.00,0.000,,,,,,
15:40:56,34402,576,576,0x0240,OK,pack5_bat_soc,57.600 %,0000001001000000,2,64,2,64,·@,@·,0240,57.6,5.76,0.576,,,,,,
15:40:56,34502,601,601,0x0259,OK,pack6_bat_soc,60.100 %,0000001001011001,2,89,2,89,·Y,Y·,0259,60.1,6.01,0.601,,,,,,
15:41:19,35112,500,500,0x01F4,VERM,Verm: max_discharge_power,500,0000000111110100,1,244,1,-12,··,··,-,50.0,5.00,0.500,,,,,,
15:41:20,36000,0,0,0x0000,OK,alarm_status,0x0000,0000000000000000,0,0,0,0,··,··,0000,0.0,0.00,0.000,0,0,0,0,0,0
15:41:20,36001,0,0,0x0000,OK,alarm_status_lo,0x0000,0000000000000000,0,0,0,0,··,··,0000,0.0,0.00,0.000,,,,,,
15:41:20,36100,0,0,0x0000,OK,fault_status,0x0000,0000000000000000,0,0,0,0,··,··,0000,0.0,0.00,0.000,0,0,0,0,0,0
15:41:20,36101,0,0,0x0000,VERM,Verm: fault_status_2,0x0000,0000000000000000,0,0,0,0,··,··,0000,0.0,0.00,0.000,0,0,0,0,0,0
15:41:20,36102,0,0,0x0000,OK,fault_2,0x0000,0000000000000000,0,0,0,0,··,··,0000,0.0,0.00,0.000,0,0,0,0,0,0
15:41:20,36103,0,0,0x0000,OK,fault_status_lo,0x0000,0000000000000000,0,0,0,0,··,··,0000,0.0,0.00,0.000,,,,,,
15:41:20,37000,1,1,0x0001,VERM,Verm: system_online,1,0000000000000001,0,1,0,1,··,··,0001,0.1,0.01,0.001,65536,1,65536,1,-,-
15:41:20,37001,0,0,0x0000,UNB,Unb: ?,,0000000000000000,0,0,0,0,··,··,0000,0.0,0.00,0.000,0,0,0,0,0,0
15:41:20,37002,0,0,0x0000,UNB,Unb: ?,,0000000000000000,0,0,0,0,··,··,0000,0.0,0.00,0.000,0,0,0,0,0,0
15:41:20,37003,0,0,0x0000,UNB,Unb: ?,,0000000000000000,0,0,0,0,··,··,0000,0.0,0.00,0.000,,,,,,
15:41:20,37009,0,0,0x0000,UNB,Unb: ?,,0000000000000000,0,0,0,0,··,··,0000,0.0,0.00,0.000,0,0,0,0,0,0
15:41:20,37010,0,0,0x0000,UNB,Unb: ?,,0000000000000000,0,0,0,0,··,··,0000,0.0,0.00,0.000,0,0,0,0,0,0
15:41:20,37011,0,0,0x0000,UNB,Unb: ?,,0000000000000000,0,0,0,0,··,··,0000,0.0,0.00,0.000,118,7733248,118,7733248,-,-
15:41:20,37012,118,118,0x0076,VERM,Verm: bms_version_mirror,118,0000000001110110,0,118,0,118,·v,v·,0076,11.8,1.18,0.118,7733248,118,7733248,118,-,-
15:41:20,37013,0,0,0x0000,VERM,Verm: fault_status_mirror,0x0000,0000000000000000,0,0,0,0,··,··,0000,0.0,0.00,0.000,0,0,0,0,0,0
15:41:20,37014,0,0,0x0000,VERM,Verm: fault_status_2_mirror,0x0000,0000000000000000,0,0,0,0,··,··,0000,0.0,0.00,0.000,0,0,0,0,0,0
15:41:20,37015,0,0,0x0000,UNB,Unb: ?,,0000000000000000,0,0,0,0,··,··,0000,0.0,0.00,0.000,0,0,0,0,0,0
15:41:20,37016,0,0,0x0000,VERM,Verm: offgrid_ac_voltage,0 V,0000000000000000,0,0,0,0,··,··,0000,0.0,0.00,0.000,0,0,0,0,0,0
15:41:20,37017,0,0,0x0000,UNB,Unb: ?,,0000000000000000,0,0,0,0,··,··,0000,0.0,0.00,0.000,0,0,0,0,0,0
15:41:20,37018,0,0,0x0000,UNB,Unb: ?,,0000000000000000,0,0,0,0,··,··,0000,0.0,0.00,0.000,0,0,0,0,0,0
15:41:20,37019,0,0,0x0000,UNB,Unb: ?,,0000000000000000,0,0,0,0,··,··,0000,0.0,0.00,0.000,0,0,0,0,0,0
15:41:20,37020,0,0,0x0000,UNB,Unb: ?,,0000000000000000,0,0,0,0,··,··,0000,0.0,0.00,0.000,0,0,0,0,0,0
15:41:20,37021,0,0,0x0000,UNB,Unb: ?,,0000000000000000,0,0,0,0,··,··,0000,0.0,0.00,0.000,0,0,0,0,0,0
15:41:20,37022,0,0,0x0000,VERM,Verm: offgrid_dc_voltage,0 V,0000000000000000,0,0,0,0,··,··,0000,0.0,0.00,0.000,0,0,0,0,0,0
15:41:20,37023,0,0,0x0000,UNB,Unb: ?,,0000000000000000,0,0,0,0,··,··,0000,0.0,0.00,0.000,0,0,0,0,0,0
15:41:20,37024,0,0,0x0000,UNB,Unb: ?,,0000000000000000,0,0,0,0,··,··,0000,0.0,0.00,0.000,,,,,,
15:41:20,38000,0,0,0x0000,UNB,Unb: unknown_38000,,0000000000000000,0,0,0,0,··,··,0000,0.0,0.00,0.000,0,0,0,0,0,0
15:41:20,38001,0,0,0x0000,UNB,Unb: unknown_38001,,0000000000000000,0,0,0,0,··,··,0000,0.0,0.00,0.000,0,0,0,0,0,0
15:41:20,38002,0,0,0x0000,UNB,Unb: unknown_38002,,0000000000000000,0,0,0,0,··,··,0000,0.0,0.00,0.000,0,0,0,0,0,0
15:41:20,38003,0,0,0x0000,UNB,Unb: unknown_38003,,0000000000000000,0,0,0,0,··,··,0000,0.0,0.00,0.000,0,0,0,0,0,0
15:41:20,38004,0,0,0x0000,UNB,Unb: unknown_38004,,0000000000000000,0,0,0,0,··,··,0000,0.0,0.00,0.000,0,0,0,0,0,0
15:41:20,38005,0,0,0x0000,UNB,Unb: unknown_38005,,0000000000000000,0,0,0,0,··,··,0000,0.0,0.00,0.000,0,0,0,0,0,0
15:41:20,38006,0,0,0x0000,UNB,Unb: unknown_38006,,0000000000000000,0,0,0,0,··,··,0000,0.0,0.00,0.000,0,0,0,0,0,0
15:41:20,38007,0,0,0x0000,UNB,Unb: unknown_38007,,0000000000000000,0,0,0,0,··,··,0000,0.0,0.00,0.000,0,0,0,0,0,0
15:41:20,38008,0,0,0x0000,UNB,Unb: unknown_38008,,0000000000000000,0,0,0,0,··,··,0000,0.0,0.00,0.000,0,0,0,0,0,0
15:41:20,38009,0,0,0x0000,UNB,Unb: unknown_38009,,0000000000000000,0,0,0,0,··,··,0000,0.0,0.00,0.000,0,0,0,0,0,0
15:41:20,38010,0,0,0x0000,UNB,Unb: unknown_38010,,0000000000000000,0,0,0,0,··,··,0000,0.0,0.00,0.000,0,0,0,0,0,0
15:41:20,38011,0,0,0x0000,UNB,Unb: unknown_38011,,0000000000000000,0,0,0,0,··,··,0000,0.0,0.00,0.000,0,0,0,0,0,0
15:41:20,38012,0,0,0x0000,UNB,Unb: unknown_38012,,0000000000000000,0,0,0,0,··,··,0000,0.0,0.00,0.000,0,0,0,0,0,0
15:41:20,38013,0,0,0x0000,UNB,Unb: unknown_38013,,0000000000000000,0,0,0,0,··,··,0000,0.0,0.00,0.000,0,0,0,0,0,0
15:41:20,38014,0,0,0x0000,UNB,Unb: unknown_38014,,0000000000000000,0,0,0,0,··,··,0000,0.0,0.00,0.000,,,,,,
15:41:20,41000,0,0,0x0000,VERM,Verm: reset_device,,0000000000000000,0,0,0,0,··,··,0000,0.0,0.00,0.000,,,,,,
15:41:20,41100,1,1,0x0001,VERM,Verm: modbus_address,,0000000000000001,0,1,0,1,··,··,0001,0.1,0.01,0.001,,,,,,
15:41:21,41200,1,1,0x0001,VERM,Verm: backup_function,,0000000000000001,0,1,0,1,··,··,0001,0.1,0.01,0.001,,,,,,
15:41:21,42010,1,1,0x0001,VERM,Verm: force_mode,1,0000000000000001,0,1,0,1,··,··,0001,0.1,0.01,0.001,65536,1,65536,1,-,-
15:41:21,42011,0,0,0x0000,VERM,Verm: charge_to_soc,0 %,0000000000000000,0,0,0,0,··,··,0000,0.0,0.00,0.000,,,,,,
15:41:21,42020,2200,2200,0x0898,VERM,Verm: set_charge_power,2200 W,0000100010011000,8,152,8,-104,··,··,0898,220.0,22.00,2.200,,,,,,
15:41:21,43000,0,0,0x0000,VERM,Verm: user_work_mode,0,0000000000000000,0,0,0,0,··,··,0000,0.0,0.00,0.000,,,,,,
15:41:21,43101,0,0,0x0000,VERM,Verm: schedule_1_start,00:00,0000000000000000,0,0,0,0,··,··,0000,0.0,0.00,0.000,,,,,,
15:41:21,43105,0,0,0x0000,VERM,Verm: schedule_2_days,0x0000,0000000000000000,0,0,0,0,··,··,0000,0.0,0.00,0.000,0,0,0,0,0,0
15:41:21,43106,0,0,0x0000,VERM,Verm: schedule_2_start,00:00,0000000000000000,0,0,0,0,··,··,0000,0.0,0.00,0.000,0,0,0,0,0,0
15:41:21,43107,0,0,0x0000,VERM,Verm: schedule_2_end,00:00,0000000000000000,0,0,0,0,··,··,0000,0.0,0.00,0.000,0,0,0,0,0,0
15:41:21,43108,0,0,0x0000,VERM,Verm: schedule_2_mode,0 W,0000000000000000,0,0,0,0,··,··,0000,0.0,0.00,0.000,0,0,0,0,0,0
15:41:21,43109,0,0,0x0000,VERM,Verm: schedule_2_enabled,0,0000000000000000,0,0,0,0,··,··,0000,0.0,0.00,0.000,0,0,0,0,0,0
15:41:21,43110,0,0,0x0000,VERM,Verm: schedule_3_days,0x0000,0000000000000000,0,0,0,0,··,··,0000,0.0,0.00,0.000,0,0,0,0,0,0
15:41:21,43111,0,0,0x0000,VERM,Verm: schedule_3_start,00:00,0000000000000000,0,0,0,0,··,··,0000,0.0,0.00,0.000,0,0,0,0,0,0
15:41:21,43112,0,0,0x0000,VERM,Verm: schedule_3_end,00:00,0000000000000000,0,0,0,0,··,··,0000,0.0,0.00,0.000,0,0,0,0,0,0
15:41:21,43113,0,0,0x0000,VERM,Verm: schedule_3_mode,0 W,0000000000000000,0,0,0,0,··,··,0000,0.0,0.00,0.000,0,0,0,0,0,0
15:41:21,43114,0,0,0x0000,VERM,Verm: schedule_3_enabled,0,0000000000000000,0,0,0,0,··,··,0000,0.0,0.00,0.000,0,0,0,0,0,0
15:41:21,43115,0,0,0x0000,VERM,Verm: schedule_4_days,0x0000,0000000000000000,0,0,0,0,··,··,0000,0.0,0.00,0.000,0,0,0,0,0,0
15:41:21,43116,0,0,0x0000,VERM,Verm: schedule_4_start,00:00,0000000000000000,0,0,0,0,··,··,0000,0.0,0.00,0.000,0,0,0,0,0,0
15:41:21,43117,0,0,0x0000,VERM,Verm: schedule_4_end,00:00,0000000000000000,0,0,0,0,··,··,0000,0.0,0.00,0.000,0,0,0,0,0,0
15:41:21,43118,0,0,0x0000,VERM,Verm: schedule_4_mode,0 W,0000000000000000,0,0,0,0,··,··,0000,0.0,0.00,0.000,0,0,0,0,0,0
15:41:21,43119,0,0,0x0000,VERM,Verm: schedule_4_enabled,0,0000000000000000,0,0,0,0,··,··,0000,0.0,0.00,0.000,0,0,0,0,0,0
15:41:21,43120,0,0,0x0000,VERM,Verm: schedule_5_days,0x0000,0000000000000000,0,0,0,0,··,··,0000,0.0,0.00,0.000,0,0,0,0,0,0
15:41:21,43121,0,0,0x0000,VERM,Verm: schedule_5_start,00:00,0000000000000000,0,0,0,0,··,··,0000,0.0,0.00,0.000,0,0,0,0,0,0
15:41:21,43122,0,0,0x0000,VERM,Verm: schedule_5_end,00:00,0000000000000000,0,0,0,0,··,··,0000,0.0,0.00,0.000,0,0,0,0,0,0
15:41:21,43123,0,0,0x0000,VERM,Verm: schedule_5_mode,0 W,0000000000000000,0,0,0,0,··,··,0000,0.0,0.00,0.000,0,0,0,0,0,0
15:41:21,43124,0,0,0x0000,VERM,Verm: schedule_5_enabled,0,0000000000000000,0,0,0,0,··,··,0000,0.0,0.00,0.000,0,0,0,0,0,0
15:41:21,43125,0,0,0x0000,VERM,Verm: schedule_6_days,0x0000,0000000000000000,0,0,0,0,··,··,0000,0.0,0.00,0.000,0,0,0,0,0,0
15:41:21,43126,0,0,0x0000,VERM,Verm: schedule_6_start,00:00,0000000000000000,0,0,0,0,··,··,0000,0.0,0.00,0.000,0,0,0,0,0,0
15:41:21,43127,0,0,0x0000,VERM,Verm: schedule_6_end,00:00,0000000000000000,0,0,0,0,··,··,0000,0.0,0.00,0.000,0,0,0,0,0,0
15:41:21,43128,0,0,0x0000,VERM,Verm: schedule_6_mode,0 W,0000000000000000,0,0,0,0,··,··,0000,0.0,0.00,0.000,0,0,0,0,0,0
15:41:21,43129,0,0,0x0000,VERM,Verm: schedule_6_enabled,0,0000000000000000,0,0,0,0,··,··,0000,0.0,0.00,0.000,,,,,,
15:41:22,44002,0,0,0x0000,VERM,Verm: max_charge_power,0 W,0000000000000000,0,0,0,0,··,··,0000,0.0,0.00,0.000,0,0,0,0,0,0
15:41:22,44003,0,0,0x0000,VERM,Verm: max_discharge_power,0 W,0000000000000000,0,0,0,0,··,··,0000,0.0,0.00,0.000,,,,,,
15:42:22,30001,2315,2315,0x090B,OK,battery_power,2315 W,0000100100001011,9,11,9,11,··,··,-,231.5,23.15,2.315,,,,,,
15:42:22,30006,63068,-2468,0xF65C,OK,ac_power,-2468 W,1111011001011100,246,92,-10,92,·\,\·,-,6306.8,630.68,63.068,,,,,,
15:42:22,30010,0,0,0x0000,UNB,Unb: ?,,0000000000000000,0,0,0,0,··,··,0000,0.0,0.00,0.000,,,,,,
15:42:22,30020,100,100,0x0064,VERM,Verm: mppt1_voltage,10 V,0000000001100100,0,100,0,100,·d,d·,0064,10.0,1.00,0.100,6553700,6553700,6553700,6553700,-,-
15:42:22,30021,100,100,0x0064,VERM,Verm: mppt2_voltage,10 V,0000000001100100,0,100,0,100,·d,d·,0064,10.0,1.00,0.100,6553699,6488164,6553699,6488164,-,-
15:42:22,30022,99,99,0x0063,VERM,Verm: mppt3_voltage,9.900 V,0000000001100011,0,99,0,99,·c,c·,0063,9.9,0.99,0.099,6488163,6488163,6488163,6488163,-,-
15:42:22,30023,99,99,0x0063,VERM,Verm: mppt4_voltage,9.900 V,0000000001100011,0,99,0,99,·c,c·,0063,9.9,0.99,0.099,6488064,99,6488064,99,-,-
15:42:22,30024,0,0,0x0000,VERM,Verm: mppt1_current,0 A,0000000000000000,0,0,0,0,··,··,0000,0.0,0.00,0.000,0,0,0,0,0,0
15:42:22,30025,0,0,0x0000,VERM,Verm: mppt2_current,0 A,0000000000000000,0,0,0,0,··,··,0000,0.0,0.00,0.000,0,0,0,0,0,0
15:42:22,30026,0,0,0x0000,VERM,Verm: mppt3_current,0 A,0000000000000000,0,0,0,0,··,··,0000,0.0,0.00,0.000,0,0,0,0,0,0
15:42:22,30027,0,0,0x0000,VERM,Verm: mppt4_current,0 A,0000000000000000,0,0,0,0,··,··,0000,0.0,0.00,0.000,,,,,,
15:42:22,30029,13,13,0x000D,VERM,Verm: battery_power_factor,13,0000000000001101,0,13,0,13,··,··,-,1.3,0.13,0.013,851968,13,851968,13,-,-
15:42:22,30030,0,0,0x0000,UNB,Unb: ?,,0000000000000000,0,0,0,0,··,··,0000,0.0,0.00,0.000,0,0,0,0,0,0
15:42:22,30031,0,0,0x0000,UNB,Unb: ?,,0000000000000000,0,0,0,0,··,··,0000,0.0,0.00,0.000,0,0,0,0,0,0
15:42:22,30032,0,0,0x0000,UNB,Unb: ?,,0000000000000000,0,0,0,0,··,··,0000,0.0,0.00,0.000,0,0,0,0,0,0
15:42:22,30033,0,0,0x0000,UNB,Unb: ?,,0000000000000000,0,0,0,0,··,··,0000,0.0,0.00,0.000,0,0,0,0,0,0
15:42:22,30034,0,0,0x0000,UNB,Unb: ?,,0000000000000000,0,0,0,0,··,··,0000,0.0,0.00,0.000,0,0,0,0,0,0
15:42:22,30035,0,0,0x0000,UNB,Unb: ?,,0000000000000000,0,0,0,0,··,··,0000,0.0,0.00,0.000,219,14352384,219,14352384,-,-
15:42:22,30036,219,219,0x00DB,VERM,Verm: hardware_version,219,0000000011011011,0,219,0,-37,··,··,-,21.9,2.19,0.219,14352384,219,14352384,219,-,-
15:42:22,30037,0,0,0x0000,VERM,Verm: mppt1_power,0 W,0000000000000000,0,0,0,0,··,··,0000,0.0,0.00,0.000,0,0,0,0,0,0
15:42:22,30038,0,0,0x0000,VERM,Verm: mppt2_power,0 W,0000000000000000,0,0,0,0,··,··,0000,0.0,0.00,0.000,0,0,0,0,0,0
15:42:22,30039,0,0,0x0000,VERM,Verm: mppt3_power,0 W,0000000000000000,0,0,0,0,··,··,0000,0.0,0.00,0.000,0,0,0,0,0,0
15:42:22,30040,0,0,0x0000,VERM,Verm: mppt4_power,0 W,0000000000000000,0,0,0,0,··,··,0000,0.0,0.00,0.000,,,,,,
15:42:23,30100,5273,5273,0x1499,VERM,Verm: battery_voltage,52.730 V,0001010010011001,20,153,20,-103,··,··,1499,527.3,52.73,5.273,345571328,5273,345571328,5273,-,-
15:42:23,30101,0,0,0x0000,VERM,Verm: pack1_current_mirror,0 A,0000000000000000,0,0,0,0,··,··,0000,0.0,0.00,0.000,,,,,,
15:42:23,30106,0,0,0x0000,UNB,Unb: ?,,0000000000000000,0,0,0,0,··,··,0000,0.0,0.00,0.000,,,,,,
15:42:23,30109,0,0,0x0000,UNB,Unb: ?,,0000000000000000,0,0,0,0,··,··,0000,0.0,0.00,0.000,0,0,0,0,0,0
15:42:23,30110,0,0,0x0000,UNB,Unb: ?,,0000000000000000,0,0,0,0,··,··,0000,0.0,0.00,0.000,,,,,,
15:42:23,30201,18,18,0x0012,UNB,Unb: unknown_30201,18,0000000000010010,0,18,0,18,··,··,0012,1.8,0.18,0.018,,,,,,
15:42:23,30203,106,106,0x006A,UNB,Unb: unknown_30203,106,0000000001101010,0,106,0,106,·j,j·,-,10.6,1.06,0.106,,,,,,
15:42:23,30210,0,0,0x0000,VERM,Verm: active_pack_charge_status,0,0000000000000000,0,0,0,0,··,··,0000,0.0,0.00,0.000,0,0,0,0,0,0
15:42:23,30211,0,0,0x0000,UNB,Unb: ?,,0000000000000000,0,0,0,0,··,··,0000,0.0,0.00,0.000,5,327680,5,327680,-,-
15:42:23,30212,5,5,0x0005,VERM,Verm: pack_config,5,0000000000000101,0,5,0,5,··,··,0005,0.5,0.05,0.005,327680,5,327680,5,-,-
15:42:23,30213,0,0,0x0000,UNB,Unb: ?,,0000000000000000,0,0,0,0,··,··,0000,0.0,0.00,0.000,0,0,0,0,0,0
15:42:23,30214,0,0,0x0000,UNB,Unb: ?,,0000000000000000,0,0,0,0,··,··,0000,0.0,0.00,0.000,,,,,,
15:42:24,30300,1,1,0x0001,VERM,Verm: wifi_status,1,0000000000000001,0,1,0,1,··,··,0001,0.1,0.01,0.001,65537,65537,65537,65537,-,-
15:42:24,30301,1,1,0x0001,VERM,Verm: active_inverter_state,1,0000000000000001,0,1,0,1,··,··,0001,0.1,0.01,0.001,65536,1,65536,1,-,-
15:42:24,30302,0,0,0x0000,VERM,Verm: cloud_status,0,0000000000000000,0,0,0,0,··,··,0000,0.0,0.00,0.000,54,3538944,54,3538944,-,-
15:42:24,30303,54,54,0x0036,VERM,Verm: wifi_signal_strength,-54 dBm,0000000000110110,0,54,0,54,·6,6·,0036,5.4,0.54,0.054,,,,,,
15:42:24,30400,49320,-16216,0xC0A8,UNB,Unb: ip_address,192.168,1100000010101000,192,168,-64,-88,··,··,-,4932.0,493.20,49.320,,,,,,
15:42:24,31003,5,5,0x0005,VERM,Verm: pack_dependent_31003,5,0000000000000101,0,5,0,5,··,··,0005,0.5,0.05,0.005,329223,101122053,329223,101122053,-,-
15:42:24,31004,1543,1543,0x0607,VERM,Verm: pack_dependent_31004,1543,0000011000000111,6,7,6,7,··,··,0607,154.3,15.43,1.543,101122048,1543,101122048,1543,-,-
15:42:24,31005,0,0,0x0000,UNB,Unb: unknown_31005,,0000000000000000,0,0,0,0,··,··,0000,0.0,0.00,0.000,0,0,0,0,0,0
15:42:24,31006,0,0,0x0000,UNB,Unb: unknown_31006,,0000000000000000,0,0,0,0,··,··,0000,0.0,0.00,0.000,0,0,0,0,0,0
15:42:24,31007,0,0,0x0000,UNB,Unb: unknown_31007,,0000000000000000,0,0,0,0,··,··,0000,0.0,0.00,0.000,0,0,0,0,0,0
15:42:24,31008,0,0,0x0000,UNB,Unb: unknown_31008,,0000000000000000,0,0,0,0,··,··,0000,0.0,0.00,0.000,0,0,0,0,0,0
15:42:24,31009,0,0,0x0000,UNB,Unb: unknown_31009,,0000000000000000,0,0,0,0,··,··,0000,0.0,0.00,0.000,,,,,,
15:42:24,32100,5448,5448,0x1548,OK,dc_voltage,54.480 V,0001010101001000,21,72,21,72,·H,H·,1548,544.8,54.48,5.448,357040170,2757960,357040170,2757960,-,-
15:42:24,32101,42,42,0x002A,OK,dc_current,42 A,0000000000101010,0,42,0,42,·*,*·,-,4.2,0.42,0.042,2752512,42,2752512,42,-,-
15:42:24,32102,0,0,0x0000,UNB,Unb: unknown_32102,,0000000000000000,0,0,0,0,··,··,0000,0.0,0.00,0.000,0,0,0,0,0,0
15:42:24,32103,0,0,0x0000,UNB,Unb: ?,,0000000000000000,0,0,0,0,··,··,0000,0.0,0.00,0.000,,,,,,
15:42:24,32200,2410,2410,0x096A,OK,ac_voltage,241 V,0000100101101010,9,106,9,106,·j,j·,-,241.0,24.10,2.410,157944170,157944170,157944170,157944170,-,-
15:42:24,32201,2410,2410,0x096A,VERM,Verm: ac_voltage_2,241 V,0000100101101010,9,106,9,106,·j,j·,-,241.0,24.10,2.410,,,,,,
15:42:24,32204,499,499,0x01F3,OK,ac_frequency,49.900 Hz,0000000111110011,1,243,1,-13,··,··,-,49.9,4.99,0.499,,,,,,
15:42:24,34002,576,576,0x0240,OK,pack1_bat_soc,57.600 %,0000001001000000,2,64,2,64,·@,@·,0240,57.6,5.76,0.576,,,,,,
15:42:25,34004,0,0,0x0000,VERM,Verm: pack1_charge_status,0,0000000000000000,0,0,0,0,··,··,0000,0.0,0.00,0.000,,,,,,
15:42:25,34102,601,601,0x0259,OK,pack2_bat_soc,60.100 %,0000001001011001,2,89,2,89,·Y,Y·,0259,60.1,6.01,0.601,,,,,,
15:42:25,34104,0,0,0x0000,VERM,Verm: pack2_charge_status,0,0000000000000000,0,0,0,0,··,··,0000,0.0,0.00,0.000,,,,,,
15:42:25,34202,601,601,0x0259,OK,pack3_bat_soc,60.100 %,0000001001011001,2,89,2,89,·Y,Y·,0259,60.1,6.01,0.601,,,,,,
15:42:25,34204,0,0,0x0000,VERM,Verm: pack3_charge_status,0,0000000000000000,0,0,0,0,··,··,0000,0.0,0.00,0.000,,,,,,
15:42:25,34302,575,575,0x023F,OK,pack4_bat_soc,57.500 %,0000001000111111,2,63,2,63,·?,?·,-,57.5,5.75,0.575,,,,,,
15:42:26,34304,0,0,0x0000,VERM,Verm: pack4_charge_status,0,0000000000000000,0,0,0,0,··,··,0000,0.0,0.00,0.000,,,,,,
15:42:26,34402,601,601,0x0259,OK,pack5_bat_soc,60.100 %,0000001001011001,2,89,2,89,·Y,Y·,0259,60.1,6.01,0.601,,,,,,
15:42:26,34502,601,601,0x0259,OK,pack6_bat_soc,60.100 %,0000001001011001,2,89,2,89,·Y,Y·,0259,60.1,6.01,0.601,,,,,,
15:42:50,35112,500,500,0x01F4,VERM,Verm: max_discharge_power,500,0000000111110100,1,244,1,-12,··,··,-,50.0,5.00,0.500,,,,,,
15:42:50,36000,0,0,0x0000,OK,alarm_status,0x0000,0000000000000000,0,0,0,0,··,··,0000,0.0,0.00,0.000,0,0,0,0,0,0
15:42:50,36001,0,0,0x0000,OK,alarm_status_lo,0x0000,0000000000000000,0,0,0,0,··,··,0000,0.0,0.00,0.000,,,,,,
15:42:50,36100,0,0,0x0000,OK,fault_status,0x0000,0000000000000000,0,0,0,0,··,··,0000,0.0,0.00,0.000,0,0,0,0,0,0
15:42:50,36101,0,0,0x0000,VERM,Verm: fault_status_2,0x0000,0000000000000000,0,0,0,0,··,··,0000,0.0,0.00,0.000,0,0,0,0,0,0
15:42:50,36102,0,0,0x0000,OK,fault_2,0x0000,0000000000000000,0,0,0,0,··,··,0000,0.0,0.00,0.000,0,0,0,0,0,0
15:42:50,36103,0,0,0x0000,OK,fault_status_lo,0x0000,0000000000000000,0,0,0,0,··,··,0000,0.0,0.00,0.000,,,,,,
15:42:50,37000,1,1,0x0001,VERM,Verm: system_online,1,0000000000000001,0,1,0,1,··,··,0001,0.1,0.01,0.001,65536,1,65536,1,-,-
15:42:50,37001,0,0,0x0000,UNB,Unb: ?,,0000000000000000,0,0,0,0,··,··,0000,0.0,0.00,0.000,0,0,0,0,0,0
15:42:50,37002,0,0,0x0000,UNB,Unb: ?,,0000000000000000,0,0,0,0,··,··,0000,0.0,0.00,0.000,0,0,0,0,0,0
15:42:50,37003,0,0,0x0000,UNB,Unb: ?,,0000000000000000,0,0,0,0,··,··,0000,0.0,0.00,0.000,,,,,,
15:42:50,37009,0,0,0x0000,UNB,Unb: ?,,0000000000000000,0,0,0,0,··,··,0000,0.0,0.00,0.000,0,0,0,0,0,0
15:42:50,37010,0,0,0x0000,UNB,Unb: ?,,0000000000000000,0,0,0,0,··,··,0000,0.0,0.00,0.000,0,0,0,0,0,0
15:42:50,37011,0,0,0x0000,UNB,Unb: ?,,0000000000000000,0,0,0,0,··,··,0000,0.0,0.00,0.000,118,7733248,118,7733248,-,-
15:42:50,37012,118,118,0x0076,VERM,Verm: bms_version_mirror,118,0000000001110110,0,118,0,118,·v,v·,0076,11.8,1.18,0.118,7733248,118,7733248,118,-,-
15:42:50,37013,0,0,0x0000,VERM,Verm: fault_status_mirror,0x0000,0000000000000000,0,0,0,0,··,··,0000,0.0,0.00,0.000,0,0,0,0,0,0
15:42:50,37014,0,0,0x0000,VERM,Verm: fault_status_2_mirror,0x0000,0000000000000000,0,0,0,0,··,··,0000,0.0,0.00,0.000,0,0,0,0,0,0
15:42:50,37015,0,0,0x0000,UNB,Unb: ?,,0000000000000000,0,0,0,0,··,··,0000,0.0,0.00,0.000,0,0,0,0,0,0
15:42:50,37016,0,0,0x0000,VERM,Verm: offgrid_ac_voltage,0 V,0000000000000000,0,0,0,0,··,··,0000,0.0,0.00,0.000,0,0,0,0,0,0
15:42:50,37017,0,0,0x0000,UNB,Unb: ?,,0000000000000000,0,0,0,0,··,··,0000,0.0,0.00,0.000,0,0,0,0,0,0
15:42:50,37018,0,0,0x0000,UNB,Unb: ?,,0000000000000000,0,0,0,0,··,··,0000,0.0,0.00,0.000,0,0,0,0,0,0
15:42:50,37019,0,0,0x0000,UNB,Unb: ?,,0000000000000000,0,0,0,0,··,··,0000,0.0,0.00,0.000,0,0,0,0,0,0
15:42:50,37020,0,0,0x0000,UNB,Unb: ?,,0000000000000000,0,0,0,0,··,··,0000,0.0,0.00,0.000,0,0,0,0,0,0
15:42:50,37021,0,0,0x0000,UNB,Unb: ?,,0000000000000000,0,0,0,0,··,··,0000,0.0,0.00,0.000,0,0,0,0,0,0
15:42:50,37022,0,0,0x0000,VERM,Verm: offgrid_dc_voltage,0 V,0000000000000000,0,0,0,0,··,··,0000,0.0,0.00,0.000,0,0,0,0,0,0
15:42:50,37023,0,0,0x0000,UNB,Unb: ?,,0000000000000000,0,0,0,0,··,··,0000,0.0,0.00,0.000,0,0,0,0,0,0
15:42:50,37024,0,0,0x0000,UNB,Unb: ?,,0000000000000000,0,0,0,0,··,··,0000,0.0,0.00,0.000,,,,,,
15:42:50,38000,0,0,0x0000,UNB,Unb: unknown_38000,,0000000000000000,0,0,0,0,··,··,0000,0.0,0.00,0.000,0,0,0,0,0,0
15:42:50,38001,0,0,0x0000,UNB,Unb: unknown_38001,,0000000000000000,0,0,0,0,··,··,0000,0.0,0.00,0.000,0,0,0,0,0,0
15:42:50,38002,0,0,0x0000,UNB,Unb: unknown_38002,,0000000000000000,0,0,0,0,··,··,0000,0.0,0.00,0.000,0,0,0,0,0,0
15:42:50,38003,0,0,0x0000,UNB,Unb: unknown_38003,,0000000000000000,0,0,0,0,··,··,0000,0.0,0.00,0.000,0,0,0,0,0,0
15:42:50,38004,0,0,0x0000,UNB,Unb: unknown_38004,,0000000000000000,0,0,0,0,··,··,0000,0.0,0.00,0.000,0,0,0,0,0,0
15:42:50,38005,0,0,0x0000,UNB,Unb: unknown_38005,,0000000000000000,0,0,0,0,··,··,0000,0.0,0.00,0.000,0,0,0,0,0,0
15:42:50,38006,0,0,0x0000,UNB,Unb: unknown_38006,,0000000000000000,0,0,0,0,··,··,0000,0.0,0.00,0.000,0,0,0,0,0,0
15:42:50,38007,0,0,0x0000,UNB,Unb: unknown_38007,,0000000000000000,0,0,0,0,··,··,0000,0.0,0.00,0.000,0,0,0,0,0,0
15:42:50,38008,0,0,0x0000,UNB,Unb: unknown_38008,,0000000000000000,0,0,0,0,··,··,0000,0.0,0.00,0.000,0,0,0,0,0,0
15:42:50,38009,0,0,0x0000,UNB,Unb: unknown_38009,,0000000000000000,0,0,0,0,··,··,0000,0.0,0.00,0.000,0,0,0,0,0,0
15:42:50,38010,0,0,0x0000,UNB,Unb: unknown_38010,,0000000000000000,0,0,0,0,··,··,0000,0.0,0.00,0.000,0,0,0,0,0,0
15:42:50,38011,0,0,0x0000,UNB,Unb: unknown_38011,,0000000000000000,0,0,0,0,··,··,0000,0.0,0.00,0.000,0,0,0,0,0,0
15:42:50,38012,0,0,0x0000,UNB,Unb: unknown_38012,,0000000000000000,0,0,0,0,··,··,0000,0.0,0.00,0.000,0,0,0,0,0,0
15:42:50,38013,0,0,0x0000,UNB,Unb: unknown_38013,,0000000000000000,0,0,0,0,··,··,0000,0.0,0.00,0.000,0,0,0,0,0,0
15:42:50,38014,0,0,0x0000,UNB,Unb: unknown_38014,,0000000000000000,0,0,0,0,··,··,0000,0.0,0.00,0.000,,,,,,
15:42:51,41000,0,0,0x0000,VERM,Verm: reset_device,,0000000000000000,0,0,0,0,··,··,0000,0.0,0.00,0.000,,,,,,
15:42:51,41100,1,1,0x0001,VERM,Verm: modbus_address,,0000000000000001,0,1,0,1,··,··,0001,0.1,0.01,0.001,,,,,,
15:42:51,41200,1,1,0x0001,VERM,Verm: backup_function,,0000000000000001,0,1,0,1,··,··,0001,0.1,0.01,0.001,,,,,,
15:42:51,42010,1,1,0x0001,VERM,Verm: force_mode,1,0000000000000001,0,1,0,1,··,··,0001,0.1,0.01,0.001,65536,1,65536,1,-,-
15:42:51,42011,0,0,0x0000,VERM,Verm: charge_to_soc,0 %,0000000000000000,0,0,0,0,··,··,0000,0.0,0.00,0.000,,,,,,
15:42:51,42020,2200,2200,0x0898,VERM,Verm: set_charge_power,2200 W,0000100010011000,8,152,8,-104,··,··,0898,220.0,22.00,2.200,,,,,,
15:42:51,43000,0,0,0x0000,VERM,Verm: user_work_mode,0,0000000000000000,0,0,0,0,··,··,0000,0.0,0.00,0.000,,,,,,
15:42:51,43101,0,0,0x0000,VERM,Verm: schedule_1_start,00:00,0000000000000000,0,0,0,0,··,··,0000,0.0,0.00,0.000,,,,,,
15:42:52,43105,0,0,0x0000,VERM,Verm: schedule_2_days,0x0000,0000000000000000,0,0,0,0,··,··,0000,0.0,0.00,0.000,0,0,0,0,0,0
15:42:52,43106,0,0,0x0000,VERM,Verm: schedule_2_start,00:00,0000000000000000,0,0,0,0,··,··,0000,0.0,0.00,0.000,0,0,0,0,0,0
15:42:52,43107,0,0,0x0000,VERM,Verm: schedule_2_end,00:00,0000000000000000,0,0,0,0,··,··,0000,0.0,0.00,0.000,0,0,0,0,0,0
15:42:52,43108,0,0,0x0000,VERM,Verm: schedule_2_mode,0 W,0000000000000000,0,0,0,0,··,··,0000,0.0,0.00,0.000,0,0,0,0,0,0
15:42:52,43109,0,0,0x0000,VERM,Verm: schedule_2_enabled,0,0000000000000000,0,0,0,0,··,··,0000,0.0,0.00,0.000,0,0,0,0,0,0
15:42:52,43110,0,0,0x0000,VERM,Verm: schedule_3_days,0x0000,0000000000000000,0,0,0,0,··,··,0000,0.0,0.00,0.000,0,0,0,0,0,0
15:42:52,43111,0,0,0x0000,VERM,Verm: schedule_3_start,00:00,0000000000000000,0,0,0,0,··,··,0000,0.0,0.00,0.000,0,0,0,0,0,0
15:42:52,43112,0,0,0x0000,VERM,Verm: schedule_3_end,00:00,0000000000000000,0,0,0,0,··,··,0000,0.0,0.00,0.000,0,0,0,0,0,0
15:42:52,43113,0,0,0x0000,VERM,Verm: schedule_3_mode,0 W,0000000000000000,0,0,0,0,··,··,0000,0.0,0.00,0.000,0,0,0,0,0,0
15:42:52,43114,0,0,0x0000,VERM,Verm: schedule_3_enabled,0,0000000000000000,0,0,0,0,··,··,0000,0.0,0.00,0.000,0,0,0,0,0,0
15:42:52,43115,0,0,0x0000,VERM,Verm: schedule_4_days,0x0000,0000000000000000,0,0,0,0,··,··,0000,0.0,0.00,0.000,0,0,0,0,0,0
15:42:52,43116,0,0,0x0000,VERM,Verm: schedule_4_start,00:00,0000000000000000,0,0,0,0,··,··,0000,0.0,0.00,0.000,0,0,0,0,0,0
15:42:52,43117,0,0,0x0000,VERM,Verm: schedule_4_end,00:00,0000000000000000,0,0,0,0,··,··,0000,0.0,0.00,0.000,0,0,0,0,0,0
15:42:52,43118,0,0,0x0000,VERM,Verm: schedule_4_mode,0 W,0000000000000000,0,0,0,0,··,··,0000,0.0,0.00,0.000,0,0,0,0,0,0
15:42:52,43119,0,0,0x0000,VERM,Verm: schedule_4_enabled,0,0000000000000000,0,0,0,0,··,··,0000,0.0,0.00,0.000,0,0,0,0,0,0
15:42:52,43120,0,0,0x0000,VERM,Verm: schedule_5_days,0x0000,0000000000000000,0,0,0,0,··,··,0000,0.0,0.00,0.000,0,0,0,0,0,0
15:42:52,43121,0,0,0x0000,VERM,Verm: schedule_5_start,00:00,0000000000000000,0,0,0,0,··,··,0000,0.0,0.00,0.000,0,0,0,0,0,0
15:42:52,43122,0,0,0x0000,VERM,Verm: schedule_5_end,00:00,0000000000000000,0,0,0,0,··,··,0000,0.0,0.00,0.000,0,0,0,0,0,0
15:42:52,43123,0,0,0x0000,VERM,Verm: schedule_5_mode,0 W,0000000000000000,0,0,0,0,··,··,0000,0.0,0.00,0.000,0,0,0,0,0,0
15:42:52,43124,0,0,0x0000,VERM,Verm: schedule_5_enabled,0,0000000000000000,0,0,0,0,··,··,0000,0.0,0.00,0.000,0,0,0,0,0,0
15:42:52,43125,0,0,0x0000,VERM,Verm: schedule_6_days,0x0000,0000000000000000,0,0,0,0,··,··,0000,0.0,0.00,0.000,0,0,0,0,0,0
15:42:52,43126,0,0,0x0000,VERM,Verm: schedule_6_start,00:00,0000000000000000,0,0,0,0,··,··,0000,0.0,0.00,0.000,0,0,0,0,0,0
15:42:52,43127,0,0,0x0000,VERM,Verm: schedule_6_end,00:00,0000000000000000,0,0,0,0,··,··,0000,0.0,0.00,0.000,0,0,0,0,0,0
15:42:52,43128,0,0,0x0000,VERM,Verm: schedule_6_mode,0 W,0000000000000000,0,0,0,0,··,··,0000,0.0,0.00,0.000,0,0,0,0,0,0
15:42:52,43129,0,0,0x0000,VERM,Verm: schedule_6_enabled,0,0000000000000000,0,0,0,0,··,··,0000,0.0,0.00,0.000,,,,,,
15:42:52,44002,0,0,0x0000,VERM,Verm: max_charge_power,0 W,0000000000000000,0,0,0,0,··,··,0000,0.0,0.00,0.000,0,0,0,0,0,0
15:42:52,44003,0,0,0x0000,VERM,Verm: max_discharge_power,0 W,0000000000000000,0,0,0,0,··,··,0000,0.0,0.00,0.000,,,,,,
15:44:02,30010,65520,-16,0xFFF0,UNB,Unb: ?,,1111111111110000,255,240,-1,-16,··,··,-,6552.0,655.20,65.520,,,,,,
15:44:05,30020,65521,-15,0xFFF1,VERM,Verm: mppt1_voltage,6552.100 V,1111111111110001,255,241,-1,-15,··,··,-,6552.1,655.21,65.521,,,,,,
15:44:08,34002,5,5,0x0005,OK,pack1_bat_soc,0.500 %,0000000000000101,0,5,0,5,··,··,0005,0.5,0.05,0.005,,,,,,
15:44:08,34004,5383,5383,0x1507,VERM,Verm: pack1_charge_status,5383,0001010100000111,21,7,21,7,··,··,1507,538.3,53.83,5.383,,,,,,
15:44:08,34102,2437,2437,0x0985,OK,pack2_bat_soc,243.700 %,0000100110000101,9,133,9,-123,··,··,0985,243.7,24.37,2.437,,,,,,
15:44:08,34104,499,499,0x01F3,VERM,Verm: pack2_charge_status,499,0000000111110011,1,243,1,-13,··,··,-,49.9,4.99,0.499,,,,,,
15:44:08,34202,576,576,0x0240,OK,pack3_bat_soc,57.600 %,0000001001000000,2,64,2,64,·@,@·,0240,57.6,5.76,0.576,,,,,,
15:44:08,34204,3,3,0x0003,VERM,Verm: pack3_charge_status,3,0000000000000011,0,3,0,3,··,··,0003,0.3,0.03,0.003,,,,,,
15:44:08,34302,601,601,0x0259,OK,pack4_bat_soc,60.100 %,0000001001011001,2,89,2,89,·Y,Y·,0259,60.1,6.01,0.601,,,,,,
15:44:10,36100,601,601,0x0259,OK,fault_status,0x0259,0000001001011001,2,89,2,89,·Y,Y·,0259,60.1,6.01,0.601,,,,,,
15:44:21,37011,0,0,0x0000,UNB,Unb: ?,,0000000000000000,0,0,0,0,··,··,0000,0.0,0.00,0.000,118,7733248,118,7733248,-,-
15:44:21,37012,118,118,0x0076,VERM,Verm: bms_version_mirror,118,0000000001110110,0,118,0,118,·v,v·,0076,11.8,1.18,0.118,7733248,118,7733248,118,-,-
15:44:21,37013,0,0,0x0000,VERM,Verm: fault_status_mirror,0x0000,0000000000000000,0,0,0,0,··,··,0000,0.0,0.00,0.000,0,0,0,0,0,0
15:44:22,37014,0,0,0x0000,VERM,Verm: fault_status_2_mirror,0x0000,0000000000000000,0,0,0,0,··,··,0000,0.0,0.00,0.000,0,0,0,0,0,0
15:44:22,37015,0,0,0x0000,UNB,Unb: ?,,0000000000000000,0,0,0,0,··,··,0000,0.0,0.00,0.000,2413,158138368,2413,158138368,-,-
15:44:22,37016,2413,2413,0x096D,VERM,Verm: offgrid_ac_voltage,241.300 V,0000100101101101,9,109,9,109,·m,m·,-,241.3,24.13,2.413,158138368,2413,158138368,2413,-,-
15:44:22,37017,0,0,0x0000,UNB,Unb: ?,,0000000000000000,0,0,0,0,··,··,0000,0.0,0.00,0.000,0,0,0,0,0,0
15:44:22,37018,0,0,0x0000,UNB,Unb: ?,,0000000000000000,0,0,0,0,··,··,0000,0.0,0.00,0.000,0,0,0,0,0,0
15:44:22,37019,0,0,0x0000,UNB,Unb: ?,,0000000000000000,0,0,0,0,··,··,0000,0.0,0.00,0.000,0,0,0,0,0,0
15:44:22,37020,0,0,0x0000,UNB,Unb: ?,,0000000000000000,0,0,0,0,··,··,0000,0.0,0.00,0.000,0,0,0,0,0,0
15:44:23,37021,0,0,0x0000,UNB,Unb: ?,,0000000000000000,0,0,0,0,··,··,0000,0.0,0.00,0.000,541,35454976,541,35454976,-,-
15:44:23,37022,541,541,0x021D,VERM,Verm: offgrid_dc_voltage,54.100 V,0000001000011101,2,29,2,29,··,··,-,54.1,5.41,0.541,35454976,541,35454976,541,-,-
15:44:23,37023,0,0,0x0000,UNB,Unb: ?,,0000000000000000,0,0,0,0,··,··,0000,0.0,0.00,0.000,0,0,0,0,0,0
15:44:23,37024,0,0,0x0000,UNB,Unb: ?,,0000000000000000,0,0,0,0,··,··,0000,0.0,0.00,0.000,,,,,,
15:44:23,38000,0,0,0x0000,UNB,Unb: unknown_38000,,0000000000000000,0,0,0,0,··,··,0000,0.0,0.00,0.000,0,0,0,0,0,0
15:44:23,38001,0,0,0x0000,UNB,Unb: unknown_38001,,0000000000000000,0,0,0,0,··,··,0000,0.0,0.00,0.000,0,0,0,0,0,0
15:44:23,38002,0,0,0x0000,UNB,Unb: unknown_38002,,0000000000000000,0,0,0,0,··,··,0000,0.0,0.00,0.000,0,0,0,0,0,0
15:44:23,38003,0,0,0x0000,UNB,Unb: unknown_38003,,0000000000000000,0,0,0,0,··,··,0000,0.0,0.00,0.000,0,0,0,0,0,0
15:44:23,38004,0,0,0x0000,UNB,Unb: unknown_38004,,0000000000000000,0,0,0,0,··,··,0000,0.0,0.00,0.000,0,0,0,0,0,0
15:44:23,38005,0,0,0x0000,UNB,Unb: unknown_38005,,0000000000000000,0,0,0,0,··,··,0000,0.0,0.00,0.000,0,0,0,0,0,0
15:44:23,38006,0,0,0x0000,UNB,Unb: unknown_38006,,0000000000000000,0,0,0,0,··,··,0000,0.0,0.00,0.000,0,0,0,0,0,0
15:44:23,38007,0,0,0x0000,UNB,Unb: unknown_38007,,0000000000000000,0,0,0,0,··,··,0000,0.0,0.00,0.000,0,0,0,0,0,0
15:44:23,38008,0,0,0x0000,UNB,Unb: unknown_38008,,0000000000000000,0,0,0,0,··,··,0000,0.0,0.00,0.000,0,0,0,0,0,0
15:44:23,38009,0,0,0x0000,UNB,Unb: unknown_38009,,0000000000000000,0,0,0,0,··,··,0000,0.0,0.00,0.000,0,0,0,0,0,0
15:44:23,38010,0,0,0x0000,UNB,Unb: unknown_38010,,0000000000000000,0,0,0,0,··,··,0000,0.0,0.00,0.000,0,0,0,0,0,0
15:44:23,38011,0,0,0x0000,UNB,Unb: unknown_38011,,0000000000000000,0,0,0,0,··,··,0000,0.0,0.00,0.000,0,0,0,0,0,0
15:44:23,38012,0,0,0x0000,UNB,Unb: unknown_38012,,0000000000000000,0,0,0,0,··,··,0000,0.0,0.00,0.000,0,0,0,0,0,0
15:44:23,38013,0,0,0x0000,UNB,Unb: unknown_38013,,0000000000000000,0,0,0,0,··,··,0000,0.0,0.00,0.000,0,0,0,0,0,0
15:44:23,38014,0,0,0x0000,UNB,Unb: unknown_38014,,0000000000000000,0,0,0,0,··,··,0000,0.0,0.00,0.000,,,,,,
15:44:23,41000,0,0,0x0000,VERM,Verm: reset_device,,0000000000000000,0,0,0,0,··,··,0000,0.0,0.00,0.000,,,,,,
15:44:24,41100,1,1,0x0001,VERM,Verm: modbus_address,,0000000000000001,0,1,0,1,··,··,0001,0.1,0.01,0.001,,,,,,
15:44:24,41200,1,1,0x0001,VERM,Verm: backup_function,,0000000000000001,0,1,0,1,··,··,0001,0.1,0.01,0.001,,,,,,
15:44:24,42010,1,1,0x0001,VERM,Verm: force_mode,1,0000000000000001,0,1,0,1,··,··,0001,0.1,0.01,0.001,65536,1,65536,1,-,-
15:44:24,42011,0,0,0x0000,VERM,Verm: charge_to_soc,0 %,0000000000000000,0,0,0,0,··,··,0000,0.0,0.00,0.000,,,,,,
15:44:24,42020,2200,2200,0x0898,VERM,Verm: set_charge_power,2200 W,0000100010011000,8,152,8,-104,··,··,0898,220.0,22.00,2.200,,,,,,
15:44:24,43000,0,0,0x0000,VERM,Verm: user_work_mode,0,0000000000000000,0,0,0,0,··,··,0000,0.0,0.00,0.000,,,,,,
15:44:24,43101,0,0,0x0000,VERM,Verm: schedule_1_start,00:00,0000000000000000,0,0,0,0,··,··,0000,0.0,0.00,0.000,,,,,,
15:44:25,43105,0,0,0x0000,VERM,Verm: schedule_2_days,0x0000,0000000000000000,0,0,0,0,··,··,0000,0.0,0.00,0.000,0,0,0,0,0,0
15:44:25,43106,0,0,0x0000,VERM,Verm: schedule_2_start,00:00,0000000000000000,0,0,0,0,··,··,0000,0.0,0.00,0.000,0,0,0,0,0,0
15:44:25,43107,0,0,0x0000,VERM,Verm: schedule_2_end,00:00,0000000000000000,0,0,0,0,··,··,0000,0.0,0.00,0.000,0,0,0,0,0,0
15:44:25,43108,0,0,0x0000,VERM,Verm: schedule_2_mode,0 W,0000000000000000,0,0,0,0,··,··,0000,0.0,0.00,0.000,0,0,0,0,0,0
15:44:25,43109,0,0,0x0000,VERM,Verm: schedule_2_enabled,0,0000000000000000,0,0,0,0,··,··,0000,0.0,0.00,0.000,0,0,0,0,0,0
15:44:25,43110,0,0,0x0000,VERM,Verm: schedule_3_days,0x0000,0000000000000000,0,0,0,0,··,··,0000,0.0,0.00,0.000,0,0,0,0,0,0
15:44:25,43111,0,0,0x0000,VERM,Verm: schedule_3_start,00:00,0000000000000000,0,0,0,0,··,··,0000,0.0,0.00,0.000,0,0,0,0,0,0
15:44:25,43112,0,0,0x0000,VERM,Verm: schedule_3_end,00:00,0000000000000000,0,0,0,0,··,··,0000,0.0,0.00,0.000,0,0,0,0,0,0
15:44:25,43113,0,0,0x0000,VERM,Verm: schedule_3_mode,0 W,0000000000000000,0,0,0,0,··,··,0000,0.0,0.00,0.000,0,0,0,0,0,0
15:44:25,43114,0,0,0x0000,VERM,Verm: schedule_3_enabled,0,0000000000000000,0,0,0,0,··,··,0000,0.0,0.00,0.000,0,0,0,0,0,0
15:44:25,43115,0,0,0x0000,VERM,Verm: schedule_4_days,0x0000,0000000000000000,0,0,0,0,··,··,0000,0.0,0.00,0.000,0,0,0,0,0,0
15:44:25,43116,0,0,0x0000,VERM,Verm: schedule_4_start,00:00,0000000000000000,0,0,0,0,··,··,0000,0.0,0.00,0.000,0,0,0,0,0,0
15:44:25,43117,0,0,0x0000,VERM,Verm: schedule_4_end,00:00,0000000000000000,0,0,0,0,··,··,0000,0.0,0.00,0.000,0,0,0,0,0,0
15:44:25,43118,0,0,0x0000,VERM,Verm: schedule_4_mode,0 W,0000000000000000,0,0,0,0,··,··,0000,0.0,0.00,0.000,0,0,0,0,0,0
15:44:25,43119,0,0,0x0000,VERM,Verm: schedule_4_enabled,0,0000000000000000,0,0,0,0,··,··,0000,0.0,0.00,0.000,0,0,0,0,0,0
15:44:25,43120,0,0,0x0000,VERM,Verm: schedule_5_days,0x0000,0000000000000000,0,0,0,0,··,··,0000,0.0,0.00,0.000,0,0,0,0,0,0
15:44:25,43121,0,0,0x0000,VERM,Verm: schedule_5_start,00:00,0000000000000000,0,0,0,0,··,··,0000,0.0,0.00,0.000,0,0,0,0,0,0
15:44:25,43122,0,0,0x0000,VERM,Verm: schedule_5_end,00:00,0000000000000000,0,0,0,0,··,··,0000,0.0,0.00,0.000,0,0,0,0,0,0
15:44:25,43123,0,0,0x0000,VERM,Verm: schedule_5_mode,0 W,0000000000000000,0,0,0,0,··,··,0000,0.0,0.00,0.000,0,0,0,0,0,0
15:44:25,43124,0,0,0x0000,VERM,Verm: schedule_5_enabled,0,0000000000000000,0,0,0,0,··,··,0000,0.0,0.00,0.000,0,0,0,0,0,0
15:44:25,43125,0,0,0x0000,VERM,Verm: schedule_6_days,0x0000,0000000000000000,0,0,0,0,··,··,0000,0.0,0.00,0.000,0,0,0,0,0,0
15:44:25,43126,0,0,0x0000,VERM,Verm: schedule_6_start,00:00,0000000000000000,0,0,0,0,··,··,0000,0.0,0.00,0.000,0,0,0,0,0,0
15:44:25,43127,0,0,0x0000,VERM,Verm: schedule_6_end,00:00,0000000000000000,0,0,0,0,··,··,0000,0.0,0.00,0.000,0,0,0,0,0,0
15:44:25,43128,0,0,0x0000,VERM,Verm: schedule_6_mode,0 W,0000000000000000,0,0,0,0,··,··,0000,0.0,0.00,0.000,0,0,0,0,0,0
15:44:25,43129,0,0,0x0000,VERM,Verm: schedule_6_enabled,0,0000000000000000,0,0,0,0,··,··,0000,0.0,0.00,0.000,,,,,,
15:44:29,44002,0,0,0x0000,VERM,Verm: max_charge_power,0 W,0000000000000000,0,0,0,0,··,··,0000,0.0,0.00,0.000,0,0,0,0,0,0
15:44:29,44003,0,0,0x0000,VERM,Verm: max_discharge_power,0 W,0000000000000000,0,0,0,0,··,··,0000,0.0,0.00,0.000,,,,,,
15:45:29,30001,2312,2312,0x0908,OK,battery_power,2312 W,0000100100001000,9,8,9,8,··,··,0908,231.2,23.12,2.312,,,,,,
15:45:29,30006,63068,-2468,0xF65C,OK,ac_power,-2468 W,1111011001011100,246,92,-10,92,·\,\·,-,6306.8,630.68,63.068,,,,,,
15:45:29,30010,0,0,0x0000,UNB,Unb: ?,,0000000000000000,0,0,0,0,··,··,0000,0.0,0.00,0.000,,,,,,
15:45:30,30020,100,100,0x0064,VERM,Verm: mppt1_voltage,10 V,0000000001100100,0,100,0,100,·d,d·,0064,10.0,1.00,0.100,6553700,6553700,6553700,6553700,-,-
15:45:30,30021,100,100,0x0064,VERM,Verm: mppt2_voltage,10 V,0000000001100100,0,100,0,100,·d,d·,0064,10.0,1.00,0.100,6553699,6488164,6553699,6488164,-,-
15:45:30,30022,99,99,0x0063,VERM,Verm: mppt3_voltage,9.900 V,0000000001100011,0,99,0,99,·c,c·,0063,9.9,0.99,0.099,6488163,6488163,6488163,6488163,-,-
15:45:30,30023,99,99,0x0063,VERM,Verm: mppt4_voltage,9.900 V,0000000001100011,0,99,0,99,·c,c·,0063,9.9,0.99,0.099,6488064,99,6488064,99,-,-
15:45:30,30024,0,0,0x0000,VERM,Verm: mppt1_current,0 A,0000000000000000,0,0,0,0,··,··,0000,0.0,0.00,0.000,0,0,0,0,0,0
15:45:30,30025,0,0,0x0000,VERM,Verm: mppt2_current,0 A,0000000000000000,0,0,0,0,··,··,0000,0.0,0.00,0.000,0,0,0,0,0,0
15:45:30,30026,0,0,0x0000,VERM,Verm: mppt3_current,0 A,0000000000000000,0,0,0,0,··,··,0000,0.0,0.00,0.000,0,0,0,0,0,0
15:45:30,30027,0,0,0x0000,VERM,Verm: mppt4_current,0 A,0000000000000000,0,0,0,0,··,··,0000,0.0,0.00,0.000,,,,,,
15:45:30,30029,14,14,0x000E,VERM,Verm: battery_power_factor,14,0000000000001110,0,14,0,14,··,··,-,1.4,0.14,0.014,917504,14,917504,14,-,-
15:45:30,30030,0,0,0x0000,UNB,Unb: ?,,0000000000000000,0,0,0,0,··,··,0000,0.0,0.00,0.000,0,0,0,0,0,0
15:45:30,30031,0,0,0x0000,UNB,Unb: ?,,0000000000000000,0,0,0,0,··,··,0000,0.0,0.00,0.000,0,0,0,0,0,0
15:45:30,30032,0,0,0x0000,UNB,Unb: ?,,0000000000000000,0,0,0,0,··,··,0000,0.0,0.00,0.000,0,0,0,0,0,0
15:45:30,30033,0,0,0x0000,UNB,Unb: ?,,0000000000000000,0,0,0,0,··,··,0000,0.0,0.00,0.000,0,0,0,0,0,0
15:45:30,30034,0,0,0x0000,UNB,Unb: ?,,0000000000000000,0,0,0,0,··,··,0000,0.0,0.00,0.000,0,0,0,0,0,0
15:45:30,30035,0,0,0x0000,UNB,Unb: ?,,0000000000000000,0,0,0,0,··,··,0000,0.0,0.00,0.000,219,14352384,219,14352384,-,-
15:45:30,30036,219,219,0x00DB,VERM,Verm: hardware_version,219,0000000011011011,0,219,0,-37,··,··,-,21.9,2.19,0.219,14352384,219,14352384,219,-,-
15:45:30,30037,0,0,0x0000,VERM,Verm: mppt1_power,0 W,0000000000000000,0,0,0,0,··,··,0000,0.0,0.00,0.000,0,0,0,0,0,0
15:45:30,30038,0,0,0x0000,VERM,Verm: mppt2_power,0 W,0000000000000000,0,0,0,0,··,··,0000,0.0,0.00,0.000,0,0,0,0,0,0
15:45:30,30039,0,0,0x0000,VERM,Verm: mppt3_power,0 W,0000000000000000,0,0,0,0,··,··,0000,0.0,0.00,0.000,0,0,0,0,0,0
15:45:30,30040,0,0,0x0000,VERM,Verm: mppt4_power,0 W,0000000000000000,0,0,0,0,··,··,0000,0.0,0.00,0.000,,,,,,
15:45:30,30100,5402,5402,0x151A,VERM,Verm: battery_voltage,54.020 V,0001010100011010,21,26,21,26,··,··,-,540.2,54.02,5.402,354025901,28120346,354025901,28120346,-,-
15:45:30,30101,429,429,0x01AD,VERM,Verm: pack1_current_mirror,42.900 A,0000000110101101,1,173,1,-83,··,··,-,42.9,4.29,0.429,,,,,,
15:45:30,30106,0,0,0x0000,UNB,Unb: ?,,0000000000000000,0,0,0,0,··,··,0000,0.0,0.00,0.000,,,,,,
15:45:30,30109,0,0,0x0000,UNB,Unb: ?,,0000000000000000,0,0,0,0,··,··,0000,0.0,0.00,0.000,0,0,0,0,0,0
15:45:30,30110,0,0,0x0000,UNB,Unb: ?,,0000000000000000,0,0,0,0,··,··,0000,0.0,0.00,0.000,,,,,,
15:45:30,30201,18,18,0x0012,UNB,Unb: unknown_30201,18,0000000000010010,0,18,0,18,··,··,0012,1.8,0.18,0.018,,,,,,
15:45:30,30203,106,106,0x006A,UNB,Unb: unknown_30203,106,0000000001101010,0,106,0,106,·j,j·,-,10.6,1.06,0.106,,,,,,
15:45:31,30210,3,3,0x0003,VERM,Verm: active_pack_charge_status,3,0000000000000011,0,3,0,3,··,··,0003,0.3,0.03,0.003,196608,3,196608,3,-,-
15:45:31,30211,0,0,0x0000,UNB,Unb: ?,,0000000000000000,0,0,0,0,··,··,0000,0.0,0.00,0.000,5,327680,5,327680,-,-
15:45:31,30212,5,5,0x0005,VERM,Verm: pack_config,5,0000000000000101,0,5,0,5,··,··,0005,0.5,0.05,0.005,327680,5,327680,5,-,-
15:45:31,30213,0,0,0x0000,UNB,Unb: ?,,0000000000000000,0,0,0,0,··,··,0000,0.0,0.00,0.000,0,0,0,0,0,0
15:45:31,30214,0,0,0x0000,UNB,Unb: ?,,0000000000000000,0,0,0,0,··,··,0000,0.0,0.00,0.000,,,,,,
15:45:31,30300,1,1,0x0001,VERM,Verm: wifi_status,1,0000000000000001,0,1,0,1,··,··,0001,0.1,0.01,0.001,65537,65537,65537,65537,-,-
15:45:31,30301,1,1,0x0001,VERM,Verm: active_inverter_state,1,0000000000000001,0,1,0,1,··,··,0001,0.1,0.01,0.001,65537,65537,65537,65537,-,-
15:45:31,30302,1,1,0x0001,VERM,Verm: cloud_status,1,0000000000000001,0,1,0,1,··,··,0001,0.1,0.01,0.001,65590,3538945,65590,3538945,-,-
15:45:31,30303,54,54,0x0036,VERM,Verm: wifi_signal_strength,-54 dBm,0000000000110110,0,54,0,54,·6,6·,0036,5.4,0.54,0.054,,,,,,
15:45:31,30400,49320,-16216,0xC0A8,UNB,Unb: ip_address,192.168,1100000010101000,192,168,-64,-88,··,··,-,4932.0,493.20,49.320,,,,,,
15:45:31,31003,5,5,0x0005,VERM,Verm: pack_dependent_31003,5,0000000000000101,0,5,0,5,··,··,0005,0.5,0.05,0.005,329223,101122053,329223,101122053,-,-
15:45:31,31004,1543,1543,0x0607,VERM,Verm: pack_dependent_31004,1543,0000011000000111,6,7,6,7,··,··,0607,154.3,15.43,1.543,101122048,1543,101122048,1543,-,-
15:45:31,31005,0,0,0x0000,UNB,Unb: unknown_31005,,0000000000000000,0,0,0,0,··,··,0000,0.0,0.00,0.000,0,0,0,0,0,0
15:45:31,31006,0,0,0x0000,UNB,Unb: unknown_31006,,0000000000000000,0,0,0,0,··,··,0000,0.0,0.00,0.000,0,0,0,0,0,0
15:45:31,31007,0,0,0x0000,UNB,Unb: unknown_31007,,0000000000000000,0,0,0,0,··,··,0000,0.0,0.00,0.000,0,0,0,0,0,0
15:45:31,31008,0,0,0x0000,UNB,Unb: unknown_31008,,0000000000000000,0,0,0,0,··,··,0000,0.0,0.00,0.000,0,0,0,0,0,0
15:45:31,31009,0,0,0x0000,UNB,Unb: unknown_31009,,0000000000000000,0,0,0,0,··,··,0000,0.0,0.00,0.000,,,,,,
15:45:31,32100,5394,5394,0x1512,OK,dc_voltage,53.940 V,0001010100010010,21,18,21,18,··,··,1512,539.4,53.94,5.394,353501226,2757906,353501226,2757906,-,-
15:45:31,32101,42,42,0x002A,OK,dc_current,42 A,0000000000101010,0,42,0,42,·*,*·,-,4.2,0.42,0.042,2752512,42,2752512,42,-,-
15:45:31,32102,0,0,0x0000,UNB,Unb: unknown_32102,,0000000000000000,0,0,0,0,··,··,0000,0.0,0.00,0.000,0,0,0,0,0,0
15:45:31,32103,0,0,0x0000,UNB,Unb: ?,,0000000000000000,0,0,0,0,··,··,0000,0.0,0.00,0.000,,,,,,
15:45:31,32200,2411,2411,0x096B,OK,ac_voltage,241.100 V,0000100101101011,9,107,9,107,·k,k·,-,241.1,24.11,2.411,158009707,158009707,158009707,158009707,-,-
15:45:31,32201,2411,2411,0x096B,VERM,Verm: ac_voltage_2,241.100 V,0000100101101011,9,107,9,107,·k,k·,-,241.1,24.11,2.411,,,,,,
15:45:32,32204,499,499,0x01F3,OK,ac_frequency,49.900 Hz,0000000111110011,1,243,1,-13,··,··,-,49.9,4.99,0.499,,,,,,
15:45:32,34002,597,597,0x0255,OK,pack1_bat_soc,59.700 %,0000001001010101,2,85,2,85,·U,U·,0255,59.7,5.97,0.597,,,,,,
15:45:32,34004,3,3,0x0003,VERM,Verm: pack1_charge_status,3,0000000000000011,0,3,0,3,··,··,0003,0.3,0.03,0.003,,,,,,
15:45:32,34102,601,601,0x0259,OK,pack2_bat_soc,60.100 %,0000001001011001,2,89,2,89,·Y,Y·,0259,60.1,6.01,0.601,,,,,,
15:45:32,34104,0,0,0x0000,VERM,Verm: pack2_charge_status,0,0000000000000000,0,0,0,0,··,··,0000,0.0,0.00,0.000,,,,,,
15:45:32,34202,601,601,0x0259,OK,pack3_bat_soc,60.100 %,0000001001011001,2,89,2,89,·Y,Y·,0259,60.1,6.01,0.601,,,,,,
15:45:33,34204,0,0,0x0000,VERM,Verm: pack3_charge_status,0,0000000000000000,0,0,0,0,··,··,0000,0.0,0.00,0.000,,,,,,
15:45:33,34302,601,601,0x0259,OK,pack4_bat_soc,60.100 %,0000001001011001,2,89,2,89,·Y,Y·,0259,60.1,6.01,0.601,,,,,,
15:45:33,34304,0,0,0x0000,VERM,Verm: pack4_charge_status,0,0000000000000000,0,0,0,0,··,··,0000,0.0,0.00,0.000,,,,,,
15:45:33,34402,601,601,0x0259,OK,pack5_bat_soc,60.100 %,0000001001011001,2,89,2,89,·Y,Y·,0259,60.1,6.01,0.601,,,,,,
15:45:33,34502,601,601,0x0259,OK,pack6_bat_soc,60.100 %,0000001001011001,2,89,2,89,·Y,Y·,0259,60.1,6.01,0.601,,,,,,
15:45:57,35112,500,500,0x01F4,VERM,Verm: max_discharge_power,500,0000000111110100,1,244,1,-12,··,··,-,50.0,5.00,0.500,,,,,,
15:45:57,36000,0,0,0x0000,OK,alarm_status,0x0000,0000000000000000,0,0,0,0,··,··,0000,0.0,0.00,0.000,0,0,0,0,0,0
15:45:57,36001,0,0,0x0000,OK,alarm_status_lo,0x0000,0000000000000000,0,0,0,0,··,··,0000,0.0,0.00,0.000,,,,,,
15:45:57,36100,0,0,0x0000,OK,fault_status,0x0000,0000000000000000,0,0,0,0,··,··,0000,0.0,0.00,0.000,0,0,0,0,0,0
15:45:57,36101,0,0,0x0000,VERM,Verm: fault_status_2,0x0000,0000000000000000,0,0,0,0,··,··,0000,0.0,0.00,0.000,0,0,0,0,0,0
15:45:57,36102,0,0,0x0000,OK,fault_2,0x0000,0000000000000000,0,0,0,0,··,··,0000,0.0,0.00,0.000,0,0,0,0,0,0
15:45:57,36103,0,0,0x0000,OK,fault_status_lo,0x0000,0000000000000000,0,0,0,0,··,··,0000,0.0,0.00,0.000,,,,,,
15:45:57,37000,1,1,0x0001,VERM,Verm: system_online,1,0000000000000001,0,1,0,1,··,··,0001,0.1,0.01,0.001,65536,1,65536,1,-,-
15:45:57,37001,0,0,0x0000,UNB,Unb: ?,,0000000000000000,0,0,0,0,··,··,0000,0.0,0.00,0.000,0,0,0,0,0,0
15:45:57,37002,0,0,0x0000,UNB,Unb: ?,,0000000000000000,0,0,0,0,··,··,0000,0.0,0.00,0.000,0,0,0,0,0,0
15:45:57,37003,0,0,0x0000,UNB,Unb: ?,,0000000000000000,0,0,0,0,··,··,0000,0.0,0.00,0.000,,,,,,
15:45:57,37009,0,0,0x0000,UNB,Unb: ?,,0000000000000000,0,0,0,0,··,··,0000,0.0,0.00,0.000,0,0,0,0,0,0
15:45:57,37010,0,0,0x0000,UNB,Unb: ?,,0000000000000000,0,0,0,0,··,··,0000,0.0,0.00,0.000,0,0,0,0,0,0
15:45:57,37011,0,0,0x0000,UNB,Unb: ?,,0000000000000000,0,0,0,0,··,··,0000,0.0,0.00,0.000,118,7733248,118,7733248,-,-
15:45:57,37012,118,118,0x0076,VERM,Verm: bms_version_mirror,118,0000000001110110,0,118,0,118,·v,v·,0076,11.8,1.18,0.118,7733248,118,7733248,118,-,-
15:45:57,37013,0,0,0x0000,VERM,Verm: fault_status_mirror,0x0000,0000000000000000,0,0,0,0,··,··,0000,0.0,0.00,0.000,0,0,0,0,0,0
15:45:57,37014,0,0,0x0000,VERM,Verm: fault_status_2_mirror,0x0000,0000000000000000,0,0,0,0,··,··,0000,0.0,0.00,0.000,0,0,0,0,0,0
15:45:57,37015,0,0,0x0000,UNB,Unb: ?,,0000000000000000,0,0,0,0,··,··,0000,0.0,0.00,0.000,0,0,0,0,0,0
15:45:57,37016,0,0,0x0000,VERM,Verm: offgrid_ac_voltage,0 V,0000000000000000,0,0,0,0,··,··,0000,0.0,0.00,0.000,0,0,0,0,0,0
15:45:57,37017,0,0,0x0000,UNB,Unb: ?,,0000000000000000,0,0,0,0,··,··,0000,0.0,0.00,0.000,0,0,0,0,0,0
15:45:57,37018,0,0,0x0000,UNB,Unb: ?,,0000000000000000,0,0,0,0,··,··,0000,0.0,0.00,0.000,0,0,0,0,0,0
15:45:57,37019,0,0,0x0000,UNB,Unb: ?,,0000000000000000,0,0,0,0,··,··,0000,0.0,0.00,0.000,0,0,0,0,0,0
15:45:57,37020,0,0,0x0000,UNB,Unb: ?,,0000000000000000,0,0,0,0,··,··,0000,0.0,0.00,0.000,0,0,0,0,0,0
15:45:57,37021,0,0,0x0000,UNB,Unb: ?,,0000000000000000,0,0,0,0,··,··,0000,0.0,0.00,0.000,0,0,0,0,0,0
15:45:57,37022,0,0,0x0000,VERM,Verm: offgrid_dc_voltage,0 V,0000000000000000,0,0,0,0,··,··,0000,0.0,0.00,0.000,0,0,0,0,0,0
15:45:57,37023,0,0,0x0000,UNB,Unb: ?,,0000000000000000,0,0,0,0,··,··,0000,0.0,0.00,0.000,0,0,0,0,0,0
15:45:57,37024,0,0,0x0000,UNB,Unb: ?,,0000000000000000,0,0,0,0,··,··,0000,0.0,0.00,0.000,,,,,,
15:45:58,38000,0,0,0x0000,UNB,Unb: unknown_38000,,0000000000000000,0,0,0,0,··,··,0000,0.0,0.00,0.000,0,0,0,0,0,0
15:45:58,38001,0,0,0x0000,UNB,Unb: unknown_38001,,0000000000000000,0,0,0,0,··,··,0000,0.0,0.00,0.000,0,0,0,0,0,0
15:45:58,38002,0,0,0x0000,UNB,Unb: unknown_38002,,0000000000000000,0,0,0,0,··,··,0000,0.0,0.00,0.000,0,0,0,0,0,0
15:45:58,38003,0,0,0x0000,UNB,Unb: unknown_38003,,0000000000000000,0,0,0,0,··,··,0000,0.0,0.00,0.000,0,0,0,0,0,0
15:45:58,38004,0,0,0x0000,UNB,Unb: unknown_38004,,0000000000000000,0,0,0,0,··,··,0000,0.0,0.00,0.000,0,0,0,0,0,0
15:45:58,38005,0,0,0x0000,UNB,Unb: unknown_38005,,0000000000000000,0,0,0,0,··,··,0000,0.0,0.00,0.000,0,0,0,0,0,0
15:45:58,38006,0,0,0x0000,UNB,Unb: unknown_38006,,0000000000000000,0,0,0,0,··,··,0000,0.0,0.00,0.000,0,0,0,0,0,0
15:45:58,38007,0,0,0x0000,UNB,Unb: unknown_38007,,0000000000000000,0,0,0,0,··,··,0000,0.0,0.00,0.000,0,0,0,0,0,0
15:45:58,38008,0,0,0x0000,UNB,Unb: unknown_38008,,0000000000000000,0,0,0,0,··,··,0000,0.0,0.00,0.000,0,0,0,0,0,0
15:45:58,38009,0,0,0x0000,UNB,Unb: unknown_38009,,0000000000000000,0,0,0,0,··,··,0000,0.0,0.00,0.000,0,0,0,0,0,0
15:45:58,38010,0,0,0x0000,UNB,Unb: unknown_38010,,0000000000000000,0,0,0,0,··,··,0000,0.0,0.00,0.000,0,0,0,0,0,0
15:45:58,38011,0,0,0x0000,UNB,Unb: unknown_38011,,0000000000000000,0,0,0,0,··,··,0000,0.0,0.00,0.000,0,0,0,0,0,0
15:45:58,38012,0,0,0x0000,UNB,Unb: unknown_38012,,0000000000000000,0,0,0,0,··,··,0000,0.0,0.00,0.000,0,0,0,0,0,0
15:45:58,38013,0,0,0x0000,UNB,Unb: unknown_38013,,0000000000000000,0,0,0,0,··,··,0000,0.0,0.00,0.000,0,0,0,0,0,0
15:45:58,38014,0,0,0x0000,UNB,Unb: unknown_38014,,0000000000000000,0,0,0,0,··,··,0000,0.0,0.00,0.000,,,,,,
15:45:58,41000,0,0,0x0000,VERM,Verm: reset_device,,0000000000000000,0,0,0,0,··,··,0000,0.0,0.00,0.000,,,,,,
15:45:58,41100,1,1,0x0001,VERM,Verm: modbus_address,,0000000000000001,0,1,0,1,··,··,0001,0.1,0.01,0.001,,,,,,
15:45:58,41200,1,1,0x0001,VERM,Verm: backup_function,,0000000000000001,0,1,0,1,··,··,0001,0.1,0.01,0.001,,,,,,
15:45:58,42010,1,1,0x0001,VERM,Verm: force_mode,1,0000000000000001,0,1,0,1,··,··,0001,0.1,0.01,0.001,65536,1,65536,1,-,-
15:45:58,42011,0,0,0x0000,VERM,Verm: charge_to_soc,0 %,0000000000000000,0,0,0,0,··,··,0000,0.0,0.00,0.000,,,,,,
15:45:58,42020,2200,2200,0x0898,VERM,Verm: set_charge_power,2200 W,0000100010011000,8,152,8,-104,··,··,0898,220.0,22.00,2.200,,,,,,
15:45:59,43000,0,0,0x0000,VERM,Verm: user_work_mode,0,0000000000000000,0,0,0,0,··,··,0000,0.0,0.00,0.000,,,,,,
15:45:59,43101,0,0,0x0000,VERM,Verm: schedule_1_start,00:00,0000000000000000,0,0,0,0,··,··,0000,0.0,0.00,0.000,,,,,,
15:45:59,43105,0,0,0x0000,VERM,Verm: schedule_2_days,0x0000,0000000000000000,0,0,0,0,··,··,0000,0.0,0.00,0.000,0,0,0,0,0,0
15:45:59,43106,0,0,0x0000,VERM,Verm: schedule_2_start,00:00,0000000000000000,0,0,0,0,··,··,0000,0.0,0.00,0.000,0,0,0,0,0,0
15:45:59,43107,0,0,0x0000,VERM,Verm: schedule_2_end,00:00,0000000000000000,0,0,0,0,··,··,0000,0.0,0.00,0.000,0,0,0,0,0,0
15:45:59,43108,0,0,0x0000,VERM,Verm: schedule_2_mode,0 W,0000000000000000,0,0,0,0,··,··,0000,0.0,0.00,0.000,0,0,0,0,0,0
15:45:59,43109,0,0,0x0000,VERM,Verm: schedule_2_enabled,0,0000000000000000,0,0,0,0,··,··,0000,0.0,0.00,0.000,0,0,0,0,0,0
15:45:59,43110,0,0,0x0000,VERM,Verm: schedule_3_days,0x0000,0000000000000000,0,0,0,0,··,··,0000,0.0,0.00,0.000,0,0,0,0,0,0
15:45:59,43111,0,0,0x0000,VERM,Verm: schedule_3_start,00:00,0000000000000000,0,0,0,0,··,··,0000,0.0,0.00,0.000,0,0,0,0,0,0
15:45:59,43112,0,0,0x0000,VERM,Verm: schedule_3_end,00:00,0000000000000000,0,0,0,0,··,··,0000,0.0,0.00,0.000,0,0,0,0,0,0
15:45:59,43113,0,0,0x0000,VERM,Verm: schedule_3_mode,0 W,0000000000000000,0,0,0,0,··,··,0000,0.0,0.00,0.000,0,0,0,0,0,0
15:45:59,43114,0,0,0x0000,VERM,Verm: schedule_3_enabled,0,0000000000000000,0,0,0,0,··,··,0000,0.0,0.00,0.000,0,0,0,0,0,0
15:45:59,43115,0,0,0x0000,VERM,Verm: schedule_4_days,0x0000,0000000000000000,0,0,0,0,··,··,0000,0.0,0.00,0.000,0,0,0,0,0,0
15:45:59,43116,0,0,0x0000,VERM,Verm: schedule_4_start,00:00,0000000000000000,0,0,0,0,··,··,0000,0.0,0.00,0.000,0,0,0,0,0,0
15:45:59,43117,0,0,0x0000,VERM,Verm: schedule_4_end,00:00,0000000000000000,0,0,0,0,··,··,0000,0.0,0.00,0.000,0,0,0,0,0,0
15:45:59,43118,0,0,0x0000,VERM,Verm: schedule_4_mode,0 W,0000000000000000,0,0,0,0,··,··,0000,0.0,0.00,0.000,0,0,0,0,0,0
15:45:59,43119,0,0,0x0000,VERM,Verm: schedule_4_enabled,0,0000000000000000,0,0,0,0,··,··,0000,0.0,0.00,0.000,0,0,0,0,0,0
15:45:59,43120,0,0,0x0000,VERM,Verm: schedule_5_days,0x0000,0000000000000000,0,0,0,0,··,··,0000,0.0,0.00,0.000,0,0,0,0,0,0
15:45:59,43121,0,0,0x0000,VERM,Verm: schedule_5_start,00:00,0000000000000000,0,0,0,0,··,··,0000,0.0,0.00,0.000,0,0,0,0,0,0
15:45:59,43122,0,0,0x0000,VERM,Verm: schedule_5_end,00:00,0000000000000000,0,0,0,0,··,··,0000,0.0,0.00,0.000,0,0,0,0,0,0
15:45:59,43123,0,0,0x0000,VERM,Verm: schedule_5_mode,0 W,0000000000000000,0,0,0,0,··,··,0000,0.0,0.00,0.000,0,0,0,0,0,0
15:45:59,43124,0,0,0x0000,VERM,Verm: schedule_5_enabled,0,0000000000000000,0,0,0,0,··,··,0000,0.0,0.00,0.000,0,0,0,0,0,0
15:45:59,43125,0,0,0x0000,VERM,Verm: schedule_6_days,0x0000,0000000000000000,0,0,0,0,··,··,0000,0.0,0.00,0.000,0,0,0,0,0,0
15:45:59,43126,0,0,0x0000,VERM,Verm: schedule_6_start,00:00,0000000000000000,0,0,0,0,··,··,0000,0.0,0.00,0.000,0,0,0,0,0,0
15:45:59,43127,0,0,0x0000,VERM,Verm: schedule_6_end,00:00,0000000000000000,0,0,0,0,··,··,0000,0.0,0.00,0.000,0,0,0,0,0,0
15:45:59,43128,0,0,0x0000,VERM,Verm: schedule_6_mode,0 W,0000000000000000,0,0,0,0,··,··,0000,0.0,0.00,0.000,0,0,0,0,0,0
15:45:59,43129,0,0,0x0000,VERM,Verm: schedule_6_enabled,0,0000000000000000,0,0,0,0,··,··,0000,0.0,0.00,0.000,,,,,,
15:45:59,44002,0,0,0x0000,VERM,Verm: max_charge_power,0 W,0000000000000000,0,0,0,0,··,··,0000,0.0,0.00,0.000,0,0,0,0,0,0
15:45:59,44003,0,0,0x0000,VERM,Verm: max_discharge_power,0 W,0000000000000000,0,0,0,0,··,··,0000,0.0,0.00,0.000,,,,,,
15:46:59,30001,2307,2307,0x0903,OK,battery_power,2307 W,0000100100000011,9,3,9,3,··,··,0903,230.7,23.07,2.307,,,,,,
15:46:59,30006,63069,-2467,0xF65D,OK,ac_power,-2467 W,1111011001011101,246,93,-10,93,·],]·,-,6306.9,630.69,63.069,,,,,,
15:47:00,30010,0,0,0x0000,UNB,Unb: ?,,0000000000000000,0,0,0,0,··,··,0000,0.0,0.00,0.000,,,,,,
15:47:00,30020,100,100,0x0064,VERM,Verm: mppt1_voltage,10 V,0000000001100100,0,100,0,100,·d,d·,0064,10.0,1.00,0.100,6553700,6553700,6553700,6553700,-,-
15:47:00,30021,100,100,0x0064,VERM,Verm: mppt2_voltage,10 V,0000000001100100,0,100,0,100,·d,d·,0064,10.0,1.00,0.100,6553699,6488164,6553699,6488164,-,-
15:47:00,30022,99,99,0x0063,VERM,Verm: mppt3_voltage,9.900 V,0000000001100011,0,99,0,99,·c,c·,0063,9.9,0.99,0.099,6488163,6488163,6488163,6488163,-,-
15:47:00,30023,99,99,0x0063,VERM,Verm: mppt4_voltage,9.900 V,0000000001100011,0,99,0,99,·c,c·,0063,9.9,0.99,0.099,6488064,99,6488064,99,-,-
15:47:00,30024,0,0,0x0000,VERM,Verm: mppt1_current,0 A,0000000000000000,0,0,0,0,··,··,0000,0.0,0.00,0.000,0,0,0,0,0,0
15:47:00,30025,0,0,0x0000,VERM,Verm: mppt2_current,0 A,0000000000000000,0,0,0,0,··,··,0000,0.0,0.00,0.000,0,0,0,0,0,0
15:47:00,30026,0,0,0x0000,VERM,Verm: mppt3_current,0 A,0000000000000000,0,0,0,0,··,··,0000,0.0,0.00,0.000,0,0,0,0,0,0
15:47:00,30027,0,0,0x0000,VERM,Verm: mppt4_current,0 A,0000000000000000,0,0,0,0,··,··,0000,0.0,0.00,0.000,,,,,,
15:47:00,30029,13,13,0x000D,VERM,Verm: battery_power_factor,13,0000000000001101,0,13,0,13,··,··,-,1.3,0.13,0.013,851968,13,851968,13,-,-
15:47:00,30030,0,0,0x0000,UNB,Unb: ?,,0000000000000000,0,0,0,0,··,··,0000,0.0,0.00,0.000,0,0,0,0,0,0
15:47:00,30031,0,0,0x0000,UNB,Unb: ?,,0000000000000000,0,0,0,0,··,··,0000,0.0,0.00,0.000,0,0,0,0,0,0
15:47:00,30032,0,0,0x0000,UNB,Unb: ?,,0000000000000000,0,0,0,0,··,··,0000,0.0,0.00,0.000,0,0,0,0,0,0
15:47:00,30033,0,0,0x0000,UNB,Unb: ?,,0000000000000000,0,0,0,0,··,··,0000,0.0,0.00,0.000,0,0,0,0,0,0
15:47:00,30034,0,0,0x0000,UNB,Unb: ?,,0000000000000000,0,0,0,0,··,··,0000,0.0,0.00,0.000,0,0,0,0,0,0
15:47:00,30035,0,0,0x0000,UNB,Unb: ?,,0000000000000000,0,0,0,0,··,··,0000,0.0,0.00,0.000,219,14352384,219,14352384,-,-
15:47:00,30036,219,219,0x00DB,VERM,Verm: hardware_version,219,0000000011011011,0,219,0,-37,··,··,-,21.9,2.19,0.219,14352384,219,14352384,219,-,-
15:47:00,30037,0,0,0x0000,VERM,Verm: mppt1_power,0 W,0000000000000000,0,0,0,0,··,··,0000,0.0,0.00,0.000,0,0,0,0,0,0
15:47:00,30038,0,0,0x0000,VERM,Verm: mppt2_power,0 W,0000000000000000,0,0,0,0,··,··,0000,0.0,0.00,0.000,0,0,0,0,0,0
15:47:00,30039,0,0,0x0000,VERM,Verm: mppt3_power,0 W,0000000000000000,0,0,0,0,··,··,0000,0.0,0.00,0.000,0,0,0,0,0,0
15:47:00,30040,0,0,0x0000,VERM,Verm: mppt4_power,0 W,0000000000000000,0,0,0,0,··,··,0000,0.0,0.00,0.000,,,,,,
15:47:00,30100,5410,5410,0x1522,VERM,Verm: battery_voltage,54.100 V,0001010100100010,21,34,21,34,"·""","""·",1522,541.0,54.10,5.410,354550189,28120354,354550189,28120354,-,-
15:47:00,30101,429,429,0x01AD,VERM,Verm: pack1_current_mirror,42.900 A,0000000110101101,1,173,1,-83,··,··,-,42.9,4.29,0.429,,,,,,
15:47:00,30106,0,0,0x0000,UNB,Unb: ?,,0000000000000000,0,0,0,0,··,··,0000,0.0,0.00,0.000,,,,,,
15:47:00,30109,0,0,0x0000,UNB,Unb: ?,,0000000000000000,0,0,0,0,··,··,0000,0.0,0.00,0.000,0,0,0,0,0,0
15:47:00,30110,0,0,0x0000,UNB,Unb: ?,,0000000000000000,0,0,0,0,··,··,0000,0.0,0.00,0.000,,,,,,
15:47:01,30201,18,18,0x0012,UNB,Unb: unknown_30201,18,0000000000010010,0,18,0,18,··,··,0012,1.8,0.18,0.018,,,,,,
15:47:01,30203,106,106,0x006A,UNB,Unb: unknown_30203,106,0000000001101010,0,106,0,106,·j,j·,-,10.6,1.06,0.106,,,,,,
15:47:01,30210,3,3,0x0003,VERM,Verm: active_pack_charge_status,3,0000000000000011,0,3,0,3,··,··,0003,0.3,0.03,0.003,196608,3,196608,3,-,-
15:47:01,30211,0,0,0x0000,UNB,Unb: ?,,0000000000000000,0,0,0,0,··,··,0000,0.0,0.00,0.000,5,327680,5,327680,-,-
15:47:01,30212,5,5,0x0005,VERM,Verm: pack_config,5,0000000000000101,0,5,0,5,··,··,0005,0.5,0.05,0.005,327680,5,327680,5,-,-
15:47:01,30213,0,0,0x0000,UNB,Unb: ?,,0000000000000000,0,0,0,0,··,··,0000,0.0,0.00,0.000,0,0,0,0,0,0
15:47:01,30214,0,0,0x0000,UNB,Unb: ?,,0000000000000000,0,0,0,0,··,··,0000,0.0,0.00,0.000,,,,,,
15:47:01,30300,1,1,0x0001,VERM,Verm: wifi_status,1,0000000000000001,0,1,0,1,··,··,0001,0.1,0.01,0.001,65537,65537,65537,65537,-,-
15:47:01,30301,1,1,0x0001,VERM,Verm: active_inverter_state,1,0000000000000001,0,1,0,1,··,··,0001,0.1,0.01,0.001,65537,65537,65537,65537,-,-
15:47:01,30302,1,1,0x0001,VERM,Verm: cloud_status,1,0000000000000001,0,1,0,1,··,··,0001,0.1,0.01,0.001,65590,3538945,65590,3538945,-,-
15:47:01,30303,54,54,0x0036,VERM,Verm: wifi_signal_strength,-54 dBm,0000000000110110,0,54,0,54,·6,6·,0036,5.4,0.54,0.054,,,,,,
15:47:01,30400,49320,-16216,0xC0A8,UNB,Unb: ip_address,192.168,1100000010101000,192,168,-64,-88,··,··,-,4932.0,493.20,49.320,,,,,,
15:47:01,31003,5,5,0x0005,VERM,Verm: pack_dependent_31003,5,0000000000000101,0,5,0,5,··,··,0005,0.5,0.05,0.005,329223,101122053,329223,101122053,-,-
15:47:01,31004,1543,1543,0x0607,VERM,Verm: pack_dependent_31004,1543,0000011000000111,6,7,6,7,··,··,0607,154.3,15.43,1.543,101122048,1543,101122048,1543,-,-
15:47:01,31005,0,0,0x0000,UNB,Unb: unknown_31005,,0000000000000000,0,0,0,0,··,··,0000,0.0,0.00,0.000,0,0,0,0,0,0
15:47:01,31006,0,0,0x0000,UNB,Unb: unknown_31006,,0000000000000000,0,0,0,0,··,··,0000,0.0,0.00,0.000,0,0,0,0,0,0
15:47:01,31007,0,0,0x0000,UNB,Unb: unknown_31007,,0000000000000000,0,0,0,0,··,··,0000,0.0,0.00,0.000,0,0,0,0,0,0
15:47:01,31008,0,0,0x0000,UNB,Unb: unknown_31008,,0000000000000000,0,0,0,0,··,··,0000,0.0,0.00,0.000,0,0,0,0,0,0
15:47:01,31009,0,0,0x0000,UNB,Unb: unknown_31009,,0000000000000000,0,0,0,0,··,··,0000,0.0,0.00,0.000,,,,,,
15:47:02,32100,5410,5410,0x1522,OK,dc_voltage,54.100 V,0001010100100010,21,34,21,34,"·""","""·",1522,541.0,54.10,5.410,354549802,2757922,354549802,2757922,-,-
15:47:02,32101,42,42,0x002A,OK,dc_current,42 A,0000000000101010,0,42,0,42,·*,*·,-,4.2,0.42,0.042,2752512,42,2752512,42,-,-
15:47:02,32102,0,0,0x0000,UNB,Unb: unknown_32102,,0000000000000000,0,0,0,0,··,··,0000,0.0,0.00,0.000,0,0,0,0,0,0
15:47:02,32103,0,0,0x0000,UNB,Unb: ?,,0000000000000000,0,0,0,0,··,··,0000,0.0,0.00,0.000,,,,,,
15:47:02,32200,2416,2416,0x0970,OK,ac_voltage,241.600 V,0000100101110000,9,112,9,112,·p,p·,0970,241.6,24.16,2.416,158337392,158337392,158337392,158337392,-,-
15:47:02,32201,2416,2416,0x0970,VERM,Verm: ac_voltage_2,241.600 V,0000100101110000,9,112,9,112,·p,p·,0970,241.6,24.16,2.416,,,,,,
15:47:02,32204,500,500,0x01F4,OK,ac_frequency,50 Hz,0000000111110100,1,244,1,-12,··,··,-,50.0,5.00,0.500,,,,,,
15:47:02,34002,619,619,0x026B,OK,pack1_bat_soc,61.900 %,0000001001101011,2,107,2,107,·k,k·,-,61.9,6.19,0.619,,,,,,
15:47:02,34004,3,3,0x0003,VERM,Verm: pack1_charge_status,3,0000000000000011,0,3,0,3,··,··,0003,0.3,0.03,0.003,,,,,,
15:47:02,34102,601,601,0x0259,OK,pack2_bat_soc,60.100 %,0000001001011001,2,89,2,89,·Y,Y·,0259,60.1,6.01,0.601,,,,,,
15:47:02,34104,0,0,0x0000,VERM,Verm: pack2_charge_status,0,0000000000000000,0,0,0,0,··,··,0000,0.0,0.00,0.000,,,,,,
15:47:03,34202,601,601,0x0259,OK,pack3_bat_soc,60.100 %,0000001001011001,2,89,2,89,·Y,Y·,0259,60.1,6.01,0.601,,,,,,
15:47:03,34204,0,0,0x0000,VERM,Verm: pack3_charge_status,0,0000000000000000,0,0,0,0,··,··,0000,0.0,0.00,0.000,,,,,,
15:47:03,34302,601,601,0x0259,OK,pack4_bat_soc,60.100 %,0000001001011001,2,89,2,89,·Y,Y·,0259,60.1,6.01,0.601,,,,,,
15:47:03,34304,0,0,0x0000,VERM,Verm: pack4_charge_status,0,0000000000000000,0,0,0,0,··,··,0000,0.0,0.00,0.000,,,,,,
15:47:03,34402,601,601,0x0259,OK,pack5_bat_soc,60.100 %,0000001001011001,2,89,2,89,·Y,Y·,0259,60.1,6.01,0.601,,,,,,
15:47:03,34502,601,601,0x0259,OK,pack6_bat_soc,60.100 %,0000001001011001,2,89,2,89,·Y,Y·,0259,60.1,6.01,0.601,,,,,,
15:47:27,35112,500,500,0x01F4,VERM,Verm: max_discharge_power,500,0000000111110100,1,244,1,-12,··,··,-,50.0,5.00,0.500,,,,,,
15:47:27,36000,0,0,0x0000,OK,alarm_status,0x0000,0000000000000000,0,0,0,0,··,··,0000,0.0,0.00,0.000,0,0,0,0,0,0
15:47:27,36001,0,0,0x0000,OK,alarm_status_lo,0x0000,0000000000000000,0,0,0,0,··,··,0000,0.0,0.00,0.000,,,,,,
15:47:27,36100,0,0,0x0000,OK,fault_status,0x0000,0000000000000000,0,0,0,0,··,··,0000,0.0,0.00,0.000,0,0,0,0,0,0
15:47:27,36101,0,0,0x0000,VERM,Verm: fault_status_2,0x0000,0000000000000000,0,0,0,0,··,··,0000,0.0,0.00,0.000,0,0,0,0,0,0
15:47:27,36102,0,0,0x0000,OK,fault_2,0x0000,0000000000000000,0,0,0,0,··,··,0000,0.0,0.00,0.000,0,0,0,0,0,0
15:47:27,36103,0,0,0x0000,OK,fault_status_lo,0x0000,0000000000000000,0,0,0,0,··,··,0000,0.0,0.00,0.000,,,,,,
15:47:28,37000,1,1,0x0001,VERM,Verm: system_online,1,0000000000000001,0,1,0,1,··,··,0001,0.1,0.01,0.001,65536,1,65536,1,-,-
15:47:28,37001,0,0,0x0000,UNB,Unb: ?,,0000000000000000,0,0,0,0,··,··,0000,0.0,0.00,0.000,0,0,0,0,0,0
15:47:28,37002,0,0,0x0000,UNB,Unb: ?,,0000000000000000,0,0,0,0,··,··,0000,0.0,0.00,0.000,0,0,0,0,0,0
15:47:28,37003,0,0,0x0000,UNB,Unb: ?,,0000000000000000,0,0,0,0,··,··,0000,0.0,0.00,0.000,,,,,,
15:47:28,37009,0,0,0x0000,UNB,Unb: ?,,0000000000000000,0,0,0,0,··,··,0000,0.0,0.00,0.000,0,0,0,0,0,0
15:47:28,37010,0,0,0x0000,UNB,Unb: ?,,0000000000000000,0,0,0,0,··,··,0000,0.0,0.00,0.000,0,0,0,0,0,0
15:47:28,37011,0,0,0x0000,UNB,Unb: ?,,0000000000000000,0,0,0,0,··,··,0000,0.0,0.00,0.000,118,7733248,118,7733248,-,-
15:47:28,37012,118,118,0x0076,VERM,Verm: bms_version_mirror,118,0000000001110110,0,118,0,118,·v,v·,0076,11.8,1.18,0.118,7733248,118,7733248,118,-,-
15:47:28,37013,0,0,0x0000,VERM,Verm: fault_status_mirror,0x0000,0000000000000000,0,0,0,0,··,··,0000,0.0,0.00,0.000,0,0,0,0,0,0
15:47:28,37014,0,0,0x0000,VERM,Verm: fault_status_2_mirror,0x0000,0000000000000000,0,0,0,0,··,··,0000,0.0,0.00,0.000,0,0,0,0,0,0
15:47:28,37015,0,0,0x0000,UNB,Unb: ?,,0000000000000000,0,0,0,0,··,··,0000,0.0,0.00,0.000,0,0,0,0,0,0
15:47:28,37016,0,0,0x0000,VERM,Verm: offgrid_ac_voltage,0 V,0000000000000000,0,0,0,0,··,··,0000,0.0,0.00,0.000,0,0,0,0,0,0
15:47:28,37017,0,0,0x0000,UNB,Unb: ?,,0000000000000000,0,0,0,0,··,··,0000,0.0,0.00,0.000,0,0,0,0,0,0
15:47:28,37018,0,0,0x0000,UNB,Unb: ?,,0000000000000000,0,0,0,0,··,··,0000,0.0,0.00,0.000,0,0,0,0,0,0
15:47:28,37019,0,0,0x0000,UNB,Unb: ?,,0000000000000000,0,0,0,0,··,··,0000,0.0,0.00,0.000,0,0,0,0,0,0
15:47:28,37020,0,0,0x0000,UNB,Unb: ?,,0000000000000000,0,0,0,0,··,··,0000,0.0,0.00,0.000,0,0,0,0,0,0
15:47:28,37021,0,0,0x0000,UNB,Unb: ?,,0000000000000000,0,0,0,0,··,··,0000,0.0,0.00,0.000,0,0,0,0,0,0
15:47:28,37022,0,0,0x0000,VERM,Verm: offgrid_dc_voltage,0 V,0000000000000000,0,0,0,0,··,··,0000,0.0,0.00,0.000,0,0,0,0,0,0
15:47:28,37023,0,0,0x0000,UNB,Unb: ?,,0000000000000000,0,0,0,0,··,··,0000,0.0,0.00,0.000,0,0,0,0,0,0
15:47:28,37024,0,0,0x0000,UNB,Unb: ?,,0000000000000000,0,0,0,0,··,··,0000,0.0,0.00,0.000,,,,,,
15:47:28,38000,0,0,0x0000,UNB,Unb: unknown_38000,,0000000000000000,0,0,0,0,··,··,0000,0.0,0.00,0.000,0,0,0,0,0,0
15:47:28,38001,0,0,0x0000,UNB,Unb: unknown_38001,,0000000000000000,0,0,0,0,··,··,0000,0.0,0.00,0.000,0,0,0,0,0,0
15:47:28,38002,0,0,0x0000,UNB,Unb: unknown_38002,,0000000000000000,0,0,0,0,··,··,0000,0.0,0.00,0.000,0,0,0,0,0,0
15:47:28,38003,0,0,0x0000,UNB,Unb: unknown_38003,,0000000000000000,0,0,0,0,··,··,0000,0.0,0.00,0.000,0,0,0,0,0,0
15:47:28,38004,0,0,0x0000,UNB,Unb: unknown_38004,,0000000000000000,0,0,0,0,··,··,0000,0.0,0.00,0.000,0,0,0,0,0,0
15:47:28,38005,0,0,0x0000,UNB,Unb: unknown_38005,,0000000000000000,0,0,0,0,··,··,0000,0.0,0.00,0.000,0,0,0,0,0,0
15:47:28,38006,0,0,0x0000,UNB,Unb: unknown_38006,,0000000000000000,0,0,0,0,··,··,0000,0.0,0.00,0.000,0,0,0,0,0,0
15:47:28,38007,0,0,0x0000,UNB,Unb: unknown_38007,,0000000000000000,0,0,0,0,··,··,0000,0.0,0.00,0.000,0,0,0,0,0,0
15:47:28,38008,0,0,0x0000,UNB,Unb: unknown_38008,,0000000000000000,0,0,0,0,··,··,0000,0.0,0.00,0.000,0,0,0,0,0,0
15:47:28,38009,0,0,0x0000,UNB,Unb: unknown_38009,,0000000000000000,0,0,0,0,··,··,0000,0.0,0.00,0.000,0,0,0,0,0,0
15:47:28,38010,0,0,0x0000,UNB,Unb: unknown_38010,,0000000000000000,0,0,0,0,··,··,0000,0.0,0.00,0.000,0,0,0,0,0,0
15:47:28,38011,0,0,0x0000,UNB,Unb: unknown_38011,,0000000000000000,0,0,0,0,··,··,0000,0.0,0.00,0.000,0,0,0,0,0,0
15:47:28,38012,0,0,0x0000,UNB,Unb: unknown_38012,,0000000000000000,0,0,0,0,··,··,0000,0.0,0.00,0.000,0,0,0,0,0,0
15:47:28,38013,0,0,0x0000,UNB,Unb: unknown_38013,,0000000000000000,0,0,0,0,··,··,0000,0.0,0.00,0.000,0,0,0,0,0,0
15:47:28,38014,0,0,0x0000,UNB,Unb: unknown_38014,,0000000000000000,0,0,0,0,··,··,0000,0.0,0.00,0.000,,,,,,
15:47:28,41000,0,0,0x0000,VERM,Verm: reset_device,,0000000000000000,0,0,0,0,··,··,0000,0.0,0.00,0.000,,,,,,
15:47:28,41100,1,1,0x0001,VERM,Verm: modbus_address,,0000000000000001,0,1,0,1,··,··,0001,0.1,0.01,0.001,,,,,,
15:47:28,41200,1,1,0x0001,VERM,Verm: backup_function,,0000000000000001,0,1,0,1,··,··,0001,0.1,0.01,0.001,,,,,,
15:47:29,42010,1,1,0x0001,VERM,Verm: force_mode,1,0000000000000001,0,1,0,1,··,··,0001,0.1,0.01,0.001,65536,1,65536,1,-,-
15:47:29,42011,0,0,0x0000,VERM,Verm: charge_to_soc,0 %,0000000000000000,0,0,0,0,··,··,0000,0.0,0.00,0.000,,,,,,
15:47:29,42020,2200,2200,0x0898,VERM,Verm: set_charge_power,2200 W,0000100010011000,8,152,8,-104,··,··,0898,220.0,22.00,2.200,,,,,,
15:47:29,43000,0,0,0x0000,VERM,Verm: user_work_mode,0,0000000000000000,0,0,0,0,··,··,0000,0.0,0.00,0.000,,,,,,
15:47:29,43101,0,0,0x0000,VERM,Verm: schedule_1_start,00:00,0000000000000000,0,0,0,0,··,··,0000,0.0,0.00,0.000,,,,,,
15:47:29,43105,0,0,0x0000,VERM,Verm: schedule_2_days,0x0000,0000000000000000,0,0,0,0,··,··,0000,0.0,0.00,0.000,0,0,0,0,0,0
15:47:29,43106,0,0,0x0000,VERM,Verm: schedule_2_start,00:00,0000000000000000,0,0,0,0,··,··,0000,0.0,0.00,0.000,0,0,0,0,0,0
15:47:29,43107,0,0,0x0000,VERM,Verm: schedule_2_end,00:00,0000000000000000,0,0,0,0,··,··,0000,0.0,0.00,0.000,0,0,0,0,0,0
15:47:29,43108,0,0,0x0000,VERM,Verm: schedule_2_mode,0 W,0000000000000000,0,0,0,0,··,··,0000,0.0,0.00,0.000,0,0,0,0,0,0
15:47:29,43109,0,0,0x0000,VERM,Verm: schedule_2_enabled,0,0000000000000000,0,0,0,0,··,··,0000,0.0,0.00,0.000,0,0,0,0,0,0
15:47:29,43110,0,0,0x0000,VERM,Verm: schedule_3_days,0x0000,0000000000000000,0,0,0,0,··,··,0000,0.0,0.00,0.000,0,0,0,0,0,0
15:47:29,43111,0,0,0x0000,VERM,Verm: schedule_3_start,00:00,0000000000000000,0,0,0,0,··,··,0000,0.0,0.00,0.000,0,0,0,0,0,0
15:47:29,43112,0,0,0x0000,VERM,Verm: schedule_3_end,00:00,0000000000000000,0,0,0,0,··,··,0000,0.0,0.00,0.000,0,0,0,0,0,0
15:47:29,43113,0,0,0x0000,VERM,Verm: schedule_3_mode,0 W,0000000000000000,0,0,0,0,··,··,0000,0.0,0.00,0.000,0,0,0,0,0,0
15:47:29,43114,0,0,0x0000,VERM,Verm: schedule_3_enabled,0,0000000000000000,0,0,0,0,··,··,0000,0.0,0.00,0.000,0,0,0,0,0,0
15:47:29,43115,0,0,0x0000,VERM,Verm: schedule_4_days,0x0000,0000000000000000,0,0,0,0,··,··,0000,0.0,0.00,0.000,0,0,0,0,0,0
15:47:29,43116,0,0,0x0000,VERM,Verm: schedule_4_start,00:00,0000000000000000,0,0,0,0,··,··,0000,0.0,0.00,0.000,0,0,0,0,0,0
15:47:29,43117,0,0,0x0000,VERM,Verm: schedule_4_end,00:00,0000000000000000,0,0,0,0,··,··,0000,0.0,0.00,0.000,0,0,0,0,0,0
15:47:29,43118,0,0,0x0000,VERM,Verm: schedule_4_mode,0 W,0000000000000000,0,0,0,0,··,··,0000,0.0,0.00,0.000,0,0,0,0,0,0
15:47:29,43119,0,0,0x0000,VERM,Verm: schedule_4_enabled,0,0000000000000000,0,0,0,0,··,··,0000,0.0,0.00,0.000,0,0,0,0,0,0
15:47:29,43120,0,0,0x0000,VERM,Verm: schedule_5_days,0x0000,0000000000000000,0,0,0,0,··,··,0000,0.0,0.00,0.000,0,0,0,0,0,0
15:47:29,43121,0,0,0x0000,VERM,Verm: schedule_5_start,00:00,0000000000000000,0,0,0,0,··,··,0000,0.0,0.00,0.000,0,0,0,0,0,0
15:47:29,43122,0,0,0x0000,VERM,Verm: schedule_5_end,00:00,0000000000000000,0,0,0,0,··,··,0000,0.0,0.00,0.000,0,0,0,0,0,0
15:47:29,43123,0,0,0x0000,VERM,Verm: schedule_5_mode,0 W,0000000000000000,0,0,0,0,··,··,0000,0.0,0.00,0.000,0,0,0,0,0,0
15:47:29,43124,0,0,0x0000,VERM,Verm: schedule_5_enabled,0,0000000000000000,0,0,0,0,··,··,0000,0.0,0.00,0.000,0,0,0,0,0,0
15:47:29,43125,0,0,0x0000,VERM,Verm: schedule_6_days,0x0000,0000000000000000,0,0,0,0,··,··,0000,0.0,0.00,0.000,0,0,0,0,0,0
15:47:29,43126,0,0,0x0000,VERM,Verm: schedule_6_start,00:00,0000000000000000,0,0,0,0,··,··,0000,0.0,0.00,0.000,0,0,0,0,0,0
15:47:29,43127,0,0,0x0000,VERM,Verm: schedule_6_end,00:00,0000000000000000,0,0,0,0,··,··,0000,0.0,0.00,0.000,0,0,0,0,0,0
15:47:29,43128,0,0,0x0000,VERM,Verm: schedule_6_mode,0 W,0000000000000000,0,0,0,0,··,··,0000,0.0,0.00,0.000,0,0,0,0,0,0
15:47:29,43129,0,0,0x0000,VERM,Verm: schedule_6_enabled,0,0000000000000000,0,0,0,0,··,··,0000,0.0,0.00,0.000,,,,,,
15:47:29,44002,0,0,0x0000,VERM,Verm: max_charge_power,0 W,0000000000000000,0,0,0,0,··,··,0000,0.0,0.00,0.000,0,0,0,0,0,0
15:47:29,44003,0,0,0x0000,VERM,Verm: max_discharge_power,0 W,0000000000000000,0,0,0,0,··,··,0000,0.0,0.00,0.000,,,,,,
15:48:29,30001,2311,2311,0x0907,OK,battery_power,2311 W,0000100100000111,9,7,9,7,··,··,0907,231.1,23.11,2.311,,,,,,
15:48:30,30006,63069,-2467,0xF65D,OK,ac_power,-2467 W,1111011001011101,246,93,-10,93,·],]·,-,6306.9,630.69,63.069,,,,,,
15:48:30,30010,0,0,0x0000,UNB,Unb: ?,,0000000000000000,0,0,0,0,··,··,0000,0.0,0.00,0.000,,,,,,
15:48:30,30020,100,100,0x0064,VERM,Verm: mppt1_voltage,10 V,0000000001100100,0,100,0,100,·d,d·,0064,10.0,1.00,0.100,6553700,6553700,6553700,6553700,-,-
15:48:30,30021,100,100,0x0064,VERM,Verm: mppt2_voltage,10 V,0000000001100100,0,100,0,100,·d,d·,0064,10.0,1.00,0.100,6553699,6488164,6553699,6488164,-,-
15:48:30,30022,99,99,0x0063,VERM,Verm: mppt3_voltage,9.900 V,0000000001100011,0,99,0,99,·c,c·,0063,9.9,0.99,0.099,6488163,6488163,6488163,6488163,-,-
15:48:30,30023,99,99,0x0063,VERM,Verm: mppt4_voltage,9.900 V,0000000001100011,0,99,0,99,·c,c·,0063,9.9,0.99,0.099,6488064,99,6488064,99,-,-
15:48:30,30024,0,0,0x0000,VERM,Verm: mppt1_current,0 A,0000000000000000,0,0,0,0,··,··,0000,0.0,0.00,0.000,0,0,0,0,0,0
15:48:30,30025,0,0,0x0000,VERM,Verm: mppt2_current,0 A,0000000000000000,0,0,0,0,··,··,0000,0.0,0.00,0.000,0,0,0,0,0,0
15:48:30,30026,0,0,0x0000,VERM,Verm: mppt3_current,0 A,0000000000000000,0,0,0,0,··,··,0000,0.0,0.00,0.000,0,0,0,0,0,0
15:48:30,30027,0,0,0x0000,VERM,Verm: mppt4_current,0 A,0000000000000000,0,0,0,0,··,··,0000,0.0,0.00,0.000,,,,,,
15:48:30,30029,13,13,0x000D,VERM,Verm: battery_power_factor,13,0000000000001101,0,13,0,13,··,··,-,1.3,0.13,0.013,851968,13,851968,13,-,-
15:48:30,30030,0,0,0x0000,UNB,Unb: ?,,0000000000000000,0,0,0,0,··,··,0000,0.0,0.00,0.000,0,0,0,0,0,0
15:48:30,30031,0,0,0x0000,UNB,Unb: ?,,0000000000000000,0,0,0,0,··,··,0000,0.0,0.00,0.000,0,0,0,0,0,0
15:48:30,30032,0,0,0x0000,UNB,Unb: ?,,0000000000000000,0,0,0,0,··,··,0000,0.0,0.00,0.000,0,0,0,0,0,0
15:48:30,30033,0,0,0x0000,UNB,Unb: ?,,0000000000000000,0,0,0,0,··,··,0000,0.0,0.00,0.000,0,0,0,0,0,0
15:48:30,30034,0,0,0x0000,UNB,Unb: ?,,0000000000000000,0,0,0,0,··,··,0000,0.0,0.00,0.000,0,0,0,0,0,0
15:48:30,30035,0,0,0x0000,UNB,Unb: ?,,0000000000000000,0,0,0,0,··,··,0000,0.0,0.00,0.000,219,14352384,219,14352384,-,-
15:48:30,30036,219,219,0x00DB,VERM,Verm: hardware_version,219,0000000011011011,0,219,0,-37,··,··,-,21.9,2.19,0.219,14352384,219,14352384,219,-,-
15:48:30,30037,0,0,0x0000,VERM,Verm: mppt1_power,0 W,0000000000000000,0,0,0,0,··,··,0000,0.0,0.00,0.000,0,0,0,0,0,0
15:48:30,30038,0,0,0x0000,VERM,Verm: mppt2_power,0 W,0000000000000000,0,0,0,0,··,··,0000,0.0,0.00,0.000,0,0,0,0,0,0
15:48:30,30039,0,0,0x0000,VERM,Verm: mppt3_power,0 W,0000000000000000,0,0,0,0,··,··,0000,0.0,0.00,0.000,0,0,0,0,0,0
15:48:30,30040,0,0,0x0000,VERM,Verm: mppt4_power,0 W,0000000000000000,0,0,0,0,··,··,0000,0.0,0.00,0.000,,,,,,
15:48:30,30100,5431,5431,0x1537,VERM,Verm: battery_voltage,54.310 V,0001010100110111,21,55,21,55,·7,7·,1537,543.1,54.31,5.431,355926444,28054839,355926444,28054839,-,-
15:48:30,30101,428,428,0x01AC,VERM,Verm: pack1_current_mirror,42.800 A,0000000110101100,1,172,1,-84,··,··,-,42.8,4.28,0.428,,,,,,
15:48:30,30106,0,0,0x0000,UNB,Unb: ?,,0000000000000000,0,0,0,0,··,··,0000,0.0,0.00,0.000,,,,,,
15:48:31,30109,0,0,0x0000,UNB,Unb: ?,,0000000000000000,0,0,0,0,··,··,0000,0.0,0.00,0.000,0,0,0,0,0,0
15:48:31,30110,0,0,0x0000,UNB,Unb: ?,,0000000000000000,0,0,0,0,··,··,0000,0.0,0.00,0.000,,,,,,
15:48:31,30201,18,18,0x0012,UNB,Unb: unknown_30201,18,0000000000010010,0,18,0,18,··,··,0012,1.8,0.18,0.018,,,,,,
15:48:31,30203,106,106,0x006A,UNB,Unb: unknown_30203,106,0000000001101010,0,106,0,106,·j,j·,-,10.6,1.06,0.106,,,,,,
15:48:31,30210,3,3,0x0003,VERM,Verm: active_pack_charge_status,3,0000000000000011,0,3,0,3,··,··,0003,0.3,0.03,0.003,196608,3,196608,3,-,-
15:48:31,30211,0,0,0x0000,UNB,Unb: ?,,0000000000000000,0,0,0,0,··,··,0000,0.0,0.00,0.000,5,327680,5,327680,-,-
15:48:31,30212,5,5,0x0005,VERM,Verm: pack_config,5,0000000000000101,0,5,0,5,··,··,0005,0.5,0.05,0.005,327680,5,327680,5,-,-
15:48:31,30213,0,0,0x0000,UNB,Unb: ?,,0000000000000000,0,0,0,0,··,··,0000,0.0,0.00,0.000,0,0,0,0,0,0
15:48:31,30214,0,0,0x0000,UNB,Unb: ?,,0000000000000000,0,0,0,0,··,··,0000,0.0,0.00,0.000,,,,,,
15:48:31,30300,1,1,0x0001,VERM,Verm: wifi_status,1,0000000000000001,0,1,0,1,··,··,0001,0.1,0.01,0.001,65537,65537,65537,65537,-,-
15:48:31,30301,1,1,0x0001,VERM,Verm: active_inverter_state,1,0000000000000001,0,1,0,1,··,··,0001,0.1,0.01,0.001,65537,65537,65537,65537,-,-
15:48:31,30302,1,1,0x0001,VERM,Verm: cloud_status,1,0000000000000001,0,1,0,1,··,··,0001,0.1,0.01,0.001,65590,3538945,65590,3538945,-,-
15:48:31,30303,54,54,0x0036,VERM,Verm: wifi_signal_strength,-54 dBm,0000000000110110,0,54,0,54,·6,6·,0036,5.4,0.54,0.054,,,,,,
15:48:31,30400,49320,-16216,0xC0A8,UNB,Unb: ip_address,192.168,1100000010101000,192,168,-64,-88,··,··,-,4932.0,493.20,49.320,,,,,,
15:48:32,31003,5,5,0x0005,VERM,Verm: pack_dependent_31003,5,0000000000000101,0,5,0,5,··,··,0005,0.5,0.05,0.005,329223,101122053,329223,101122053,-,-
15:48:32,31004,1543,1543,0x0607,VERM,Verm: pack_dependent_31004,1543,0000011000000111,6,7,6,7,··,··,0607,154.3,15.43,1.543,101122048,1543,101122048,1543,-,-
15:48:32,31005,0,0,0x0000,UNB,Unb: unknown_31005,,0000000000000000,0,0,0,0,··,··,0000,0.0,0.00,0.000,0,0,0,0,0,0
15:48:32,31006,0,0,0x0000,UNB,Unb: unknown_31006,,0000000000000000,0,0,0,0,··,··,0000,0.0,0.00,0.000,0,0,0,0,0,0
15:48:32,31007,0,0,0x0000,UNB,Unb: unknown_31007,,0000000000000000,0,0,0,0,··,··,0000,0.0,0.00,0.000,0,0,0,0,0,0
15:48:32,31008,0,0,0x0000,UNB,Unb: unknown_31008,,0000000000000000,0,0,0,0,··,··,0000,0.0,0.00,0.000,0,0,0,0,0,0
15:48:32,31009,0,0,0x0000,UNB,Unb: unknown_31009,,0000000000000000,0,0,0,0,··,··,0000,0.0,0.00,0.000,,,,,,
15:48:32,32100,5428,5428,0x1534,OK,dc_voltage,54.280 V,0001010100110100,21,52,21,52,·4,4·,1534,542.8,54.28,5.428,355729450,2757940,355729450,2757940,-,-
15:48:32,32101,42,42,0x002A,OK,dc_current,42 A,0000000000101010,0,42,0,42,·*,*·,-,4.2,0.42,0.042,2752512,42,2752512,42,-,-
15:48:32,32102,0,0,0x0000,UNB,Unb: unknown_32102,,0000000000000000,0,0,0,0,··,··,0000,0.0,0.00,0.000,0,0,0,0,0,0
15:48:32,32103,0,0,0x0000,UNB,Unb: ?,,0000000000000000,0,0,0,0,··,··,0000,0.0,0.00,0.000,,,,,,
15:48:32,32200,2411,2411,0x096B,OK,ac_voltage,241.100 V,0000100101101011,9,107,9,107,·k,k·,-,241.1,24.11,2.411,158009707,158009707,158009707,158009707,-,-
15:48:32,32201,2411,2411,0x096B,VERM,Verm: ac_voltage_2,241.100 V,0000100101101011,9,107,9,107,·k,k·,-,241.1,24.11,2.411,,,,,,
15:48:32,32204,500,500,0x01F4,OK,ac_frequency,50 Hz,0000000111110100,1,244,1,-12,··,··,-,50.0,5.00,0.500,,,,,,
15:48:32,34002,642,642,0x0282,OK,pack1_bat_soc,64.200 %,0000001010000010,2,130,2,-126,··,··,0282,64.2,6.42,0.642,,,,,,
15:48:32,34004,3,3,0x0003,VERM,Verm: pack1_charge_status,3,0000000000000011,0,3,0,3,··,··,0003,0.3,0.03,0.003,,,,,,
15:48:33,34102,601,601,0x0259,OK,pack2_bat_soc,60.100 %,0000001001011001,2,89,2,89,·Y,Y·,0259,60.1,6.01,0.601,,,,,,
15:48:33,34104,0,0,0x0000,VERM,Verm: pack2_charge_status,0,0000000000000000,0,0,0,0,··,··,0000,0.0,0.00,0.000,,,,,,
15:48:33,34202,601,601,0x0259,OK,pack3_bat_soc,60.100 %,0000001001011001,2,89,2,89,·Y,Y·,0259,60.1,6.01,0.601,,,,,,
15:48:33,34204,0,0,0x0000,VERM,Verm: pack3_charge_status,0,0000000000000000,0,0,0,0,··,··,0000,0.0,0.00,0.000,,,,,,
15:48:33,34302,601,601,0x0259,OK,pack4_bat_soc,60.100 %,0000001001011001,2,89,2,89,·Y,Y·,0259,60.1,6.01,0.601,,,,,,
15:48:33,34304,0,0,0x0000,VERM,Verm: pack4_charge_status,0,0000000000000000,0,0,0,0,··,··,0000,0.0,0.00,0.000,,,,,,
15:48:33,34402,601,601,0x0259,OK,pack5_bat_soc,60.100 %,0000001001011001,2,89,2,89,·Y,Y·,0259,60.1,6.01,0.601,,,,,,
15:48:34,34502,601,601,0x0259,OK,pack6_bat_soc,60.100 %,0000001001011001,2,89,2,89,·Y,Y·,0259,60.1,6.01,0.601,,,,,,
15:48:57,35112,500,500,0x01F4,VERM,Verm: max_discharge_power,500,0000000111110100,1,244,1,-12,··,··,-,50.0,5.00,0.500,,,,,,
15:48:57,36000,0,0,0x0000,OK,alarm_status,0x0000,0000000000000000,0,0,0,0,··,··,0000,0.0,0.00,0.000,0,0,0,0,0,0
15:48:57,36001,0,0,0x0000,OK,alarm_status_lo,0x0000,0000000000000000,0,0,0,0,··,··,0000,0.0,0.00,0.000,,,,,,
15:48:58,36100,0,0,0x0000,OK,fault_status,0x0000,0000000000000000,0,0,0,0,··,··,0000,0.0,0.00,0.000,0,0,0,0,0,0
15:48:58,36101,0,0,0x0000,VERM,Verm: fault_status_2,0x0000,0000000000000000,0,0,0,0,··,··,0000,0.0,0.00,0.000,0,0,0,0,0,0
15:48:58,36102,0,0,0x0000,OK,fault_2,0x0000,0000000000000000,0,0,0,0,··,··,0000,0.0,0.00,0.000,0,0,0,0,0,0
15:48:58,36103,0,0,0x0000,OK,fault_status_lo,0x0000,0000000000000000,0,0,0,0,··,··,0000,0.0,0.00,0.000,,,,,,
15:48:58,37000,1,1,0x0001,VERM,Verm: system_online,1,0000000000000001,0,1,0,1,··,··,0001,0.1,0.01,0.001,65536,1,65536,1,-,-
15:48:58,37001,0,0,0x0000,UNB,Unb: ?,,0000000000000000,0,0,0,0,··,··,0000,0.0,0.00,0.000,0,0,0,0,0,0
15:48:58,37002,0,0,0x0000,UNB,Unb: ?,,0000000000000000,0,0,0,0,··,··,0000,0.0,0.00,0.000,0,0,0,0,0,0
15:48:58,37003,0,0,0x0000,UNB,Unb: ?,,0000000000000000,0,0,0,0,··,··,0000,0.0,0.00,0.000,,,,,,
15:48:58,37009,0,0,0x0000,UNB,Unb: ?,,0000000000000000,0,0,0,0,··,··,0000,0.0,0.00,0.000,0,0,0,0,0,0
15:48:58,37010,0,0,0x0000,UNB,Unb: ?,,0000000000000000,0,0,0,0,··,··,0000,0.0,0.00,0.000,0,0,0,0,0,0
15:48:58,37011,0,0,0x0000,UNB,Unb: ?,,0000000000000000,0,0,0,0,··,··,0000,0.0,0.00,0.000,118,7733248,118,7733248,-,-
15:48:58,37012,118,118,0x0076,VERM,Verm: bms_version_mirror,118,0000000001110110,0,118,0,118,·v,v·,0076,11.8,1.18,0.118,7733248,118,7733248,118,-,-
15:48:58,37013,0,0,0x0000,VERM,Verm: fault_status_mirror,0x0000,0000000000000000,0,0,0,0,··,··,0000,0.0,0.00,0.000,0,0,0,0,0,0
15:48:58,37014,0,0,0x0000,VERM,Verm: fault_status_2_mirror,0x0000,0000000000000000,0,0,0,0,··,··,0000,0.0,0.00,0.000,0,0,0,0,0,0
15:48:58,37015,0,0,0x0000,UNB,Unb: ?,,0000000000000000,0,0,0,0,··,··,0000,0.0,0.00,0.000,0,0,0,0,0,0
15:48:58,37016,0,0,0x0000,VERM,Verm: offgrid_ac_voltage,0 V,0000000000000000,0,0,0,0,··,··,0000,0.0,0.00,0.000,0,0,0,0,0,0
15:48:58,37017,0,0,0x0000,UNB,Unb: ?,,0000000000000000,0,0,0,0,··,··,0000,0.0,0.00,0.000,0,0,0,0,0,0
15:48:58,37018,0,0,0x0000,UNB,Unb: ?,,0000000000000000,0,0,0,0,··,··,0000,0.0,0.00,0.000,0,0,0,0,0,0
15:48:58,37019,0,0,0x0000,UNB,Unb: ?,,0000000000000000,0,0,0,0,··,··,0000,0.0,0.00,0.000,0,0,0,0,0,0
15:48:58,37020,0,0,0x0000,UNB,Unb: ?,,0000000000000000,0,0,0,0,··,··,0000,0.0,0.00,0.000,0,0,0,0,0,0
15:48:58,37021,0,0,0x0000,UNB,Unb: ?,,0000000000000000,0,0,0,0,··,··,0000,0.0,0.00,0.000,0,0,0,0,0,0
15:48:58,37022,0,0,0x0000,VERM,Verm: offgrid_dc_voltage,0 V,0000000000000000,0,0,0,0,··,··,0000,0.0,0.00,0.000,0,0,0,0,0,0
15:48:58,37023,0,0,0x0000,UNB,Unb: ?,,0000000000000000,0,0,0,0,··,··,0000,0.0,0.00,0.000,0,0,0,0,0,0
15:48:58,37024,0,0,0x0000,UNB,Unb: ?,,0000000000000000,0,0,0,0,··,··,0000,0.0,0.00,0.000,,,,,,
15:48:58,38000,0,0,0x0000,UNB,Unb: unknown_38000,,0000000000000000,0,0,0,0,··,··,0000,0.0,0.00,0.000,0,0,0,0,0,0
15:48:58,38001,0,0,0x0000,UNB,Unb: unknown_38001,,0000000000000000,0,0,0,0,··,··,0000,0.0,0.00,0.000,0,0,0,0,0,0
15:48:58,38002,0,0,0x0000,UNB,Unb: unknown_38002,,0000000000000000,0,0,0,0,··,··,0000,0.0,0.00,0.000,0,0,0,0,0,0
15:48:58,38003,0,0,0x0000,UNB,Unb: unknown_38003,,0000000000000000,0,0,0,0,··,··,0000,0.0,0.00,0.000,0,0,0,0,0,0
15:48:58,38004,0,0,0x0000,UNB,Unb: unknown_38004,,0000000000000000,0,0,0,0,··,··,0000,0.0,0.00,0.000,0,0,0,0,0,0
15:48:58,38005,0,0,0x0000,UNB,Unb: unknown_38005,,0000000000000000,0,0,0,0,··,··,0000,0.0,0.00,0.000,0,0,0,0,0,0
15:48:58,38006,0,0,0x0000,UNB,Unb: unknown_38006,,0000000000000000,0,0,0,0,··,··,0000,0.0,0.00,0.000,0,0,0,0,0,0
15:48:58,38007,0,0,0x0000,UNB,Unb: unknown_38007,,0000000000000000,0,0,0,0,··,··,0000,0.0,0.00,0.000,0,0,0,0,0,0
15:48:58,38008,0,0,0x0000,UNB,Unb: unknown_38008,,0000000000000000,0,0,0,0,··,··,0000,0.0,0.00,0.000,0,0,0,0,0,0
15:48:58,38009,0,0,0x0000,UNB,Unb: unknown_38009,,0000000000000000,0,0,0,0,··,··,0000,0.0,0.00,0.000,0,0,0,0,0,0
15:48:58,38010,0,0,0x0000,UNB,Unb: unknown_38010,,0000000000000000,0,0,0,0,··,··,0000,0.0,0.00,0.000,0,0,0,0,0,0
15:48:58,38011,0,0,0x0000,UNB,Unb: unknown_38011,,0000000000000000,0,0,0,0,··,··,0000,0.0,0.00,0.000,0,0,0,0,0,0
15:48:58,38012,0,0,0x0000,UNB,Unb: unknown_38012,,0000000000000000,0,0,0,0,··,··,0000,0.0,0.00,0.000,0,0,0,0,0,0
15:48:58,38013,0,0,0x0000,UNB,Unb: unknown_38013,,0000000000000000,0,0,0,0,··,··,0000,0.0,0.00,0.000,0,0,0,0,0,0
15:48:58,38014,0,0,0x0000,UNB,Unb: unknown_38014,,0000000000000000,0,0,0,0,··,··,0000,0.0,0.00,0.000,,,,,,
15:48:58,41000,0,0,0x0000,VERM,Verm: reset_device,,0000000000000000,0,0,0,0,··,··,0000,0.0,0.00,0.000,,,,,,
15:48:58,41100,1,1,0x0001,VERM,Verm: modbus_address,,0000000000000001,0,1,0,1,··,··,0001,0.1,0.01,0.001,,,,,,
15:48:59,41200,1,1,0x0001,VERM,Verm: backup_function,,0000000000000001,0,1,0,1,··,··,0001,0.1,0.01,0.001,,,,,,
15:48:59,42010,1,1,0x0001,VERM,Verm: force_mode,1,0000000000000001,0,1,0,1,··,··,0001,0.1,0.01,0.001,65536,1,65536,1,-,-
15:48:59,42011,0,0,0x0000,VERM,Verm: charge_to_soc,0 %,0000000000000000,0,0,0,0,··,··,0000,0.0,0.00,0.000,,,,,,
15:48:59,42020,2200,2200,0x0898,VERM,Verm: set_charge_power,2200 W,0000100010011000,8,152,8,-104,··,··,0898,220.0,22.00,2.200,,,,,,
15:48:59,43000,0,0,0x0000,VERM,Verm: user_work_mode,0,0000000000000000,0,0,0,0,··,··,0000,0.0,0.00,0.000,,,,,,
15:48:59,43101,0,0,0x0000,VERM,Verm: schedule_1_start,00:00,0000000000000000,0,0,0,0,··,··,0000,0.0,0.00,0.000,,,,,,
15:48:59,43105,0,0,0x0000,VERM,Verm: schedule_2_days,0x0000,0000000000000000,0,0,0,0,··,··,0000,0.0,0.00,0.000,0,0,0,0,0,0
15:48:59,43106,0,0,0x0000,VERM,Verm: schedule_2_start,00:00,0000000000000000,0,0,0,0,··,··,0000,0.0,0.00,0.000,0,0,0,0,0,0
15:48:59,43107,0,0,0x0000,VERM,Verm: schedule_2_end,00:00,0000000000000000,0,0,0,0,··,··,0000,0.0,0.00,0.000,0,0,0,0,0,0
15:48:59,43108,0,0,0x0000,VERM,Verm: schedule_2_mode,0 W,0000000000000000,0,0,0,0,··,··,0000,0.0,0.00,0.000,0,0,0,0,0,0
15:48:59,43109,0,0,0x0000,VERM,Verm: schedule_2_enabled,0,0000000000000000,0,0,0,0,··,··,0000,0.0,0.00,0.000,0,0,0,0,0,0
15:48:59,43110,0,0,0x0000,VERM,Verm: schedule_3_days,0x0000,0000000000000000,0,0,0,0,··,··,0000,0.0,0.00,0.000,0,0,0,0,0,0
15:48:59,43111,0,0,0x0000,VERM,Verm: schedule_3_start,00:00,0000000000000000,0,0,0,0,··,··,0000,0.0,0.00,0.000,0,0,0,0,0,0
15:48:59,43112,0,0,0x0000,VERM,Verm: schedule_3_end,00:00,0000000000000000,0,0,0,0,··,··,0000,0.0,0.00,0.000,0,0,0,0,0,0
15:48:59,43113,0,0,0x0000,VERM,Verm: schedule_3_mode,0 W,0000000000000000,0,0,0,0,··,··,0000,0.0,0.00,0.000,0,0,0,0,0,0
15:48:59,43114,0,0,0x0000,VERM,Verm: schedule_3_enabled,0,0000000000000000,0,0,0,0,··,··,0000,0.0,0.00,0.000,0,0,0,0,0,0
15:48:59,43115,0,0,0x0000,VERM,Verm: schedule_4_days,0x0000,0000000000000000,0,0,0,0,··,··,0000,0.0,0.00,0.000,0,0,0,0,0,0
15:48:59,43116,0,0,0x0000,VERM,Verm: schedule_4_start,00:00,0000000000000000,0,0,0,0,··,··,0000,0.0,0.00,0.000,0,0,0,0,0,0
15:48:59,43117,0,0,0x0000,VERM,Verm: schedule_4_end,00:00,0000000000000000,0,0,0,0,··,··,0000,0.0,0.00,0.000,0,0,0,0,0,0
15:48:59,43118,0,0,0x0000,VERM,Verm: schedule_4_mode,0 W,0000000000000000,0,0,0,0,··,··,0000,0.0,0.00,0.000,0,0,0,0,0,0
15:48:59,43119,0,0,0x0000,VERM,Verm: schedule_4_enabled,0,0000000000000000,0,0,0,0,··,··,0000,0.0,0.00,0.000,0,0,0,0,0,0
15:48:59,43120,0,0,0x0000,VERM,Verm: schedule_5_days,0x0000,0000000000000000,0,0,0,0,··,··,0000,0.0,0.00,0.000,0,0,0,0,0,0
15:48:59,43121,0,0,0x0000,VERM,Verm: schedule_5_start,00:00,0000000000000000,0,0,0,0,··,··,0000,0.0,0.00,0.000,0,0,0,0,0,0
15:48:59,43122,0,0,0x0000,VERM,Verm: schedule_5_end,00:00,0000000000000000,0,0,0,0,··,··,0000,0.0,0.00,0.000,0,0,0,0,0,0
15:48:59,43123,0,0,0x0000,VERM,Verm: schedule_5_mode,0 W,0000000000000000,0,0,0,0,··,··,0000,0.0,0.00,0.000,0,0,0,0,0,0
15:48:59,43124,0,0,0x0000,VERM,Verm: schedule_5_enabled,0,0000000000000000,0,0,0,0,··,··,0000,0.0,0.00,0.000,0,0,0,0,0,0
15:48:59,43125,0,0,0x0000,VERM,Verm: schedule_6_days,0x0000,0000000000000000,0,0,0,0,··,··,0000,0.0,0.00,0.000,0,0,0,0,0,0
15:48:59,43126,0,0,0x0000,VERM,Verm: schedule_6_start,00:00,0000000000000000,0,0,0,0,··,··,0000,0.0,0.00,0.000,0,0,0,0,0,0
15:48:59,43127,0,0,0x0000,VERM,Verm: schedule_6_end,00:00,0000000000000000,0,0,0,0,··,··,0000,0.0,0.00,0.000,0,0,0,0,0,0
15:48:59,43128,0,0,0x0000,VERM,Verm: schedule_6_mode,0 W,0000000000000000,0,0,0,0,··,··,0000,0.0,0.00,0.000,0,0,0,0,0,0
15:48:59,43129,0,0,0x0000,VERM,Verm: schedule_6_enabled,0,0000000000000000,0,0,0,0,··,··,0000,0.0,0.00,0.000,,,,,,
15:49:00,44002,0,0,0x0000,VERM,Verm: max_charge_power,0 W,0000000000000000,0,0,0,0,··,··,0000,0.0,0.00,0.000,0,0,0,0,0,0
15:49:00,44003,0,0,0x0000,VERM,Verm: max_discharge_power,0 W,0000000000000000,0,0,0,0,··,··,0000,0.0,0.00,0.000,,,,,,
15:50:00,30001,2310,2310,0x0906,OK,battery_power,2310 W,0000100100000110,9,6,9,6,··,··,0906,231.0,23.10,2.310,,,,,,
15:50:00,30006,63068,-2468,0xF65C,OK,ac_power,-2468 W,1111011001011100,246,92,-10,92,·\,\·,-,6306.8,630.68,63.068,,,,,,
15:50:00,30010,0,0,0x0000,UNB,Unb: ?,,0000000000000000,0,0,0,0,··,··,0000,0.0,0.00,0.000,,,,,,
15:50:00,30020,100,100,0x0064,VERM,Verm: mppt1_voltage,10 V,0000000001100100,0,100,0,100,·d,d·,0064,10.0,1.00,0.100,6553700,6553700,6553700,6553700,-,-
15:50:00,30021,100,100,0x0064,VERM,Verm: mppt2_voltage,10 V,0000000001100100,0,100,0,100,·d,d·,0064,10.0,1.00,0.100,6553699,6488164,6553699,6488164,-,-
15:50:00,30022,99,99,0x0063,VERM,Verm: mppt3_voltage,9.900 V,0000000001100011,0,99,0,99,·c,c·,0063,9.9,0.99,0.099,6488163,6488163,6488163,6488163,-,-
15:50:00,30023,99,99,0x0063,VERM,Verm: mppt4_voltage,9.900 V,0000000001100011,0,99,0,99,·c,c·,0063,9.9,0.99,0.099,6488064,99,6488064,99,-,-
15:50:00,30024,0,0,0x0000,VERM,Verm: mppt1_current,0 A,0000000000000000,0,0,0,0,··,··,0000,0.0,0.00,0.000,0,0,0,0,0,0
15:50:00,30025,0,0,0x0000,VERM,Verm: mppt2_current,0 A,0000000000000000,0,0,0,0,··,··,0000,0.0,0.00,0.000,0,0,0,0,0,0
15:50:00,30026,0,0,0x0000,VERM,Verm: mppt3_current,0 A,0000000000000000,0,0,0,0,··,··,0000,0.0,0.00,0.000,0,0,0,0,0,0
15:50:00,30027,0,0,0x0000,VERM,Verm: mppt4_current,0 A,0000000000000000,0,0,0,0,··,··,0000,0.0,0.00,0.000,,,,,,
15:50:00,30029,13,13,0x000D,VERM,Verm: battery_power_factor,13,0000000000001101,0,13,0,13,··,··,-,1.3,0.13,0.013,851968,13,851968,13,-,-
15:50:00,30030,0,0,0x0000,UNB,Unb: ?,,0000000000000000,0,0,0,0,··,··,0000,0.0,0.00,0.000,0,0,0,0,0,0
15:50:00,30031,0,0,0x0000,UNB,Unb: ?,,0000000000000000,0,0,0,0,··,··,0000,0.0,0.00,0.000,0,0,0,0,0,0
15:50:00,30032,0,0,0x0000,UNB,Unb: ?,,0000000000000000,0,0,0,0,··,··,0000,0.0,0.00,0.000,0,0,0,0,0,0
15:50:00,30033,0,0,0x0000,UNB,Unb: ?,,0000000000000000,0,0,0,0,··,··,0000,0.0,0.00,0.000,0,0,0,0,0,0
15:50:00,30034,0,0,0x0000,UNB,Unb: ?,,0000000000000000,0,0,0,0,··,··,0000,0.0,0.00,0.000,0,0,0,0,0,0
15:50:00,30035,0,0,0x0000,UNB,Unb: ?,,0000000000000000,0,0,0,0,··,··,0000,0.0,0.00,0.000,219,14352384,219,14352384,-,-
15:50:00,30036,219,219,0x00DB,VERM,Verm: hardware_version,219,0000000011011011,0,219,0,-37,··,··,-,21.9,2.19,0.219,14352384,219,14352384,219,-,-
15:50:00,30037,0,0,0x0000,VERM,Verm: mppt1_power,0 W,0000000000000000,0,0,0,0,··,··,0000,0.0,0.00,0.000,0,0,0,0,0,0
15:50:00,30038,0,0,0x0000,VERM,Verm: mppt2_power,0 W,0000000000000000,0,0,0,0,··,··,0000,0.0,0.00,0.000,0,0,0,0,0,0
15:50:00,30039,0,0,0x0000,VERM,Verm: mppt3_power,0 W,0000000000000000,0,0,0,0,··,··,0000,0.0,0.00,0.000,0,0,0,0,0,0
15:50:00,30040,0,0,0x0000,VERM,Verm: mppt4_power,0 W,0000000000000000,0,0,0,0,··,··,0000,0.0,0.00,0.000,,,,,,
15:50:00,30100,5443,5443,0x1543,VERM,Verm: battery_voltage,54.430 V,0001010101000011,21,67,21,67,·C,C·,1543,544.3,54.43,5.443,356712876,28054851,356712876,28054851,-,-
15:50:00,30101,428,428,0x01AC,VERM,Verm: pack1_current_mirror,42.800 A,0000000110101100,1,172,1,-84,··,··,-,42.8,4.28,0.428,,,,,,
15:50:01,30106,0,0,0x0000,UNB,Unb: ?,,0000000000000000,0,0,0,0,··,··,0000,0.0,0.00,0.000,,,,,,
15:50:01,30109,0,0,0x0000,UNB,Unb: ?,,0000000000000000,0,0,0,0,··,··,0000,0.0,0.00,0.000,0,0,0,0,0,0
15:50:01,30110,0,0,0x0000,UNB,Unb: ?,,0000000000000000,0,0,0,0,··,··,0000,0.0,0.00,0.000,,,,,,
15:50:01,30201,18,18,0x0012,UNB,Unb: unknown_30201,18,0000000000010010,0,18,0,18,··,··,0012,1.8,0.18,0.018,,,,,,
15:50:01,30203,106,106,0x006A,UNB,Unb: unknown_30203,106,0000000001101010,0,106,0,106,·j,j·,-,10.6,1.06,0.106,,,,,,
15:50:01,30210,3,3,0x0003,VERM,Verm: active_pack_charge_status,3,0000000000000011,0,3,0,3,··,··,0003,0.3,0.03,0.003,196608,3,196608,3,-,-
15:50:01,30211,0,0,0x0000,UNB,Unb: ?,,0000000000000000,0,0,0,0,··,··,0000,0.0,0.00,0.000,5,327680,5,327680,-,-
15:50:01,30212,5,5,0x0005,VERM,Verm: pack_config,5,0000000000000101,0,5,0,5,··,··,0005,0.5,0.05,0.005,327680,5,327680,5,-,-
15:50:01,30213,0,0,0x0000,UNB,Unb: ?,,0000000000000000,0,0,0,0,··,··,0000,0.0,0.00,0.000,0,0,0,0,0,0
15:50:01,30214,0,0,0x0000,UNB,Unb: ?,,0000000000000000,0,0,0,0,··,··,0000,0.0,0.00,0.000,,,,,,
15:50:01,30300,1,1,0x0001,VERM,Verm: wifi_status,1,0000000000000001,0,1,0,1,··,··,0001,0.1,0.01,0.001,65537,65537,65537,65537,-,-
15:50:01,30301,1,1,0x0001,VERM,Verm: active_inverter_state,1,0000000000000001,0,1,0,1,··,··,0001,0.1,0.01,0.001,65537,65537,65537,65537,-,-
15:50:01,30302,1,1,0x0001,VERM,Verm: cloud_status,1,0000000000000001,0,1,0,1,··,··,0001,0.1,0.01,0.001,65590,3538945,65590,3538945,-,-
15:50:01,30303,54,54,0x0036,VERM,Verm: wifi_signal_strength,-54 dBm,0000000000110110,0,54,0,54,·6,6·,0036,5.4,0.54,0.054,,,,,,
15:50:02,30400,49320,-16216,0xC0A8,UNB,Unb: ip_address,192.168,1100000010101000,192,168,-64,-88,··,··,-,4932.0,493.20,49.320,,,,,,
15:50:02,31003,5,5,0x0005,VERM,Verm: pack_dependent_31003,5,0000000000000101,0,5,0,5,··,··,0005,0.5,0.05,0.005,329223,101122053,329223,101122053,-,-
15:50:02,31004,1543,1543,0x0607,VERM,Verm: pack_dependent_31004,1543,0000011000000111,6,7,6,7,··,··,0607,154.3,15.43,1.543,101122048,1543,101122048,1543,-,-
15:50:02,31005,0,0,0x0000,UNB,Unb: unknown_31005,,0000000000000000,0,0,0,0,··,··,0000,0.0,0.00,0.000,0,0,0,0,0,0
15:50:02,31006,0,0,0x0000,UNB,Unb: unknown_31006,,0000000000000000,0,0,0,0,··,··,0000,0.0,0.00,0.000,0,0,0,0,0,0
15:50:02,31007,0,0,0x0000,UNB,Unb: unknown_31007,,0000000000000000,0,0,0,0,··,··,0000,0.0,0.00,0.000,0,0,0,0,0,0
15:50:02,31008,0,0,0x0000,UNB,Unb: unknown_31008,,0000000000000000,0,0,0,0,··,··,0000,0.0,0.00,0.000,0,0,0,0,0,0
15:50:02,31009,0,0,0x0000,UNB,Unb: unknown_31009,,0000000000000000,0,0,0,0,··,··,0000,0.0,0.00,0.000,,,,,,
15:50:02,32100,5436,5436,0x153C,OK,dc_voltage,54.360 V,0001010100111100,21,60,21,60,·<,<·,-,543.6,54.36,5.436,356253738,2757948,356253738,2757948,-,-
15:50:02,32101,42,42,0x002A,OK,dc_current,42 A,0000000000101010,0,42,0,42,·*,*·,-,4.2,0.42,0.042,2752512,42,2752512,42,-,-
15:50:02,32102,0,0,0x0000,UNB,Unb: unknown_32102,,0000000000000000,0,0,0,0,··,··,0000,0.0,0.00,0.000,0,0,0,0,0,0
15:50:02,32103,0,0,0x0000,UNB,Unb: ?,,0000000000000000,0,0,0,0,··,··,0000,0.0,0.00,0.000,,,,,,
15:50:02,32200,2398,2398,0x095E,OK,ac_voltage,239.800 V,0000100101011110,9,94,9,94,·^,^·,-,239.8,23.98,2.398,157157726,157157726,157157726,157157726,-,-
15:50:02,32201,2398,2398,0x095E,VERM,Verm: ac_voltage_2,239.800 V,0000100101011110,9,94,9,94,·^,^·,-,239.8,23.98,2.398,,,,,,
15:50:02,32204,500,500,0x01F4,OK,ac_frequency,50 Hz,0000000111110100,1,244,1,-12,··,··,-,50.0,5.00,0.500,,,,,,
15:50:02,34002,664,664,0x0298,OK,pack1_bat_soc,66.400 %,0000001010011000,2,152,2,-104,··,··,0298,66.4,6.64,0.664,,,,,,
15:50:03,34004,3,3,0x0003,VERM,Verm: pack1_charge_status,3,0000000000000011,0,3,0,3,··,··,0003,0.3,0.03,0.003,,,,,,
15:50:03,34102,601,601,0x0259,OK,pack2_bat_soc,60.100 %,0000001001011001,2,89,2,89,·Y,Y·,0259,60.1,6.01,0.601,,,,,,
15:50:03,34104,0,0,0x0000,VERM,Verm: pack2_charge_status,0,0000000000000000,0,0,0,0,··,··,0000,0.0,0.00,0.000,,,,,,
15:50:03,34202,601,601,0x0259,OK,pack3_bat_soc,60.100 %,0000001001011001,2,89,2,89,·Y,Y·,0259,60.1,6.01,0.601,,,,,,
15:50:03,34204,0,0,0x0000,VERM,Verm: pack3_charge_status,0,0000000000000000,0,0,0,0,··,··,0000,0.0,0.00,0.000,,,,,,
15:50:03,34302,601,601,0x0259,OK,pack4_bat_soc,60.100 %,0000001001011001,2,89,2,89,·Y,Y·,0259,60.1,6.01,0.601,,,,,,
15:50:04,34304,0,0,0x0000,VERM,Verm: pack4_charge_status,0,0000000000000000,0,0,0,0,··,··,0000,0.0,0.00,0.000,,,,,,
15:50:04,34402,601,601,0x0259,OK,pack5_bat_soc,60.100 %,0000001001011001,2,89,2,89,·Y,Y·,0259,60.1,6.01,0.601,,,,,,
15:50:04,34502,601,601,0x0259,OK,pack6_bat_soc,60.100 %,0000001001011001,2,89,2,89,·Y,Y·,0259,60.1,6.01,0.601,,,,,,
15:50:27,35112,500,500,0x01F4,VERM,Verm: max_discharge_power,500,0000000111110100,1,244,1,-12,··,··,-,50.0,5.00,0.500,,,,,,
15:50:28,36000,0,0,0x0000,OK,alarm_status,0x0000,0000000000000000,0,0,0,0,··,··,0000,0.0,0.00,0.000,0,0,0,0,0,0
15:50:28,36001,0,0,0x0000,OK,alarm_status_lo,0x0000,0000000000000000,0,0,0,0,··,··,0000,0.0,0.00,0.000,,,,,,
15:50:28,36100,0,0,0x0000,OK,fault_status,0x0000,0000000000000000,0,0,0,0,··,··,0000,0.0,0.00,0.000,0,0,0,0,0,0
15:50:28,36101,0,0,0x0000,VERM,Verm: fault_status_2,0x0000,0000000000000000,0,0,0,0,··,··,0000,0.0,0.00,0.000,0,0,0,0,0,0
15:50:28,36102,0,0,0x0000,OK,fault_2,0x0000,0000000000000000,0,0,0,0,··,··,0000,0.0,0.00,0.000,0,0,0,0,0,0
15:50:28,36103,0,0,0x0000,OK,fault_status_lo,0x0000,0000000000000000,0,0,0,0,··,··,0000,0.0,0.00,0.000,,,,,,
15:50:28,37000,1,1,0x0001,VERM,Verm: system_online,1,0000000000000001,0,1,0,1,··,··,0001,0.1,0.01,0.001,65536,1,65536,1,-,-
15:50:28,37001,0,0,0x0000,UNB,Unb: ?,,0000000000000000,0,0,0,0,··,··,0000,0.0,0.00,0.000,0,0,0,0,0,0
15:50:28,37002,0,0,0x0000,UNB,Unb: ?,,0000000000000000,0,0,0,0,··,··,0000,0.0,0.00,0.000,0,0,0,0,0,0
15:50:28,37003,0,0,0x0000,UNB,Unb: ?,,0000000000000000,0,0,0,0,··,··,0000,0.0,0.00,0.000,,,,,,
15:50:28,37009,0,0,0x0000,UNB,Unb: ?,,0000000000000000,0,0,0,0,··,··,0000,0.0,0.00,0.000,0,0,0,0,0,0
15:50:28,37010,0,0,0x0000,UNB,Unb: ?,,0000000000000000,0,0,0,0,··,··,0000,0.0,0.00,0.000,0,0,0,0,0,0
15:50:28,37011,0,0,0x0000,UNB,Unb: ?,,0000000000000000,0,0,0,0,··,··,0000,0.0,0.00,0.000,118,7733248,118,7733248,-,-
15:50:28,37012,118,118,0x0076,VERM,Verm: bms_version_mirror,118,0000000001110110,0,118,0,118,·v,v·,0076,11.8,1.18,0.118,7733248,118,7733248,118,-,-
15:50:28,37013,0,0,0x0000,VERM,Verm: fault_status_mirror,0x0000,0000000000000000,0,0,0,0,··,··,0000,0.0,0.00,0.000,0,0,0,0,0,0
15:50:28,37014,0,0,0x0000,VERM,Verm: fault_status_2_mirror,0x0000,0000000000000000,0,0,0,0,··,··,0000,0.0,0.00,0.000,0,0,0,0,0,0
15:50:28,37015,0,0,0x0000,UNB,Unb: ?,,0000000000000000,0,0,0,0,··,··,0000,0.0,0.00,0.000,0,0,0,0,0,0
15:50:28,37016,0,0,0x0000,VERM,Verm: offgrid_ac_voltage,0 V,0000000000000000,0,0,0,0,··,··,0000,0.0,0.00,0.000,0,0,0,0,0,0
15:50:28,37017,0,0,0x0000,UNB,Unb: ?,,0000000000000000,0,0,0,0,··,··,0000,0.0,0.00,0.000,0,0,0,0,0,0
15:50:28,37018,0,0,0x0000,UNB,Unb: ?,,0000000000000000,0,0,0,0,··,··,0000,0.0,0.00,0.000,0,0,0,0,0,0
15:50:28,37019,0,0,0x0000,UNB,Unb: ?,,0000000000000000,0,0,0,0,··,··,0000,0.0,0.00,0.000,0,0,0,0,0,0
15:50:28,37020,0,0,0x0000,UNB,Unb: ?,,0000000000000000,0,0,0,0,··,··,0000,0.0,0.00,0.000,0,0,0,0,0,0
15:50:28,37021,0,0,0x0000,UNB,Unb: ?,,0000000000000000,0,0,0,0,··,··,0000,0.0,0.00,0.000,0,0,0,0,0,0
15:50:28,37022,0,0,0x0000,VERM,Verm: offgrid_dc_voltage,0 V,0000000000000000,0,0,0,0,··,··,0000,0.0,0.00,0.000,0,0,0,0,0,0
15:50:28,37023,0,0,0x0000,UNB,Unb: ?,,0000000000000000,0,0,0,0,··,··,0000,0.0,0.00,0.000,0,0,0,0,0,0
15:50:28,37024,0,0,0x0000,UNB,Unb: ?,,0000000000000000,0,0,0,0,··,··,0000,0.0,0.00,0.000,,,,,,
15:50:28,38000,0,0,0x0000,UNB,Unb: unknown_38000,,0000000000000000,0,0,0,0,··,··,0000,0.0,0.00,0.000,0,0,0,0,0,0
15:50:28,38001,0,0,0x0000,UNB,Unb: unknown_38001,,0000000000000000,0,0,0,0,··,··,0000,0.0,0.00,0.000,0,0,0,0,0,0
15:50:28,38002,0,0,0x0000,UNB,Unb: unknown_38002,,0000000000000000,0,0,0,0,··,··,0000,0.0,0.00,0.000,0,0,0,0,0,0
15:50:28,38003,0,0,0x0000,UNB,Unb: unknown_38003,,0000000000000000,0,0,0,0,··,··,0000,0.0,0.00,0.000,0,0,0,0,0,0
15:50:28,38004,0,0,0x0000,UNB,Unb: unknown_38004,,0000000000000000,0,0,0,0,··,··,0000,0.0,0.00,0.000,0,0,0,0,0,0
15:50:28,38005,0,0,0x0000,UNB,Unb: unknown_38005,,0000000000000000,0,0,0,0,··,··,0000,0.0,0.00,0.000,0,0,0,0,0,0
15:50:28,38006,0,0,0x0000,UNB,Unb: unknown_38006,,0000000000000000,0,0,0,0,··,··,0000,0.0,0.00,0.000,0,0,0,0,0,0
15:50:28,38007,0,0,0x0000,UNB,Unb: unknown_38007,,0000000000000000,0,0,0,0,··,··,0000,0.0,0.00,0.000,0,0,0,0,0,0
15:50:28,38008,0,0,0x0000,UNB,Unb: unknown_38008,,0000000000000000,0,0,0,0,··,··,0000,0.0,0.00,0.000,0,0,0,0,0,0
15:50:28,38009,0,0,0x0000,UNB,Unb: unknown_38009,,0000000000000000,0,0,0,0,··,··,0000,0.0,0.00,0.000,0,0,0,0,0,0
15:50:28,38010,0,0,0x0000,UNB,Unb: unknown_38010,,0000000000000000,0,0,0,0,··,··,0000,0.0,0.00,0.000,0,0,0,0,0,0
15:50:28,38011,0,0,0x0000,UNB,Unb: unknown_38011,,0000000000000000,0,0,0,0,··,··,0000,0.0,0.00,0.000,0,0,0,0,0,0
15:50:28,38012,0,0,0x0000,UNB,Unb: unknown_38012,,0000000000000000,0,0,0,0,··,··,0000,0.0,0.00,0.000,0,0,0,0,0,0
15:50:28,38013,0,0,0x0000,UNB,Unb: unknown_38013,,0000000000000000,0,0,0,0,··,··,0000,0.0,0.00,0.000,0,0,0,0,0,0
15:50:28,38014,0,0,0x0000,UNB,Unb: unknown_38014,,0000000000000000,0,0,0,0,··,··,0000,0.0,0.00,0.000,,,,,,
15:50:28,41000,0,0,0x0000,VERM,Verm: reset_device,,0000000000000000,0,0,0,0,··,··,0000,0.0,0.00,0.000,,,,,,
15:50:29,41100,1,1,0x0001,VERM,Verm: modbus_address,,0000000000000001,0,1,0,1,··,··,0001,0.1,0.01,0.001,,,,,,
15:50:29,41200,1,1,0x0001,VERM,Verm: backup_function,,0000000000000001,0,1,0,1,··,··,0001,0.1,0.01,0.001,,,,,,
15:50:29,42010,1,1,0x0001,VERM,Verm: force_mode,1,0000000000000001,0,1,0,1,··,··,0001,0.1,0.01,0.001,65536,1,65536,1,-,-
15:50:29,42011,0,0,0x0000,VERM,Verm: charge_to_soc,0 %,0000000000000000,0,0,0,0,··,··,0000,0.0,0.00,0.000,,,,,,
15:50:29,42020,2200,2200,0x0898,VERM,Verm: set_charge_power,2200 W,0000100010011000,8,152,8,-104,··,··,0898,220.0,22.00,2.200,,,,,,
15:50:29,43000,0,0,0x0000,VERM,Verm: user_work_mode,0,0000000000000000,0,0,0,0,··,··,0000,0.0,0.00,0.000,,,,,,
15:50:29,43101,0,0,0x0000,VERM,Verm: schedule_1_start,00:00,0000000000000000,0,0,0,0,··,··,0000,0.0,0.00,0.000,,,,,,
15:50:30,43105,0,0,0x0000,VERM,Verm: schedule_2_days,0x0000,0000000000000000,0,0,0,0,··,··,0000,0.0,0.00,0.000,0,0,0,0,0,0
15:50:30,43106,0,0,0x0000,VERM,Verm: schedule_2_start,00:00,0000000000000000,0,0,0,0,··,··,0000,0.0,0.00,0.000,0,0,0,0,0,0
15:50:30,43107,0,0,0x0000,VERM,Verm: schedule_2_end,00:00,0000000000000000,0,0,0,0,··,··,0000,0.0,0.00,0.000,0,0,0,0,0,0
15:50:30,43108,0,0,0x0000,VERM,Verm: schedule_2_mode,0 W,0000000000000000,0,0,0,0,··,··,0000,0.0,0.00,0.000,0,0,0,0,0,0
15:50:30,43109,0,0,0x0000,VERM,Verm: schedule_2_enabled,0,0000000000000000,0,0,0,0,··,··,0000,0.0,0.00,0.000,0,0,0,0,0,0
15:50:30,43110,0,0,0x0000,VERM,Verm: schedule_3_days,0x0000,0000000000000000,0,0,0,0,··,··,0000,0.0,0.00,0.000,0,0,0,0,0,0
15:50:30,43111,0,0,0x0000,VERM,Verm: schedule_3_start,00:00,0000000000000000,0,0,0,0,··,··,0000,0.0,0.00,0.000,0,0,0,0,0,0
15:50:30,43112,0,0,0x0000,VERM,Verm: schedule_3_end,00:00,0000000000000000,0,0,0,0,··,··,0000,0.0,0.00,0.000,0,0,0,0,0,0
15:50:30,43113,0,0,0x0000,VERM,Verm: schedule_3_mode,0 W,0000000000000000,0,0,0,0,··,··,0000,0.0,0.00,0.000,0,0,0,0,0,0
15:50:30,43114,0,0,0x0000,VERM,Verm: schedule_3_enabled,0,0000000000000000,0,0,0,0,··,··,0000,0.0,0.00,0.000,0,0,0,0,0,0
15:50:30,43115,0,0,0x0000,VERM,Verm: schedule_4_days,0x0000,0000000000000000,0,0,0,0,··,··,0000,0.0,0.00,0.000,0,0,0,0,0,0
15:50:30,43116,0,0,0x0000,VERM,Verm: schedule_4_start,00:00,0000000000000000,0,0,0,0,··,··,0000,0.0,0.00,0.000,0,0,0,0,0,0
15:50:30,43117,0,0,0x0000,VERM,Verm: schedule_4_end,00:00,0000000000000000,0,0,0,0,··,··,0000,0.0,0.00,0.000,0,0,0,0,0,0
15:50:30,43118,0,0,0x0000,VERM,Verm: schedule_4_mode,0 W,0000000000000000,0,0,0,0,··,··,0000,0.0,0.00,0.000,0,0,0,0,0,0
15:50:30,43119,0,0,0x0000,VERM,Verm: schedule_4_enabled,0,0000000000000000,0,0,0,0,··,··,0000,0.0,0.00,0.000,0,0,0,0,0,0
15:50:30,43120,0,0,0x0000,VERM,Verm: schedule_5_days,0x0000,0000000000000000,0,0,0,0,··,··,0000,0.0,0.00,0.000,0,0,0,0,0,0
15:50:30,43121,0,0,0x0000,VERM,Verm: schedule_5_start,00:00,0000000000000000,0,0,0,0,··,··,0000,0.0,0.00,0.000,0,0,0,0,0,0
15:50:30,43122,0,0,0x0000,VERM,Verm: schedule_5_end,00:00,0000000000000000,0,0,0,0,··,··,0000,0.0,0.00,0.000,0,0,0,0,0,0
15:50:30,43123,0,0,0x0000,VERM,Verm: schedule_5_mode,0 W,0000000000000000,0,0,0,0,··,··,0000,0.0,0.00,0.000,0,0,0,0,0,0
15:50:30,43124,0,0,0x0000,VERM,Verm: schedule_5_enabled,0,0000000000000000,0,0,0,0,··,··,0000,0.0,0.00,0.000,0,0,0,0,0,0
15:50:30,43125,0,0,0x0000,VERM,Verm: schedule_6_days,0x0000,0000000000000000,0,0,0,0,··,··,0000,0.0,0.00,0.000,0,0,0,0,0,0
15:50:30,43126,0,0,0x0000,VERM,Verm: schedule_6_start,00:00,0000000000000000,0,0,0,0,··,··,0000,0.0,0.00,0.000,0,0,0,0,0,0
15:50:30,43127,0,0,0x0000,VERM,Verm: schedule_6_end,00:00,0000000000000000,0,0,0,0,··,··,0000,0.0,0.00,0.000,0,0,0,0,0,0
15:50:30,43128,0,0,0x0000,VERM,Verm: schedule_6_mode,0 W,0000000000000000,0,0,0,0,··,··,0000,0.0,0.00,0.000,0,0,0,0,0,0
15:50:30,43129,0,0,0x0000,VERM,Verm: schedule_6_enabled,0,0000000000000000,0,0,0,0,··,··,0000,0.0,0.00,0.000,,,,,,
15:50:30,44002,0,0,0x0000,VERM,Verm: max_charge_power,0 W,0000000000000000,0,0,0,0,··,··,0000,0.0,0.00,0.000,0,0,0,0,0,0
15:50:30,44003,0,0,0x0000,VERM,Verm: max_discharge_power,0 W,0000000000000000,0,0,0,0,··,··,0000,0.0,0.00,0.000,,,,,,
15:51:30,30001,2310,2310,0x0906,OK,battery_power,2310 W,0000100100000110,9,6,9,6,··,··,0906,231.0,23.10,2.310,,,,,,
15:51:30,30006,63068,-2468,0xF65C,OK,ac_power,-2468 W,1111011001011100,246,92,-10,92,·\,\·,-,6306.8,630.68,63.068,,,,,,
15:51:30,30010,0,0,0x0000,UNB,Unb: ?,,0000000000000000,0,0,0,0,··,··,0000,0.0,0.00,0.000,,,,,,
15:51:30,30020,100,100,0x0064,VERM,Verm: mppt1_voltage,10 V,0000000001100100,0,100,0,100,·d,d·,0064,10.0,1.00,0.100,6553700,6553700,6553700,6553700,-,-
15:51:30,30021,100,100,0x0064,VERM,Verm: mppt2_voltage,10 V,0000000001100100,0,100,0,100,·d,d·,0064,10.0,1.00,0.100,6553699,6488164,6553699,6488164,-,-
15:51:30,30022,99,99,0x0063,VERM,Verm: mppt3_voltage,9.900 V,0000000001100011,0,99,0,99,·c,c·,0063,9.9,0.99,0.099,6488163,6488163,6488163,6488163,-,-
15:51:30,30023,99,99,0x0063,VERM,Verm: mppt4_voltage,9.900 V,0000000001100011,0,99,0,99,·c,c·,0063,9.9,0.99,0.099,6488064,99,6488064,99,-,-
15:51:30,30024,0,0,0x0000,VERM,Verm: mppt1_current,0 A,0000000000000000,0,0,0,0,··,··,0000,0.0,0.00,0.000,0,0,0,0,0,0
15:51:30,30025,0,0,0x0000,VERM,Verm: mppt2_current,0 A,0000000000000000,0,0,0,0,··,··,0000,0.0,0.00,0.000,0,0,0,0,0,0
15:51:30,30026,0,0,0x0000,VERM,Verm: mppt3_current,0 A,0000000000000000,0,0,0,0,··,··,0000,0.0,0.00,0.000,0,0,0,0,0,0
15:51:30,30027,0,0,0x0000,VERM,Verm: mppt4_current,0 A,0000000000000000,0,0,0,0,··,··,0000,0.0,0.00,0.000,,,,,,
15:51:31,30029,13,13,0x000D,VERM,Verm: battery_power_factor,13,0000000000001101,0,13,0,13,··,··,-,1.3,0.13,0.013,851968,13,851968,13,-,-
15:51:31,30030,0,0,0x0000,UNB,Unb: ?,,0000000000000000,0,0,0,0,··,··,0000,0.0,0.00,0.000,0,0,0,0,0,0
15:51:31,30031,0,0,0x0000,UNB,Unb: ?,,0000000000000000,0,0,0,0,··,··,0000,0.0,0.00,0.000,0,0,0,0,0,0
15:51:31,30032,0,0,0x0000,UNB,Unb: ?,,0000000000000000,0,0,0,0,··,··,0000,0.0,0.00,0.000,0,0,0,0,0,0
15:51:31,30033,0,0,0x0000,UNB,Unb: ?,,0000000000000000,0,0,0,0,··,··,0000,0.0,0.00,0.000,0,0,0,0,0,0
15:51:31,30034,0,0,0x0000,UNB,Unb: ?,,0000000000000000,0,0,0,0,··,··,0000,0.0,0.00,0.000,0,0,0,0,0,0
15:51:31,30035,0,0,0x0000,UNB,Unb: ?,,0000000000000000,0,0,0,0,··,··,0000,0.0,0.00,0.000,219,14352384,219,14352384,-,-
15:51:31,30036,219,219,0x00DB,VERM,Verm: hardware_version,219,0000000011011011,0,219,0,-37,··,··,-,21.9,2.19,0.219,14352384,219,14352384,219,-,-
15:51:31,30037,0,0,0x0000,VERM,Verm: mppt1_power,0 W,0000000000000000,0,0,0,0,··,··,0000,0.0,0.00,0.000,0,0,0,0,0,0
15:51:31,30038,0,0,0x0000,VERM,Verm: mppt2_power,0 W,0000000000000000,0,0,0,0,··,··,0000,0.0,0.00,0.000,0,0,0,0,0,0
15:51:31,30039,0,0,0x0000,VERM,Verm: mppt3_power,0 W,0000000000000000,0,0,0,0,··,··,0000,0.0,0.00,0.000,0,0,0,0,0,0
15:51:31,30040,0,0,0x0000,VERM,Verm: mppt4_power,0 W,0000000000000000,0,0,0,0,··,··,0000,0.0,0.00,0.000,,,,,,
15:51:31,30100,5446,5446,0x1546,VERM,Verm: battery_voltage,54.460 V,0001010101000110,21,70,21,70,·F,F·,1546,544.6,54.46,5.446,356909484,28054854,356909484,28054854,-,-
15:51:31,30101,428,428,0x01AC,VERM,Verm: pack1_current_mirror,42.800 A,0000000110101100,1,172,1,-84,··,··,-,42.8,4.28,0.428,,,,,,
15:51:31,30106,0,0,0x0000,UNB,Unb: ?,,0000000000000000,0,0,0,0,··,··,0000,0.0,0.00,0.000,,,,,,
15:51:31,30109,0,0,0x0000,UNB,Unb: ?,,0000000000000000,0,0,0,0,··,··,0000,0.0,0.00,0.000,0,0,0,0,0,0
15:51:31,30110,0,0,0x0000,UNB,Unb: ?,,0000000000000000,0,0,0,0,··,··,0000,0.0,0.00,0.000,,,,,,
15:51:31,30201,18,18,0x0012,UNB,Unb: unknown_30201,18,0000000000010010,0,18,0,18,··,··,0012,1.8,0.18,0.018,,,,,,
15:51:31,30203,106,106,0x006A,UNB,Unb: unknown_30203,106,0000000001101010,0,106,0,106,·j,j·,-,10.6,1.06,0.106,,,,,,
15:51:31,30210,3,3,0x0003,VERM,Verm: active_pack_charge_status,3,0000000000000011,0,3,0,3,··,··,0003,0.3,0.03,0.003,196608,3,196608,3,-,-
15:51:31,30211,0,0,0x0000,UNB,Unb: ?,,0000000000000000,0,0,0,0,··,··,0000,0.0,0.00,0.000,5,327680,5,327680,-,-
15:51:31,30212,5,5,0x0005,VERM,Verm: pack_config,5,0000000000000101,0,5,0,5,··,··,0005,0.5,0.05,0.005,327680,5,327680,5,-,-
15:51:31,30213,0,0,0x0000,UNB,Unb: ?,,0000000000000000,0,0,0,0,··,··,0000,0.0,0.00,0.000,0,0,0,0,0,0
15:51:31,30214,0,0,0x0000,UNB,Unb: ?,,0000000000000000,0,0,0,0,··,··,0000,0.0,0.00,0.000,,,,,,
15:51:32,30300,1,1,0x0001,VERM,Verm: wifi_status,1,0000000000000001,0,1,0,1,··,··,0001,0.1,0.01,0.001,65537,65537,65537,65537,-,-
15:51:32,30301,1,1,0x0001,VERM,Verm: active_inverter_state,1,0000000000000001,0,1,0,1,··,··,0001,0.1,0.01,0.001,65537,65537,65537,65537,-,-
15:51:32,30302,1,1,0x0001,VERM,Verm: cloud_status,1,0000000000000001,0,1,0,1,··,··,0001,0.1,0.01,0.001,65590,3538945,65590,3538945,-,-
15:51:32,30303,54,54,0x0036,VERM,Verm: wifi_signal_strength,-54 dBm,0000000000110110,0,54,0,54,·6,6·,0036,5.4,0.54,0.054,,,,,,
15:51:32,30400,49320,-16216,0xC0A8,UNB,Unb: ip_address,192.168,1100000010101000,192,168,-64,-88,··,··,-,4932.0,493.20,49.320,,,,,,
15:51:32,31003,5,5,0x0005,VERM,Verm: pack_dependent_31003,5,0000000000000101,0,5,0,5,··,··,0005,0.5,0.05,0.005,329223,101122053,329223,101122053,-,-
15:51:32,31004,1543,1543,0x0607,VERM,Verm: pack_dependent_31004,1543,0000011000000111,6,7,6,7,··,··,0607,154.3,15.43,1.543,101122048,1543,101122048,1543,-,-
15:51:32,31005,0,0,0x0000,UNB,Unb: unknown_31005,,0000000000000000,0,0,0,0,··,··,0000,0.0,0.00,0.000,0,0,0,0,0,0
15:51:32,31006,0,0,0x0000,UNB,Unb: unknown_31006,,0000000000000000,0,0,0,0,··,··,0000,0.0,0.00,0.000,0,0,0,0,0,0
15:51:32,31007,0,0,0x0000,UNB,Unb: unknown_31007,,0000000000000000,0,0,0,0,··,··,0000,0.0,0.00,0.000,0,0,0,0,0,0
15:51:32,31008,0,0,0x0000,UNB,Unb: unknown_31008,,0000000000000000,0,0,0,0,··,··,0000,0.0,0.00,0.000,0,0,0,0,0,0
15:51:32,31009,0,0,0x0000,UNB,Unb: unknown_31009,,0000000000000000,0,0,0,0,··,··,0000,0.0,0.00,0.000,,,,,,
15:51:32,32100,5444,5444,0x1544,OK,dc_voltage,54.440 V,0001010101000100,21,68,21,68,·D,D·,1544,544.4,54.44,5.444,356778026,2757956,356778026,2757956,-,-
15:51:32,32101,42,42,0x002A,OK,dc_current,42 A,0000000000101010,0,42,0,42,·*,*·,-,4.2,0.42,0.042,2752512,42,2752512,42,-,-
15:51:32,32102,0,0,0x0000,UNB,Unb: unknown_32102,,0000000000000000,0,0,0,0,··,··,0000,0.0,0.00,0.000,0,0,0,0,0,0
15:51:32,32103,0,0,0x0000,UNB,Unb: ?,,0000000000000000,0,0,0,0,··,··,0000,0.0,0.00,0.000,,,,,,
15:51:32,32200,2396,2396,0x095C,OK,ac_voltage,239.600 V,0000100101011100,9,92,9,92,·\,\·,-,239.6,23.96,2.396,157026652,157026652,157026652,157026652,-,-
15:51:32,32201,2396,2396,0x095C,VERM,Verm: ac_voltage_2,239.600 V,0000100101011100,9,92,9,92,·\,\·,-,239.6,23.96,2.396,,,,,,
15:51:32,32204,499,499,0x01F3,OK,ac_frequency,49.900 Hz,0000000111110011,1,243,1,-13,··,··,-,49.9,4.99,0.499,,,,,,
15:51:33,34002,687,687,0x02AF,OK,pack1_bat_soc,68.700 %,0000001010101111,2,175,2,-81,··,··,-,68.7,6.87,0.687,,,,,,
15:51:33,34004,3,3,0x0003,VERM,Verm: pack1_charge_status,3,0000000000000011,0,3,0,3,··,··,0003,0.3,0.03,0.003,,,,,,
15:51:33,34102,601,601,0x0259,OK,pack2_bat_soc,60.100 %,0000001001011001,2,89,2,89,·Y,Y·,0259,60.1,6.01,0.601,,,,,,
15:51:33,34104,0,0,0x0000,VERM,Verm: pack2_charge_status,0,0000000000000000,0,0,0,0,··,··,0000,0.0,0.00,0.000,,,,,,
15:51:33,34202,601,601,0x0259,OK,pack3_bat_soc,60.100 %,0000001001011001,2,89,2,89,·Y,Y·,0259,60.1,6.01,0.601,,,,,,
15:51:33,34204,0,0,0x0000,VERM,Verm: pack3_charge_status,0,0000000000000000,0,0,0,0,··,··,0000,0.0,0.00,0.000,,,,,,
15:51:34,34302,601,601,0x0259,OK,pack4_bat_soc,60.100 %,0000001001011001,2,89,2,89,·Y,Y·,0259,60.1,6.01,0.601,,,,,,
15:51:34,34304,0,0,0x0000,VERM,Verm: pack4_charge_status,0,0000000000000000,0,0,0,0,··,··,0000,0.0,0.00,0.000,,,,,,
15:51:34,34402,601,601,0x0259,OK,pack5_bat_soc,60.100 %,0000001001011001,2,89,2,89,·Y,Y·,0259,60.1,6.01,0.601,,,,,,
15:51:34,34502,601,601,0x0259,OK,pack6_bat_soc,60.100 %,0000001001011001,2,89,2,89,·Y,Y·,0259,60.1,6.01,0.601,,,,,,
15:51:58,35112,500,500,0x01F4,VERM,Verm: max_discharge_power,500,0000000111110100,1,244,1,-12,··,··,-,50.0,5.00,0.500,,,,,,
15:51:58,36000,0,0,0x0000,OK,alarm_status,0x0000,0000000000000000,0,0,0,0,··,··,0000,0.0,0.00,0.000,0,0,0,0,0,0
15:51:58,36001,0,0,0x0000,OK,alarm_status_lo,0x0000,0000000000000000,0,0,0,0,··,··,0000,0.0,0.00,0.000,,,,,,
15:51:58,36100,0,0,0x0000,OK,fault_status,0x0000,0000000000000000,0,0,0,0,··,··,0000,0.0,0.00,0.000,0,0,0,0,0,0
15:51:58,36101,0,0,0x0000,VERM,Verm: fault_status_2,0x0000,0000000000000000,0,0,0,0,··,··,0000,0.0,0.00,0.000,0,0,0,0,0,0
15:51:58,36102,0,0,0x0000,OK,fault_2,0x0000,0000000000000000,0,0,0,0,··,··,0000,0.0,0.00,0.000,0,0,0,0,0,0
15:51:58,36103,0,0,0x0000,OK,fault_status_lo,0x0000,0000000000000000,0,0,0,0,··,··,0000,0.0,0.00,0.000,,,,,,
15:51:58,37000,1,1,0x0001,VERM,Verm: system_online,1,0000000000000001,0,1,0,1,··,··,0001,0.1,0.01,0.001,65536,1,65536,1,-,-
15:51:58,37001,0,0,0x0000,UNB,Unb: ?,,0000000000000000,0,0,0,0,··,··,0000,0.0,0.00,0.000,0,0,0,0,0,0
15:51:58,37002,0,0,0x0000,UNB,Unb: ?,,0000000000000000,0,0,0,0,··,··,0000,0.0,0.00,0.000,0,0,0,0,0,0
15:51:58,37003,0,0,0x0000,UNB,Unb: ?,,0000000000000000,0,0,0,0,··,··,0000,0.0,0.00,0.000,,,,,,
15:51:58,37009,0,0,0x0000,UNB,Unb: ?,,0000000000000000,0,0,0,0,··,··,0000,0.0,0.00,0.000,0,0,0,0,0,0
15:51:58,37010,0,0,0x0000,UNB,Unb: ?,,0000000000000000,0,0,0,0,··,··,0000,0.0,0.00,0.000,0,0,0,0,0,0
15:51:58,37011,0,0,0x0000,UNB,Unb: ?,,0000000000000000,0,0,0,0,··,··,0000,0.0,0.00,0.000,118,7733248,118,7733248,-,-
15:51:58,37012,118,118,0x0076,VERM,Verm: bms_version_mirror,118,0000000001110110,0,118,0,118,·v,v·,0076,11.8,1.18,0.118,7733248,118,7733248,118,-,-
15:51:58,37013,0,0,0x0000,VERM,Verm: fault_status_mirror,0x0000,0000000000000000,0,0,0,0,··,··,0000,0.0,0.00,0.000,0,0,0,0,0,0
15:51:58,37014,0,0,0x0000,VERM,Verm: fault_status_2_mirror,0x0000,0000000000000000,0,0,0,0,··,··,0000,0.0,0.00,0.000,0,0,0,0,0,0
15:51:58,37015,0,0,0x0000,UNB,Unb: ?,,0000000000000000,0,0,0,0,··,··,0000,0.0,0.00,0.000,0,0,0,0,0,0
15:51:58,37016,0,0,0x0000,VERM,Verm: offgrid_ac_voltage,0 V,0000000000000000,0,0,0,0,··,··,0000,0.0,0.00,0.000,0,0,0,0,0,0
15:51:58,37017,0,0,0x0000,UNB,Unb: ?,,0000000000000000,0,0,0,0,··,··,0000,0.0,0.00,0.000,0,0,0,0,0,0
15:51:58,37018,0,0,0x0000,UNB,Unb: ?,,0000000000000000,0,0,0,0,··,··,0000,0.0,0.00,0.000,0,0,0,0,0,0
15:51:58,37019,0,0,0x0000,UNB,Unb: ?,,0000000000000000,0,0,0,0,··,··,0000,0.0,0.00,0.000,0,0,0,0,0,0
15:51:58,37020,0,0,0x0000,UNB,Unb: ?,,0000000000000000,0,0,0,0,··,··,0000,0.0,0.00,0.000,0,0,0,0,0,0
15:51:58,37021,0,0,0x0000,UNB,Unb: ?,,0000000000000000,0,0,0,0,··,··,0000,0.0,0.00,0.000,0,0,0,0,0,0
15:51:58,37022,0,0,0x0000,VERM,Verm: offgrid_dc_voltage,0 V,0000000000000000,0,0,0,0,··,··,0000,0.0,0.00,0.000,0,0,0,0,0,0
15:51:58,37023,0,0,0x0000,UNB,Unb: ?,,0000000000000000,0,0,0,0,··,··,0000,0.0,0.00,0.000,0,0,0,0,0,0
15:51:58,37024,0,0,0x0000,UNB,Unb: ?,,0000000000000000,0,0,0,0,··,··,0000,0.0,0.00,0.000,,,,,,
15:51:58,38000,0,0,0x0000,UNB,Unb: unknown_38000,,0000000000000000,0,0,0,0,··,··,0000,0.0,0.00,0.000,0,0,0,0,0,0
15:51:58,38001,0,0,0x0000,UNB,Unb: unknown_38001,,0000000000000000,0,0,0,0,··,··,0000,0.0,0.00,0.000,0,0,0,0,0,0
15:51:58,38002,0,0,0x0000,UNB,Unb: unknown_38002,,0000000000000000,0,0,0,0,··,··,0000,0.0,0.00,0.000,0,0,0,0,0,0
15:51:58,38003,0,0,0x0000,UNB,Unb: unknown_38003,,0000000000000000,0,0,0,0,··,··,0000,0.0,0.00,0.000,0,0,0,0,0,0
15:51:58,38004,0,0,0x0000,UNB,Unb: unknown_38004,,0000000000000000,0,0,0,0,··,··,0000,0.0,0.00,0.000,0,0,0,0,0,0
15:51:58,38005,0,0,0x0000,UNB,Unb: unknown_38005,,0000000000000000,0,0,0,0,··,··,0000,0.0,0.00,0.000,0,0,0,0,0,0
15:51:58,38006,0,0,0x0000,UNB,Unb: unknown_38006,,0000000000000000,0,0,0,0,··,··,0000,0.0,0.00,0.000,0,0,0,0,0,0
15:51:58,38007,0,0,0x0000,UNB,Unb: unknown_38007,,0000000000000000,0,0,0,0,··,··,0000,0.0,0.00,0.000,0,0,0,0,0,0
15:51:58,38008,0,0,0x0000,UNB,Unb: unknown_38008,,0000000000000000,0,0,0,0,··,··,0000,0.0,0.00,0.000,0,0,0,0,0,0
15:51:58,38009,0,0,0x0000,UNB,Unb: unknown_38009,,0000000000000000,0,0,0,0,··,··,0000,0.0,0.00,0.000,0,0,0,0,0,0
15:51:58,38010,0,0,0x0000,UNB,Unb: unknown_38010,,0000000000000000,0,0,0,0,··,··,0000,0.0,0.00,0.000,0,0,0,0,0,0
15:51:58,38011,0,0,0x0000,UNB,Unb: unknown_38011,,0000000000000000,0,0,0,0,··,··,0000,0.0,0.00,0.000,0,0,0,0,0,0
15:51:58,38012,0,0,0x0000,UNB,Unb: unknown_38012,,0000000000000000,0,0,0,0,··,··,0000,0.0,0.00,0.000,0,0,0,0,0,0
15:51:58,38013,0,0,0x0000,UNB,Unb: unknown_38013,,0000000000000000,0,0,0,0,··,··,0000,0.0,0.00,0.000,0,0,0,0,0,0
15:51:58,38014,0,0,0x0000,UNB,Unb: unknown_38014,,0000000000000000,0,0,0,0,··,··,0000,0.0,0.00,0.000,,,,,,
15:51:59,41000,0,0,0x0000,VERM,Verm: reset_device,,0000000000000000,0,0,0,0,··,··,0000,0.0,0.00,0.000,,,,,,
15:51:59,41100,1,1,0x0001,VERM,Verm: modbus_address,,0000000000000001,0,1,0,1,··,··,0001,0.1,0.01,0.001,,,,,,
15:51:59,41200,1,1,0x0001,VERM,Verm: backup_function,,0000000000000001,0,1,0,1,··,··,0001,0.1,0.01,0.001,,,,,,
15:51:59,42010,1,1,0x0001,VERM,Verm: force_mode,1,0000000000000001,0,1,0,1,··,··,0001,0.1,0.01,0.001,65536,1,65536,1,-,-
15:51:59,42011,0,0,0x0000,VERM,Verm: charge_to_soc,0 %,0000000000000000,0,0,0,0,··,··,0000,0.0,0.00,0.000,,,,,,
15:51:59,42020,2200,2200,0x0898,VERM,Verm: set_charge_power,2200 W,0000100010011000,8,152,8,-104,··,··,0898,220.0,22.00,2.200,,,,,,
15:51:59,43000,0,0,0x0000,VERM,Verm: user_work_mode,0,0000000000000000,0,0,0,0,··,··,0000,0.0,0.00,0.000,,,,,,
15:52:00,43101,0,0,0x0000,VERM,Verm: schedule_1_start,00:00,0000000000000000,0,0,0,0,··,··,0000,0.0,0.00,0.000,,,,,,
15:52:00,43105,0,0,0x0000,VERM,Verm: schedule_2_days,0x0000,0000000000000000,0,0,0,0,··,··,0000,0.0,0.00,0.000,0,0,0,0,0,0
15:52:00,43106,0,0,0x0000,VERM,Verm: schedule_2_start,00:00,0000000000000000,0,0,0,0,··,··,0000,0.0,0.00,0.000,0,0,0,0,0,0
15:52:00,43107,0,0,0x0000,VERM,Verm: schedule_2_end,00:00,0000000000000000,0,0,0,0,··,··,0000,0.0,0.00,0.000,0,0,0,0,0,0
15:52:00,43108,0,0,0x0000,VERM,Verm: schedule_2_mode,0 W,0000000000000000,0,0,0,0,··,··,0000,0.0,0.00,0.000,0,0,0,0,0,0
15:52:00,43109,0,0,0x0000,VERM,Verm: schedule_2_enabled,0,0000000000000000,0,0,0,0,··,··,0000,0.0,0.00,0.000,0,0,0,0,0,0
15:52:00,43110,0,0,0x0000,VERM,Verm: schedule_3_days,0x0000,0000000000000000,0,0,0,0,··,··,0000,0.0,0.00,0.000,0,0,0,0,0,0
15:52:00,43111,0,0,0x0000,VERM,Verm: schedule_3_start,00:00,0000000000000000,0,0,0,0,··,··,0000,0.0,0.00,0.000,0,0,0,0,0,0
15:52:00,43112,0,0,0x0000,VERM,Verm: schedule_3_end,00:00,0000000000000000,0,0,0,0,··,··,0000,0.0,0.00,0.000,0,0,0,0,0,0
15:52:00,43113,0,0,0x0000,VERM,Verm: schedule_3_mode,0 W,0000000000000000,0,0,0,0,··,··,0000,0.0,0.00,0.000,0,0,0,0,0,0
15:52:00,43114,0,0,0x0000,VERM,Verm: schedule_3_enabled,0,0000000000000000,0,0,0,0,··,··,0000,0.0,0.00,0.000,0,0,0,0,0,0
15:52:00,43115,0,0,0x0000,VERM,Verm: schedule_4_days,0x0000,0000000000000000,0,0,0,0,··,··,0000,0.0,0.00,0.000,0,0,0,0,0,0
15:52:00,43116,0,0,0x0000,VERM,Verm: schedule_4_start,00:00,0000000000000000,0,0,0,0,··,··,0000,0.0,0.00,0.000,0,0,0,0,0,0
15:52:00,43117,0,0,0x0000,VERM,Verm: schedule_4_end,00:00,0000000000000000,0,0,0,0,··,··,0000,0.0,0.00,0.000,0,0,0,0,0,0
15:52:00,43118,0,0,0x0000,VERM,Verm: schedule_4_mode,0 W,0000000000000000,0,0,0,0,··,··,0000,0.0,0.00,0.000,0,0,0,0,0,0
15:52:00,43119,0,0,0x0000,VERM,Verm: schedule_4_enabled,0,0000000000000000,0,0,0,0,··,··,0000,0.0,0.00,0.000,0,0,0,0,0,0
15:52:00,43120,0,0,0x0000,VERM,Verm: schedule_5_days,0x0000,0000000000000000,0,0,0,0,··,··,0000,0.0,0.00,0.000,0,0,0,0,0,0
15:52:00,43121,0,0,0x0000,VERM,Verm: schedule_5_start,00:00,0000000000000000,0,0,0,0,··,··,0000,0.0,0.00,0.000,0,0,0,0,0,0
15:52:00,43122,0,0,0x0000,VERM,Verm: schedule_5_end,00:00,0000000000000000,0,0,0,0,··,··,0000,0.0,0.00,0.000,0,0,0,0,0,0
15:52:00,43123,0,0,0x0000,VERM,Verm: schedule_5_mode,0 W,0000000000000000,0,0,0,0,··,··,0000,0.0,0.00,0.000,0,0,0,0,0,0
15:52:00,43124,0,0,0x0000,VERM,Verm: schedule_5_enabled,0,0000000000000000,0,0,0,0,··,··,0000,0.0,0.00,0.000,0,0,0,0,0,0
15:52:00,43125,0,0,0x0000,VERM,Verm: schedule_6_days,0x0000,0000000000000000,0,0,0,0,··,··,0000,0.0,0.00,0.000,0,0,0,0,0,0
15:52:00,43126,0,0,0x0000,VERM,Verm: schedule_6_start,00:00,0000000000000000,0,0,0,0,··,··,0000,0.0,0.00,0.000,0,0,0,0,0,0
15:52:00,43127,0,0,0x0000,VERM,Verm: schedule_6_end,00:00,0000000000000000,0,0,0,0,··,··,0000,0.0,0.00,0.000,0,0,0,0,0,0
15:52:00,43128,0,0,0x0000,VERM,Verm: schedule_6_mode,0 W,0000000000000000,0,0,0,0,··,··,0000,0.0,0.00,0.000,0,0,0,0,0,0
15:52:00,43129,0,0,0x0000,VERM,Verm: schedule_6_enabled,0,0000000000000000,0,0,0,0,··,··,0000,0.0,0.00,0.000,,,,,,
15:52:00,44002,0,0,0x0000,VERM,Verm: max_charge_power,0 W,0000000000000000,0,0,0,0,··,··,0000,0.0,0.00,0.000,0,0,0,0,0,0
15:52:00,44003,0,0,0x0000,VERM,Verm: max_discharge_power,0 W,0000000000000000,0,0,0,0,··,··,0000,0.0,0.00,0.000,,,,,,
15:53:00,30001,2310,2310,0x0906,OK,battery_power,2310 W,0000100100000110,9,6,9,6,··,··,0906,231.0,23.10,2.310,,,,,,
15:53:00,30006,63068,-2468,0xF65C,OK,ac_power,-2468 W,1111011001011100,246,92,-10,92,·\,\·,-,6306.8,630.68,63.068,,,,,,
15:53:00,30010,0,0,0x0000,UNB,Unb: ?,,0000000000000000,0,0,0,0,··,··,0000,0.0,0.00,0.000,,,,,,
15:53:01,30020,100,100,0x0064,VERM,Verm: mppt1_voltage,10 V,0000000001100100,0,100,0,100,·d,d·,0064,10.0,1.00,0.100,6553700,6553700,6553700,6553700,-,-
15:53:01,30021,100,100,0x0064,VERM,Verm: mppt2_voltage,10 V,0000000001100100,0,100,0,100,·d,d·,0064,10.0,1.00,0.100,6553699,6488164,6553699,6488164,-,-
15:53:01,30022,99,99,0x0063,VERM,Verm: mppt3_voltage,9.900 V,0000000001100011,0,99,0,99,·c,c·,0063,9.9,0.99,0.099,6488163,6488163,6488163,6488163,-,-
15:53:01,30023,99,99,0x0063,VERM,Verm: mppt4_voltage,9.900 V,0000000001100011,0,99,0,99,·c,c·,0063,9.9,0.99,0.099,6488064,99,6488064,99,-,-
15:53:01,30024,0,0,0x0000,VERM,Verm: mppt1_current,0 A,0000000000000000,0,0,0,0,··,··,0000,0.0,0.00,0.000,0,0,0,0,0,0
15:53:01,30025,0,0,0x0000,VERM,Verm: mppt2_current,0 A,0000000000000000,0,0,0,0,··,··,0000,0.0,0.00,0.000,0,0,0,0,0,0
15:53:01,30026,0,0,0x0000,VERM,Verm: mppt3_current,0 A,0000000000000000,0,0,0,0,··,··,0000,0.0,0.00,0.000,0,0,0,0,0,0
15:53:01,30027,0,0,0x0000,VERM,Verm: mppt4_current,0 A,0000000000000000,0,0,0,0,··,··,0000,0.0,0.00,0.000,,,,,,
15:53:01,30029,13,13,0x000D,VERM,Verm: battery_power_factor,13,0000000000001101,0,13,0,13,··,··,-,1.3,0.13,0.013,851968,13,851968,13,-,-
15:53:01,30030,0,0,0x0000,UNB,Unb: ?,,0000000000000000,0,0,0,0,··,··,0000,0.0,0.00,0.000,0,0,0,0,0,0
15:53:01,30031,0,0,0x0000,UNB,Unb: ?,,0000000000000000,0,0,0,0,··,··,0000,0.0,0.00,0.000,0,0,0,0,0,0
15:53:01,30032,0,0,0x0000,UNB,Unb: ?,,0000000000000000,0,0,0,0,··,··,0000,0.0,0.00,0.000,0,0,0,0,0,0
15:53:01,30033,0,0,0x0000,UNB,Unb: ?,,0000000000000000,0,0,0,0,··,··,0000,0.0,0.00,0.000,0,0,0,0,0,0
15:53:01,30034,0,0,0x0000,UNB,Unb: ?,,0000000000000000,0,0,0,0,··,··,0000,0.0,0.00,0.000,0,0,0,0,0,0
15:53:01,30035,0,0,0x0000,UNB,Unb: ?,,0000000000000000,0,0,0,0,··,··,0000,0.0,0.00,0.000,219,14352384,219,14352384,-,-
15:53:01,30036,219,219,0x00DB,VERM,Verm: hardware_version,219,0000000011011011,0,219,0,-37,··,··,-,21.9,2.19,0.219,14352384,219,14352384,219,-,-
15:53:01,30037,0,0,0x0000,VERM,Verm: mppt1_power,0 W,0000000000000000,0,0,0,0,··,··,0000,0.0,0.00,0.000,0,0,0,0,0,0
15:53:01,30038,0,0,0x0000,VERM,Verm: mppt2_power,0 W,0000000000000000,0,0,0,0,··,··,0000,0.0,0.00,0.000,0,0,0,0,0,0
15:53:01,30039,0,0,0x0000,VERM,Verm: mppt3_power,0 W,0000000000000000,0,0,0,0,··,··,0000,0.0,0.00,0.000,0,0,0,0,0,0
15:53:01,30040,0,0,0x0000,VERM,Verm: mppt4_power,0 W,0000000000000000,0,0,0,0,··,··,0000,0.0,0.00,0.000,,,,,,
15:53:01,30100,5361,5361,0x14F1,VERM,Verm: battery_voltage,53.610 V,0001010011110001,20,241,20,-15,··,··,-,536.1,53.61,5.361,351338496,5361,351338496,5361,-,-
15:53:01,30101,0,0,0x0000,VERM,Verm: pack1_current_mirror,0 A,0000000000000000,0,0,0,0,··,··,0000,0.0,0.00,0.000,,,,,,
15:53:01,30106,0,0,0x0000,UNB,Unb: ?,,0000000000000000,0,0,0,0,··,··,0000,0.0,0.00,0.000,,,,,,
15:53:01,30109,0,0,0x0000,UNB,Unb: ?,,0000000000000000,0,0,0,0,··,··,0000,0.0,0.00,0.000,0,0,0,0,0,0
15:53:01,30110,0,0,0x0000,UNB,Unb: ?,,0000000000000000,0,0,0,0,··,··,0000,0.0,0.00,0.000,,,,,,
15:53:01,30201,18,18,0x0012,UNB,Unb: unknown_30201,18,0000000000010010,0,18,0,18,··,··,0012,1.8,0.18,0.018,,,,,,
15:53:02,30203,106,106,0x006A,UNB,Unb: unknown_30203,106,0000000001101010,0,106,0,106,·j,j·,-,10.6,1.06,0.106,,,,,,
15:53:02,30210,0,0,0x0000,VERM,Verm: active_pack_charge_status,0,0000000000000000,0,0,0,0,··,··,0000,0.0,0.00,0.000,0,0,0,0,0,0
15:53:02,30211,0,0,0x0000,UNB,Unb: ?,,0000000000000000,0,0,0,0,··,··,0000,0.0,0.00,0.000,5,327680,5,327680,-,-
15:53:02,30212,5,5,0x0005,VERM,Verm: pack_config,5,0000000000000101,0,5,0,5,··,··,0005,0.5,0.05,0.005,327680,5,327680,5,-,-
15:53:02,30213,0,0,0x0000,UNB,Unb: ?,,0000000000000000,0,0,0,0,··,··,0000,0.0,0.00,0.000,0,0,0,0,0,0
15:53:02,30214,0,0,0x0000,UNB,Unb: ?,,0000000000000000,0,0,0,0,··,··,0000,0.0,0.00,0.000,,,,,,
15:53:02,30300,1,1,0x0001,VERM,Verm: wifi_status,1,0000000000000001,0,1,0,1,··,··,0001,0.1,0.01,0.001,65537,65537,65537,65537,-,-
15:53:02,30301,1,1,0x0001,VERM,Verm: active_inverter_state,1,0000000000000001,0,1,0,1,··,··,0001,0.1,0.01,0.001,65537,65537,65537,65537,-,-
15:53:02,30302,1,1,0x0001,VERM,Verm: cloud_status,1,0000000000000001,0,1,0,1,··,··,0001,0.1,0.01,0.001,65590,3538945,65590,3538945,-,-
15:53:02,30303,54,54,0x0036,VERM,Verm: wifi_signal_strength,-54 dBm,0000000000110110,0,54,0,54,·6,6·,0036,5.4,0.54,0.054,,,,,,
15:53:02,30400,49320,-16216,0xC0A8,UNB,Unb: ip_address,192.168,1100000010101000,192,168,-64,-88,··,··,-,4932.0,493.20,49.320,,,,,,
15:53:02,31003,5,5,0x0005,VERM,Verm: pack_dependent_31003,5,0000000000000101,0,5,0,5,··,··,0005,0.5,0.05,0.005,329223,101122053,329223,101122053,-,-
15:53:02,31004,1543,1543,0x0607,VERM,Verm: pack_dependent_31004,1543,0000011000000111,6,7,6,7,··,··,0607,154.3,15.43,1.543,101122048,1543,101122048,1543,-,-
15:53:02,31005,0,0,0x0000,UNB,Unb: unknown_31005,,0000000000000000,0,0,0,0,··,··,0000,0.0,0.00,0.000,0,0,0,0,0,0
15:53:02,31006,0,0,0x0000,UNB,Unb: unknown_31006,,0000000000000000,0,0,0,0,··,··,0000,0.0,0.00,0.000,0,0,0,0,0,0
15:53:02,31007,0,0,0x0000,UNB,Unb: unknown_31007,,0000000000000000,0,0,0,0,··,··,0000,0.0,0.00,0.000,0,0,0,0,0,0
15:53:02,31008,0,0,0x0000,UNB,Unb: unknown_31008,,0000000000000000,0,0,0,0,··,··,0000,0.0,0.00,0.000,0,0,0,0,0,0
15:53:02,31009,0,0,0x0000,UNB,Unb: unknown_31009,,0000000000000000,0,0,0,0,··,··,0000,0.0,0.00,0.000,,,,,,
15:53:02,32100,5428,5428,0x1534,OK,dc_voltage,54.280 V,0001010100110100,21,52,21,52,·4,4·,1534,542.8,54.28,5.428,355729450,2757940,355729450,2757940,-,-
15:53:02,32101,42,42,0x002A,OK,dc_current,42 A,0000000000101010,0,42,0,42,·*,*·,-,4.2,0.42,0.042,2752512,42,2752512,42,-,-
15:53:02,32102,0,0,0x0000,UNB,Unb: unknown_32102,,0000000000000000,0,0,0,0,··,··,0000,0.0,0.00,0.000,0,0,0,0,0,0
15:53:02,32103,0,0,0x0000,UNB,Unb: ?,,0000000000000000,0,0,0,0,··,··,0000,0.0,0.00,0.000,,,,,,
15:53:02,32200,2377,2377,0x0949,OK,ac_voltage,237.700 V,0000100101001001,9,73,9,73,·I,I·,0949,237.7,23.77,2.377,155781449,155781449,155781449,155781449,-,-
15:53:02,32201,2377,2377,0x0949,VERM,Verm: ac_voltage_2,237.700 V,0000100101001001,9,73,9,73,·I,I·,0949,237.7,23.77,2.377,,,,,,
15:53:03,32204,499,499,0x01F3,OK,ac_frequency,49.900 Hz,0000000111110011,1,243,1,-13,··,··,-,49.9,4.99,0.499,,,,,,
15:53:03,34002,701,701,0x02BD,OK,pack1_bat_soc,70.100 %,0000001010111101,2,189,2,-67,··,··,-,70.1,7.01,0.701,,,,,,
15:53:03,34004,0,0,0x0000,VERM,Verm: pack1_charge_status,0,0000000000000000,0,0,0,0,··,··,0000,0.0,0.00,0.000,,,,,,
15:53:03,34102,608,608,0x0260,OK,pack2_bat_soc,60.800 %,0000001001100000,2,96,2,96,·`,`·,0260,60.8,6.08,0.608,,,,,,
15:53:03,34104,3,3,0x0003,VERM,Verm: pack2_charge_status,3,0000000000000011,0,3,0,3,··,··,0003,0.3,0.03,0.003,,,,,,
15:53:03,34202,601,601,0x0259,OK,pack3_bat_soc,60.100 %,0000001001011001,2,89,2,89,·Y,Y·,0259,60.1,6.01,0.601,,,,,,
15:53:04,34204,0,0,0x0000,VERM,Verm: pack3_charge_status,0,0000000000000000,0,0,0,0,··,··,0000,0.0,0.00,0.000,,,,,,
15:53:04,34302,601,601,0x0259,OK,pack4_bat_soc,60.100 %,0000001001011001,2,89,2,89,·Y,Y·,0259,60.1,6.01,0.601,,,,,,
15:53:04,34304,0,0,0x0000,VERM,Verm: pack4_charge_status,0,0000000000000000,0,0,0,0,··,··,0000,0.0,0.00,0.000,,,,,,
15:53:04,34402,601,601,0x0259,OK,pack5_bat_soc,60.100 %,0000001001011001,2,89,2,89,·Y,Y·,0259,60.1,6.01,0.601,,,,,,
15:53:04,34502,601,601,0x0259,OK,pack6_bat_soc,60.100 %,0000001001011001,2,89,2,89,·Y,Y·,0259,60.1,6.01,0.601,,,,,,
15:53:28,35112,500,500,0x01F4,VERM,Verm: max_discharge_power,500,0000000111110100,1,244,1,-12,··,··,-,50.0,5.00,0.500,,,,,,
15:53:28,36000,0,0,0x0000,OK,alarm_status,0x0000,0000000000000000,0,0,0,0,··,··,0000,0.0,0.00,0.000,0,0,0,0,0,0
15:53:28,36001,0,0,0x0000,OK,alarm_status_lo,0x0000,0000000000000000,0,0,0,0,··,··,0000,0.0,0.00,0.000,,,,,,
15:53:28,36100,0,0,0x0000,OK,fault_status,0x0000,0000000000000000,0,0,0,0,··,··,0000,0.0,0.00,0.000,0,0,0,0,0,0
15:53:28,36101,0,0,0x0000,VERM,Verm: fault_status_2,0x0000,0000000000000000,0,0,0,0,··,··,0000,0.0,0.00,0.000,0,0,0,0,0,0
15:53:28,36102,0,0,0x0000,OK,fault_2,0x0000,0000000000000000,0,0,0,0,··,··,0000,0.0,0.00,0.000,0,0,0,0,0,0
15:53:28,36103,0,0,0x0000,OK,fault_status_lo,0x0000,0000000000000000,0,0,0,0,··,··,0000,0.0,0.00,0.000,,,,,,
15:53:28,37000,1,1,0x0001,VERM,Verm: system_online,1,0000000000000001,0,1,0,1,··,··,0001,0.1,0.01,0.001,65536,1,65536,1,-,-
15:53:28,37001,0,0,0x0000,UNB,Unb: ?,,0000000000000000,0,0,0,0,··,··,0000,0.0,0.00,0.000,0,0,0,0,0,0
15:53:28,37002,0,0,0x0000,UNB,Unb: ?,,0000000000000000,0,0,0,0,··,··,0000,0.0,0.00,0.000,0,0,0,0,0,0
15:53:28,37003,0,0,0x0000,UNB,Unb: ?,,0000000000000000,0,0,0,0,··,··,0000,0.0,0.00,0.000,,,,,,
15:53:29,37009,0,0,0x0000,UNB,Unb: ?,,0000000000000000,0,0,0,0,··,··,0000,0.0,0.00,0.000,0,0,0,0,0,0
15:53:29,37010,0,0,0x0000,UNB,Unb: ?,,0000000000000000,0,0,0,0,··,··,0000,0.0,0.00,0.000,0,0,0,0,0,0
15:53:29,37011,0,0,0x0000,UNB,Unb: ?,,0000000000000000,0,0,0,0,··,··,0000,0.0,0.00,0.000,118,7733248,118,7733248,-,-
15:53:29,37012,118,118,0x0076,VERM,Verm: bms_version_mirror,118,0000000001110110,0,118,0,118,·v,v·,0076,11.8,1.18,0.118,7733248,118,7733248,118,-,-
15:53:29,37013,0,0,0x0000,VERM,Verm: fault_status_mirror,0x0000,0000000000000000,0,0,0,0,··,··,0000,0.0,0.00,0.000,0,0,0,0,0,0
15:53:29,37014,0,0,0x0000,VERM,Verm: fault_status_2_mirror,0x0000,0000000000000000,0,0,0,0,··,··,0000,0.0,0.00,0.000,0,0,0,0,0,0
15:53:29,37015,0,0,0x0000,UNB,Unb: ?,,0000000000000000,0,0,0,0,··,··,0000,0.0,0.00,0.000,0,0,0,0,0,0
15:53:29,37016,0,0,0x0000,VERM,Verm: offgrid_ac_voltage,0 V,0000000000000000,0,0,0,0,··,··,0000,0.0,0.00,0.000,0,0,0,0,0,0
15:53:29,37017,0,0,0x0000,UNB,Unb: ?,,0000000000000000,0,0,0,0,··,··,0000,0.0,0.00,0.000,0,0,0,0,0,0
15:53:29,37018,0,0,0x0000,UNB,Unb: ?,,0000000000000000,0,0,0,0,··,··,0000,0.0,0.00,0.000,0,0,0,0,0,0
15:53:29,37019,0,0,0x0000,UNB,Unb: ?,,0000000000000000,0,0,0,0,··,··,0000,0.0,0.00,0.000,0,0,0,0,0,0
15:53:29,37020,0,0,0x0000,UNB,Unb: ?,,0000000000000000,0,0,0,0,··,··,0000,0.0,0.00,0.000,0,0,0,0,0,0
15:53:29,37021,0,0,0x0000,UNB,Unb: ?,,0000000000000000,0,0,0,0,··,··,0000,0.0,0.00,0.000,0,0,0,0,0,0
15:53:29,37022,0,0,0x0000,VERM,Verm: offgrid_dc_voltage,0 V,0000000000000000,0,0,0,0,··,··,0000,0.0,0.00,0.000,0,0,0,0,0,0
15:53:29,37023,0,0,0x0000,UNB,Unb: ?,,0000000000000000,0,0,0,0,··,··,0000,0.0,0.00,0.000,0,0,0,0,0,0
15:53:29,37024,0,0,0x0000,UNB,Unb: ?,,0000000000000000,0,0,0,0,··,··,0000,0.0,0.00,0.000,,,,,,
15:53:29,38000,0,0,0x0000,UNB,Unb: unknown_38000,,0000000000000000,0,0,0,0,··,··,0000,0.0,0.00,0.000,0,0,0,0,0,0
15:53:29,38001,0,0,0x0000,UNB,Unb: unknown_38001,,0000000000000000,0,0,0,0,··,··,0000,0.0,0.00,0.000,0,0,0,0,0,0
15:53:29,38002,0,0,0x0000,UNB,Unb: unknown_38002,,0000000000000000,0,0,0,0,··,··,0000,0.0,0.00,0.000,0,0,0,0,0,0
15:53:29,38003,0,0,0x0000,UNB,Unb: unknown_38003,,0000000000000000,0,0,0,0,··,··,0000,0.0,0.00,0.000,0,0,0,0,0,0
15:53:29,38004,0,0,0x0000,UNB,Unb: unknown_38004,,0000000000000000,0,0,0,0,··,··,0000,0.0,0.00,0.000,0,0,0,0,0,0
15:53:29,38005,0,0,0x0000,UNB,Unb: unknown_38005,,0000000000000000,0,0,0,0,··,··,0000,0.0,0.00,0.000,0,0,0,0,0,0
15:53:29,38006,0,0,0x0000,UNB,Unb: unknown_38006,,0000000000000000,0,0,0,0,··,··,0000,0.0,0.00,0.000,0,0,0,0,0,0
15:53:29,38007,0,0,0x0000,UNB,Unb: unknown_38007,,0000000000000000,0,0,0,0,··,··,0000,0.0,0.00,0.000,0,0,0,0,0,0
15:53:29,38008,0,0,0x0000,UNB,Unb: unknown_38008,,0000000000000000,0,0,0,0,··,··,0000,0.0,0.00,0.000,0,0,0,0,0,0
15:53:29,38009,0,0,0x0000,UNB,Unb: unknown_38009,,0000000000000000,0,0,0,0,··,··,0000,0.0,0.00,0.000,0,0,0,0,0,0
15:53:29,38010,0,0,0x0000,UNB,Unb: unknown_38010,,0000000000000000,0,0,0,0,··,··,0000,0.0,0.00,0.000,0,0,0,0,0,0
15:53:29,38011,0,0,0x0000,UNB,Unb: unknown_38011,,0000000000000000,0,0,0,0,··,··,0000,0.0,0.00,0.000,0,0,0,0,0,0
15:53:29,38012,0,0,0x0000,UNB,Unb: unknown_38012,,0000000000000000,0,0,0,0,··,··,0000,0.0,0.00,0.000,0,0,0,0,0,0
15:53:29,38013,0,0,0x0000,UNB,Unb: unknown_38013,,0000000000000000,0,0,0,0,··,··,0000,0.0,0.00,0.000,0,0,0,0,0,0
15:53:29,38014,0,0,0x0000,UNB,Unb: unknown_38014,,0000000000000000,0,0,0,0,··,··,0000,0.0,0.00,0.000,,,,,,
15:53:29,41000,0,0,0x0000,VERM,Verm: reset_device,,0000000000000000,0,0,0,0,··,··,0000,0.0,0.00,0.000,,,,,,
15:53:29,41100,1,1,0x0001,VERM,Verm: modbus_address,,0000000000000001,0,1,0,1,··,··,0001,0.1,0.01,0.001,,,,,,
15:53:29,41200,1,1,0x0001,VERM,Verm: backup_function,,0000000000000001,0,1,0,1,··,··,0001,0.1,0.01,0.001,,,,,,
15:53:29,42010,1,1,0x0001,VERM,Verm: force_mode,1,0000000000000001,0,1,0,1,··,··,0001,0.1,0.01,0.001,65536,1,65536,1,-,-
15:53:29,42011,0,0,0x0000,VERM,Verm: charge_to_soc,0 %,0000000000000000,0,0,0,0,··,··,0000,0.0,0.00,0.000,,,,,,
15:53:29,42020,2200,2200,0x0898,VERM,Verm: set_charge_power,2200 W,0000100010011000,8,152,8,-104,··,··,0898,220.0,22.00,2.200,,,,,,
15:53:30,43000,0,0,0x0000,VERM,Verm: user_work_mode,0,0000000000000000,0,0,0,0,··,··,0000,0.0,0.00,0.000,,,,,,
15:53:30,43101,0,0,0x0000,VERM,Verm: schedule_1_start,00:00,0000000000000000,0,0,0,0,··,··,0000,0.0,0.00,0.000,,,,,,
15:53:30,43105,0,0,0x0000,VERM,Verm: schedule_2_days,0x0000,0000000000000000,0,0,0,0,··,··,0000,0.0,0.00,0.000,0,0,0,0,0,0
15:53:30,43106,0,0,0x0000,VERM,Verm: schedule_2_start,00:00,0000000000000000,0,0,0,0,··,··,0000,0.0,0.00,0.000,0,0,0,0,0,0
15:53:30,43107,0,0,0x0000,VERM,Verm: schedule_2_end,00:00,0000000000000000,0,0,0,0,··,··,0000,0.0,0.00,0.000,0,0,0,0,0,0
15:53:30,43108,0,0,0x0000,VERM,Verm: schedule_2_mode,0 W,0000000000000000,0,0,0,0,··,··,0000,0.0,0.00,0.000,0,0,0,0,0,0
15:53:30,43109,0,0,0x0000,VERM,Verm: schedule_2_enabled,0,0000000000000000,0,0,0,0,··,··,0000,0.0,0.00,0.000,0,0,0,0,0,0
15:53:30,43110,0,0,0x0000,VERM,Verm: schedule_3_days,0x0000,0000000000000000,0,0,0,0,··,··,0000,0.0,0.00,0.000,0,0,0,0,0,0
15:53:30,43111,0,0,0x0000,VERM,Verm: schedule_3_start,00:00,0000000000000000,0,0,0,0,··,··,0000,0.0,0.00,0.000,0,0,0,0,0,0
15:53:30,43112,0,0,0x0000,VERM,Verm: schedule_3_end,00:00,0000000000000000,0,0,0,0,··,··,0000,0.0,0.00,0.000,0,0,0,0,0,0
15:53:30,43113,0,0,0x0000,VERM,Verm: schedule_3_mode,0 W,0000000000000000,0,0,0,0,··,··,0000,0.0,0.00,0.000,0,0,0,0,0,0
15:53:30,43114,0,0,0x0000,VERM,Verm: schedule_3_enabled,0,0000000000000000,0,0,0,0,··,··,0000,0.0,0.00,0.000,0,0,0,0,0,0
15:53:30,43115,0,0,0x0000,VERM,Verm: schedule_4_days,0x0000,0000000000000000,0,0,0,0,··,··,0000,0.0,0.00,0.000,0,0,0,0,0,0
15:53:30,43116,0,0,0x0000,VERM,Verm: schedule_4_start,00:00,0000000000000000,0,0,0,0,··,··,0000,0.0,0.00,0.000,0,0,0,0,0,0
15:53:30,43117,0,0,0x0000,VERM,Verm: schedule_4_end,00:00,0000000000000000,0,0,0,0,··,··,0000,0.0,0.00,0.000,0,0,0,0,0,0
15:53:30,43118,0,0,0x0000,VERM,Verm: schedule_4_mode,0 W,0000000000000000,0,0,0,0,··,··,0000,0.0,0.00,0.000,0,0,0,0,0,0
15:53:30,43119,0,0,0x0000,VERM,Verm: schedule_4_enabled,0,0000000000000000,0,0,0,0,··,··,0000,0.0,0.00,0.000,0,0,0,0,0,0
15:53:30,43120,0,0,0x0000,VERM,Verm: schedule_5_days,0x0000,0000000000000000,0,0,0,0,··,··,0000,0.0,0.00,0.000,0,0,0,0,0,0
15:53:30,43121,0,0,0x0000,VERM,Verm: schedule_5_start,00:00,0000000000000000,0,0,0,0,··,··,0000,0.0,0.00,0.000,0,0,0,0,0,0
15:53:30,43122,0,0,0x0000,VERM,Verm: schedule_5_end,00:00,0000000000000000,0,0,0,0,··,··,0000,0.0,0.00,0.000,0,0,0,0,0,0
15:53:30,43123,0,0,0x0000,VERM,Verm: schedule_5_mode,0 W,0000000000000000,0,0,0,0,··,··,0000,0.0,0.00,0.000,0,0,0,0,0,0
15:53:30,43124,0,0,0x0000,VERM,Verm: schedule_5_enabled,0,0000000000000000,0,0,0,0,··,··,0000,0.0,0.00,0.000,0,0,0,0,0,0
15:53:30,43125,0,0,0x0000,VERM,Verm: schedule_6_days,0x0000,0000000000000000,0,0,0,0,··,··,0000,0.0,0.00,0.000,0,0,0,0,0,0
15:53:30,43126,0,0,0x0000,VERM,Verm: schedule_6_start,00:00,0000000000000000,0,0,0,0,··,··,0000,0.0,0.00,0.000,0,0,0,0,0,0
15:53:30,43127,0,0,0x0000,VERM,Verm: schedule_6_end,00:00,0000000000000000,0,0,0,0,··,··,0000,0.0,0.00,0.000,0,0,0,0,0,0
15:53:30,43128,0,0,0x0000,VERM,Verm: schedule_6_mode,0 W,0000000000000000,0,0,0,0,··,··,0000,0.0,0.00,0.000,0,0,0,0,0,0
15:53:30,43129,0,0,0x0000,VERM,Verm: schedule_6_enabled,0,0000000000000000,0,0,0,0,··,··,0000,0.0,0.00,0.000,,,,,,
15:53:30,44002,0,0,0x0000,VERM,Verm: max_charge_power,0 W,0000000000000000,0,0,0,0,··,··,0000,0.0,0.00,0.000,0,0,0,0,0,0
15:53:30,44003,0,0,0x0000,VERM,Verm: max_discharge_power,0 W,0000000000000000,0,0,0,0,··,··,0000,0.0,0.00,0.000,,,,,,
15:54:30,30001,2307,2307,0x0903,OK,battery_power,2307 W,0000100100000011,9,3,9,3,··,··,0903,230.7,23.07,2.307,,,,,,
15:54:30,30006,63068,-2468,0xF65C,OK,ac_power,-2468 W,1111011001011100,246,92,-10,92,·\,\·,-,6306.8,630.68,63.068,,,,,,
15:54:31,30010,0,0,0x0000,UNB,Unb: ?,,0000000000000000,0,0,0,0,··,··,0000,0.0,0.00,0.000,,,,,,
15:54:31,30020,100,100,0x0064,VERM,Verm: mppt1_voltage,10 V,0000000001100100,0,100,0,100,·d,d·,0064,10.0,1.00,0.100,6553700,6553700,6553700,6553700,-,-
15:54:31,30021,100,100,0x0064,VERM,Verm: mppt2_voltage,10 V,0000000001100100,0,100,0,100,·d,d·,0064,10.0,1.00,0.100,6553700,6553700,6553700,6553700,-,-
15:54:31,30022,100,100,0x0064,VERM,Verm: mppt3_voltage,10 V,0000000001100100,0,100,0,100,·d,d·,0064,10.0,1.00,0.100,6553699,6488164,6553699,6488164,-,-
15:54:31,30023,99,99,0x0063,VERM,Verm: mppt4_voltage,9.900 V,0000000001100011,0,99,0,99,·c,c·,0063,9.9,0.99,0.099,6488064,99,6488064,99,-,-
15:54:31,30024,0,0,0x0000,VERM,Verm: mppt1_current,0 A,0000000000000000,0,0,0,0,··,··,0000,0.0,0.00,0.000,0,0,0,0,0,0
15:54:31,30025,0,0,0x0000,VERM,Verm: mppt2_current,0 A,0000000000000000,0,0,0,0,··,··,0000,0.0,0.00,0.000,0,0,0,0,0,0
15:54:31,30026,0,0,0x0000,VERM,Verm: mppt3_current,0 A,0000000000000000,0,0,0,0,··,··,0000,0.0,0.00,0.000,0,0,0,0,0,0
15:54:31,30027,0,0,0x0000,VERM,Verm: mppt4_current,0 A,0000000000000000,0,0,0,0,··,··,0000,0.0,0.00,0.000,,,,,,
15:54:31,30029,13,13,0x000D,VERM,Verm: battery_power_factor,13,0000000000001101,0,13,0,13,··,··,-,1.3,0.13,0.013,851968,13,851968,13,-,-
15:54:31,30030,0,0,0x0000,UNB,Unb: ?,,0000000000000000,0,0,0,0,··,··,0000,0.0,0.00,0.000,0,0,0,0,0,0
15:54:31,30031,0,0,0x0000,UNB,Unb: ?,,0000000000000000,0,0,0,0,··,··,0000,0.0,0.00,0.000,0,0,0,0,0,0
15:54:31,30032,0,0,0x0000,UNB,Unb: ?,,0000000000000000,0,0,0,0,··,··,0000,0.0,0.00,0.000,0,0,0,0,0,0
15:54:31,30033,0,0,0x0000,UNB,Unb: ?,,0000000000000000,0,0,0,0,··,··,0000,0.0,0.00,0.000,0,0,0,0,0,0
15:54:31,30034,0,0,0x0000,UNB,Unb: ?,,0000000000000000,0,0,0,0,··,··,0000,0.0,0.00,0.000,0,0,0,0,0,0
15:54:31,30035,0,0,0x0000,UNB,Unb: ?,,0000000000000000,0,0,0,0,··,··,0000,0.0,0.00,0.000,219,14352384,219,14352384,-,-
15:54:31,30036,219,219,0x00DB,VERM,Verm: hardware_version,219,0000000011011011,0,219,0,-37,··,··,-,21.9,2.19,0.219,14352384,219,14352384,219,-,-
15:54:31,30037,0,0,0x0000,VERM,Verm: mppt1_power,0 W,0000000000000000,0,0,0,0,··,··,0000,0.0,0.00,0.000,0,0,0,0,0,0
15:54:31,30038,0,0,0x0000,VERM,Verm: mppt2_power,0 W,0000000000000000,0,0,0,0,··,··,0000,0.0,0.00,0.000,0,0,0,0,0,0
15:54:31,30039,0,0,0x0000,VERM,Verm: mppt3_power,0 W,0000000000000000,0,0,0,0,··,··,0000,0.0,0.00,0.000,0,0,0,0,0,0
15:54:31,30040,0,0,0x0000,VERM,Verm: mppt4_power,0 W,0000000000000000,0,0,0,0,··,··,0000,0.0,0.00,0.000,,,,,,
15:54:31,30100,5349,5349,0x14E5,VERM,Verm: battery_voltage,53.490 V,0001010011100101,20,229,20,-27,··,··,-,534.9,53.49,5.349,350552064,5349,350552064,5349,-,-
15:54:31,30101,0,0,0x0000,VERM,Verm: pack1_current_mirror,0 A,0000000000000000,0,0,0,0,··,··,0000,0.0,0.00,0.000,,,,,,
15:54:31,30106,0,0,0x0000,UNB,Unb: ?,,0000000000000000,0,0,0,0,··,··,0000,0.0,0.00,0.000,,,,,,
15:54:31,30109,0,0,0x0000,UNB,Unb: ?,,0000000000000000,0,0,0,0,··,··,0000,0.0,0.00,0.000,0,0,0,0,0,0
15:54:31,30110,0,0,0x0000,UNB,Unb: ?,,0000000000000000,0,0,0,0,··,··,0000,0.0,0.00,0.000,,,,,,
15:54:32,30201,18,18,0x0012,UNB,Unb: unknown_30201,18,0000000000010010,0,18,0,18,··,··,0012,1.8,0.18,0.018,,,,,,
15:54:32,30203,106,106,0x006A,UNB,Unb: unknown_30203,106,0000000001101010,0,106,0,106,·j,j·,-,10.6,1.06,0.106,,,,,,
15:54:32,30210,0,0,0x0000,VERM,Verm: active_pack_charge_status,0,0000000000000000,0,0,0,0,··,··,0000,0.0,0.00,0.000,0,0,0,0,0,0
15:54:32,30211,0,0,0x0000,UNB,Unb: ?,,0000000000000000,0,0,0,0,··,··,0000,0.0,0.00,0.000,5,327680,5,327680,-,-
15:54:32,30212,5,5,0x0005,VERM,Verm: pack_config,5,0000000000000101,0,5,0,5,··,··,0005,0.5,0.05,0.005,327680,5,327680,5,-,-
15:54:32,30213,0,0,0x0000,UNB,Unb: ?,,0000000000000000,0,0,0,0,··,··,0000,0.0,0.00,0.000,0,0,0,0,0,0
15:54:32,30214,0,0,0x0000,UNB,Unb: ?,,0000000000000000,0,0,0,0,··,··,0000,0.0,0.00,0.000,,,,,,
15:54:32,30300,1,1,0x0001,VERM,Verm: wifi_status,1,0000000000000001,0,1,0,1,··,··,0001,0.1,0.01,0.001,65537,65537,65537,65537,-,-
15:54:32,30301,1,1,0x0001,VERM,Verm: active_inverter_state,1,0000000000000001,0,1,0,1,··,··,0001,0.1,0.01,0.001,65537,65537,65537,65537,-,-
15:54:32,30302,1,1,0x0001,VERM,Verm: cloud_status,1,0000000000000001,0,1,0,1,··,··,0001,0.1,0.01,0.001,65590,3538945,65590,3538945,-,-
15:54:32,30303,54,54,0x0036,VERM,Verm: wifi_signal_strength,-54 dBm,0000000000110110,0,54,0,54,·6,6·,0036,5.4,0.54,0.054,,,,,,
15:54:32,30400,49320,-16216,0xC0A8,UNB,Unb: ip_address,192.168,1100000010101000,192,168,-64,-88,··,··,-,4932.0,493.20,49.320,,,,,,
15:54:32,31003,5,5,0x0005,VERM,Verm: pack_dependent_31003,5,0000000000000101,0,5,0,5,··,··,0005,0.5,0.05,0.005,329223,101122053,329223,101122053,-,-
15:54:32,31004,1543,1543,0x0607,VERM,Verm: pack_dependent_31004,1543,0000011000000111,6,7,6,7,··,··,0607,154.3,15.43,1.543,101122048,1543,101122048,1543,-,-
15:54:32,31005,0,0,0x0000,UNB,Unb: unknown_31005,,0000000000000000,0,0,0,0,··,··,0000,0.0,0.00,0.000,0,0,0,0,0,0
15:54:32,31006,0,0,0x0000,UNB,Unb: unknown_31006,,0000000000000000,0,0,0,0,··,··,0000,0.0,0.00,0.000,0,0,0,0,0,0
15:54:32,31007,0,0,0x0000,UNB,Unb: unknown_31007,,0000000000000000,0,0,0,0,··,··,0000,0.0,0.00,0.000,0,0,0,0,0,0
15:54:32,31008,0,0,0x0000,UNB,Unb: unknown_31008,,0000000000000000,0,0,0,0,··,··,0000,0.0,0.00,0.000,0,0,0,0,0,0
15:54:32,31009,0,0,0x0000,UNB,Unb: unknown_31009,,0000000000000000,0,0,0,0,··,··,0000,0.0,0.00,0.000,,,,,,
15:54:33,32100,5447,5447,0x1547,OK,dc_voltage,54.470 V,0001010101000111,21,71,21,71,·G,G·,1547,544.7,54.47,5.447,356974634,2757959,356974634,2757959,-,-
15:54:33,32101,42,42,0x002A,OK,dc_current,42 A,0000000000101010,0,42,0,42,·*,*·,-,4.2,0.42,0.042,2752512,42,2752512,42,-,-
15:54:33,32102,0,0,0x0000,UNB,Unb: unknown_32102,,0000000000000000,0,0,0,0,··,··,0000,0.0,0.00,0.000,0,0,0,0,0,0
15:54:33,32103,0,0,0x0000,UNB,Unb: ?,,0000000000000000,0,0,0,0,··,··,0000,0.0,0.00,0.000,,,,,,
15:54:33,32200,2376,2376,0x0948,OK,ac_voltage,237.600 V,0000100101001000,9,72,9,72,·H,H·,0948,237.6,23.76,2.376,155715912,155715912,155715912,155715912,-,-
15:54:33,32201,2376,2376,0x0948,VERM,Verm: ac_voltage_2,237.600 V,0000100101001000,9,72,9,72,·H,H·,0948,237.6,23.76,2.376,,,,,,
15:54:33,32204,499,499,0x01F3,OK,ac_frequency,49.900 Hz,0000000111110011,1,243,1,-13,··,··,-,49.9,4.99,0.499,,,,,,
15:54:33,34002,701,701,0x02BD,OK,pack1_bat_soc,70.100 %,0000001010111101,2,189,2,-67,··,··,-,70.1,7.01,0.701,,,,,,
15:54:33,34004,0,0,0x0000,VERM,Verm: pack1_charge_status,0,0000000000000000,0,0,0,0,··,··,0000,0.0,0.00,0.000,,,,,,
15:54:33,34102,633,633,0x0279,OK,pack2_bat_soc,63.300 %,0000001001111001,2,121,2,121,·y,y·,0279,63.3,6.33,0.633,,,,,,
15:54:33,34104,3,3,0x0003,VERM,Verm: pack2_charge_status,3,0000000000000011,0,3,0,3,··,··,0003,0.3,0.03,0.003,,,,,,
15:54:34,34202,601,601,0x0259,OK,pack3_bat_soc,60.100 %,0000001001011001,2,89,2,89,·Y,Y·,0259,60.1,6.01,0.601,,,,,,
15:54:34,34204,0,0,0x0000,VERM,Verm: pack3_charge_status,0,0000000000000000,0,0,0,0,··,··,0000,0.0,0.00,0.000,,,,,,
15:54:34,34302,601,601,0x0259,OK,pack4_bat_soc,60.100 %,0000001001011001,2,89,2,89,·Y,Y·,0259,60.1,6.01,0.601,,,,,,
15:54:34,34304,0,0,0x0000,VERM,Verm: pack4_charge_status,0,0000000000000000,0,0,0,0,··,··,0000,0.0,0.00,0.000,,,,,,
15:54:34,34402,601,601,0x0259,OK,pack5_bat_soc,60.100 %,0000001001011001,2,89,2,89,·Y,Y·,0259,60.1,6.01,0.601,,,,,,
15:54:34,34502,601,601,0x0259,OK,pack6_bat_soc,60.100 %,0000001001011001,2,89,2,89,·Y,Y·,0259,60.1,6.01,0.601,,,,,,
15:54:58,35112,500,500,0x01F4,VERM,Verm: max_discharge_power,500,0000000111110100,1,244,1,-12,··,··,-,50.0,5.00,0.500,,,,,,
15:54:58,36000,0,0,0x0000,OK,alarm_status,0x0000,0000000000000000,0,0,0,0,··,··,0000,0.0,0.00,0.000,0,0,0,0,0,0
15:54:58,36001,0,0,0x0000,OK,alarm_status_lo,0x0000,0000000000000000,0,0,0,0,··,··,0000,0.0,0.00,0.000,,,,,,
15:54:58,36100,0,0,0x0000,OK,fault_status,0x0000,0000000000000000,0,0,0,0,··,··,0000,0.0,0.00,0.000,0,0,0,0,0,0
15:54:58,36101,0,0,0x0000,VERM,Verm: fault_status_2,0x0000,0000000000000000,0,0,0,0,··,··,0000,0.0,0.00,0.000,0,0,0,0,0,0
15:54:58,36102,0,0,0x0000,OK,fault_2,0x0000,0000000000000000,0,0,0,0,··,··,0000,0.0,0.00,0.000,0,0,0,0,0,0
15:54:58,36103,0,0,0x0000,OK,fault_status_lo,0x0000,0000000000000000,0,0,0,0,··,··,0000,0.0,0.00,0.000,,,,,,
15:54:59,37000,1,1,0x0001,VERM,Verm: system_online,1,0000000000000001,0,1,0,1,··,··,0001,0.1,0.01,0.001,65536,1,65536,1,-,-
15:54:59,37001,0,0,0x0000,UNB,Unb: ?,,0000000000000000,0,0,0,0,··,··,0000,0.0,0.00,0.000,0,0,0,0,0,0
15:54:59,37002,0,0,0x0000,UNB,Unb: ?,,0000000000000000,0,0,0,0,··,··,0000,0.0,0.00,0.000,0,0,0,0,0,0
15:54:59,37003,0,0,0x0000,UNB,Unb: ?,,0000000000000000,0,0,0,0,··,··,0000,0.0,0.00,0.000,,,,,,
15:54:59,37009,0,0,0x0000,UNB,Unb: ?,,0000000000000000,0,0,0,0,··,··,0000,0.0,0.00,0.000,0,0,0,0,0,0
15:54:59,37010,0,0,0x0000,UNB,Unb: ?,,0000000000000000,0,0,0,0,··,··,0000,0.0,0.00,0.000,0,0,0,0,0,0
15:54:59,37011,0,0,0x0000,UNB,Unb: ?,,0000000000000000,0,0,0,0,··,··,0000,0.0,0.00,0.000,118,7733248,118,7733248,-,-
15:54:59,37012,118,118,0x0076,VERM,Verm: bms_version_mirror,118,0000000001110110,0,118,0,118,·v,v·,0076,11.8,1.18,0.118,7733248,118,7733248,118,-,-
15:54:59,37013,0,0,0x0000,VERM,Verm: fault_status_mirror,0x0000,0000000000000000,0,0,0,0,··,··,0000,0.0,0.00,0.000,0,0,0,0,0,0
15:54:59,37014,0,0,0x0000,VERM,Verm: fault_status_2_mirror,0x0000,0000000000000000,0,0,0,0,··,··,0000,0.0,0.00,0.000,0,0,0,0,0,0
15:54:59,37015,0,0,0x0000,UNB,Unb: ?,,0000000000000000,0,0,0,0,··,··,0000,0.0,0.00,0.000,0,0,0,0,0,0
15:54:59,37016,0,0,0x0000,VERM,Verm: offgrid_ac_voltage,0 V,0000000000000000,0,0,0,0,··,··,0000,0.0,0.00,0.000,0,0,0,0,0,0
15:54:59,37017,0,0,0x0000,UNB,Unb: ?,,0000000000000000,0,0,0,0,··,··,0000,0.0,0.00,0.000,0,0,0,0,0,0
15:54:59,37018,0,0,0x0000,UNB,Unb: ?,,0000000000000000,0,0,0,0,··,··,0000,0.0,0.00,0.000,0,0,0,0,0,0
15:54:59,37019,0,0,0x0000,UNB,Unb: ?,,0000000000000000,0,0,0,0,··,··,0000,0.0,0.00,0.000,0,0,0,0,0,0
15:54:59,37020,0,0,0x0000,UNB,Unb: ?,,0000000000000000,0,0,0,0,··,··,0000,0.0,0.00,0.000,0,0,0,0,0,0
15:54:59,37021,0,0,0x0000,UNB,Unb: ?,,0000000000000000,0,0,0,0,··,··,0000,0.0,0.00,0.000,0,0,0,0,0,0
15:54:59,37022,0,0,0x0000,VERM,Verm: offgrid_dc_voltage,0 V,0000000000000000,0,0,0,0,··,··,0000,0.0,0.00,0.000,0,0,0,0,0,0
15:54:59,37023,0,0,0x0000,UNB,Unb: ?,,0000000000000000,0,0,0,0,··,··,0000,0.0,0.00,0.000,0,0,0,0,0,0
15:54:59,37024,0,0,0x0000,UNB,Unb: ?,,0000000000000000,0,0,0,0,··,··,0000,0.0,0.00,0.000,,,,,,
15:54:59,38000,0,0,0x0000,UNB,Unb: unknown_38000,,0000000000000000,0,0,0,0,··,··,0000,0.0,0.00,0.000,0,0,0,0,0,0
15:54:59,38001,0,0,0x0000,UNB,Unb: unknown_38001,,0000000000000000,0,0,0,0,··,··,0000,0.0,0.00,0.000,0,0,0,0,0,0
15:54:59,38002,0,0,0x0000,UNB,Unb: unknown_38002,,0000000000000000,0,0,0,0,··,··,0000,0.0,0.00,0.000,0,0,0,0,0,0
15:54:59,38003,0,0,0x0000,UNB,Unb: unknown_38003,,0000000000000000,0,0,0,0,··,··,0000,0.0,0.00,0.000,0,0,0,0,0,0
15:54:59,38004,0,0,0x0000,UNB,Unb: unknown_38004,,0000000000000000,0,0,0,0,··,··,0000,0.0,0.00,0.000,0,0,0,0,0,0
15:54:59,38005,0,0,0x0000,UNB,Unb: unknown_38005,,0000000000000000,0,0,0,0,··,··,0000,0.0,0.00,0.000,0,0,0,0,0,0
15:54:59,38006,0,0,0x0000,UNB,Unb: unknown_38006,,0000000000000000,0,0,0,0,··,··,0000,0.0,0.00,0.000,0,0,0,0,0,0
15:54:59,38007,0,0,0x0000,UNB,Unb: unknown_38007,,0000000000000000,0,0,0,0,··,··,0000,0.0,0.00,0.000,0,0,0,0,0,0
15:54:59,38008,0,0,0x0000,UNB,Unb: unknown_38008,,0000000000000000,0,0,0,0,··,··,0000,0.0,0.00,0.000,0,0,0,0,0,0
15:54:59,38009,0,0,0x0000,UNB,Unb: unknown_38009,,0000000000000000,0,0,0,0,··,··,0000,0.0,0.00,0.000,0,0,0,0,0,0
15:54:59,38010,0,0,0x0000,UNB,Unb: unknown_38010,,0000000000000000,0,0,0,0,··,··,0000,0.0,0.00,0.000,0,0,0,0,0,0
15:54:59,38011,0,0,0x0000,UNB,Unb: unknown_38011,,0000000000000000,0,0,0,0,··,··,0000,0.0,0.00,0.000,0,0,0,0,0,0
15:54:59,38012,0,0,0x0000,UNB,Unb: unknown_38012,,0000000000000000,0,0,0,0,··,··,0000,0.0,0.00,0.000,0,0,0,0,0,0
15:54:59,38013,0,0,0x0000,UNB,Unb: unknown_38013,,0000000000000000,0,0,0,0,··,··,0000,0.0,0.00,0.000,0,0,0,0,0,0
15:54:59,38014,0,0,0x0000,UNB,Unb: unknown_38014,,0000000000000000,0,0,0,0,··,··,0000,0.0,0.00,0.000,,,,,,
15:54:59,41000,0,0,0x0000,VERM,Verm: reset_device,,0000000000000000,0,0,0,0,··,··,0000,0.0,0.00,0.000,,,,,,
15:54:59,41100,1,1,0x0001,VERM,Verm: modbus_address,,0000000000000001,0,1,0,1,··,··,0001,0.1,0.01,0.001,,,,,,
15:54:59,41200,1,1,0x0001,VERM,Verm: backup_function,,0000000000000001,0,1,0,1,··,··,0001,0.1,0.01,0.001,,,,,,
15:55:00,42010,1,1,0x0001,VERM,Verm: force_mode,1,0000000000000001,0,1,0,1,··,··,0001,0.1,0.01,0.001,65536,1,65536,1,-,-
15:55:00,42011,0,0,0x0000,VERM,Verm: charge_to_soc,0 %,0000000000000000,0,0,0,0,··,··,0000,0.0,0.00,0.000,,,,,,
15:55:00,42020,2200,2200,0x0898,VERM,Verm: set_charge_power,2200 W,0000100010011000,8,152,8,-104,··,··,0898,220.0,22.00,2.200,,,,,,
15:55:00,43000,0,0,0x0000,VERM,Verm: user_work_mode,0,0000000000000000,0,0,0,0,··,··,0000,0.0,0.00,0.000,,,,,,
15:55:00,43101,0,0,0x0000,VERM,Verm: schedule_1_start,00:00,0000000000000000,0,0,0,0,··,··,0000,0.0,0.00,0.000,,,,,,
15:55:00,43105,0,0,0x0000,VERM,Verm: schedule_2_days,0x0000,0000000000000000,0,0,0,0,··,··,0000,0.0,0.00,0.000,0,0,0,0,0,0
15:55:00,43106,0,0,0x0000,VERM,Verm: schedule_2_start,00:00,0000000000000000,0,0,0,0,··,··,0000,0.0,0.00,0.000,0,0,0,0,0,0
15:55:00,43107,0,0,0x0000,VERM,Verm: schedule_2_end,00:00,0000000000000000,0,0,0,0,··,··,0000,0.0,0.00,0.000,0,0,0,0,0,0
15:55:00,43108,0,0,0x0000,VERM,Verm: schedule_2_mode,0 W,0000000000000000,0,0,0,0,··,··,0000,0.0,0.00,0.000,0,0,0,0,0,0
15:55:00,43109,0,0,0x0000,VERM,Verm: schedule_2_enabled,0,0000000000000000,0,0,0,0,··,··,0000,0.0,0.00,0.000,0,0,0,0,0,0
15:55:00,43110,0,0,0x0000,VERM,Verm: schedule_3_days,0x0000,0000000000000000,0,0,0,0,··,··,0000,0.0,0.00,0.000,0,0,0,0,0,0
15:55:00,43111,0,0,0x0000,VERM,Verm: schedule_3_start,00:00,0000000000000000,0,0,0,0,··,··,0000,0.0,0.00,0.000,0,0,0,0,0,0
15:55:00,43112,0,0,0x0000,VERM,Verm: schedule_3_end,00:00,0000000000000000,0,0,0,0,··,··,0000,0.0,0.00,0.000,0,0,0,0,0,0
15:55:00,43113,0,0,0x0000,VERM,Verm: schedule_3_mode,0 W,0000000000000000,0,0,0,0,··,··,0000,0.0,0.00,0.000,0,0,0,0,0,0
15:55:00,43114,0,0,0x0000,VERM,Verm: schedule_3_enabled,0,0000000000000000,0,0,0,0,··,··,0000,0.0,0.00,0.000,0,0,0,0,0,0
15:55:00,43115,0,0,0x0000,VERM,Verm: schedule_4_days,0x0000,0000000000000000,0,0,0,0,··,··,0000,0.0,0.00,0.000,0,0,0,0,0,0
15:55:00,43116,0,0,0x0000,VERM,Verm: schedule_4_start,00:00,0000000000000000,0,0,0,0,··,··,0000,0.0,0.00,0.000,0,0,0,0,0,0
15:55:00,43117,0,0,0x0000,VERM,Verm: schedule_4_end,00:00,0000000000000000,0,0,0,0,··,··,0000,0.0,0.00,0.000,0,0,0,0,0,0
15:55:00,43118,0,0,0x0000,VERM,Verm: schedule_4_mode,0 W,0000000000000000,0,0,0,0,··,··,0000,0.0,0.00,0.000,0,0,0,0,0,0
15:55:00,43119,0,0,0x0000,VERM,Verm: schedule_4_enabled,0,0000000000000000,0,0,0,0,··,··,0000,0.0,0.00,0.000,0,0,0,0,0,0
15:55:00,43120,0,0,0x0000,VERM,Verm: schedule_5_days,0x0000,0000000000000000,0,0,0,0,··,··,0000,0.0,0.00,0.000,0,0,0,0,0,0
15:55:00,43121,0,0,0x0000,VERM,Verm: schedule_5_start,00:00,0000000000000000,0,0,0,0,··,··,0000,0.0,0.00,0.000,0,0,0,0,0,0
15:55:00,43122,0,0,0x0000,VERM,Verm: schedule_5_end,00:00,0000000000000000,0,0,0,0,··,··,0000,0.0,0.00,0.000,0,0,0,0,0,0
15:55:00,43123,0,0,0x0000,VERM,Verm: schedule_5_mode,0 W,0000000000000000,0,0,0,0,··,··,0000,0.0,0.00,0.000,0,0,0,0,0,0
15:55:00,43124,0,0,0x0000,VERM,Verm: schedule_5_enabled,0,0000000000000000,0,0,0,0,··,··,0000,0.0,0.00,0.000,0,0,0,0,0,0
15:55:00,43125,0,0,0x0000,VERM,Verm: schedule_6_days,0x0000,0000000000000000,0,0,0,0,··,··,0000,0.0,0.00,0.000,0,0,0,0,0,0
15:55:00,43126,0,0,0x0000,VERM,Verm: schedule_6_start,00:00,0000000000000000,0,0,0,0,··,··,0000,0.0,0.00,0.000,0,0,0,0,0,0
15:55:00,43127,0,0,0x0000,VERM,Verm: schedule_6_end,00:00,0000000000000000,0,0,0,0,··,··,0000,0.0,0.00,0.000,0,0,0,0,0,0
15:55:00,43128,0,0,0x0000,VERM,Verm: schedule_6_mode,0 W,0000000000000000,0,0,0,0,··,··,0000,0.0,0.00,0.000,0,0,0,0,0,0
15:55:00,43129,0,0,0x0000,VERM,Verm: schedule_6_enabled,0,0000000000000000,0,0,0,0,··,··,0000,0.0,0.00,0.000,,,,,,
15:55:00,44002,0,0,0x0000,VERM,Verm: max_charge_power,0 W,0000000000000000,0,0,0,0,··,··,0000,0.0,0.00,0.000,0,0,0,0,0,0
15:55:00,44003,0,0,0x0000,VERM,Verm: max_discharge_power,0 W,0000000000000000,0,0,0,0,··,··,0000,0.0,0.00,0.000,,,,,,
15:56:01,30001,2310,2310,0x0906,OK,battery_power,2310 W,0000100100000110,9,6,9,6,··,··,0906,231.0,23.10,2.310,,,,,,
15:56:01,30006,63068,-2468,0xF65C,OK,ac_power,-2468 W,1111011001011100,246,92,-10,92,·\,\·,-,6306.8,630.68,63.068,,,,,,
15:56:01,30010,0,0,0x0000,UNB,Unb: ?,,0000000000000000,0,0,0,0,··,··,0000,0.0,0.00,0.000,,,,,,
15:56:01,30020,100,100,0x0064,VERM,Verm: mppt1_voltage,10 V,0000000001100100,0,100,0,100,·d,d·,0064,10.0,1.00,0.100,6553700,6553700,6553700,6553700,-,-
15:56:01,30021,100,100,0x0064,VERM,Verm: mppt2_voltage,10 V,0000000001100100,0,100,0,100,·d,d·,0064,10.0,1.00,0.100,6553700,6553700,6553700,6553700,-,-
15:56:01,30022,100,100,0x0064,VERM,Verm: mppt3_voltage,10 V,0000000001100100,0,100,0,100,·d,d·,0064,10.0,1.00,0.100,6553699,6488164,6553699,6488164,-,-
15:56:01,30023,99,99,0x0063,VERM,Verm: mppt4_voltage,9.900 V,0000000001100011,0,99,0,99,·c,c·,0063,9.9,0.99,0.099,6488064,99,6488064,99,-,-
15:56:01,30024,0,0,0x0000,VERM,Verm: mppt1_current,0 A,0000000000000000,0,0,0,0,··,··,0000,0.0,0.00,0.000,0,0,0,0,0,0
15:56:01,30025,0,0,0x0000,VERM,Verm: mppt2_current,0 A,0000000000000000,0,0,0,0,··,··,0000,0.0,0.00,0.000,0,0,0,0,0,0
15:56:01,30026,0,0,0x0000,VERM,Verm: mppt3_current,0 A,0000000000000000,0,0,0,0,··,··,0000,0.0,0.00,0.000,0,0,0,0,0,0
15:56:01,30027,0,0,0x0000,VERM,Verm: mppt4_current,0 A,0000000000000000,0,0,0,0,··,··,0000,0.0,0.00,0.000,,,,,,
15:56:01,30029,13,13,0x000D,VERM,Verm: battery_power_factor,13,0000000000001101,0,13,0,13,··,··,-,1.3,0.13,0.013,851968,13,851968,13,-,-
15:56:01,30030,0,0,0x0000,UNB,Unb: ?,,0000000000000000,0,0,0,0,··,··,0000,0.0,0.00,0.000,0,0,0,0,0,0
15:56:01,30031,0,0,0x0000,UNB,Unb: ?,,0000000000000000,0,0,0,0,··,··,0000,0.0,0.00,0.000,0,0,0,0,0,0
15:56:01,30032,0,0,0x0000,UNB,Unb: ?,,0000000000000000,0,0,0,0,··,··,0000,0.0,0.00,0.000,0,0,0,0,0,0
15:56:01,30033,0,0,0x0000,UNB,Unb: ?,,0000000000000000,0,0,0,0,··,··,0000,0.0,0.00,0.000,0,0,0,0,0,0
15:56:01,30034,0,0,0x0000,UNB,Unb: ?,,0000000000000000,0,0,0,0,··,··,0000,0.0,0.00,0.000,0,0,0,0,0,0
15:56:01,30035,0,0,0x0000,UNB,Unb: ?,,0000000000000000,0,0,0,0,··,··,0000,0.0,0.00,0.000,219,14352384,219,14352384,-,-
15:56:01,30036,219,219,0x00DB,VERM,Verm: hardware_version,219,0000000011011011,0,219,0,-37,··,··,-,21.9,2.19,0.219,14352384,219,14352384,219,-,-
15:56:01,30037,0,0,0x0000,VERM,Verm: mppt1_power,0 W,0000000000000000,0,0,0,0,··,··,0000,0.0,0.00,0.000,0,0,0,0,0,0
15:56:01,30038,0,0,0x0000,VERM,Verm: mppt2_power,0 W,0000000000000000,0,0,0,0,··,··,0000,0.0,0.00,0.000,0,0,0,0,0,0
15:56:01,30039,0,0,0x0000,VERM,Verm: mppt3_power,0 W,0000000000000000,0,0,0,0,··,··,0000,0.0,0.00,0.000,0,0,0,0,0,0
15:56:01,30040,0,0,0x0000,VERM,Verm: mppt4_power,0 W,0000000000000000,0,0,0,0,··,··,0000,0.0,0.00,0.000,,,,,,
15:56:01,30100,5346,5346,0x14E2,VERM,Verm: battery_voltage,53.460 V,0001010011100010,20,226,20,-30,··,··,-,534.6,53.46,5.346,350355456,5346,350355456,5346,-,-
15:56:01,30101,0,0,0x0000,VERM,Verm: pack1_current_mirror,0 A,0000000000000000,0,0,0,0,··,··,0000,0.0,0.00,0.000,,,,,,
15:56:01,30106,0,0,0x0000,UNB,Unb: ?,,0000000000000000,0,0,0,0,··,··,0000,0.0,0.00,0.000,,,,,,
15:56:02,30109,0,0,0x0000,UNB,Unb: ?,,0000000000000000,0,0,0,0,··,··,0000,0.0,0.00,0.000,0,0,0,0,0,0
15:56:02,30110,0,0,0x0000,UNB,Unb: ?,,0000000000000000,0,0,0,0,··,··,0000,0.0,0.00,0.000,,,,,,
15:56:02,30201,18,18,0x0012,UNB,Unb: unknown_30201,18,0000000000010010,0,18,0,18,··,··,0012,1.8,0.18,0.018,,,,,,
15:56:02,30203,106,106,0x006A,UNB,Unb: unknown_30203,106,0000000001101010,0,106,0,106,·j,j·,-,10.6,1.06,0.106,,,,,,
15:56:02,30210,0,0,0x0000,VERM,Verm: active_pack_charge_status,0,0000000000000000,0,0,0,0,··,··,0000,0.0,0.00,0.000,0,0,0,0,0,0
15:56:02,30211,0,0,0x0000,UNB,Unb: ?,,0000000000000000,0,0,0,0,··,··,0000,0.0,0.00,0.000,5,327680,5,327680,-,-
15:56:02,30212,5,5,0x0005,VERM,Verm: pack_config,5,0000000000000101,0,5,0,5,··,··,0005,0.5,0.05,0.005,327680,5,327680,5,-,-
15:56:02,30213,0,0,0x0000,UNB,Unb: ?,,0000000000000000,0,0,0,0,··,··,0000,0.0,0.00,0.000,0,0,0,0,0,0
15:56:02,30214,0,0,0x0000,UNB,Unb: ?,,0000000000000000,0,0,0,0,··,··,0000,0.0,0.00,0.000,,,,,,
15:56:02,30300,1,1,0x0001,VERM,Verm: wifi_status,1,0000000000000001,0,1,0,1,··,··,0001,0.1,0.01,0.001,65537,65537,65537,65537,-,-
15:56:02,30301,1,1,0x0001,VERM,Verm: active_inverter_state,1,0000000000000001,0,1,0,1,··,··,0001,0.1,0.01,0.001,65537,65537,65537,65537,-,-
15:56:02,30302,1,1,0x0001,VERM,Verm: cloud_status,1,0000000000000001,0,1,0,1,··,··,0001,0.1,0.01,0.001,65590,3538945,65590,3538945,-,-
15:56:02,30303,54,54,0x0036,VERM,Verm: wifi_signal_strength,-54 dBm,0000000000110110,0,54,0,54,·6,6·,0036,5.4,0.54,0.054,,,,,,
15:56:02,30400,49320,-16216,0xC0A8,UNB,Unb: ip_address,192.168,1100000010101000,192,168,-64,-88,··,··,-,4932.0,493.20,49.320,,,,,,
15:56:03,31003,5,5,0x0005,VERM,Verm: pack_dependent_31003,5,0000000000000101,0,5,0,5,··,··,0005,0.5,0.05,0.005,329223,101122053,329223,101122053,-,-
15:56:03,31004,1543,1543,0x0607,VERM,Verm: pack_dependent_31004,1543,0000011000000111,6,7,6,7,··,··,0607,154.3,15.43,1.543,101122048,1543,101122048,1543,-,-
15:56:03,31005,0,0,0x0000,UNB,Unb: unknown_31005,,0000000000000000,0,0,0,0,··,··,0000,0.0,0.00,0.000,0,0,0,0,0,0
15:56:03,31006,0,0,0x0000,UNB,Unb: unknown_31006,,0000000000000000,0,0,0,0,··,··,0000,0.0,0.00,0.000,0,0,0,0,0,0
15:56:03,31007,0,0,0x0000,UNB,Unb: unknown_31007,,0000000000000000,0,0,0,0,··,··,0000,0.0,0.00,0.000,0,0,0,0,0,0
15:56:03,31008,0,0,0x0000,UNB,Unb: unknown_31008,,0000000000000000,0,0,0,0,··,··,0000,0.0,0.00,0.000,0,0,0,0,0,0
15:56:03,31009,0,0,0x0000,UNB,Unb: unknown_31009,,0000000000000000,0,0,0,0,··,··,0000,0.0,0.00,0.000,,,,,,
15:56:03,32100,5450,5450,0x154A,OK,dc_voltage,54.500 V,0001010101001010,21,74,21,74,·J,J·,-,545.0,54.50,5.450,357171242,2757962,357171242,2757962,-,-
15:56:03,32101,42,42,0x002A,OK,dc_current,42 A,0000000000101010,0,42,0,42,·*,*·,-,4.2,0.42,0.042,2752512,42,2752512,42,-,-
15:56:03,32102,0,0,0x0000,UNB,Unb: unknown_32102,,0000000000000000,0,0,0,0,··,··,0000,0.0,0.00,0.000,0,0,0,0,0,0
15:56:03,32103,0,0,0x0000,UNB,Unb: ?,,0000000000000000,0,0,0,0,··,··,0000,0.0,0.00,0.000,,,,,,
15:56:03,32200,2383,2383,0x094F,OK,ac_voltage,238.300 V,0000100101001111,9,79,9,79,·O,O·,-,238.3,23.83,2.383,156174671,156174671,156174671,156174671,-,-
15:56:03,32201,2383,2383,0x094F,VERM,Verm: ac_voltage_2,238.300 V,0000100101001111,9,79,9,79,·O,O·,-,238.3,23.83,2.383,,,,,,
15:56:03,32204,500,500,0x01F4,OK,ac_frequency,50 Hz,0000000111110100,1,244,1,-12,··,··,-,50.0,5.00,0.500,,,,,,
15:56:03,34002,701,701,0x02BD,OK,pack1_bat_soc,70.100 %,0000001010111101,2,189,2,-67,··,··,-,70.1,7.01,0.701,,,,,,
15:56:03,34004,0,0,0x0000,VERM,Verm: pack1_charge_status,0,0000000000000000,0,0,0,0,··,··,0000,0.0,0.00,0.000,,,,,,
15:56:04,34102,658,658,0x0292,OK,pack2_bat_soc,65.800 %,0000001010010010,2,146,2,-110,··,··,0292,65.8,6.58,0.658,,,,,,
15:56:04,34104,3,3,0x0003,VERM,Verm: pack2_charge_status,3,0000000000000011,0,3,0,3,··,··,0003,0.3,0.03,0.003,,,,,,
15:56:04,34202,601,601,0x0259,OK,pack3_bat_soc,60.100 %,0000001001011001,2,89,2,89,·Y,Y·,0259,60.1,6.01,0.601,,,,,,
15:56:04,34204,0,0,0x0000,VERM,Verm: pack3_charge_status,0,0000000000000000,0,0,0,0,··,··,0000,0.0,0.00,0.000,,,,,,
15:56:04,34302,601,601,0x0259,OK,pack4_bat_soc,60.100 %,0000001001011001,2,89,2,89,·Y,Y·,0259,60.1,6.01,0.601,,,,,,
15:56:04,34304,0,0,0x0000,VERM,Verm: pack4_charge_status,0,0000000000000000,0,0,0,0,··,··,0000,0.0,0.00,0.000,,,,,,
15:56:05,34402,601,601,0x0259,OK,pack5_bat_soc,60.100 %,0000001001011001,2,89,2,89,·Y,Y·,0259,60.1,6.01,0.601,,,,,,
15:56:05,34502,601,601,0x0259,OK,pack6_bat_soc,60.100 %,0000001001011001,2,89,2,89,·Y,Y·,0259,60.1,6.01,0.601,,,,,,
15:56:28,35111,500,500,0x01F4,VERM,Verm: power_level,500,0000000111110100,1,244,1,-12,··,··,-,50.0,5.00,0.500,32768500,32768500,32768500,32768500,-,-
15:56:28,35112,500,500,0x01F4,VERM,Verm: max_discharge_power,500,0000000111110100,1,244,1,-12,··,··,-,50.0,5.00,0.500,,,,,,
15:56:29,36000,0,0,0x0000,OK,alarm_status,0x0000,0000000000000000,0,0,0,0,··,··,0000,0.0,0.00,0.000,0,0,0,0,0,0
15:56:29,36001,0,0,0x0000,OK,alarm_status_lo,0x0000,0000000000000000,0,0,0,0,··,··,0000,0.0,0.00,0.000,,,,,,
15:56:29,36100,0,0,0x0000,OK,fault_status,0x0000,0000000000000000,0,0,0,0,··,··,0000,0.0,0.00,0.000,0,0,0,0,0,0
15:56:29,36101,0,0,0x0000,VERM,Verm: fault_status_2,0x0000,0000000000000000,0,0,0,0,··,··,0000,0.0,0.00,0.000,0,0,0,0,0,0
15:56:29,36102,0,0,0x0000,OK,fault_2,0x0000,0000000000000000,0,0,0,0,··,··,0000,0.0,0.00,0.000,0,0,0,0,0,0
15:56:29,36103,0,0,0x0000,OK,fault_status_lo,0x0000,0000000000000000,0,0,0,0,··,··,0000,0.0,0.00,0.000,,,,,,
15:56:29,37000,1,1,0x0001,VERM,Verm: system_online,1,0000000000000001,0,1,0,1,··,··,0001,0.1,0.01,0.001,65536,1,65536,1,-,-
15:56:29,37001,0,0,0x0000,UNB,Unb: ?,,0000000000000000,0,0,0,0,··,··,0000,0.0,0.00,0.000,0,0,0,0,0,0
15:56:29,37002,0,0,0x0000,UNB,Unb: ?,,0000000000000000,0,0,0,0,··,··,0000,0.0,0.00,0.000,0,0,0,0,0,0
15:56:29,37003,0,0,0x0000,UNB,Unb: ?,,0000000000000000,0,0,0,0,··,··,0000,0.0,0.00,0.000,,,,,,
15:56:29,37009,0,0,0x0000,UNB,Unb: ?,,0000000000000000,0,0,0,0,··,··,0000,0.0,0.00,0.000,0,0,0,0,0,0
15:56:29,37010,0,0,0x0000,UNB,Unb: ?,,0000000000000000,0,0,0,0,··,··,0000,0.0,0.00,0.000,0,0,0,0,0,0
15:56:29,37011,0,0,0x0000,UNB,Unb: ?,,0000000000000000,0,0,0,0,··,··,0000,0.0,0.00,0.000,118,7733248,118,7733248,-,-
15:56:29,37012,118,118,0x0076,VERM,Verm: bms_version_mirror,118,0000000001110110,0,118,0,118,·v,v·,0076,11.8,1.18,0.118,7733248,118,7733248,118,-,-
15:56:29,37013,0,0,0x0000,VERM,Verm: fault_status_mirror,0x0000,0000000000000000,0,0,0,0,··,··,0000,0.0,0.00,0.000,0,0,0,0,0,0
15:56:29,37014,0,0,0x0000,VERM,Verm: fault_status_2_mirror,0x0000,0000000000000000,0,0,0,0,··,··,0000,0.0,0.00,0.000,0,0,0,0,0,0
15:56:29,37015,0,0,0x0000,UNB,Unb: ?,,0000000000000000,0,0,0,0,··,··,0000,0.0,0.00,0.000,0,0,0,0,0,0
15:56:29,37016,0,0,0x0000,VERM,Verm: offgrid_ac_voltage,0 V,0000000000000000,0,0,0,0,··,··,0000,0.0,0.00,0.000,0,0,0,0,0,0
15:56:29,37017,0,0,0x0000,UNB,Unb: ?,,0000000000000000,0,0,0,0,··,··,0000,0.0,0.00,0.000,0,0,0,0,0,0
15:56:29,37018,0,0,0x0000,UNB,Unb: ?,,0000000000000000,0,0,0,0,··,··,0000,0.0,0.00,0.000,0,0,0,0,0,0
15:56:29,37019,0,0,0x0000,UNB,Unb: ?,,0000000000000000,0,0,0,0,··,··,0000,0.0,0.00,0.000,0,0,0,0,0,0
15:56:29,37020,0,0,0x0000,UNB,Unb: ?,,0000000000000000,0,0,0,0,··,··,0000,0.0,0.00,0.000,0,0,0,0,0,0
15:56:29,37021,0,0,0x0000,UNB,Unb: ?,,0000000000000000,0,0,0,0,··,··,0000,0.0,0.00,0.000,0,0,0,0,0,0
15:56:29,37022,0,0,0x0000,VERM,Verm: offgrid_dc_voltage,0 V,0000000000000000,0,0,0,0,··,··,0000,0.0,0.00,0.000,0,0,0,0,0,0
15:56:29,37023,0,0,0x0000,UNB,Unb: ?,,0000000000000000,0,0,0,0,··,··,0000,0.0,0.00,0.000,0,0,0,0,0,0
15:56:29,37024,0,0,0x0000,UNB,Unb: ?,,0000000000000000,0,0,0,0,··,··,0000,0.0,0.00,0.000,,,,,,
15:56:29,38000,0,0,0x0000,UNB,Unb: unknown_38000,,0000000000000000,0,0,0,0,··,··,0000,0.0,0.00,0.000,0,0,0,0,0,0
15:56:29,38001,0,0,0x0000,UNB,Unb: unknown_38001,,0000000000000000,0,0,0,0,··,··,0000,0.0,0.00,0.000,0,0,0,0,0,0
15:56:29,38002,0,0,0x0000,UNB,Unb: unknown_38002,,0000000000000000,0,0,0,0,··,··,0000,0.0,0.00,0.000,0,0,0,0,0,0
15:56:29,38003,0,0,0x0000,UNB,Unb: unknown_38003,,0000000000000000,0,0,0,0,··,··,0000,0.0,0.00,0.000,0,0,0,0,0,0
15:56:29,38004,0,0,0x0000,UNB,Unb: unknown_38004,,0000000000000000,0,0,0,0,··,··,0000,0.0,0.00,0.000,0,0,0,0,0,0
15:56:29,38005,0,0,0x0000,UNB,Unb: unknown_38005,,0000000000000000,0,0,0,0,··,··,0000,0.0,0.00,0.000,0,0,0,0,0,0
15:56:29,38006,0,0,0x0000,UNB,Unb: unknown_38006,,0000000000000000,0,0,0,0,··,··,0000,0.0,0.00,0.000,0,0,0,0,0,0
15:56:29,38007,0,0,0x0000,UNB,Unb: unknown_38007,,0000000000000000,0,0,0,0,··,··,0000,0.0,0.00,0.000,0,0,0,0,0,0
15:56:29,38008,0,0,0x0000,UNB,Unb: unknown_38008,,0000000000000000,0,0,0,0,··,··,0000,0.0,0.00,0.000,0,0,0,0,0,0
15:56:29,38009,0,0,0x0000,UNB,Unb: unknown_38009,,0000000000000000,0,0,0,0,··,··,0000,0.0,0.00,0.000,0,0,0,0,0,0
15:56:29,38010,0,0,0x0000,UNB,Unb: unknown_38010,,0000000000000000,0,0,0,0,··,··,0000,0.0,0.00,0.000,0,0,0,0,0,0
15:56:29,38011,0,0,0x0000,UNB,Unb: unknown_38011,,0000000000000000,0,0,0,0,··,··,0000,0.0,0.00,0.000,0,0,0,0,0,0
15:56:29,38012,0,0,0x0000,UNB,Unb: unknown_38012,,0000000000000000,0,0,0,0,··,··,0000,0.0,0.00,0.000,0,0,0,0,0,0
15:56:29,38013,0,0,0x0000,UNB,Unb: unknown_38013,,0000000000000000,0,0,0,0,··,··,0000,0.0,0.00,0.000,0,0,0,0,0,0
15:56:29,38014,0,0,0x0000,UNB,Unb: unknown_38014,,0000000000000000,0,0,0,0,··,··,0000,0.0,0.00,0.000,,,,,,
15:56:29,41000,0,0,0x0000,VERM,Verm: reset_device,,0000000000000000,0,0,0,0,··,··,0000,0.0,0.00,0.000,,,,,,
15:56:30,41100,1,1,0x0001,VERM,Verm: modbus_address,,0000000000000001,0,1,0,1,··,··,0001,0.1,0.01,0.001,,,,,,
15:56:30,41200,1,1,0x0001,VERM,Verm: backup_function,,0000000000000001,0,1,0,1,··,··,0001,0.1,0.01,0.001,,,,,,
15:56:30,42010,1,1,0x0001,VERM,Verm: force_mode,1,0000000000000001,0,1,0,1,··,··,0001,0.1,0.01,0.001,65536,1,65536,1,-,-
15:56:30,42011,0,0,0x0000,VERM,Verm: charge_to_soc,0 %,0000000000000000,0,0,0,0,··,··,0000,0.0,0.00,0.000,,,,,,
15:56:30,42020,2200,2200,0x0898,VERM,Verm: set_charge_power,2200 W,0000100010011000,8,152,8,-104,··,··,0898,220.0,22.00,2.200,,,,,,
15:56:30,43000,0,0,0x0000,VERM,Verm: user_work_mode,0,0000000000000000,0,0,0,0,··,··,0000,0.0,0.00,0.000,,,,,,
15:56:30,43101,0,0,0x0000,VERM,Verm: schedule_1_start,00:00,0000000000000000,0,0,0,0,··,··,0000,0.0,0.00,0.000,,,,,,
15:56:30,43105,0,0,0x0000,VERM,Verm: schedule_2_days,0x0000,0000000000000000,0,0,0,0,··,··,0000,0.0,0.00,0.000,0,0,0,0,0,0
15:56:30,43106,0,0,0x0000,VERM,Verm: schedule_2_start,00:00,0000000000000000,0,0,0,0,··,··,0000,0.0,0.00,0.000,0,0,0,0,0,0
15:56:30,43107,0,0,0x0000,VERM,Verm: schedule_2_end,00:00,0000000000000000,0,0,0,0,··,··,0000,0.0,0.00,0.000,0,0,0,0,0,0
15:56:30,43108,0,0,0x0000,VERM,Verm: schedule_2_mode,0 W,0000000000000000,0,0,0,0,··,··,0000,0.0,0.00,0.000,0,0,0,0,0,0
15:56:30,43109,0,0,0x0000,VERM,Verm: schedule_2_enabled,0,0000000000000000,0,0,0,0,··,··,0000,0.0,0.00,0.000,0,0,0,0,0,0
15:56:30,43110,0,0,0x0000,VERM,Verm: schedule_3_days,0x0000,0000000000000000,0,0,0,0,··,··,0000,0.0,0.00,0.000,0,0,0,0,0,0
15:56:30,43111,0,0,0x0000,VERM,Verm: schedule_3_start,00:00,0000000000000000,0,0,0,0,··,··,0000,0.0,0.00,0.000,0,0,0,0,0,0
15:56:30,43112,0,0,0x0000,VERM,Verm: schedule_3_end,00:00,0000000000000000,0,0,0,0,··,··,0000,0.0,0.00,0.000,0,0,0,0,0,0
15:56:30,43113,0,0,0x0000,VERM,Verm: schedule_3_mode,0 W,0000000000000000,0,0,0,0,··,··,0000,0.0,0.00,0.000,0,0,0,0,0,0
15:56:30,43114,0,0,0x0000,VERM,Verm: schedule_3_enabled,0,0000000000000000,0,0,0,0,··,··,0000,0.0,0.00,0.000,0,0,0,0,0,0
15:56:30,43115,0,0,0x0000,VERM,Verm: schedule_4_days,0x0000,0000000000000000,0,0,0,0,··,··,0000,0.0,0.00,0.000,0,0,0,0,0,0
15:56:30,43116,0,0,0x0000,VERM,Verm: schedule_4_start,00:00,0000000000000000,0,0,0,0,··,··,0000,0.0,0.00,0.000,0,0,0,0,0,0
15:56:30,43117,0,0,0x0000,VERM,Verm: schedule_4_end,00:00,0000000000000000,0,0,0,0,··,··,0000,0.0,0.00,0.000,0,0,0,0,0,0
15:56:30,43118,0,0,0x0000,VERM,Verm: schedule_4_mode,0 W,0000000000000000,0,0,0,0,··,··,0000,0.0,0.00,0.000,0,0,0,0,0,0
15:56:30,43119,0,0,0x0000,VERM,Verm: schedule_4_enabled,0,0000000000000000,0,0,0,0,··,··,0000,0.0,0.00,0.000,0,0,0,0,0,0
15:56:30,43120,0,0,0x0000,VERM,Verm: schedule_5_days,0x0000,0000000000000000,0,0,0,0,··,··,0000,0.0,0.00,0.000,0,0,0,0,0,0
15:56:30,43121,0,0,0x0000,VERM,Verm: schedule_5_start,00:00,0000000000000000,0,0,0,0,··,··,0000,0.0,0.00,0.000,0,0,0,0,0,0
15:56:30,43122,0,0,0x0000,VERM,Verm: schedule_5_end,00:00,0000000000000000,0,0,0,0,··,··,0000,0.0,0.00,0.000,0,0,0,0,0,0
15:56:30,43123,0,0,0x0000,VERM,Verm: schedule_5_mode,0 W,0000000000000000,0,0,0,0,··,··,0000,0.0,0.00,0.000,0,0,0,0,0,0
15:56:30,43124,0,0,0x0000,VERM,Verm: schedule_5_enabled,0,0000000000000000,0,0,0,0,··,··,0000,0.0,0.00,0.000,0,0,0,0,0,0
15:56:30,43125,0,0,0x0000,VERM,Verm: schedule_6_days,0x0000,0000000000000000,0,0,0,0,··,··,0000,0.0,0.00,0.000,0,0,0,0,0,0
15:56:30,43126,0,0,0x0000,VERM,Verm: schedule_6_start,00:00,0000000000000000,0,0,0,0,··,··,0000,0.0,0.00,0.000,0,0,0,0,0,0
15:56:30,43127,0,0,0x0000,VERM,Verm: schedule_6_end,00:00,0000000000000000,0,0,0,0,··,··,0000,0.0,0.00,0.000,0,0,0,0,0,0
15:56:30,43128,0,0,0x0000,VERM,Verm: schedule_6_mode,0 W,0000000000000000,0,0,0,0,··,··,0000,0.0,0.00,0.000,0,0,0,0,0,0
15:56:30,43129,0,0,0x0000,VERM,Verm: schedule_6_enabled,0,0000000000000000,0,0,0,0,··,··,0000,0.0,0.00,0.000,,,,,,
15:56:31,44002,0,0,0x0000,VERM,Verm: max_charge_power,0 W,0000000000000000,0,0,0,0,··,··,0000,0.0,0.00,0.000,0,0,0,0,0,0
15:56:31,44003,0,0,0x0000,VERM,Verm: max_discharge_power,0 W,0000000000000000,0,0,0,0,··,··,0000,0.0,0.00,0.000,,,,,,
15:57:31,30001,2311,2311,0x0907,OK,battery_power,2311 W,0000100100000111,9,7,9,7,··,··,0907,231.1,23.11,2.311,,,,,,
15:57:31,30006,63068,-2468,0xF65C,OK,ac_power,-2468 W,1111011001011100,246,92,-10,92,·\,\·,-,6306.8,630.68,63.068,,,,,,
15:57:31,30010,0,0,0x0000,UNB,Unb: ?,,0000000000000000,0,0,0,0,··,··,0000,0.0,0.00,0.000,,,,,,
15:57:31,30020,100,100,0x0064,VERM,Verm: mppt1_voltage,10 V,0000000001100100,0,100,0,100,·d,d·,0064,10.0,1.00,0.100,6553700,6553700,6553700,6553700,-,-
15:57:31,30021,100,100,0x0064,VERM,Verm: mppt2_voltage,10 V,0000000001100100,0,100,0,100,·d,d·,0064,10.0,1.00,0.100,6553700,6553700,6553700,6553700,-,-
15:57:31,30022,100,100,0x0064,VERM,Verm: mppt3_voltage,10 V,0000000001100100,0,100,0,100,·d,d·,0064,10.0,1.00,0.100,6553699,6488164,6553699,6488164,-,-
15:57:31,30023,99,99,0x0063,VERM,Verm: mppt4_voltage,9.900 V,0000000001100011,0,99,0,99,·c,c·,0063,9.9,0.99,0.099,6488064,99,6488064,99,-,-
15:57:31,30024,0,0,0x0000,VERM,Verm: mppt1_current,0 A,0000000000000000,0,0,0,0,··,··,0000,0.0,0.00,0.000,0,0,0,0,0,0
15:57:31,30025,0,0,0x0000,VERM,Verm: mppt2_current,0 A,0000000000000000,0,0,0,0,··,··,0000,0.0,0.00,0.000,0,0,0,0,0,0
15:57:31,30026,0,0,0x0000,VERM,Verm: mppt3_current,0 A,0000000000000000,0,0,0,0,··,··,0000,0.0,0.00,0.000,0,0,0,0,0,0
15:57:31,30027,0,0,0x0000,VERM,Verm: mppt4_current,0 A,0000000000000000,0,0,0,0,··,··,0000,0.0,0.00,0.000,,,,,,
15:57:31,30029,13,13,0x000D,VERM,Verm: battery_power_factor,13,0000000000001101,0,13,0,13,··,··,-,1.3,0.13,0.013,851968,13,851968,13,-,-
15:57:31,30030,0,0,0x0000,UNB,Unb: ?,,0000000000000000,0,0,0,0,··,··,0000,0.0,0.00,0.000,0,0,0,0,0,0
15:57:31,30031,0,0,0x0000,UNB,Unb: ?,,0000000000000000,0,0,0,0,··,··,0000,0.0,0.00,0.000,0,0,0,0,0,0
15:57:31,30032,0,0,0x0000,UNB,Unb: ?,,0000000000000000,0,0,0,0,··,··,0000,0.0,0.00,0.000,0,0,0,0,0,0
15:57:31,30033,0,0,0x0000,UNB,Unb: ?,,0000000000000000,0,0,0,0,··,··,0000,0.0,0.00,0.000,0,0,0,0,0,0
15:57:31,30034,0,0,0x0000,UNB,Unb: ?,,0000000000000000,0,0,0,0,··,··,0000,0.0,0.00,0.000,0,0,0,0,0,0
15:57:31,30035,0,0,0x0000,UNB,Unb: ?,,0000000000000000,0,0,0,0,··,··,0000,0.0,0.00,0.000,219,14352384,219,14352384,-,-
15:57:31,30036,219,219,0x00DB,VERM,Verm: hardware_version,219,0000000011011011,0,219,0,-37,··,··,-,21.9,2.19,0.219,14352384,219,14352384,219,-,-
15:57:31,30037,0,0,0x0000,VERM,Verm: mppt1_power,0 W,0000000000000000,0,0,0,0,··,··,0000,0.0,0.00,0.000,0,0,0,0,0,0
15:57:31,30038,0,0,0x0000,VERM,Verm: mppt2_power,0 W,0000000000000000,0,0,0,0,··,··,0000,0.0,0.00,0.000,0,0,0,0,0,0
15:57:31,30039,0,0,0x0000,VERM,Verm: mppt3_power,0 W,0000000000000000,0,0,0,0,··,··,0000,0.0,0.00,0.000,0,0,0,0,0,0
15:57:31,30040,0,0,0x0000,VERM,Verm: mppt4_power,0 W,0000000000000000,0,0,0,0,··,··,0000,0.0,0.00,0.000,,,,,,
15:57:32,30100,5344,5344,0x14E0,VERM,Verm: battery_voltage,53.440 V,0001010011100000,20,224,20,-32,··,··,-,534.4,53.44,5.344,350224384,5344,350224384,5344,-,-
15:57:32,30101,0,0,0x0000,VERM,Verm: pack1_current_mirror,0 A,0000000000000000,0,0,0,0,··,··,0000,0.0,0.00,0.000,,,,,,
15:57:32,30106,0,0,0x0000,UNB,Unb: ?,,0000000000000000,0,0,0,0,··,··,0000,0.0,0.00,0.000,,,,,,
15:57:32,30109,0,0,0x0000,UNB,Unb: ?,,0000000000000000,0,0,0,0,··,··,0000,0.0,0.00,0.000,0,0,0,0,0,0
15:57:32,30110,0,0,0x0000,UNB,Unb: ?,,0000000000000000,0,0,0,0,··,··,0000,0.0,0.00,0.000,,,,,,
15:57:32,30201,18,18,0x0012,UNB,Unb: unknown_30201,18,0000000000010010,0,18,0,18,··,··,0012,1.8,0.18,0.018,,,,,,
15:57:32,30203,106,106,0x006A,UNB,Unb: unknown_30203,106,0000000001101010,0,106,0,106,·j,j·,-,10.6,1.06,0.106,,,,,,
15:57:32,30210,0,0,0x0000,VERM,Verm: active_pack_charge_status,0,0000000000000000,0,0,0,0,··,··,0000,0.0,0.00,0.000,0,0,0,0,0,0
15:57:32,30211,0,0,0x0000,UNB,Unb: ?,,0000000000000000,0,0,0,0,··,··,0000,0.0,0.00,0.000,5,327680,5,327680,-,-
15:57:32,30212,5,5,0x0005,VERM,Verm: pack_config,5,0000000000000101,0,5,0,5,··,··,0005,0.5,0.05,0.005,327680,5,327680,5,-,-
15:57:32,30213,0,0,0x0000,UNB,Unb: ?,,0000000000000000,0,0,0,0,··,··,0000,0.0,0.00,0.000,0,0,0,0,0,0
15:57:32,30214,0,0,0x0000,UNB,Unb: ?,,0000000000000000,0,0,0,0,··,··,0000,0.0,0.00,0.000,,,,,,
15:57:33,30300,1,1,0x0001,VERM,Verm: wifi_status,1,0000000000000001,0,1,0,1,··,··,0001,0.1,0.01,0.001,65537,65537,65537,65537,-,-
15:57:33,30301,1,1,0x0001,VERM,Verm: active_inverter_state,1,0000000000000001,0,1,0,1,··,··,0001,0.1,0.01,0.001,65537,65537,65537,65537,-,-
15:57:33,30302,1,1,0x0001,VERM,Verm: cloud_status,1,0000000000000001,0,1,0,1,··,··,0001,0.1,0.01,0.001,65590,3538945,65590,3538945,-,-
15:57:33,30303,54,54,0x0036,VERM,Verm: wifi_signal_strength,-54 dBm,0000000000110110,0,54,0,54,·6,6·,0036,5.4,0.54,0.054,,,,,,
15:57:33,30400,49320,-16216,0xC0A8,UNB,Unb: ip_address,192.168,1100000010101000,192,168,-64,-88,··,··,-,4932.0,493.20,49.320,,,,,,
15:57:33,31003,5,5,0x0005,VERM,Verm: pack_dependent_31003,5,0000000000000101,0,5,0,5,··,··,0005,0.5,0.05,0.005,329223,101122053,329223,101122053,-,-
15:57:33,31004,1543,1543,0x0607,VERM,Verm: pack_dependent_31004,1543,0000011000000111,6,7,6,7,··,··,0607,154.3,15.43,1.543,101122048,1543,101122048,1543,-,-
15:57:33,31005,0,0,0x0000,UNB,Unb: unknown_31005,,0000000000000000,0,0,0,0,··,··,0000,0.0,0.00,0.000,0,0,0,0,0,0
15:57:33,31006,0,0,0x0000,UNB,Unb: unknown_31006,,0000000000000000,0,0,0,0,··,··,0000,0.0,0.00,0.000,0,0,0,0,0,0
15:57:33,31007,0,0,0x0000,UNB,Unb: unknown_31007,,0000000000000000,0,0,0,0,··,··,0000,0.0,0.00,0.000,0,0,0,0,0,0
15:57:33,31008,0,0,0x0000,UNB,Unb: unknown_31008,,0000000000000000,0,0,0,0,··,··,0000,0.0,0.00,0.000,0,0,0,0,0,0
15:57:33,31009,0,0,0x0000,UNB,Unb: unknown_31009,,0000000000000000,0,0,0,0,··,··,0000,0.0,0.00,0.000,,,,,,
15:57:33,32100,5443,5443,0x1543,OK,dc_voltage,54.430 V,0001010101000011,21,67,21,67,·C,C·,1543,544.3,54.43,5.443,356712490,2757955,356712490,2757955,-,-
15:57:33,32101,42,42,0x002A,OK,dc_current,42 A,0000000000101010,0,42,0,42,·*,*·,-,4.2,0.42,0.042,2752512,42,2752512,42,-,-
15:57:33,32102,0,0,0x0000,UNB,Unb: unknown_32102,,0000000000000000,0,0,0,0,··,··,0000,0.0,0.00,0.000,0,0,0,0,0,0
15:57:33,32103,0,0,0x0000,UNB,Unb: ?,,0000000000000000,0,0,0,0,··,··,0000,0.0,0.00,0.000,,,,,,
15:57:33,32200,2376,2376,0x0948,OK,ac_voltage,237.600 V,0000100101001000,9,72,9,72,·H,H·,0948,237.6,23.76,2.376,155715912,155715912,155715912,155715912,-,-
15:57:33,32201,2376,2376,0x0948,VERM,Verm: ac_voltage_2,237.600 V,0000100101001000,9,72,9,72,·H,H·,0948,237.6,23.76,2.376,,,,,,
15:57:33,32204,500,500,0x01F4,OK,ac_frequency,50 Hz,0000000111110100,1,244,1,-12,··,··,-,50.0,5.00,0.500,,,,,,
15:57:34,34002,701,701,0x02BD,OK,pack1_bat_soc,70.100 %,0000001010111101,2,189,2,-67,··,··,-,70.1,7.01,0.701,,,,,,
15:57:34,34004,0,0,0x0000,VERM,Verm: pack1_charge_status,0,0000000000000000,0,0,0,0,··,··,0000,0.0,0.00,0.000,,,,,,
15:57:34,34102,683,683,0x02AB,OK,pack2_bat_soc,68.300 %,0000001010101011,2,171,2,-85,··,··,-,68.3,6.83,0.683,,,,,,
15:57:34,34104,3,3,0x0003,VERM,Verm: pack2_charge_status,3,0000000000000011,0,3,0,3,··,··,0003,0.3,0.03,0.003,,,,,,
15:57:34,34202,601,601,0x0259,OK,pack3_bat_soc,60.100 %,0000001001011001,2,89,2,89,·Y,Y·,0259,60.1,6.01,0.601,,,,,,
15:57:34,34204,0,0,0x0000,VERM,Verm: pack3_charge_status,0,0000000000000000,0,0,0,0,··,··,0000,0.0,0.00,0.000,,,,,,
15:57:35,34302,601,601,0x0259,OK,pack4_bat_soc,60.100 %,0000001001011001,2,89,2,89,·Y,Y·,0259,60.1,6.01,0.601,,,,,,
15:57:35,34304,0,0,0x0000,VERM,Verm: pack4_charge_status,0,0000000000000000,0,0,0,0,··,··,0000,0.0,0.00,0.000,,,,,,
15:57:35,34402,601,601,0x0259,OK,pack5_bat_soc,60.100 %,0000001001011001,2,89,2,89,·Y,Y·,0259,60.1,6.01,0.601,,,,,,
15:57:35,34502,601,601,0x0259,OK,pack6_bat_soc,60.100 %,0000001001011001,2,89,2,89,·Y,Y·,0259,60.1,6.01,0.601,,,,,,
15:57:59,35112,500,500,0x01F4,VERM,Verm: max_discharge_power,500,0000000111110100,1,244,1,-12,··,··,-,50.0,5.00,0.500,,,,,,
15:57:59,36000,0,0,0x0000,OK,alarm_status,0x0000,0000000000000000,0,0,0,0,··,··,0000,0.0,0.00,0.000,0,0,0,0,0,0
15:57:59,36001,0,0,0x0000,OK,alarm_status_lo,0x0000,0000000000000000,0,0,0,0,··,··,0000,0.0,0.00,0.000,,,,,,
15:57:59,36100,0,0,0x0000,OK,fault_status,0x0000,0000000000000000,0,0,0,0,··,··,0000,0.0,0.00,0.000,0,0,0,0,0,0
15:57:59,36101,0,0,0x0000,VERM,Verm: fault_status_2,0x0000,0000000000000000,0,0,0,0,··,··,0000,0.0,0.00,0.000,0,0,0,0,0,0
15:57:59,36102,0,0,0x0000,OK,fault_2,0x0000,0000000000000000,0,0,0,0,··,··,0000,0.0,0.00,0.000,0,0,0,0,0,0
15:57:59,36103,0,0,0x0000,OK,fault_status_lo,0x0000,0000000000000000,0,0,0,0,··,··,0000,0.0,0.00,0.000,,,,,,
15:57:59,37000,1,1,0x0001,VERM,Verm: system_online,1,0000000000000001,0,1,0,1,··,··,0001,0.1,0.01,0.001,65536,1,65536,1,-,-
15:57:59,37001,0,0,0x0000,UNB,Unb: ?,,0000000000000000,0,0,0,0,··,··,0000,0.0,0.00,0.000,0,0,0,0,0,0
15:57:59,37002,0,0,0x0000,UNB,Unb: ?,,0000000000000000,0,0,0,0,··,··,0000,0.0,0.00,0.000,0,0,0,0,0,0
15:57:59,37003,0,0,0x0000,UNB,Unb: ?,,0000000000000000,0,0,0,0,··,··,0000,0.0,0.00,0.000,,,,,,
15:57:59,37009,0,0,0x0000,UNB,Unb: ?,,0000000000000000,0,0,0,0,··,··,0000,0.0,0.00,0.000,0,0,0,0,0,0
15:57:59,37010,0,0,0x0000,UNB,Unb: ?,,0000000000000000,0,0,0,0,··,··,0000,0.0,0.00,0.000,0,0,0,0,0,0
15:57:59,37011,0,0,0x0000,UNB,Unb: ?,,0000000000000000,0,0,0,0,··,··,0000,0.0,0.00,0.000,118,7733248,118,7733248,-,-
15:57:59,37012,118,118,0x0076,VERM,Verm: bms_version_mirror,118,0000000001110110,0,118,0,118,·v,v·,0076,11.8,1.18,0.118,7733248,118,7733248,118,-,-
15:57:59,37013,0,0,0x0000,VERM,Verm: fault_status_mirror,0x0000,0000000000000000,0,0,0,0,··,··,0000,0.0,0.00,0.000,0,0,0,0,0,0
15:57:59,37014,0,0,0x0000,VERM,Verm: fault_status_2_mirror,0x0000,0000000000000000,0,0,0,0,··,··,0000,0.0,0.00,0.000,0,0,0,0,0,0
15:57:59,37015,0,0,0x0000,UNB,Unb: ?,,0000000000000000,0,0,0,0,··,··,0000,0.0,0.00,0.000,0,0,0,0,0,0
15:57:59,37016,0,0,0x0000,VERM,Verm: offgrid_ac_voltage,0 V,0000000000000000,0,0,0,0,··,··,0000,0.0,0.00,0.000,0,0,0,0,0,0
15:57:59,37017,0,0,0x0000,UNB,Unb: ?,,0000000000000000,0,0,0,0,··,··,0000,0.0,0.00,0.000,0,0,0,0,0,0
15:57:59,37018,0,0,0x0000,UNB,Unb: ?,,0000000000000000,0,0,0,0,··,··,0000,0.0,0.00,0.000,0,0,0,0,0,0
15:57:59,37019,0,0,0x0000,UNB,Unb: ?,,0000000000000000,0,0,0,0,··,··,0000,0.0,0.00,0.000,0,0,0,0,0,0
15:57:59,37020,0,0,0x0000,UNB,Unb: ?,,0000000000000000,0,0,0,0,··,··,0000,0.0,0.00,0.000,0,0,0,0,0,0
15:57:59,37021,0,0,0x0000,UNB,Unb: ?,,0000000000000000,0,0,0,0,··,··,0000,0.0,0.00,0.000,0,0,0,0,0,0
15:57:59,37022,0,0,0x0000,VERM,Verm: offgrid_dc_voltage,0 V,0000000000000000,0,0,0,0,··,··,0000,0.0,0.00,0.000,0,0,0,0,0,0
15:57:59,37023,0,0,0x0000,UNB,Unb: ?,,0000000000000000,0,0,0,0,··,··,0000,0.0,0.00,0.000,0,0,0,0,0,0
15:57:59,37024,0,0,0x0000,UNB,Unb: ?,,0000000000000000,0,0,0,0,··,··,0000,0.0,0.00,0.000,,,,,,
15:57:59,38000,0,0,0x0000,UNB,Unb: unknown_38000,,0000000000000000,0,0,0,0,··,··,0000,0.0,0.00,0.000,0,0,0,0,0,0
15:57:59,38001,0,0,0x0000,UNB,Unb: unknown_38001,,0000000000000000,0,0,0,0,··,··,0000,0.0,0.00,0.000,0,0,0,0,0,0
15:57:59,38002,0,0,0x0000,UNB,Unb: unknown_38002,,0000000000000000,0,0,0,0,··,··,0000,0.0,0.00,0.000,0,0,0,0,0,0
15:57:59,38003,0,0,0x0000,UNB,Unb: unknown_38003,,0000000000000000,0,0,0,0,··,··,0000,0.0,0.00,0.000,0,0,0,0,0,0
15:57:59,38004,0,0,0x0000,UNB,Unb: unknown_38004,,0000000000000000,0,0,0,0,··,··,0000,0.0,0.00,0.000,0,0,0,0,0,0
15:57:59,38005,0,0,0x0000,UNB,Unb: unknown_38005,,0000000000000000,0,0,0,0,··,··,0000,0.0,0.00,0.000,0,0,0,0,0,0
15:57:59,38006,0,0,0x0000,UNB,Unb: unknown_38006,,0000000000000000,0,0,0,0,··,··,0000,0.0,0.00,0.000,0,0,0,0,0,0
15:57:59,38007,0,0,0x0000,UNB,Unb: unknown_38007,,0000000000000000,0,0,0,0,··,··,0000,0.0,0.00,0.000,0,0,0,0,0,0
15:57:59,38008,0,0,0x0000,UNB,Unb: unknown_38008,,0000000000000000,0,0,0,0,··,··,0000,0.0,0.00,0.000,0,0,0,0,0,0
15:57:59,38009,0,0,0x0000,UNB,Unb: unknown_38009,,0000000000000000,0,0,0,0,··,··,0000,0.0,0.00,0.000,0,0,0,0,0,0
15:57:59,38010,0,0,0x0000,UNB,Unb: unknown_38010,,0000000000000000,0,0,0,0,··,··,0000,0.0,0.00,0.000,0,0,0,0,0,0
15:57:59,38011,0,0,0x0000,UNB,Unb: unknown_38011,,0000000000000000,0,0,0,0,··,··,0000,0.0,0.00,0.000,0,0,0,0,0,0
15:57:59,38012,0,0,0x0000,UNB,Unb: unknown_38012,,0000000000000000,0,0,0,0,··,··,0000,0.0,0.00,0.000,0,0,0,0,0,0
15:57:59,38013,0,0,0x0000,UNB,Unb: unknown_38013,,0000000000000000,0,0,0,0,··,··,0000,0.0,0.00,0.000,0,0,0,0,0,0
15:57:59,38014,0,0,0x0000,UNB,Unb: unknown_38014,,0000000000000000,0,0,0,0,··,··,0000,0.0,0.00,0.000,,,,,,
15:58:00,41000,0,0,0x0000,VERM,Verm: reset_device,,0000000000000000,0,0,0,0,··,··,0000,0.0,0.00,0.000,,,,,,
15:58:00,41100,1,1,0x0001,VERM,Verm: modbus_address,,0000000000000001,0,1,0,1,··,··,0001,0.1,0.01,0.001,,,,,,
15:58:00,41200,1,1,0x0001,VERM,Verm: backup_function,,0000000000000001,0,1,0,1,··,··,0001,0.1,0.01,0.001,,,,,,
15:58:00,42010,1,1,0x0001,VERM,Verm: force_mode,1,0000000000000001,0,1,0,1,··,··,0001,0.1,0.01,0.001,65536,1,65536,1,-,-
15:58:00,42011,0,0,0x0000,VERM,Verm: charge_to_soc,0 %,0000000000000000,0,0,0,0,··,··,0000,0.0,0.00,0.000,,,,,,
15:58:00,42020,2200,2200,0x0898,VERM,Verm: set_charge_power,2200 W,0000100010011000,8,152,8,-104,··,··,0898,220.0,22.00,2.200,,,,,,
15:58:00,43000,0,0,0x0000,VERM,Verm: user_work_mode,0,0000000000000000,0,0,0,0,··,··,0000,0.0,0.00,0.000,,,,,,
15:58:01,43101,0,0,0x0000,VERM,Verm: schedule_1_start,00:00,0000000000000000,0,0,0,0,··,··,0000,0.0,0.00,0.000,,,,,,
15:58:01,43105,0,0,0x0000,VERM,Verm: schedule_2_days,0x0000,0000000000000000,0,0,0,0,··,··,0000,0.0,0.00,0.000,0,0,0,0,0,0
15:58:01,43106,0,0,0x0000,VERM,Verm: schedule_2_start,00:00,0000000000000000,0,0,0,0,··,··,0000,0.0,0.00,0.000,0,0,0,0,0,0
15:58:01,43107,0,0,0x0000,VERM,Verm: schedule_2_end,00:00,0000000000000000,0,0,0,0,··,··,0000,0.0,0.00,0.000,0,0,0,0,0,0
15:58:01,43108,0,0,0x0000,VERM,Verm: schedule_2_mode,0 W,0000000000000000,0,0,0,0,··,··,0000,0.0,0.00,0.000,0,0,0,0,0,0
15:58:01,43109,0,0,0x0000,VERM,Verm: schedule_2_enabled,0,0000000000000000,0,0,0,0,··,··,0000,0.0,0.00,0.000,0,0,0,0,0,0
15:58:01,43110,0,0,0x0000,VERM,Verm: schedule_3_days,0x0000,0000000000000000,0,0,0,0,··,··,0000,0.0,0.00,0.000,0,0,0,0,0,0
15:58:01,43111,0,0,0x0000,VERM,Verm: schedule_3_start,00:00,0000000000000000,0,0,0,0,··,··,0000,0.0,0.00,0.000,0,0,0,0,0,0
15:58:01,43112,0,0,0x0000,VERM,Verm: schedule_3_end,00:00,0000000000000000,0,0,0,0,··,··,0000,0.0,0.00,0.000,0,0,0,0,0,0
15:58:01,43113,0,0,0x0000,VERM,Verm: schedule_3_mode,0 W,0000000000000000,0,0,0,0,··,··,0000,0.0,0.00,0.000,0,0,0,0,0,0
15:58:01,43114,0,0,0x0000,VERM,Verm: schedule_3_enabled,0,0000000000000000,0,0,0,0,··,··,0000,0.0,0.00,0.000,0,0,0,0,0,0
15:58:01,43115,0,0,0x0000,VERM,Verm: schedule_4_days,0x0000,0000000000000000,0,0,0,0,··,··,0000,0.0,0.00,0.000,0,0,0,0,0,0
15:58:01,43116,0,0,0x0000,VERM,Verm: schedule_4_start,00:00,0000000000000000,0,0,0,0,··,··,0000,0.0,0.00,0.000,0,0,0,0,0,0
15:58:01,43117,0,0,0x0000,VERM,Verm: schedule_4_end,00:00,0000000000000000,0,0,0,0,··,··,0000,0.0,0.00,0.000,0,0,0,0,0,0
15:58:01,43118,0,0,0x0000,VERM,Verm: schedule_4_mode,0 W,0000000000000000,0,0,0,0,··,··,0000,0.0,0.00,0.000,0,0,0,0,0,0
15:58:01,43119,0,0,0x0000,VERM,Verm: schedule_4_enabled,0,0000000000000000,0,0,0,0,··,··,0000,0.0,0.00,0.000,0,0,0,0,0,0
15:58:01,43120,0,0,0x0000,VERM,Verm: schedule_5_days,0x0000,0000000000000000,0,0,0,0,··,··,0000,0.0,0.00,0.000,0,0,0,0,0,0
15:58:01,43121,0,0,0x0000,VERM,Verm: schedule_5_start,00:00,0000000000000000,0,0,0,0,··,··,0000,0.0,0.00,0.000,0,0,0,0,0,0
15:58:01,43122,0,0,0x0000,VERM,Verm: schedule_5_end,00:00,0000000000000000,0,0,0,0,··,··,0000,0.0,0.00,0.000,0,0,0,0,0,0
15:58:01,43123,0,0,0x0000,VERM,Verm: schedule_5_mode,0 W,0000000000000000,0,0,0,0,··,··,0000,0.0,0.00,0.000,0,0,0,0,0,0
15:58:01,43124,0,0,0x0000,VERM,Verm: schedule_5_enabled,0,0000000000000000,0,0,0,0,··,··,0000,0.0,0.00,0.000,0,0,0,0,0,0
15:58:01,43125,0,0,0x0000,VERM,Verm: schedule_6_days,0x0000,0000000000000000,0,0,0,0,··,··,0000,0.0,0.00,0.000,0,0,0,0,0,0
15:58:01,43126,0,0,0x0000,VERM,Verm: schedule_6_start,00:00,0000000000000000,0,0,0,0,··,··,0000,0.0,0.00,0.000,0,0,0,0,0,0
15:58:01,43127,0,0,0x0000,VERM,Verm: schedule_6_end,00:00,0000000000000000,0,0,0,0,··,··,0000,0.0,0.00,0.000,0,0,0,0,0,0
15:58:01,43128,0,0,0x0000,VERM,Verm: schedule_6_mode,0 W,0000000000000000,0,0,0,0,··,··,0000,0.0,0.00,0.000,0,0,0,0,0,0
15:58:01,43129,0,0,0x0000,VERM,Verm: schedule_6_enabled,0,0000000000000000,0,0,0,0,··,··,0000,0.0,0.00,0.000,,,,,,
15:58:01,44002,0,0,0x0000,VERM,Verm: max_charge_power,0 W,0000000000000000,0,0,0,0,··,··,0000,0.0,0.00,0.000,0,0,0,0,0,0
15:58:01,44003,0,0,0x0000,VERM,Verm: max_discharge_power,0 W,0000000000000000,0,0,0,0,··,··,0000,0.0,0.00,0.000,,,,,,
15:59:01,30001,2310,2310,0x0906,OK,battery_power,2310 W,0000100100000110,9,6,9,6,··,··,0906,231.0,23.10,2.310,,,,,,
15:59:01,30006,63068,-2468,0xF65C,OK,ac_power,-2468 W,1111011001011100,246,92,-10,92,·\,\·,-,6306.8,630.68,63.068,,,,,,
15:59:01,30010,0,0,0x0000,UNB,Unb: ?,,0000000000000000,0,0,0,0,··,··,0000,0.0,0.00,0.000,,,,,,
15:59:02,30020,100,100,0x0064,VERM,Verm: mppt1_voltage,10 V,0000000001100100,0,100,0,100,·d,d·,0064,10.0,1.00,0.100,6553700,6553700,6553700,6553700,-,-
15:59:02,30021,100,100,0x0064,VERM,Verm: mppt2_voltage,10 V,0000000001100100,0,100,0,100,·d,d·,0064,10.0,1.00,0.100,6553700,6553700,6553700,6553700,-,-
15:59:02,30022,100,100,0x0064,VERM,Verm: mppt3_voltage,10 V,0000000001100100,0,100,0,100,·d,d·,0064,10.0,1.00,0.100,6553699,6488164,6553699,6488164,-,-
15:59:02,30023,99,99,0x0063,VERM,Verm: mppt4_voltage,9.900 V,0000000001100011,0,99,0,99,·c,c·,0063,9.9,0.99,0.099,6488064,99,6488064,99,-,-
15:59:02,30024,0,0,0x0000,VERM,Verm: mppt1_current,0 A,0000000000000000,0,0,0,0,··,··,0000,0.0,0.00,0.000,0,0,0,0,0,0
15:59:02,30025,0,0,0x0000,VERM,Verm: mppt2_current,0 A,0000000000000000,0,0,0,0,··,··,0000,0.0,0.00,0.000,0,0,0,0,0,0
15:59:02,30026,0,0,0x0000,VERM,Verm: mppt3_current,0 A,0000000000000000,0,0,0,0,··,··,0000,0.0,0.00,0.000,0,0,0,0,0,0
15:59:02,30027,0,0,0x0000,VERM,Verm: mppt4_current,0 A,0000000000000000,0,0,0,0,··,··,0000,0.0,0.00,0.000,,,,,,
15:59:02,30029,13,13,0x000D,VERM,Verm: battery_power_factor,13,0000000000001101,0,13,0,13,··,··,-,1.3,0.13,0.013,851968,13,851968,13,-,-
15:59:02,30030,0,0,0x0000,UNB,Unb: ?,,0000000000000000,0,0,0,0,··,··,0000,0.0,0.00,0.000,0,0,0,0,0,0
15:59:02,30031,0,0,0x0000,UNB,Unb: ?,,0000000000000000,0,0,0,0,··,··,0000,0.0,0.00,0.000,0,0,0,0,0,0
15:59:02,30032,0,0,0x0000,UNB,Unb: ?,,0000000000000000,0,0,0,0,··,··,0000,0.0,0.00,0.000,0,0,0,0,0,0
15:59:02,30033,0,0,0x0000,UNB,Unb: ?,,0000000000000000,0,0,0,0,··,··,0000,0.0,0.00,0.000,0,0,0,0,0,0
15:59:02,30034,0,0,0x0000,UNB,Unb: ?,,0000000000000000,0,0,0,0,··,··,0000,0.0,0.00,0.000,0,0,0,0,0,0
15:59:02,30035,0,0,0x0000,UNB,Unb: ?,,0000000000000000,0,0,0,0,··,··,0000,0.0,0.00,0.000,219,14352384,219,14352384,-,-
15:59:02,30036,219,219,0x00DB,VERM,Verm: hardware_version,219,0000000011011011,0,219,0,-37,··,··,-,21.9,2.19,0.219,14352384,219,14352384,219,-,-
15:59:02,30037,0,0,0x0000,VERM,Verm: mppt1_power,0 W,0000000000000000,0,0,0,0,··,··,0000,0.0,0.00,0.000,0,0,0,0,0,0
15:59:02,30038,0,0,0x0000,VERM,Verm: mppt2_power,0 W,0000000000000000,0,0,0,0,··,··,0000,0.0,0.00,0.000,0,0,0,0,0,0
15:59:02,30039,0,0,0x0000,VERM,Verm: mppt3_power,0 W,0000000000000000,0,0,0,0,··,··,0000,0.0,0.00,0.000,0,0,0,0,0,0
15:59:02,30040,0,0,0x0000,VERM,Verm: mppt4_power,0 W,0000000000000000,0,0,0,0,··,··,0000,0.0,0.00,0.000,,,,,,
15:59:02,30100,5343,5343,0x14DF,VERM,Verm: battery_voltage,53.430 V,0001010011011111,20,223,20,-33,··,··,-,534.3,53.43,5.343,350158848,5343,350158848,5343,-,-
15:59:02,30101,0,0,0x0000,VERM,Verm: pack1_current_mirror,0 A,0000000000000000,0,0,0,0,··,··,0000,0.0,0.00,0.000,,,,,,
15:59:02,30106,0,0,0x0000,UNB,Unb: ?,,0000000000000000,0,0,0,0,··,··,0000,0.0,0.00,0.000,,,,,,
15:59:02,30109,0,0,0x0000,UNB,Unb: ?,,0000000000000000,0,0,0,0,··,··,0000,0.0,0.00,0.000,0,0,0,0,0,0
15:59:02,30110,0,0,0x0000,UNB,Unb: ?,,0000000000000000,0,0,0,0,··,··,0000,0.0,0.00,0.000,,,,,,
15:59:02,30201,18,18,0x0012,UNB,Unb: unknown_30201,18,0000000000010010,0,18,0,18,··,··,0012,1.8,0.18,0.018,,,,,,
15:59:02,30203,106,106,0x006A,UNB,Unb: unknown_30203,106,0000000001101010,0,106,0,106,·j,j·,-,10.6,1.06,0.106,,,,,,
15:59:03,30210,0,0,0x0000,VERM,Verm: active_pack_charge_status,0,0000000000000000,0,0,0,0,··,··,0000,0.0,0.00,0.000,0,0,0,0,0,0
15:59:03,30211,0,0,0x0000,UNB,Unb: ?,,0000000000000000,0,0,0,0,··,··,0000,0.0,0.00,0.000,5,327680,5,327680,-,-
15:59:03,30212,5,5,0x0005,VERM,Verm: pack_config,5,0000000000000101,0,5,0,5,··,··,0005,0.5,0.05,0.005,327680,5,327680,5,-,-
15:59:03,30213,0,0,0x0000,UNB,Unb: ?,,0000000000000000,0,0,0,0,··,··,0000,0.0,0.00,0.000,0,0,0,0,0,0
15:59:03,30214,0,0,0x0000,UNB,Unb: ?,,0000000000000000,0,0,0,0,··,··,0000,0.0,0.00,0.000,,,,,,
15:59:03,30300,1,1,0x0001,VERM,Verm: wifi_status,1,0000000000000001,0,1,0,1,··,··,0001,0.1,0.01,0.001,65537,65537,65537,65537,-,-
15:59:03,30301,1,1,0x0001,VERM,Verm: active_inverter_state,1,0000000000000001,0,1,0,1,··,··,0001,0.1,0.01,0.001,65537,65537,65537,65537,-,-
15:59:03,30302,1,1,0x0001,VERM,Verm: cloud_status,1,0000000000000001,0,1,0,1,··,··,0001,0.1,0.01,0.001,65590,3538945,65590,3538945,-,-
15:59:03,30303,54,54,0x0036,VERM,Verm: wifi_signal_strength,-54 dBm,0000000000110110,0,54,0,54,·6,6·,0036,5.4,0.54,0.054,,,,,,
15:59:03,30400,49320,-16216,0xC0A8,UNB,Unb: ip_address,192.168,1100000010101000,192,168,-64,-88,··,··,-,4932.0,493.20,49.320,,,,,,
15:59:03,31003,5,5,0x0005,VERM,Verm: pack_dependent_31003,5,0000000000000101,0,5,0,5,··,··,0005,0.5,0.05,0.005,329223,101122053,329223,101122053,-,-
15:59:03,31004,1543,1543,0x0607,VERM,Verm: pack_dependent_31004,1543,0000011000000111,6,7,6,7,··,··,0607,154.3,15.43,1.543,101122048,1543,101122048,1543,-,-
15:59:03,31005,0,0,0x0000,UNB,Unb: unknown_31005,,0000000000000000,0,0,0,0,··,··,0000,0.0,0.00,0.000,0,0,0,0,0,0
15:59:03,31006,0,0,0x0000,UNB,Unb: unknown_31006,,0000000000000000,0,0,0,0,··,··,0000,0.0,0.00,0.000,0,0,0,0,0,0
15:59:03,31007,0,0,0x0000,UNB,Unb: unknown_31007,,0000000000000000,0,0,0,0,··,··,0000,0.0,0.00,0.000,0,0,0,0,0,0
15:59:03,31008,0,0,0x0000,UNB,Unb: unknown_31008,,0000000000000000,0,0,0,0,··,··,0000,0.0,0.00,0.000,0,0,0,0,0,0
15:59:03,31009,0,0,0x0000,UNB,Unb: unknown_31009,,0000000000000000,0,0,0,0,··,··,0000,0.0,0.00,0.000,,,,,,
15:59:03,32100,5408,5408,0x1520,OK,dc_voltage,54.080 V,0001010100100000,21,32,21,32,· , ·,1520,540.8,54.08,5.408,354418730,2757920,354418730,2757920,-,-
15:59:03,32101,42,42,0x002A,OK,dc_current,42 A,0000000000101010,0,42,0,42,·*,*·,-,4.2,0.42,0.042,2752512,42,2752512,42,-,-
15:59:03,32102,0,0,0x0000,UNB,Unb: unknown_32102,,0000000000000000,0,0,0,0,··,··,0000,0.0,0.00,0.000,0,0,0,0,0,0
15:59:03,32103,0,0,0x0000,UNB,Unb: ?,,0000000000000000,0,0,0,0,··,··,0000,0.0,0.00,0.000,,,,,,
15:59:03,32200,2376,2376,0x0948,OK,ac_voltage,237.600 V,0000100101001000,9,72,9,72,·H,H·,0948,237.6,23.76,2.376,155715912,155715912,155715912,155715912,-,-
15:59:03,32201,2376,2376,0x0948,VERM,Verm: ac_voltage_2,237.600 V,0000100101001000,9,72,9,72,·H,H·,0948,237.6,23.76,2.376,,,,,,
15:59:04,32204,500,500,0x01F4,OK,ac_frequency,50 Hz,0000000111110100,1,244,1,-12,··,··,-,50.0,5.00,0.500,,,,,,
15:59:04,34002,701,701,0x02BD,OK,pack1_bat_soc,70.100 %,0000001010111101,2,189,2,-67,··,··,-,70.1,7.01,0.701,,,,,,
15:59:04,34004,0,0,0x0000,VERM,Verm: pack1_charge_status,0,0000000000000000,0,0,0,0,··,··,0000,0.0,0.00,0.000,,,,,,
15:59:04,34102,701,701,0x02BD,OK,pack2_bat_soc,70.100 %,0000001010111101,2,189,2,-67,··,··,-,70.1,7.01,0.701,,,,,,
15:59:04,34104,0,0,0x0000,VERM,Verm: pack2_charge_status,0,0000000000000000,0,0,0,0,··,··,0000,0.0,0.00,0.000,,,,,,
15:59:04,34202,606,606,0x025E,OK,pack3_bat_soc,60.600 %,0000001001011110,2,94,2,94,·^,^·,-,60.6,6.06,0.606,,,,,,
15:59:05,34204,3,3,0x0003,VERM,Verm: pack3_charge_status,3,0000000000000011,0,3,0,3,··,··,0003,0.3,0.03,0.003,,,,,,
15:59:05,34302,601,601,0x0259,OK,pack4_bat_soc,60.100 %,0000001001011001,2,89,2,89,·Y,Y·,0259,60.1,6.01,0.601,,,,,,
15:59:05,34304,0,0,0x0000,VERM,Verm: pack4_charge_status,0,0000000000000000,0,0,0,0,··,··,0000,0.0,0.00,0.000,,,,,,
15:59:05,34402,601,601,0x0259,OK,pack5_bat_soc,60.100 %,0000001001011001,2,89,2,89,·Y,Y·,0259,60.1,6.01,0.601,,,,,,
15:59:05,34502,601,601,0x0259,OK,pack6_bat_soc,60.100 %,0000001001011001,2,89,2,89,·Y,Y·,0259,60.1,6.01,0.601,,,,,,
15:59:29,35112,500,500,0x01F4,VERM,Verm: max_discharge_power,500,0000000111110100,1,244,1,-12,··,··,-,50.0,5.00,0.500,,,,,,
15:59:29,36000,0,0,0x0000,OK,alarm_status,0x0000,0000000000000000,0,0,0,0,··,··,0000,0.0,0.00,0.000,0,0,0,0,0,0
15:59:29,36001,0,0,0x0000,OK,alarm_status_lo,0x0000,0000000000000000,0,0,0,0,··,··,0000,0.0,0.00,0.000,,,,,,
15:59:29,36100,0,0,0x0000,OK,fault_status,0x0000,0000000000000000,0,0,0,0,··,··,0000,0.0,0.00,0.000,0,0,0,0,0,0
15:59:29,36101,0,0,0x0000,VERM,Verm: fault_status_2,0x0000,0000000000000000,0,0,0,0,··,··,0000,0.0,0.00,0.000,0,0,0,0,0,0
15:59:29,36102,0,0,0x0000,OK,fault_2,0x0000,0000000000000000,0,0,0,0,··,··,0000,0.0,0.00,0.000,0,0,0,0,0,0
15:59:29,36103,0,0,0x0000,OK,fault_status_lo,0x0000,0000000000000000,0,0,0,0,··,··,0000,0.0,0.00,0.000,,,,,,
15:59:29,37000,1,1,0x0001,VERM,Verm: system_online,1,0000000000000001,0,1,0,1,··,··,0001,0.1,0.01,0.001,65536,1,65536,1,-,-
15:59:29,37001,0,0,0x0000,UNB,Unb: ?,,0000000000000000,0,0,0,0,··,··,0000,0.0,0.00,0.000,0,0,0,0,0,0
15:59:29,37002,0,0,0x0000,UNB,Unb: ?,,0000000000000000,0,0,0,0,··,··,0000,0.0,0.00,0.000,0,0,0,0,0,0
15:59:29,37003,0,0,0x0000,UNB,Unb: ?,,0000000000000000,0,0,0,0,··,··,0000,0.0,0.00,0.000,,,,,,
15:59:29,37009,0,0,0x0000,UNB,Unb: ?,,0000000000000000,0,0,0,0,··,··,0000,0.0,0.00,0.000,0,0,0,0,0,0
15:59:29,37010,0,0,0x0000,UNB,Unb: ?,,0000000000000000,0,0,0,0,··,··,0000,0.0,0.00,0.000,0,0,0,0,0,0
15:59:29,37011,0,0,0x0000,UNB,Unb: ?,,0000000000000000,0,0,0,0,··,··,0000,0.0,0.00,0.000,118,7733248,118,7733248,-,-
15:59:29,37012,118,118,0x0076,VERM,Verm: bms_version_mirror,118,0000000001110110,0,118,0,118,·v,v·,0076,11.8,1.18,0.118,7733248,118,7733248,118,-,-
15:59:29,37013,0,0,0x0000,VERM,Verm: fault_status_mirror,0x0000,0000000000000000,0,0,0,0,··,··,0000,0.0,0.00,0.000,0,0,0,0,0,0
15:59:29,37014,0,0,0x0000,VERM,Verm: fault_status_2_mirror,0x0000,0000000000000000,0,0,0,0,··,··,0000,0.0,0.00,0.000,0,0,0,0,0,0
15:59:29,37015,0,0,0x0000,UNB,Unb: ?,,0000000000000000,0,0,0,0,··,··,0000,0.0,0.00,0.000,0,0,0,0,0,0
15:59:29,37016,0,0,0x0000,VERM,Verm: offgrid_ac_voltage,0 V,0000000000000000,0,0,0,0,··,··,0000,0.0,0.00,0.000,0,0,0,0,0,0
15:59:29,37017,0,0,0x0000,UNB,Unb: ?,,0000000000000000,0,0,0,0,··,··,0000,0.0,0.00,0.000,0,0,0,0,0,0
15:59:29,37018,0,0,0x0000,UNB,Unb: ?,,0000000000000000,0,0,0,0,··,··,0000,0.0,0.00,0.000,0,0,0,0,0,0
15:59:29,37019,0,0,0x0000,UNB,Unb: ?,,0000000000000000,0,0,0,0,··,··,0000,0.0,0.00,0.000,0,0,0,0,0,0
15:59:29,37020,0,0,0x0000,UNB,Unb: ?,,0000000000000000,0,0,0,0,··,··,0000,0.0,0.00,0.000,0,0,0,0,0,0
15:59:29,37021,0,0,0x0000,UNB,Unb: ?,,0000000000000000,0,0,0,0,··,··,0000,0.0,0.00,0.000,0,0,0,0,0,0
15:59:29,37022,0,0,0x0000,VERM,Verm: offgrid_dc_voltage,0 V,0000000000000000,0,0,0,0,··,··,0000,0.0,0.00,0.000,0,0,0,0,0,0
15:59:29,37023,0,0,0x0000,UNB,Unb: ?,,0000000000000000,0,0,0,0,··,··,0000,0.0,0.00,0.000,0,0,0,0,0,0
15:59:29,37024,0,0,0x0000,UNB,Unb: ?,,0000000000000000,0,0,0,0,··,··,0000,0.0,0.00,0.000,,,,,,
15:59:30,38000,0,0,0x0000,UNB,Unb: unknown_38000,,0000000000000000,0,0,0,0,··,··,0000,0.0,0.00,0.000,0,0,0,0,0,0
15:59:30,38001,0,0,0x0000,UNB,Unb: unknown_38001,,0000000000000000,0,0,0,0,··,··,0000,0.0,0.00,0.000,0,0,0,0,0,0
15:59:30,38002,0,0,0x0000,UNB,Unb: unknown_38002,,0000000000000000,0,0,0,0,··,··,0000,0.0,0.00,0.000,0,0,0,0,0,0
15:59:30,38003,0,0,0x0000,UNB,Unb: unknown_38003,,0000000000000000,0,0,0,0,··,··,0000,0.0,0.00,0.000,0,0,0,0,0,0
15:59:30,38004,0,0,0x0000,UNB,Unb: unknown_38004,,0000000000000000,0,0,0,0,··,··,0000,0.0,0.00,0.000,0,0,0,0,0,0
15:59:30,38005,0,0,0x0000,UNB,Unb: unknown_38005,,0000000000000000,0,0,0,0,··,··,0000,0.0,0.00,0.000,0,0,0,0,0,0
15:59:30,38006,0,0,0x0000,UNB,Unb: unknown_38006,,0000000000000000,0,0,0,0,··,··,0000,0.0,0.00,0.000,0,0,0,0,0,0
15:59:30,38007,0,0,0x0000,UNB,Unb: unknown_38007,,0000000000000000,0,0,0,0,··,··,0000,0.0,0.00,0.000,0,0,0,0,0,0
15:59:30,38008,0,0,0x0000,UNB,Unb: unknown_38008,,0000000000000000,0,0,0,0,··,··,0000,0.0,0.00,0.000,0,0,0,0,0,0
15:59:30,38009,0,0,0x0000,UNB,Unb: unknown_38009,,0000000000000000,0,0,0,0,··,··,0000,0.0,0.00,0.000,0,0,0,0,0,0
15:59:30,38010,0,0,0x0000,UNB,Unb: unknown_38010,,0000000000000000,0,0,0,0,··,··,0000,0.0,0.00,0.000,0,0,0,0,0,0
15:59:30,38011,0,0,0x0000,UNB,Unb: unknown_38011,,0000000000000000,0,0,0,0,··,··,0000,0.0,0.00,0.000,0,0,0,0,0,0
15:59:30,38012,0,0,0x0000,UNB,Unb: unknown_38012,,0000000000000000,0,0,0,0,··,··,0000,0.0,0.00,0.000,0,0,0,0,0,0
15:59:30,38013,0,0,0x0000,UNB,Unb: unknown_38013,,0000000000000000,0,0,0,0,··,··,0000,0.0,0.00,0.000,0,0,0,0,0,0
15:59:30,38014,0,0,0x0000,UNB,Unb: unknown_38014,,0000000000000000,0,0,0,0,··,··,0000,0.0,0.00,0.000,,,,,,
15:59:30,41000,0,0,0x0000,VERM,Verm: reset_device,,0000000000000000,0,0,0,0,··,··,0000,0.0,0.00,0.000,,,,,,
15:59:30,41100,1,1,0x0001,VERM,Verm: modbus_address,,0000000000000001,0,1,0,1,··,··,0001,0.1,0.01,0.001,,,,,,
15:59:30,41200,1,1,0x0001,VERM,Verm: backup_function,,0000000000000001,0,1,0,1,··,··,0001,0.1,0.01,0.001,,,,,,
15:59:30,42010,1,1,0x0001,VERM,Verm: force_mode,1,0000000000000001,0,1,0,1,··,··,0001,0.1,0.01,0.001,65536,1,65536,1,-,-
15:59:30,42011,0,0,0x0000,VERM,Verm: charge_to_soc,0 %,0000000000000000,0,0,0,0,··,··,0000,0.0,0.00,0.000,,,,,,
15:59:30,42020,2200,2200,0x0898,VERM,Verm: set_charge_power,2200 W,0000100010011000,8,152,8,-104,··,··,0898,220.0,22.00,2.200,,,,,,
15:59:31,43000,0,0,0x0000,VERM,Verm: user_work_mode,0,0000000000000000,0,0,0,0,··,··,0000,0.0,0.00,0.000,,,,,,
15:59:31,43101,0,0,0x0000,VERM,Verm: schedule_1_start,00:00,0000000000000000,0,0,0,0,··,··,0000,0.0,0.00,0.000,,,,,,
15:59:31,43105,0,0,0x0000,VERM,Verm: schedule_2_days,0x0000,0000000000000000,0,0,0,0,··,··,0000,0.0,0.00,0.000,0,0,0,0,0,0
15:59:31,43106,0,0,0x0000,VERM,Verm: schedule_2_start,00:00,0000000000000000,0,0,0,0,··,··,0000,0.0,0.00,0.000,0,0,0,0,0,0
15:59:31,43107,0,0,0x0000,VERM,Verm: schedule_2_end,00:00,0000000000000000,0,0,0,0,··,··,0000,0.0,0.00,0.000,0,0,0,0,0,0
15:59:31,43108,0,0,0x0000,VERM,Verm: schedule_2_mode,0 W,0000000000000000,0,0,0,0,··,··,0000,0.0,0.00,0.000,0,0,0,0,0,0
15:59:31,43109,0,0,0x0000,VERM,Verm: schedule_2_enabled,0,0000000000000000,0,0,0,0,··,··,0000,0.0,0.00,0.000,0,0,0,0,0,0
15:59:31,43110,0,0,0x0000,VERM,Verm: schedule_3_days,0x0000,0000000000000000,0,0,0,0,··,··,0000,0.0,0.00,0.000,0,0,0,0,0,0
15:59:31,43111,0,0,0x0000,VERM,Verm: schedule_3_start,00:00,0000000000000000,0,0,0,0,··,··,0000,0.0,0.00,0.000,0,0,0,0,0,0
15:59:31,43112,0,0,0x0000,VERM,Verm: schedule_3_end,00:00,0000000000000000,0,0,0,0,··,··,0000,0.0,0.00,0.000,0,0,0,0,0,0
15:59:31,43113,0,0,0x0000,VERM,Verm: schedule_3_mode,0 W,0000000000000000,0,0,0,0,··,··,0000,0.0,0.00,0.000,0,0,0,0,0,0
15:59:31,43114,0,0,0x0000,VERM,Verm: schedule_3_enabled,0,0000000000000000,0,0,0,0,··,··,0000,0.0,0.00,0.000,0,0,0,0,0,0
15:59:31,43115,0,0,0x0000,VERM,Verm: schedule_4_days,0x0000,0000000000000000,0,0,0,0,··,··,0000,0.0,0.00,0.000,0,0,0,0,0,0
15:59:31,43116,0,0,0x0000,VERM,Verm: schedule_4_start,00:00,0000000000000000,0,0,0,0,··,··,0000,0.0,0.00,0.000,0,0,0,0,0,0
15:59:31,43117,0,0,0x0000,VERM,Verm: schedule_4_end,00:00,0000000000000000,0,0,0,0,··,··,0000,0.0,0.00,0.000,0,0,0,0,0,0
15:59:31,43118,0,0,0x0000,VERM,Verm: schedule_4_mode,0 W,0000000000000000,0,0,0,0,··,··,0000,0.0,0.00,0.000,0,0,0,0,0,0
15:59:31,43119,0,0,0x0000,VERM,Verm: schedule_4_enabled,0,0000000000000000,0,0,0,0,··,··,0000,0.0,0.00,0.000,0,0,0,0,0,0
15:59:31,43120,0,0,0x0000,VERM,Verm: schedule_5_days,0x0000,0000000000000000,0,0,0,0,··,··,0000,0.0,0.00,0.000,0,0,0,0,0,0
15:59:31,43121,0,0,0x0000,VERM,Verm: schedule_5_start,00:00,0000000000000000,0,0,0,0,··,··,0000,0.0,0.00,0.000,0,0,0,0,0,0
15:59:31,43122,0,0,0x0000,VERM,Verm: schedule_5_end,00:00,0000000000000000,0,0,0,0,··,··,0000,0.0,0.00,0.000,0,0,0,0,0,0
15:59:31,43123,0,0,0x0000,VERM,Verm: schedule_5_mode,0 W,0000000000000000,0,0,0,0,··,··,0000,0.0,0.00,0.000,0,0,0,0,0,0
15:59:31,43124,0,0,0x0000,VERM,Verm: schedule_5_enabled,0,0000000000000000,0,0,0,0,··,··,0000,0.0,0.00,0.000,0,0,0,0,0,0
15:59:31,43125,0,0,0x0000,VERM,Verm: schedule_6_days,0x0000,0000000000000000,0,0,0,0,··,··,0000,0.0,0.00,0.000,0,0,0,0,0,0
15:59:31,43126,0,0,0x0000,VERM,Verm: schedule_6_start,00:00,0000000000000000,0,0,0,0,··,··,0000,0.0,0.00,0.000,0,0,0,0,0,0
15:59:31,43127,0,0,0x0000,VERM,Verm: schedule_6_end,00:00,0000000000000000,0,0,0,0,··,··,0000,0.0,0.00,0.000,0,0,0,0,0,0
15:59:31,43128,0,0,0x0000,VERM,Verm: schedule_6_mode,0 W,0000000000000000,0,0,0,0,··,··,0000,0.0,0.00,0.000,0,0,0,0,0,0
15:59:31,43129,0,0,0x0000,VERM,Verm: schedule_6_enabled,0,0000000000000000,0,0,0,0,··,··,0000,0.0,0.00,0.000,,,,,,
15:59:31,44002,0,0,0x0000,VERM,Verm: max_charge_power,0 W,0000000000000000,0,0,0,0,··,··,0000,0.0,0.00,0.000,0,0,0,0,0,0
15:59:31,44003,0,0,0x0000,VERM,Verm: max_discharge_power,0 W,0000000000000000,0,0,0,0,··,··,0000,0.0,0.00,0.000,,,,,,
16:00:31,30001,2310,2310,0x0906,OK,battery_power,2310 W,0000100100000110,9,6,9,6,··,··,0906,231.0,23.10,2.310,,,,,,
16:00:32,30006,63068,-2468,0xF65C,OK,ac_power,-2468 W,1111011001011100,246,92,-10,92,·\,\·,-,6306.8,630.68,63.068,,,,,,
16:00:32,30010,0,0,0x0000,UNB,Unb: ?,,0000000000000000,0,0,0,0,··,··,0000,0.0,0.00,0.000,,,,,,
16:00:32,30020,100,100,0x0064,VERM,Verm: mppt1_voltage,10 V,0000000001100100,0,100,0,100,·d,d·,0064,10.0,1.00,0.100,6553700,6553700,6553700,6553700,-,-
16:00:32,30021,100,100,0x0064,VERM,Verm: mppt2_voltage,10 V,0000000001100100,0,100,0,100,·d,d·,0064,10.0,1.00,0.100,6553700,6553700,6553700,6553700,-,-
16:00:32,30022,100,100,0x0064,VERM,Verm: mppt3_voltage,10 V,0000000001100100,0,100,0,100,·d,d·,0064,10.0,1.00,0.100,6553699,6488164,6553699,6488164,-,-
16:00:32,30023,99,99,0x0063,VERM,Verm: mppt4_voltage,9.900 V,0000000001100011,0,99,0,99,·c,c·,0063,9.9,0.99,0.099,6488064,99,6488064,99,-,-
16:00:32,30024,0,0,0x0000,VERM,Verm: mppt1_current,0 A,0000000000000000,0,0,0,0,··,··,0000,0.0,0.00,0.000,0,0,0,0,0,0
16:00:32,30025,0,0,0x0000,VERM,Verm: mppt2_current,0 A,0000000000000000,0,0,0,0,··,··,0000,0.0,0.00,0.000,0,0,0,0,0,0
16:00:32,30026,0,0,0x0000,VERM,Verm: mppt3_current,0 A,0000000000000000,0,0,0,0,··,··,0000,0.0,0.00,0.000,0,0,0,0,0,0
16:00:32,30027,0,0,0x0000,VERM,Verm: mppt4_current,0 A,0000000000000000,0,0,0,0,··,··,0000,0.0,0.00,0.000,,,,,,
16:00:33,30029,13,13,0x000D,VERM,Verm: battery_power_factor,13,0000000000001101,0,13,0,13,··,··,-,1.3,0.13,0.013,851968,13,851968,13,-,-
16:00:33,30030,0,0,0x0000,UNB,Unb: ?,,0000000000000000,0,0,0,0,··,··,0000,0.0,0.00,0.000,0,0,0,0,0,0
16:00:33,30031,0,0,0x0000,UNB,Unb: ?,,0000000000000000,0,0,0,0,··,··,0000,0.0,0.00,0.000,0,0,0,0,0,0
16:00:33,30032,0,0,0x0000,UNB,Unb: ?,,0000000000000000,0,0,0,0,··,··,0000,0.0,0.00,0.000,0,0,0,0,0,0
16:00:33,30033,0,0,0x0000,UNB,Unb: ?,,0000000000000000,0,0,0,0,··,··,0000,0.0,0.00,0.000,0,0,0,0,0,0
16:00:33,30034,0,0,0x0000,UNB,Unb: ?,,0000000000000000,0,0,0,0,··,··,0000,0.0,0.00,0.000,0,0,0,0,0,0
16:00:33,30035,0,0,0x0000,UNB,Unb: ?,,0000000000000000,0,0,0,0,··,··,0000,0.0,0.00,0.000,219,14352384,219,14352384,-,-
16:00:33,30036,219,219,0x00DB,VERM,Verm: hardware_version,219,0000000011011011,0,219,0,-37,··,··,-,21.9,2.19,0.219,14352384,219,14352384,219,-,-
16:00:33,30037,0,0,0x0000,VERM,Verm: mppt1_power,0 W,0000000000000000,0,0,0,0,··,··,0000,0.0,0.00,0.000,0,0,0,0,0,0
16:00:33,30038,0,0,0x0000,VERM,Verm: mppt2_power,0 W,0000000000000000,0,0,0,0,··,··,0000,0.0,0.00,0.000,0,0,0,0,0,0
16:00:33,30039,0,0,0x0000,VERM,Verm: mppt3_power,0 W,0000000000000000,0,0,0,0,··,··,0000,0.0,0.00,0.000,0,0,0,0,0,0
16:00:33,30040,0,0,0x0000,VERM,Verm: mppt4_power,0 W,0000000000000000,0,0,0,0,··,··,0000,0.0,0.00,0.000,,,,,,
16:00:33,30100,5342,5342,0x14DE,VERM,Verm: battery_voltage,53.420 V,0001010011011110,20,222,20,-34,··,··,-,534.2,53.42,5.342,350093312,5342,350093312,5342,-,-
16:00:33,30101,0,0,0x0000,VERM,Verm: pack1_current_mirror,0 A,0000000000000000,0,0,0,0,··,··,0000,0.0,0.00,0.000,,,,,,
16:00:33,30106,0,0,0x0000,UNB,Unb: ?,,0000000000000000,0,0,0,0,··,··,0000,0.0,0.00,0.000,,,,,,
16:00:33,30109,0,0,0x0000,UNB,Unb: ?,,0000000000000000,0,0,0,0,··,··,0000,0.0,0.00,0.000,0,0,0,0,0,0
16:00:33,30110,0,0,0x0000,UNB,Unb: ?,,0000000000000000,0,0,0,0,··,··,0000,0.0,0.00,0.000,,,,,,
16:00:34,30201,18,18,0x0012,UNB,Unb: unknown_30201,18,0000000000010010,0,18,0,18,··,··,0012,1.8,0.18,0.018,,,,,,
16:00:34,30203,106,106,0x006A,UNB,Unb: unknown_30203,106,0000000001101010,0,106,0,106,·j,j·,-,10.6,1.06,0.106,,,,,,
16:00:34,30210,0,0,0x0000,VERM,Verm: active_pack_charge_status,0,0000000000000000,0,0,0,0,··,··,0000,0.0,0.00,0.000,0,0,0,0,0,0
16:00:34,30211,0,0,0x0000,UNB,Unb: ?,,0000000000000000,0,0,0,0,··,··,0000,0.0,0.00,0.000,5,327680,5,327680,-,-
16:00:34,30212,5,5,0x0005,VERM,Verm: pack_config,5,0000000000000101,0,5,0,5,··,··,0005,0.5,0.05,0.005,327680,5,327680,5,-,-
16:00:34,30213,0,0,0x0000,UNB,Unb: ?,,0000000000000000,0,0,0,0,··,··,0000,0.0,0.00,0.000,0,0,0,0,0,0
16:00:34,30214,0,0,0x0000,UNB,Unb: ?,,0000000000000000,0,0,0,0,··,··,0000,0.0,0.00,0.000,,,,,,
16:00:35,30300,1,1,0x0001,VERM,Verm: wifi_status,1,0000000000000001,0,1,0,1,··,··,0001,0.1,0.01,0.001,65537,65537,65537,65537,-,-
16:00:35,30301,1,1,0x0001,VERM,Verm: active_inverter_state,1,0000000000000001,0,1,0,1,··,··,0001,0.1,0.01,0.001,65537,65537,65537,65537,-,-
16:00:35,30302,1,1,0x0001,VERM,Verm: cloud_status,1,0000000000000001,0,1,0,1,··,··,0001,0.1,0.01,0.001,65590,3538945,65590,3538945,-,-
16:00:35,30303,54,54,0x0036,VERM,Verm: wifi_signal_strength,-54 dBm,0000000000110110,0,54,0,54,·6,6·,0036,5.4,0.54,0.054,,,,,,
16:00:35,30400,49320,-16216,0xC0A8,UNB,Unb: ip_address,192.168,1100000010101000,192,168,-64,-88,··,··,-,4932.0,493.20,49.320,,,,,,
16:00:35,31003,5,5,0x0005,VERM,Verm: pack_dependent_31003,5,0000000000000101,0,5,0,5,··,··,0005,0.5,0.05,0.005,329223,101122053,329223,101122053,-,-
16:00:35,31004,1543,1543,0x0607,VERM,Verm: pack_dependent_31004,1543,0000011000000111,6,7,6,7,··,··,0607,154.3,15.43,1.543,101122048,1543,101122048,1543,-,-
16:00:35,31005,0,0,0x0000,UNB,Unb: unknown_31005,,0000000000000000,0,0,0,0,··,··,0000,0.0,0.00,0.000,0,0,0,0,0,0
16:00:35,31006,0,0,0x0000,UNB,Unb: unknown_31006,,0000000000000000,0,0,0,0,··,··,0000,0.0,0.00,0.000,0,0,0,0,0,0
16:00:35,31007,0,0,0x0000,UNB,Unb: unknown_31007,,0000000000000000,0,0,0,0,··,··,0000,0.0,0.00,0.000,0,0,0,0,0,0
16:00:35,31008,0,0,0x0000,UNB,Unb: unknown_31008,,0000000000000000,0,0,0,0,··,··,0000,0.0,0.00,0.000,0,0,0,0,0,0
16:00:35,31009,0,0,0x0000,UNB,Unb: unknown_31009,,0000000000000000,0,0,0,0,··,··,0000,0.0,0.00,0.000,,,,,,
16:00:35,32100,5449,5449,0x1549,OK,dc_voltage,54.490 V,0001010101001001,21,73,21,73,·I,I·,1549,544.9,54.49,5.449,357105706,2757961,357105706,2757961,-,-
16:00:35,32101,42,42,0x002A,OK,dc_current,42 A,0000000000101010,0,42,0,42,·*,*·,-,4.2,0.42,0.042,2752512,42,2752512,42,-,-
16:00:35,32102,0,0,0x0000,UNB,Unb: unknown_32102,,0000000000000000,0,0,0,0,··,··,0000,0.0,0.00,0.000,0,0,0,0,0,0
16:00:35,32103,0,0,0x0000,UNB,Unb: ?,,0000000000000000,0,0,0,0,··,··,0000,0.0,0.00,0.000,,,,,,
16:00:35,32200,2372,2372,0x0944,OK,ac_voltage,237.200 V,0000100101000100,9,68,9,68,·D,D·,0944,237.2,23.72,2.372,155453764,155453764,155453764,155453764,-,-
16:00:35,32201,2372,2372,0x0944,VERM,Verm: ac_voltage_2,237.200 V,0000100101000100,9,68,9,68,·D,D·,0944,237.2,23.72,2.372,,,,,,
16:00:35,32204,500,500,0x01F4,OK,ac_frequency,50 Hz,0000000111110100,1,244,1,-12,··,··,-,50.0,5.00,0.500,,,,,,
16:00:35,34002,701,701,0x02BD,OK,pack1_bat_soc,70.100 %,0000001010111101,2,189,2,-67,··,··,-,70.1,7.01,0.701,,,,,,
16:00:36,34004,0,0,0x0000,VERM,Verm: pack1_charge_status,0,0000000000000000,0,0,0,0,··,··,0000,0.0,0.00,0.000,,,,,,
16:00:36,34102,701,701,0x02BD,OK,pack2_bat_soc,70.100 %,0000001010111101,2,189,2,-67,··,··,-,70.1,7.01,0.701,,,,,,
16:00:36,34104,0,0,0x0000,VERM,Verm: pack2_charge_status,0,0000000000000000,0,0,0,0,··,··,0000,0.0,0.00,0.000,,,,,,
16:00:36,34202,631,631,0x0277,OK,pack3_bat_soc,63.100 %,0000001001110111,2,119,2,119,·w,w·,0277,63.1,6.31,0.631,,,,,,
16:00:36,34204,3,3,0x0003,VERM,Verm: pack3_charge_status,3,0000000000000011,0,3,0,3,··,··,0003,0.3,0.03,0.003,,,,,,
16:00:36,34302,601,601,0x0259,OK,pack4_bat_soc,60.100 %,0000001001011001,2,89,2,89,·Y,Y·,0259,60.1,6.01,0.601,,,,,,
16:00:37,34304,0,0,0x0000,VERM,Verm: pack4_charge_status,0,0000000000000000,0,0,0,0,··,··,0000,0.0,0.00,0.000,,,,,,
16:00:37,34402,601,601,0x0259,OK,pack5_bat_soc,60.100 %,0000001001011001,2,89,2,89,·Y,Y·,0259,60.1,6.01,0.601,,,,,,
16:00:37,34502,601,601,0x0259,OK,pack6_bat_soc,60.100 %,0000001001011001,2,89,2,89,·Y,Y·,0259,60.1,6.01,0.601,,,,,,
16:01:01,35112,500,500,0x01F4,VERM,Verm: max_discharge_power,500,0000000111110100,1,244,1,-12,··,··,-,50.0,5.00,0.500,,,,,,
16:01:01,36000,0,0,0x0000,OK,alarm_status,0x0000,0000000000000000,0,0,0,0,··,··,0000,0.0,0.00,0.000,0,0,0,0,0,0
16:01:01,36001,0,0,0x0000,OK,alarm_status_lo,0x0000,0000000000000000,0,0,0,0,··,··,0000,0.0,0.00,0.000,,,,,,
16:01:01,36100,0,0,0x0000,OK,fault_status,0x0000,0000000000000000,0,0,0,0,··,··,0000,0.0,0.00,0.000,0,0,0,0,0,0
16:01:01,36101,0,0,0x0000,VERM,Verm: fault_status_2,0x0000,0000000000000000,0,0,0,0,··,··,0000,0.0,0.00,0.000,0,0,0,0,0,0
16:01:01,36102,0,0,0x0000,OK,fault_2,0x0000,0000000000000000,0,0,0,0,··,··,0000,0.0,0.00,0.000,0,0,0,0,0,0
16:01:01,36103,0,0,0x0000,OK,fault_status_lo,0x0000,0000000000000000,0,0,0,0,··,··,0000,0.0,0.00,0.000,,,,,,
16:01:01,37000,1,1,0x0001,VERM,Verm: system_online,1,0000000000000001,0,1,0,1,··,··,0001,0.1,0.01,0.001,65536,1,65536,1,-,-
16:01:01,37001,0,0,0x0000,UNB,Unb: ?,,0000000000000000,0,0,0,0,··,··,0000,0.0,0.00,0.000,0,0,0,0,0,0
16:01:01,37002,0,0,0x0000,UNB,Unb: ?,,0000000000000000,0,0,0,0,··,··,0000,0.0,0.00,0.000,0,0,0,0,0,0
16:01:01,37003,0,0,0x0000,UNB,Unb: ?,,0000000000000000,0,0,0,0,··,··,0000,0.0,0.00,0.000,,,,,,
16:01:01,37009,0,0,0x0000,UNB,Unb: ?,,0000000000000000,0,0,0,0,··,··,0000,0.0,0.00,0.000,0,0,0,0,0,0
16:01:01,37010,0,0,0x0000,UNB,Unb: ?,,0000000000000000,0,0,0,0,··,··,0000,0.0,0.00,0.000,0,0,0,0,0,0
16:01:01,37011,0,0,0x0000,UNB,Unb: ?,,0000000000000000,0,0,0,0,··,··,0000,0.0,0.00,0.000,118,7733248,118,7733248,-,-
16:01:01,37012,118,118,0x0076,VERM,Verm: bms_version_mirror,118,0000000001110110,0,118,0,118,·v,v·,0076,11.8,1.18,0.118,7733248,118,7733248,118,-,-
16:01:01,37013,0,0,0x0000,VERM,Verm: fault_status_mirror,0x0000,0000000000000000,0,0,0,0,··,··,0000,0.0,0.00,0.000,0,0,0,0,0,0
16:01:01,37014,0,0,0x0000,VERM,Verm: fault_status_2_mirror,0x0000,0000000000000000,0,0,0,0,··,··,0000,0.0,0.00,0.000,0,0,0,0,0,0
16:01:01,37015,0,0,0x0000,UNB,Unb: ?,,0000000000000000,0,0,0,0,··,··,0000,0.0,0.00,0.000,0,0,0,0,0,0
16:01:01,37016,0,0,0x0000,VERM,Verm: offgrid_ac_voltage,0 V,0000000000000000,0,0,0,0,··,··,0000,0.0,0.00,0.000,0,0,0,0,0,0
16:01:01,37017,0,0,0x0000,UNB,Unb: ?,,0000000000000000,0,0,0,0,··,··,0000,0.0,0.00,0.000,0,0,0,0,0,0
16:01:01,37018,0,0,0x0000,UNB,Unb: ?,,0000000000000000,0,0,0,0,··,··,0000,0.0,0.00,0.000,0,0,0,0,0,0
16:01:01,37019,0,0,0x0000,UNB,Unb: ?,,0000000000000000,0,0,0,0,··,··,0000,0.0,0.00,0.000,0,0,0,0,0,0
16:01:01,37020,0,0,0x0000,UNB,Unb: ?,,0000000000000000,0,0,0,0,··,··,0000,0.0,0.00,0.000,0,0,0,0,0,0
16:01:01,37021,0,0,0x0000,UNB,Unb: ?,,0000000000000000,0,0,0,0,··,··,0000,0.0,0.00,0.000,0,0,0,0,0,0
16:01:01,37022,0,0,0x0000,VERM,Verm: offgrid_dc_voltage,0 V,0000000000000000,0,0,0,0,··,··,0000,0.0,0.00,0.000,0,0,0,0,0,0
16:01:01,37023,0,0,0x0000,UNB,Unb: ?,,0000000000000000,0,0,0,0,··,··,0000,0.0,0.00,0.000,0,0,0,0,0,0
16:01:01,37024,0,0,0x0000,UNB,Unb: ?,,0000000000000000,0,0,0,0,··,··,0000,0.0,0.00,0.000,,,,,,
16:01:01,38000,0,0,0x0000,UNB,Unb: unknown_38000,,0000000000000000,0,0,0,0,··,··,0000,0.0,0.00,0.000,0,0,0,0,0,0
16:01:01,38001,0,0,0x0000,UNB,Unb: unknown_38001,,0000000000000000,0,0,0,0,··,··,0000,0.0,0.00,0.000,0,0,0,0,0,0
16:01:01,38002,0,0,0x0000,UNB,Unb: unknown_38002,,0000000000000000,0,0,0,0,··,··,0000,0.0,0.00,0.000,0,0,0,0,0,0
16:01:01,38003,0,0,0x0000,UNB,Unb: unknown_38003,,0000000000000000,0,0,0,0,··,··,0000,0.0,0.00,0.000,0,0,0,0,0,0
16:01:01,38004,0,0,0x0000,UNB,Unb: unknown_38004,,0000000000000000,0,0,0,0,··,··,0000,0.0,0.00,0.000,0,0,0,0,0,0
16:01:01,38005,0,0,0x0000,UNB,Unb: unknown_38005,,0000000000000000,0,0,0,0,··,··,0000,0.0,0.00,0.000,0,0,0,0,0,0
16:01:01,38006,0,0,0x0000,UNB,Unb: unknown_38006,,0000000000000000,0,0,0,0,··,··,0000,0.0,0.00,0.000,0,0,0,0,0,0
16:01:01,38007,0,0,0x0000,UNB,Unb: unknown_38007,,0000000000000000,0,0,0,0,··,··,0000,0.0,0.00,0.000,0,0,0,0,0,0
16:01:01,38008,0,0,0x0000,UNB,Unb: unknown_38008,,0000000000000000,0,0,0,0,··,··,0000,0.0,0.00,0.000,0,0,0,0,0,0
16:01:01,38009,0,0,0x0000,UNB,Unb: unknown_38009,,0000000000000000,0,0,0,0,··,··,0000,0.0,0.00,0.000,0,0,0,0,0,0
16:01:01,38010,0,0,0x0000,UNB,Unb: unknown_38010,,0000000000000000,0,0,0,0,··,··,0000,0.0,0.00,0.000,0,0,0,0,0,0
16:01:01,38011,0,0,0x0000,UNB,Unb: unknown_38011,,0000000000000000,0,0,0,0,··,··,0000,0.0,0.00,0.000,0,0,0,0,0,0
16:01:01,38012,0,0,0x0000,UNB,Unb: unknown_38012,,0000000000000000,0,0,0,0,··,··,0000,0.0,0.00,0.000,0,0,0,0,0,0
16:01:01,38013,0,0,0x0000,UNB,Unb: unknown_38013,,0000000000000000,0,0,0,0,··,··,0000,0.0,0.00,0.000,0,0,0,0,0,0
16:01:01,38014,0,0,0x0000,UNB,Unb: unknown_38014,,0000000000000000,0,0,0,0,··,··,0000,0.0,0.00,0.000,,,,,,
16:01:02,41000,0,0,0x0000,VERM,Verm: reset_device,,0000000000000000,0,0,0,0,··,··,0000,0.0,0.00,0.000,,,,,,
16:01:02,41100,1,1,0x0001,VERM,Verm: modbus_address,,0000000000000001,0,1,0,1,··,··,0001,0.1,0.01,0.001,,,,,,
16:01:02,41200,1,1,0x0001,VERM,Verm: backup_function,,0000000000000001,0,1,0,1,··,··,0001,0.1,0.01,0.001,,,,,,
16:01:02,42010,1,1,0x0001,VERM,Verm: force_mode,1,0000000000000001,0,1,0,1,··,··,0001,0.1,0.01,0.001,65536,1,65536,1,-,-
16:01:02,42011,0,0,0x0000,VERM,Verm: charge_to_soc,0 %,0000000000000000,0,0,0,0,··,··,0000,0.0,0.00,0.000,,,,,,
16:01:02,42020,2200,2200,0x0898,VERM,Verm: set_charge_power,2200 W,0000100010011000,8,152,8,-104,··,··,0898,220.0,22.00,2.200,,,,,,
16:01:02,43000,0,0,0x0000,VERM,Verm: user_work_mode,0,0000000000000000,0,0,0,0,··,··,0000,0.0,0.00,0.000,,,,,,
16:01:02,43101,0,0,0x0000,VERM,Verm: schedule_1_start,00:00,0000000000000000,0,0,0,0,··,··,0000,0.0,0.00,0.000,,,,,,
16:01:03,43105,0,0,0x0000,VERM,Verm: schedule_2_days,0x0000,0000000000000000,0,0,0,0,··,··,0000,0.0,0.00,0.000,0,0,0,0,0,0
16:01:03,43106,0,0,0x0000,VERM,Verm: schedule_2_start,00:00,0000000000000000,0,0,0,0,··,··,0000,0.0,0.00,0.000,0,0,0,0,0,0
16:01:03,43107,0,0,0x0000,VERM,Verm: schedule_2_end,00:00,0000000000000000,0,0,0,0,··,··,0000,0.0,0.00,0.000,0,0,0,0,0,0
16:01:03,43108,0,0,0x0000,VERM,Verm: schedule_2_mode,0 W,0000000000000000,0,0,0,0,··,··,0000,0.0,0.00,0.000,0,0,0,0,0,0
16:01:03,43109,0,0,0x0000,VERM,Verm: schedule_2_enabled,0,0000000000000000,0,0,0,0,··,··,0000,0.0,0.00,0.000,0,0,0,0,0,0
16:01:03,43110,0,0,0x0000,VERM,Verm: schedule_3_days,0x0000,0000000000000000,0,0,0,0,··,··,0000,0.0,0.00,0.000,0,0,0,0,0,0
16:01:03,43111,0,0,0x0000,VERM,Verm: schedule_3_start,00:00,0000000000000000,0,0,0,0,··,··,0000,0.0,0.00,0.000,0,0,0,0,0,0
16:01:03,43112,0,0,0x0000,VERM,Verm: schedule_3_end,00:00,0000000000000000,0,0,0,0,··,··,0000,0.0,0.00,0.000,0,0,0,0,0,0
16:01:03,43113,0,0,0x0000,VERM,Verm: schedule_3_mode,0 W,0000000000000000,0,0,0,0,··,··,0000,0.0,0.00,0.000,0,0,0,0,0,0
16:01:03,43114,0,0,0x0000,VERM,Verm: schedule_3_enabled,0,0000000000000000,0,0,0,0,··,··,0000,0.0,0.00,0.000,0,0,0,0,0,0
16:01:03,43115,0,0,0x0000,VERM,Verm: schedule_4_days,0x0000,0000000000000000,0,0,0,0,··,··,0000,0.0,0.00,0.000,0,0,0,0,0,0
16:01:03,43116,0,0,0x0000,VERM,Verm: schedule_4_start,00:00,0000000000000000,0,0,0,0,··,··,0000,0.0,0.00,0.000,0,0,0,0,0,0
16:01:03,43117,0,0,0x0000,VERM,Verm: schedule_4_end,00:00,0000000000000000,0,0,0,0,··,··,0000,0.0,0.00,0.000,0,0,0,0,0,0
16:01:03,43118,0,0,0x0000,VERM,Verm: schedule_4_mode,0 W,0000000000000000,0,0,0,0,··,··,0000,0.0,0.00,0.000,0,0,0,0,0,0
16:01:03,43119,0,0,0x0000,VERM,Verm: schedule_4_enabled,0,0000000000000000,0,0,0,0,··,··,0000,0.0,0.00,0.000,0,0,0,0,0,0
16:01:03,43120,0,0,0x0000,VERM,Verm: schedule_5_days,0x0000,0000000000000000,0,0,0,0,··,··,0000,0.0,0.00,0.000,0,0,0,0,0,0
16:01:03,43121,0,0,0x0000,VERM,Verm: schedule_5_start,00:00,0000000000000000,0,0,0,0,··,··,0000,0.0,0.00,0.000,0,0,0,0,0,0
16:01:03,43122,0,0,0x0000,VERM,Verm: schedule_5_end,00:00,0000000000000000,0,0,0,0,··,··,0000,0.0,0.00,0.000,0,0,0,0,0,0
16:01:03,43123,0,0,0x0000,VERM,Verm: schedule_5_mode,0 W,0000000000000000,0,0,0,0,··,··,0000,0.0,0.00,0.000,0,0,0,0,0,0
16:01:03,43124,0,0,0x0000,VERM,Verm: schedule_5_enabled,0,0000000000000000,0,0,0,0,··,··,0000,0.0,0.00,0.000,0,0,0,0,0,0
16:01:03,43125,0,0,0x0000,VERM,Verm: schedule_6_days,0x0000,0000000000000000,0,0,0,0,··,··,0000,0.0,0.00,0.000,0,0,0,0,0,0
16:01:03,43126,0,0,0x0000,VERM,Verm: schedule_6_start,00:00,0000000000000000,0,0,0,0,··,··,0000,0.0,0.00,0.000,0,0,0,0,0,0
16:01:03,43127,0,0,0x0000,VERM,Verm: schedule_6_end,00:00,0000000000000000,0,0,0,0,··,··,0000,0.0,0.00,0.000,0,0,0,0,0,0
16:01:03,43128,0,0,0x0000,VERM,Verm: schedule_6_mode,0 W,0000000000000000,0,0,0,0,··,··,0000,0.0,0.00,0.000,0,0,0,0,0,0
16:01:03,43129,0,0,0x0000,VERM,Verm: schedule_6_enabled,0,0000000000000000,0,0,0,0,··,··,0000,0.0,0.00,0.000,,,,,,
16:01:03,44002,0,0,0x0000,VERM,Verm: max_charge_power,0 W,0000000000000000,0,0,0,0,··,··,0000,0.0,0.00,0.000,0,0,0,0,0,0
16:01:03,44003,0,0,0x0000,VERM,Verm: max_discharge_power,0 W,0000000000000000,0,0,0,0,··,··,0000,0.0,0.00,0.000,,,,,,
