Register,11:21:46,11:22:16,11:22:46,11:23:16,11:23:46,11:24:16,11:24:46,11:25:16,11:25:46,11:26:16,11:26:46,11:27:16,11:27:46,11:28:16,11:28:46,11:29:16,11:29:46,11:30:16,11:30:46,11:31:16,11:31:46,11:32:16,11:32:46,11:33:16,11:33:46,11:34:16,11:34:46,11:35:16,11:35:46,11:36:16,11:36:46,11:37:16,11:37:46,11:38:16,11:38:46,11:39:16,11:39:46,11:40:16,11:40:46,11:41:16,11:41:46,11:42:16,11:42:46,11:43:16,11:43:46,11:44:16,11:44:46,11:45:16,11:45:46,11:46:16,11:46:46,11:47:16,11:47:46,11:48:16,11:48:46,11:49:16,11:49:46,11:50:16,11:50:46,11:51:16,11:51:46,11:52:16,11:52:46,11:53:16,11:53:46,11:54:16,11:54:46,11:55:16,11:55:46,11:56:16,11:56:46,11:57:16,11:57:46,11:58:16,11:58:46,11:59:16,11:59:46,12:00:16,12:00:46,12:01:16,12:01:46,12:02:16,12:02:46,12:03:16,12:03:46,12:04:16,12:04:46,12:05:16,12:05:46,12:06:16,12:06:46,12:07:16,12:07:46,12:08:16,12:08:46,12:09:16,12:09:46,12:10:16,12:10:46,12:11:16,12:11:46,12:12:16,12:12:46,12:13:16,12:13:46,12:14:16,12:14:46,12:15:16,12:15:46,12:16:16,12:16:47,12:17:17,12:17:47,12:18:17,12:18:47,12:19:17,12:19:47,12:20:17,12:20:47,12:21:17,12:21:47,12:22:17,12:22:47,12:23:17,12:23:47,12:24:17,12:24:47,12:25:17,12:25:47,12:26:17,12:26:47,12:27:17,12:27:47,12:28:17,12:28:47,12:29:17,12:29:47,12:30:17,12:30:47,12:31:17,12:31:47,12:32:17,12:32:47,12:33:17,12:33:47,12:34:17,12:34:47,12:35:17,12:35:47,12:36:17,12:36:47,12:37:17,12:37:47,12:38:17,12:38:47,12:39:17,12:39:47,12:40:17,12:40:47,12:41:17,12:41:47,12:42:17,12:42:47,12:43:17,12:43:47,12:44:17,12:44:47,12:45:17,12:45:47,12:46:17,12:46:47,12:47:17,12:47:47,12:48:17,12:48:47,12:49:17,12:49:47,12:50:17,12:50:47,12:51:17,12:51:47,12:52:17,12:52:47,12:53:17,12:53:47,12:54:17,12:54:47,12:55:17,12:55:47,12:56:17,12:56:47,12:57:17,12:57:47,12:58:17,12:58:47,12:59:17,12:59:47,13:00:17,13:00:47,13:01:17,13:01:47,13:02:17,13:02:47,13:03:17,13:03:47,13:04:17,13:04:47,13:05:17,13:05:48,13:06:18,13:06:48,13:07:18,13:07:48,13:08:18,13:08:48,13:09:18,13:09:48,13:10:18,13:10:48,13:11:18,13:11:48,13:12:18,13:12:48,13:13:18,13:13:48,13:14:18,13:14:48,13:15:18,13:15:48,13:16:18,13:16:48,13:17:18,13:17:48,13:18:18,13:18:48,13:19:18,13:19:48,13:20:18,13:20:48,13:21:18,13:21:48,13:22:18,13:22:48,13:23:18,13:23:48,13:24:18,13:24:48,13:25:18,13:25:48,13:26:18,13:26:48,13:27:18,13:27:48,13:28:18,13:28:48,13:29:18,13:29:48,13:30:18,13:30:48,13:31:18,13:31:48,13:32:18,13:32:48,13:33:18,13:33:48,13:34:18,13:34:48,13:35:18,13:35:48,13:36:18,13:36:48,13:37:18,13:37:48,13:38:18,13:38:48,13:39:18
30000,545,549,546,547,547,545,546,546,547,543,546,549,547,545,547,549,547,548,547,547,547,546,548,548,540,543,548,548,549,548,549,548,549,550,549,550,548,549,549,549,532,546,548,548,548,549,550,549,549,548,550,552,548,550,549,550,527,546,547,548,549,547,547,547,547,547,548,547,548,548,549,548,545,548,548,549,549,549,549,548,549,549,549,549,550,549,549,549,543,550,549,548,549,549,550,549,549,549,549,550,549,548,551,549,546,549,551,551,550,551,551,551,550,550,551,551,549,552,550,551,544,547,548,550,550,549,550,549,551,549,551,551,549,549,550,550,545,548,549,551,551,552,550,551,551,551,552,552,551,550,551,553,545,550,550,549,553,552,552,550,552,552,552,552,551,552,554,554,545,550,552,552,552,554,553,553,552,553,553,554,553,552,552,555,538,542,543,545,546,547,548,547,548,550,550,550,549,545,544,545,544,545,544,546,547,548,551,541,544,546,547,546,548,548,549,549,551,551,553,553,546,545,545,546,546,548,549,532,543,546,548,548,547,550,549,549,550,551,551,552,546,543,544,544,544,546,546,546,549,551,556,540,545,547,548,549,549,550,550,549,551,550,552,554,548,548,545,547,547,549,551,552,532,532,531,
30001,2035,2035,2035,2033,2035,2034,2035,2034,2035,2036,2036,2036,2034,2035,2034,2034,2034,2032,2033,2036,2035,2034,2033,2036,48,2034,2036,2035,2036,2034,2035,2037,2034,2036,2038,2035,2033,2036,2035,2035,65522,2035,2036,2034,2032,2035,2034,2035,2036,2034,2035,2035,2035,2033,2035,2035,65521,2033,2034,2036,2034,2034,2033,2035,2032,2035,2033,2032,2032,2031,2033,2035,2036,2035,2034,2033,2035,2033,2032,2033,2035,2035,2037,2034,2037,2036,2033,2035,2035,2034,2035,2035,2034,2035,2034,2035,2035,2036,2035,2034,2035,2033,2035,2036,2033,2035,2034,2034,2033,2035,2034,2035,2033,2037,2034,2036,2033,2036,2035,2034,2034,2034,2034,2035,2035,2034,2031,2031,2032,2032,2035,2036,2034,2034,2034,2034,2032,2031,2033,2032,2034,2035,2036,2035,2034,2034,2034,2034,2033,2034,2033,2034,2035,2034,2035,2034,2033,2032,2035,2034,2033,2035,2034,2034,2033,2035,2032,2033,2033,2035,2034,2034,2035,2035,2033,2034,2032,2035,2036,2034,2033,2035,2032,2034,1246,1248,1253,1255,1257,1259,1257,1259,1260,1261,1264,1264,859,479,477,479,477,479,479,479,480,482,483,1265,1256,1256,1258,1258,1259,1260,1261,1263,1265,1266,1268,1271,480,479,481,480,480,481,483,65516,1255,1254,1256,1257,1259,1259,1261,1262,1263,1263,1265,1266,482,479,480,480,480,481,482,481,483,485,488,1266,1263,1262,1260,1261,1262,1262,1264,1264,1264,1266,1267,1272,482,482,481,480,483,484,486,487,65522,65522,65522,
30002,381,381,382,382,382,382,382,382,382,382,382,382,382,382,383,383,383,383,383,382,384,384,384,384,384,384,384,384,384,384,384,384,384,384,384,384,385,384,385,385,385,384,384,384,385,384,385,385,385,385,385,385,385,385,385,386,385,385,385,385,385,385,385,385,387,385,386,386,386,387,386,387,386,386,386,386,386,387,387,387,387,387,387,387,387,387,387,388,388,387,387,387,387,387,388,388,388,388,388,388,388,388,389,389,389,388,388,388,388,388,389,388,389,389,389,389,393,390,390,390,390,389,389,389,389,390,390,390,390,390,390,390,389,390,390,393,390,390,390,390,390,390,390,390,391,391,391,391,391,391,391,391,391,390,390,391,391,391,391,391,391,391,391,391,391,392,392,392,392,391,391,391,391,391,391,391,392,392,392,392,392,392,392,392,392,391,389,388,387,385,384,383,381,380,379,378,377,376,374,371,369,367,365,363,362,360,358,356,355,355,355,355,354,355,354,354,354,353,353,353,352,350,349,347,346,345,343,342,341,341,341,341,341,341,341,341,342,341,341,341,341,340,339,338,336,335,335,331,333,331,331,330,329,330,330,331,331,331,332,332,332,333,333,333,331,332,331,330,329,329,328,327,326,325,323,
30003,390,390,390,391,391,391,391,391,391,391,391,391,391,392,391,392,392,392,392,392,392,392,393,392,393,392,392,392,392,392,392,393,392,393,393,393,393,393,393,393,394,393,393,393,393,393,392,393,393,393,393,393,393,393,394,394,394,393,394,394,394,394,394,394,395,395,395,395,395,395,396,396,396,395,396,396,396,396,396,396,397,397,397,397,397,397,397,397,397,397,397,397,397,397,397,397,398,397,398,398,398,398,398,398,398,398,397,398,398,398,398,398,398,398,398,398,398,398,398,399,398,398,398,399,399,399,399,400,400,400,400,401,401,401,401,401,401,400,400,400,401,401,402,401,401,401,401,401,401,402,402,402,401,400,400,401,401,401,401,401,401,401,402,401,401,401,401,401,401,400,400,401,401,401,401,401,401,401,401,401,401,401,401,401,401,398,397,395,394,392,390,388,387,386,385,384,383,381,379,377,375,372,371,371,367,365,363,362,361,360,360,360,359,359,359,358,358,357,357,356,356,354,353,351,350,349,347,346,345,345,345,345,345,345,345,345,345,344,345,344,344,343,342,341,340,338,338,337,336,335,334,333,333,333,334,334,334,335,335,335,335,335,335,335,336,335,334,333,332,331,331,330,330,328,326,
30004,2361,2355,2346,2349,2348,2362,2359,2362,2365,2369,2370,2370,2365,2367,2367,2371,2376,2376,2371,2366,2368,2369,2371,2370,2393,2380,2372,2379,2379,2381,2383,2379,2369,2384,2376,2367,2376,2374,2378,2382,2404,2384,2397,2380,2392,2393,2383,2381,2393,2395,2403,2401,2399,2393,2399,2414,2437,2401,2396,2395,2402,2402,2388,2388,2386,2401,2387,2386,2377,2392,2398,2402,2396,2397,2395,2392,2394,2406,2400,2407,2408,2411,2415,2414,2412,2393,2393,2396,2396,2406,2403,2402,2402,2390,2393,2383,2384,2402,2404,2408,2403,2400,2403,2407,2402,2396,2400,2408,2399,2392,2391,2395,2398,2389,2392,2399,2405,2408,2399,2394,2396,2399,2398,2398,2395,2398,2393,2397,2391,2400,2384,2391,2403,2406,2404,2394,2396,2382,2385,2383,2390,2388,2388,2392,2388,2382,2378,2365,2375,2376,2378,2386,2384,2388,2390,2388,2390,2379,2378,2383,2392,2392,2396,2396,2390,2382,2381,2384,2393,2402,2399,2393,2386,2396,2395,2391,2388,2387,2392,2395,2393,2380,2381,2377,2402,2408,2399,2406,2380,2390,2409,2415,2423,2395,2386,2393,2407,2423,2420,2408,2415,2405,2398,2402,2393,2399,2398,2387,2392,2385,2387,2387,2390,2392,2391,2391,2385,2387,2384,2384,2392,2396,2397,2397,2393,2392,2394,2397,2389,2394,2394,2395,2402,2386,2392,2395,2423,2418,2417,2420,2429,2429,2426,2429,2416,2392,2388,2419,2421,2420,2422,2383,2404,2390,2405,2415,2410,2404,2393,2371,2378,2397,2402,2398,2391,2397,2395,2408,2411,2400,2410,2423,2416,2395,2386,
30005,8,5,8,9,8,6,8,7,10,6,8,9,9,8,7,8,8,9,9,7,9,9,8,8,8,10,8,8,9,8,9,8,8,6,9,8,7,9,9,8,8,6,7,7,12,9,11,7,7,7,8,12,6,6,7,8,8,8,11,19,8,8,10,7,9,9,10,7,8,9,6,7,7,7,7,10,9,10,8,6,7,8,5,9,10,8,7,10,8,6,8,8,9,7,9,8,9,9,6,7,6,8,4,10,9,9,9,9,10,7,9,8,7,7,8,7,8,8,8,11,9,11,9,9,6,9,7,8,7,8,7,9,5,10,9,8,7,9,8,9,9,6,8,8,6,10,7,9,8,7,8,7,8,11,8,9,10,8,7,13,10,10,10,9,7,8,8,8,7,9,8,10,8,7,8,9,8,7,9,7,7,9,9,6,8,6,9,7,10,10,10,9,8,10,9,7,5,10,9,6,8,10,8,9,9,10,9,9,7,9,7,9,8,10,10,5,8,10,8,7,6,8,8,9,7,8,6,8,7,7,8,8,10,7,7,5,10,7,8,9,11,7,7,8,6,7,10,8,8,8,8,8,9,10,5,10,7,7,6,9,8,8,8,10,7,7,7,7,8,10,8,6,5,6,7,
30006,63363,63363,63363,63363,63363,63363,63363,63363,0,63363,63364,63363,63363,63363,63363,63363,63364,63363,63364,63363,63363,63363,63363,63364,0,63363,63364,63364,63364,63364,63364,63364,63364,63364,63364,63363,63364,63364,63364,63364,0,63364,63364,63364,63364,63364,63364,63364,63364,63364,63363,63364,63364,63364,63364,63364,0,63363,63363,63363,63363,63363,63364,63363,63363,63363,63363,63363,63364,63364,63363,63364,63364,63363,63364,63363,63363,63364,63363,63364,63363,63364,63364,63364,63363,63363,63363,63363,63364,63364,63363,63364,63364,63363,63363,63363,63363,63364,63364,63364,63364,63364,63363,63363,63363,63363,63364,63364,63364,63364,63363,63363,63364,63363,63363,63363,63363,63363,63363,63363,63363,63363,63364,63363,63363,63363,63363,63363,63363,63363,63363,63363,63363,63363,63364,63363,63364,63364,63363,63364,63363,63363,63363,63363,63363,63363,63363,63363,63363,63363,63363,63363,63363,63363,63363,63363,63363,63363,63363,63363,63363,63363,63363,63363,63363,63363,63363,63363,63363,63363,63363,63363,63363,63363,63363,63363,63363,63363,63363,63363,63363,63363,63364,63363,64200,64196,64190,64187,64186,64184,64184,64182,64183,64181,64178,64177,64469,64995,64995,64995,64995,64995,64994,64994,64992,64990,0,64184,64188,64189,64187,64185,64184,64183,64181,64180,64178,64177,64174,64171,64993,64994,64994,64993,64992,64991,64990,0,64190,64192,64188,64187,64185,64185,64183,64182,64182,64181,64179,64177,64993,64996,64995,64996,64996,64994,64993,64993,64991,64988,64986,64177,64181,64183,64185,64185,64183,64182,64180,64180,64179,64177,64175,64171,64992,64993,64993,64993,64992,64991,64989,64986,0,0,0,
30007,0,0,0,0,0,0,0,0,0,0,0,0,0,0,0,0,0,0,0,0,0,0,0,0,0,0,0,0,0,0,0,0,0,0,0,0,0,0,0,0,0,0,0,0,0,0,0,0,0,0,0,0,0,0,0,0,0,0,0,0,0,0,0,0,0,0,0,0,0,0,0,0,0,0,0,0,0,0,0,0,0,0,0,0,0,0,0,0,0,0,0,0,0,0,0,0,0,0,0,0,0,0,0,0,0,0,0,0,0,0,0,0,0,0,0,0,0,0,0,0,0,0,0,0,0,0,0,0,0,0,0,0,0,0,0,0,0,0,0,0,0,0,0,0,0,0,0,0,0,0,0,0,0,0,0,0,0,0,0,0,0,0,0,0,0,0,0,0,0,0,0,0,0,0,0,0,0,0,0,0,0,0,0,0,0,0,0,0,0,0,0,0,0,0,0,0,0,0,0,0,0,0,0,0,0,0,0,0,0,0,0,0,0,0,0,0,0,0,0,0,0,0,0,0,0,0,0,0,0,0,0,0,0,0,0,0,0,0,0,0,0,0,0,0,0,0,0,0,0,0,0,0,0,0,0,0,0,0,0,0,0,0,0,0,0,0,0,0,0,0,0,0,0,0,0,
30010,0,0,0,0,0,0,0,0,0,0,0,0,0,0,0,0,0,0,0,0,0,0,0,0,0,0,0,0,0,0,0,0,0,0,0,0,0,0,0,0,0,0,0,0,0,0,0,0,0,0,0,0,0,0,0,0,0,0,0,0,0,0,0,0,0,0,0,0,0,0,0,0,0,0,0,0,0,0,0,0,0,0,0,0,0,0,0,0,0,0,0,0,0,0,0,0,0,0,0,0,0,0,0,0,0,0,0,0,0,0,0,0,0,0,0,0,0,0,0,0,0,0,0,0,0,0,0,0,0,0,0,0,0,0,0,0,0,0,0,0,0,0,0,0,0,0,0,0,0,0,0,0,0,0,0,0,0,0,0,0,0,0,0,0,0,0,0,0,0,0,0,0,0,0,0,0,0,0,0,0,0,0,0,0,0,0,0,0,0,0,0,0,0,0,0,0,0,0,0,0,0,0,0,0,0,0,0,0,0,0,0,0,0,0,0,0,0,0,0,0,0,0,0,0,0,0,0,0,0,0,0,0,0,0,0,0,0,0,0,0,0,0,0,0,0,0,0,0,0,0,0,0,0,0,0,0,0,0,0,0,0,0,0,0,0,0,0,0,0,0,0,0,0,0,0,
30020,100,100,100,100,100,100,100,100,100,100,100,100,100,100,100,100,100,100,100,100,100,100,100,100,100,100,100,100,100,100,100,100,100,100,100,100,100,100,100,100,100,100,100,100,100,100,100,100,100,100,100,100,100,100,100,100,100,100,100,100,100,100,100,100,100,100,100,100,100,100,100,100,100,100,100,100,100,100,100,100,100,100,100,100,100,100,100,100,100,100,100,100,100,100,100,100,100,100,100,100,100,100,100,100,100,100,100,100,100,100,100,100,100,100,100,100,100,100,100,100,100,100,100,100,100,100,100,100,100,100,100,100,100,100,100,100,100,100,100,100,100,100,100,100,100,100,100,100,100,100,100,100,100,100,100,100,100,100,100,100,100,100,100,100,100,100,100,100,100,100,100,100,100,100,100,100,100,100,100,100,100,100,100,100,100,100,100,100,100,100,100,100,100,100,100,100,100,100,100,100,100,100,100,100,100,100,100,100,100,100,100,100,100,100,100,100,100,100,100,100,100,100,100,100,100,100,100,100,100,100,100,100,100,100,100,100,100,100,100,100,100,100,100,100,100,100,100,100,100,100,100,100,100,100,100,100,100,100,100,100,100,100,100,100,100,100,100,100,100,100,100,100,100,100,100,
30021,100,100,100,100,100,100,100,100,100,100,100,100,100,100,100,100,100,100,100,100,100,100,100,100,100,100,100,100,100,100,100,100,100,100,100,100,100,100,100,100,100,100,100,100,100,100,100,100,100,100,100,100,100,100,100,100,100,100,100,100,100,100,100,100,100,100,100,100,100,100,100,100,100,100,100,100,100,100,100,100,100,100,100,100,100,100,100,100,100,100,100,100,100,100,100,100,100,100,100,100,100,100,100,100,100,100,100,100,100,100,100,100,100,100,100,100,100,100,100,100,100,100,100,100,100,100,100,100,100,100,100,100,100,100,100,100,100,100,100,100,100,100,100,100,100,100,100,100,100,100,100,100,100,100,100,100,100,100,100,100,100,100,100,100,100,100,100,100,100,100,100,100,100,100,100,100,100,100,100,100,100,100,100,100,100,100,100,100,100,100,100,100,100,100,100,100,100,100,100,100,100,100,100,100,100,100,100,100,100,100,100,100,100,100,100,100,100,100,100,100,100,100,100,100,100,100,100,100,100,100,100,100,100,100,100,100,100,100,100,100,100,100,100,100,100,100,100,100,100,100,100,100,100,100,100,100,100,100,100,100,100,100,100,100,100,100,100,100,100,100,100,100,100,100,100,
30022,100,100,100,100,100,100,100,100,100,100,100,100,100,100,100,100,100,100,100,100,100,100,100,100,100,100,100,100,100,100,100,100,100,100,100,100,100,100,100,100,100,100,100,100,100,100,100,100,100,100,100,100,100,100,100,100,100,100,100,100,100,100,100,100,100,100,100,100,100,100,100,100,100,100,100,100,100,100,100,100,100,100,100,100,100,100,100,100,100,100,100,100,100,100,100,100,100,100,100,100,100,100,100,100,100,100,100,100,100,100,100,100,100,100,100,100,100,100,100,100,100,100,100,100,100,100,100,100,100,100,100,100,100,100,100,100,100,100,100,100,100,100,100,100,100,100,100,100,100,100,100,100,100,100,100,100,100,100,100,100,100,100,100,100,100,100,100,100,100,100,100,100,100,100,100,100,100,100,100,100,100,100,100,100,100,100,100,100,100,100,100,100,100,100,100,100,100,100,100,100,100,100,100,100,100,100,100,100,100,100,100,100,100,100,100,99,99,99,99,99,99,99,99,99,99,99,99,99,99,99,99,99,99,99,99,99,99,99,99,99,99,99,99,99,99,99,99,99,99,99,99,99,99,99,99,99,99,99,99,99,99,99,99,99,99,99,99,99,99,99,99,99,99,99,99,
30023,99,99,99,99,99,99,99,99,99,99,99,99,99,99,99,99,99,99,99,99,99,99,99,99,99,99,99,99,99,99,99,99,99,99,99,99,99,99,99,99,99,99,99,99,99,99,99,99,99,99,99,99,99,99,99,99,99,99,99,99,99,99,99,99,99,99,99,99,99,99,99,99,99,99,99,99,99,99,99,99,99,99,99,99,99,99,99,99,99,99,99,99,99,99,99,99,99,99,99,99,99,99,99,99,99,99,99,99,99,99,99,99,99,99,99,99,99,99,99,99,99,99,99,99,99,99,99,99,99,99,99,99,99,99,99,99,99,99,99,99,99,99,99,99,99,99,99,99,99,99,99,99,99,99,99,99,99,99,99,99,99,99,99,99,99,99,99,99,99,99,99,99,99,99,99,99,99,99,99,99,99,99,99,99,99,99,99,99,99,99,99,99,99,99,99,99,99,99,99,99,99,99,99,99,99,99,99,99,99,99,99,99,99,99,99,99,99,99,99,99,99,99,99,99,99,99,99,99,99,99,99,99,99,99,99,99,99,99,99,99,99,99,99,99,99,99,99,99,99,99,99,99,99,99,99,99,99,99,99,99,99,99,99,99,99,99,99,99,99,99,99,99,99,99,99,
30024,0,0,0,0,0,0,0,0,0,0,0,0,0,0,0,0,0,0,0,0,0,0,0,0,0,0,0,0,0,0,0,0,0,0,0,0,0,0,0,0,0,0,0,0,0,0,0,0,0,0,0,0,0,0,0,0,0,0,0,0,0,0,0,0,0,0,0,0,0,0,0,0,0,0,0,0,0,0,0,0,0,0,0,0,0,0,0,0,0,0,0,0,0,0,0,0,0,0,0,0,0,0,0,0,0,0,0,0,0,0,0,0,0,0,0,0,0,0,0,0,0,0,0,0,0,0,0,0,0,0,0,0,0,0,0,0,0,0,0,0,0,0,0,0,0,0,0,0,0,0,0,0,0,0,0,0,0,0,0,0,0,0,0,0,0,0,0,0,0,0,0,0,0,0,0,0,0,0,0,0,0,0,0,0,0,0,0,0,0,0,0,0,0,0,0,0,0,0,0,0,0,0,0,0,0,0,0,0,0,0,0,0,0,0,0,0,0,0,0,0,0,0,0,0,0,0,0,0,0,0,0,0,0,0,0,0,0,0,0,0,0,0,0,0,0,0,0,0,0,0,0,0,0,0,0,0,0,0,0,0,0,0,0,0,0,0,0,0,0,0,0,0,0,0,0,
30025,0,0,0,0,0,0,0,0,0,0,0,0,0,0,0,0,0,0,0,0,0,0,0,0,0,0,0,0,0,0,0,0,0,0,0,0,0,0,0,0,0,0,0,0,0,0,0,0,0,0,0,0,0,0,0,0,0,0,0,0,0,0,0,0,0,0,0,0,0,0,0,0,0,0,0,0,0,0,0,0,0,0,0,0,0,0,0,0,0,0,0,0,0,0,0,0,0,0,0,0,0,0,0,0,0,0,0,0,0,0,0,0,0,0,0,0,0,0,0,0,0,0,0,0,0,0,0,0,0,0,0,0,0,0,0,0,0,0,0,0,0,0,0,0,0,0,0,0,0,0,0,0,0,0,0,0,0,0,0,0,0,0,0,0,0,0,0,0,0,0,0,0,0,0,0,0,0,0,0,0,0,0,0,0,0,0,0,0,0,0,0,0,0,0,0,0,0,0,0,0,0,0,0,0,0,0,0,0,0,0,0,0,0,0,0,0,0,0,0,0,0,0,0,0,0,0,0,0,0,0,0,0,0,0,0,0,0,0,0,0,0,0,0,0,0,0,0,0,0,0,0,0,0,0,0,0,0,0,0,0,0,0,0,0,0,0,0,0,0,0,0,0,0,0,0,
30026,0,0,0,0,0,0,0,0,0,0,0,0,0,0,0,0,0,0,0,0,0,0,0,0,0,0,0,0,0,0,0,0,0,0,0,0,0,0,0,0,0,0,0,0,0,0,0,0,0,0,0,0,0,0,0,0,0,0,0,0,0,0,0,0,0,0,0,0,0,0,0,0,0,0,0,0,0,0,0,0,0,0,0,0,0,0,0,0,0,0,0,0,0,0,0,0,0,0,0,0,0,0,0,0,0,0,0,0,0,0,0,0,0,0,0,0,0,0,0,0,0,0,0,0,0,0,0,0,0,0,0,0,0,0,0,0,0,0,0,0,0,0,0,0,0,0,0,0,0,0,0,0,0,0,0,0,0,0,0,0,0,0,0,0,0,0,0,0,0,0,0,0,0,0,0,0,0,0,0,0,0,0,0,0,0,0,0,0,0,0,0,0,0,0,0,0,0,0,0,0,0,0,0,0,0,0,0,0,0,0,0,0,0,0,0,0,0,0,0,0,0,0,0,0,0,0,0,0,0,0,0,0,0,0,0,0,0,0,0,0,0,0,0,0,0,0,0,0,0,0,0,0,0,0,0,0,0,0,0,0,0,0,0,0,0,0,0,0,0,0,0,0,0,0,0,
30027,0,0,0,0,0,0,0,0,0,0,0,0,0,0,0,0,0,0,0,0,0,0,0,0,0,0,0,0,0,0,0,0,0,0,0,0,0,0,0,0,0,0,0,0,0,0,0,0,0,0,0,0,0,0,0,0,0,0,0,0,0,0,0,0,0,0,0,0,0,0,0,0,0,0,0,0,0,0,0,0,0,0,0,0,0,0,0,0,0,0,0,0,0,0,0,0,0,0,0,0,0,0,0,0,0,0,0,0,0,0,0,0,0,0,0,0,0,0,0,0,0,0,0,0,0,0,0,0,0,0,0,0,0,0,0,0,0,0,0,0,0,0,0,0,0,0,0,0,0,0,0,0,0,0,0,0,0,0,0,0,0,0,0,0,0,0,0,0,0,0,0,0,0,0,0,0,0,0,0,0,0,0,0,0,0,0,0,0,0,0,0,0,0,0,0,0,0,0,0,0,0,0,0,0,0,0,0,0,0,0,0,0,0,0,0,0,0,0,0,0,0,0,0,0,0,0,0,0,0,0,0,0,0,0,0,0,0,0,0,0,0,0,0,0,0,0,0,0,0,0,0,0,0,0,0,0,0,0,0,0,0,0,0,0,0,0,0,0,0,0,0,0,0,0,0,
30028,550,550,550,550,549,549,549,549,537,546,549,550,550,551,551,551,551,551,551,551,551,551,551,551,537,547,550,551,551,551,551,551,551,551,551,551,551,551,551,551,531,548,551,552,552,552,552,552,552,552,552,552,552,552,552,552,540,548,550,550,551,551,551,551,551,551,551,551,551,551,551,551,547,550,551,552,552,552,552,552,552,552,552,552,552,552,552,552,548,551,552,552,553,553,553,553,553,553,553,553,553,553,553,553,549,552,553,554,554,554,554,554,554,554,554,554,554,554,554,554,546,550,551,552,552,552,552,552,553,553,553,553,553,553,553,553,549,552,553,553,553,554,554,554,554,554,554,554,554,555,555,555,549,552,553,554,554,554,554,555,555,555,555,555,555,555,555,556,550,553,554,555,555,555,556,556,556,556,556,556,556,556,557,557,542,546,548,549,549,550,550,551,551,551,552,553,550,548,547,547,547,547,548,549,550,552,546,544,547,549,550,551,551,552,552,552,553,554,555,553,549,549,548,549,550,551,553,538,546,549,550,551,551,552,552,552,553,553,554,555,549,548,547,547,548,548,549,550,552,554,558,544,548,550,551,552,552,553,553,554,554,555,556,558,551,549,549,550,551,552,554,557,535,535,535,
30029,12,11,12,11,12,11,12,12,65535,12,11,12,12,11,11,12,11,11,11,11,11,12,11,11,65535,12,12,12,11,11,11,11,11,12,11,11,11,11,11,12,65534,12,11,11,11,11,11,12,11,11,11,12,12,11,11,11,7,12,11,12,12,11,11,12,12,12,11,12,11,11,12,12,12,12,11,12,12,12,11,11,11,12,11,11,12,12,11,11,11,11,12,12,11,11,11,11,12,11,11,11,12,12,11,11,12,11,11,11,11,11,12,11,11,11,11,11,11,12,12,12,12,12,11,11,11,12,11,11,12,12,12,11,12,12,11,11,12,12,12,11,11,12,11,11,11,12,11,11,11,11,11,12,11,12,11,12,12,11,12,12,12,12,11,11,12,11,11,12,12,12,12,12,12,11,11,12,11,11,12,12,12,11,12,11,6,6,6,6,6,6,6,6,6,6,6,6,1,1,1,1,1,1,1,1,1,1,65535,6,6,6,6,6,6,6,6,6,6,6,6,1,1,1,1,1,1,1,1,4,6,6,6,6,6,6,6,6,6,6,6,6,1,1,1,1,1,1,1,1,1,1,1,6,6,6,6,6,6,6,6,6,6,6,6,6,1,1,1,1,1,1,1,1,65535,65535,65535,
30030,0,0,0,0,0,0,0,0,0,0,0,0,0,0,0,0,0,0,0,0,0,0,0,0,0,0,0,0,0,0,0,0,0,0,0,0,0,0,0,0,0,0,0,0,0,0,0,0,0,0,0,0,0,0,0,0,0,0,0,0,0,0,0,0,0,0,0,0,0,0,0,0,0,0,0,0,0,0,0,0,0,0,0,0,0,0,0,0,0,0,0,0,0,0,0,0,0,0,0,0,0,0,0,0,0,0,0,0,0,0,0,0,0,0,0,0,0,0,0,0,0,0,0,0,0,0,0,0,0,0,0,0,0,0,0,0,0,0,0,0,0,0,0,0,0,0,0,0,0,0,0,0,0,0,0,0,0,0,0,0,0,0,0,0,0,0,0,0,0,0,0,0,0,0,0,0,0,0,0,0,0,0,0,0,0,0,0,0,0,0,0,0,0,0,0,0,0,0,0,0,0,0,0,0,0,0,0,0,0,0,0,0,0,0,0,0,0,0,0,0,0,0,0,0,0,0,0,0,0,0,0,0,0,0,0,0,0,0,0,0,0,0,0,0,0,0,0,0,0,0,0,0,0,0,0,0,0,0,0,0,0,0,0,0,0,0,0,0,0,0,0,0,0,0,0,
30031,0,0,0,0,0,0,0,0,0,0,0,0,0,0,0,0,0,0,0,0,0,0,0,0,0,0,0,0,0,0,0,0,0,0,0,0,0,0,0,0,0,0,0,0,0,0,0,0,0,0,0,0,0,0,0,0,0,0,0,0,0,0,0,0,0,0,0,0,0,0,0,0,0,0,0,0,0,0,0,0,0,0,0,0,0,0,0,0,0,0,0,0,0,0,0,0,0,0,0,0,0,0,0,0,0,0,0,0,0,0,0,0,0,0,0,0,0,0,0,0,0,0,0,0,0,0,0,0,0,0,0,0,0,0,0,0,0,0,0,0,0,0,0,0,0,0,0,0,0,0,0,0,0,0,0,0,0,0,0,0,0,0,0,0,0,0,0,0,0,0,0,0,0,0,0,0,0,0,0,0,0,0,0,0,0,0,0,0,0,0,0,0,0,0,0,0,0,0,0,0,0,0,0,0,0,0,0,0,0,0,0,0,0,0,0,0,0,0,0,0,0,0,0,0,0,0,0,0,0,0,0,0,0,0,0,0,0,0,0,0,0,0,0,0,0,0,0,0,0,0,0,0,0,0,0,0,0,0,0,0,0,0,0,0,0,0,0,0,0,0,0,0,0,0,0,
30032,0,0,0,0,0,0,0,0,0,0,0,0,0,0,0,0,0,0,0,0,0,0,0,0,0,0,0,0,0,0,0,0,0,0,0,0,0,0,0,0,0,0,0,0,0,0,0,0,0,0,0,0,0,0,0,0,0,0,0,0,0,0,0,0,0,0,0,0,0,0,0,0,0,0,0,0,0,0,0,0,0,0,0,0,0,0,0,0,0,0,0,0,0,0,0,0,0,0,0,0,0,0,0,0,0,0,0,0,0,0,0,0,0,0,0,0,0,0,0,0,0,0,0,0,0,0,0,0,0,0,0,0,0,0,0,0,0,0,0,0,0,0,0,0,0,0,0,0,0,0,0,0,0,0,0,0,0,0,0,0,0,0,0,0,0,0,0,0,0,0,0,0,0,0,0,0,0,0,0,0,0,0,0,0,0,0,0,0,0,0,0,0,0,0,0,0,0,0,0,0,0,0,0,0,0,0,0,0,0,0,0,0,0,0,0,0,0,0,0,0,0,0,0,0,0,0,0,0,0,0,0,0,0,0,0,0,0,0,0,0,0,0,0,0,0,0,0,0,0,0,0,0,0,0,0,0,0,0,0,0,0,0,0,0,0,0,0,0,0,0,0,0,0,0,0,
30033,0,0,0,0,0,0,0,0,0,0,0,0,0,0,0,0,0,0,0,0,0,0,0,0,0,0,0,0,0,0,0,0,0,0,0,0,0,0,0,0,0,0,0,0,0,0,0,0,0,0,0,0,0,0,0,0,0,0,0,0,0,0,0,0,0,0,0,0,0,0,0,0,0,0,0,0,0,0,0,0,0,0,0,0,0,0,0,0,0,0,0,0,0,0,0,0,0,0,0,0,0,0,0,0,0,0,0,0,0,0,0,0,0,0,0,0,0,0,0,0,0,0,0,0,0,0,0,0,0,0,0,0,0,0,0,0,0,0,0,0,0,0,0,0,0,0,0,0,0,0,0,0,0,0,0,0,0,0,0,0,0,0,0,0,0,0,0,0,0,0,0,0,0,0,0,0,0,0,0,0,0,0,0,0,0,0,0,0,0,0,0,0,0,0,0,0,0,0,0,0,0,0,0,0,0,0,0,0,0,0,0,0,0,0,0,0,0,0,0,0,0,0,0,0,0,0,0,0,0,0,0,0,0,0,0,0,0,0,0,0,0,0,0,0,0,0,0,0,0,0,0,0,0,0,0,0,0,0,0,0,0,0,0,0,0,0,0,0,0,0,0,0,0,0,0,
30034,0,0,0,0,0,0,0,0,0,0,0,0,0,0,0,0,0,0,0,0,0,0,0,0,0,0,0,0,0,0,0,0,0,0,0,0,0,0,0,0,0,0,0,0,0,0,0,0,0,0,0,0,0,0,0,0,0,0,0,0,0,0,0,0,0,0,0,0,0,0,0,0,0,0,0,0,0,0,0,0,0,0,0,0,0,0,0,0,0,0,0,0,0,0,0,0,0,0,0,0,0,0,0,0,0,0,0,0,0,0,0,0,0,0,0,0,0,0,0,0,0,0,0,0,0,0,0,0,0,0,0,0,0,0,0,0,0,0,0,0,0,0,0,0,0,0,0,0,0,0,0,0,0,0,0,0,0,0,0,0,0,0,0,0,0,0,0,0,0,0,0,0,0,0,0,0,0,0,0,0,0,0,0,0,0,0,0,0,0,0,0,0,0,0,0,0,0,0,0,0,0,0,0,0,0,0,0,0,0,0,0,0,0,0,0,0,0,0,0,0,0,0,0,0,0,0,0,0,0,0,0,0,0,0,0,0,0,0,0,0,0,0,0,0,0,0,0,0,0,0,0,0,0,0,0,0,0,0,0,0,0,0,0,0,0,0,0,0,0,0,0,0,0,0,0,
30035,0,0,0,0,0,0,0,0,0,0,0,0,0,0,0,0,0,0,0,0,0,0,0,0,0,0,0,0,0,0,0,0,0,0,0,0,0,0,0,0,0,0,0,0,0,0,0,0,0,0,0,0,0,0,0,0,0,0,0,0,0,0,0,0,0,0,0,0,0,0,0,0,0,0,0,0,0,0,0,0,0,0,0,0,0,0,0,0,0,0,0,0,0,0,0,0,0,0,0,0,0,0,0,0,0,0,0,0,0,0,0,0,0,0,0,0,0,0,0,0,0,0,0,0,0,0,0,0,0,0,0,0,0,0,0,0,0,0,0,0,0,0,0,0,0,0,0,0,0,0,0,0,0,0,0,0,0,0,0,0,0,0,0,0,0,0,0,0,0,0,0,0,0,0,0,0,0,0,0,0,0,0,0,0,0,0,0,0,0,0,0,0,0,0,0,0,0,0,0,0,0,0,0,0,0,0,0,0,0,0,0,0,0,0,0,0,0,0,0,0,0,0,0,0,0,0,0,0,0,0,0,0,0,0,0,0,0,0,0,0,0,0,0,0,0,0,0,0,0,0,0,0,0,0,0,0,0,0,0,0,0,0,0,0,0,0,0,0,0,0,0,0,0,0,0,
30036,219,219,219,219,219,219,219,219,219,219,219,219,219,219,219,219,219,219,219,219,219,219,219,219,219,219,219,219,219,219,219,219,219,219,219,219,219,219,219,219,219,219,219,219,219,219,219,219,219,219,219,219,219,219,219,219,219,219,219,219,219,219,219,219,219,219,219,219,219,219,219,219,219,219,219,219,219,219,219,219,219,219,219,219,219,219,219,219,219,219,219,219,219,219,219,219,219,219,219,219,219,219,219,219,219,219,219,219,219,219,219,219,219,219,219,219,219,219,219,219,219,219,219,219,219,219,219,219,219,219,219,219,219,219,219,219,219,219,219,219,219,219,219,219,219,219,219,219,219,219,219,219,219,219,219,219,219,219,219,219,219,219,219,219,219,219,219,219,219,219,219,219,219,219,219,219,219,219,219,219,219,219,219,219,219,219,219,219,219,219,219,219,219,219,219,219,219,219,219,219,219,219,219,219,219,219,219,219,219,219,219,219,219,219,219,219,219,219,219,219,219,219,219,219,219,219,219,219,219,219,219,219,219,219,219,219,219,219,219,219,219,219,219,219,219,219,219,219,219,219,219,219,219,219,219,219,219,219,219,219,219,219,219,219,219,219,219,219,219,219,219,219,219,219,219,
30037,0,0,0,0,0,0,0,0,0,0,0,0,0,0,0,0,0,0,0,0,0,0,0,0,0,0,0,0,0,0,0,0,0,0,0,0,0,0,0,0,0,0,0,0,0,0,0,0,0,0,0,0,0,0,0,0,0,0,0,0,0,0,0,0,0,0,0,0,0,0,0,0,0,0,0,0,0,0,0,0,0,0,0,0,0,0,0,0,0,0,0,0,0,0,0,0,0,0,0,0,0,0,0,0,0,0,0,0,0,0,0,0,0,0,0,0,0,0,0,0,0,0,0,0,0,0,0,0,0,0,0,0,0,0,0,0,0,0,0,0,0,0,0,0,0,0,0,0,0,0,0,0,0,0,0,0,0,0,0,0,0,0,0,0,0,0,0,0,0,0,0,0,0,0,0,0,0,0,0,0,0,0,0,0,0,0,0,0,0,0,0,0,0,0,0,0,0,0,0,0,0,0,0,0,0,0,0,0,0,0,0,0,0,0,0,0,0,0,0,0,0,0,0,0,0,0,0,0,0,0,0,0,0,0,0,0,0,0,0,0,0,0,0,0,0,0,0,0,0,0,0,0,0,0,0,0,0,0,0,0,0,0,0,0,0,0,0,0,0,0,0,0,0,0,0,
30038,0,0,0,0,0,0,0,0,0,0,0,0,0,0,0,0,0,0,0,0,0,0,0,0,0,0,0,0,0,0,0,0,0,0,0,0,0,0,0,0,0,0,0,0,0,0,0,0,0,0,0,0,0,0,0,0,0,0,0,0,0,0,0,0,0,0,0,0,0,0,0,0,0,0,0,0,0,0,0,0,0,0,0,0,0,0,0,0,0,0,0,0,0,0,0,0,0,0,0,0,0,0,0,0,0,0,0,0,0,0,0,0,0,0,0,0,0,0,0,0,0,0,0,0,0,0,0,0,0,0,0,0,0,0,0,0,0,0,0,0,0,0,0,0,0,0,0,0,0,0,0,0,0,0,0,0,0,0,0,0,0,0,0,0,0,0,0,0,0,0,0,0,0,0,0,0,0,0,0,0,0,0,0,0,0,0,0,0,0,0,0,0,0,0,0,0,0,0,0,0,0,0,0,0,0,0,0,0,0,0,0,0,0,0,0,0,0,0,0,0,0,0,0,0,0,0,0,0,0,0,0,0,0,0,0,0,0,0,0,0,0,0,0,0,0,0,0,0,0,0,0,0,0,0,0,0,0,0,0,0,0,0,0,0,0,0,0,0,0,0,0,0,0,0,0,
30039,0,0,0,0,0,0,0,0,0,0,0,0,0,0,0,0,0,0,0,0,0,0,0,0,0,0,0,0,0,0,0,0,0,0,0,0,0,0,0,0,0,0,0,0,0,0,0,0,0,0,0,0,0,0,0,0,0,0,0,0,0,0,0,0,0,0,0,0,0,0,0,0,0,0,0,0,0,0,0,0,0,0,0,0,0,0,0,0,0,0,0,0,0,0,0,0,0,0,0,0,0,0,0,0,0,0,0,0,0,0,0,0,0,0,0,0,0,0,0,0,0,0,0,0,0,0,0,0,0,0,0,0,0,0,0,0,0,0,0,0,0,0,0,0,0,0,0,0,0,0,0,0,0,0,0,0,0,0,0,0,0,0,0,0,0,0,0,0,0,0,0,0,0,0,0,0,0,0,0,0,0,0,0,0,0,0,0,0,0,0,0,0,0,0,0,0,0,0,0,0,0,0,0,0,0,0,0,0,0,0,0,0,0,0,0,0,0,0,0,0,0,0,0,0,0,0,0,0,0,0,0,0,0,0,0,0,0,0,0,0,0,0,0,0,0,0,0,0,0,0,0,0,0,0,0,0,0,0,0,0,0,0,0,0,0,0,0,0,0,0,0,0,0,0,0,
30040,0,0,0,0,0,0,0,0,0,0,0,0,0,0,0,0,0,0,0,0,0,0,0,0,0,0,0,0,0,0,0,0,0,0,0,0,0,0,0,0,0,0,0,0,0,0,0,0,0,0,0,0,0,0,0,0,0,0,0,0,0,0,0,0,0,0,0,0,0,0,0,0,0,0,0,0,0,0,0,0,0,0,0,0,0,0,0,0,0,0,0,0,0,0,0,0,0,0,0,0,0,0,0,0,0,0,0,0,0,0,0,0,0,0,0,0,0,0,0,0,0,0,0,0,0,0,0,0,0,0,0,0,0,0,0,0,0,0,0,0,0,0,0,0,0,0,0,0,0,0,0,0,0,0,0,0,0,0,0,0,0,0,0,0,0,0,0,0,0,0,0,0,0,0,0,0,0,0,0,0,0,0,0,0,0,0,0,0,0,0,0,0,0,0,0,0,0,0,0,0,0,0,0,0,0,0,0,0,0,0,0,0,0,0,0,0,0,0,0,0,0,0,0,0,0,0,0,0,0,0,0,0,0,0,0,0,0,0,0,0,0,0,0,0,0,0,0,0,0,0,0,0,0,0,0,0,0,0,0,0,0,0,0,0,0,0,0,0,0,0,0,0,0,0,0,
30100,5453,5454,5461,5454,5452,5452,5453,5451,5397,5369,5360,5356,5354,5353,5352,5350,5350,5349,5348,5348,5347,5347,5347,5346,5346,5345,5344,5345,5345,5345,5344,5344,5344,5343,5344,5343,5343,5343,5343,5342,5342,5342,5342,5342,5342,5341,5341,5342,5342,5341,5341,5341,5341,5341,5341,5340,5389,5451,5459,5462,5467,5469,5464,5469,5464,5469,5468,5469,5465,5466,5467,5463,5386,5367,5359,5355,5353,5351,5350,5349,5348,5347,5347,5346,5346,5345,5345,5345,5344,5344,5344,5343,5343,5343,5343,5343,5342,5342,5342,5342,5342,5342,5342,5341,5341,5341,5341,5341,5341,5341,5341,5340,5341,5341,5341,5340,5340,5340,5340,5340,5419,5460,5469,5473,5486,5487,5488,5489,5491,5485,5487,5492,5491,5487,5490,5488,5390,5371,5362,5356,5352,5350,5348,5347,5346,5345,5344,5344,5343,5342,5342,5342,5342,5341,5340,5341,5340,5340,5340,5339,5339,5339,5339,5339,5339,5339,5339,5339,5338,5339,5339,5338,5338,5338,5338,5338,5338,5338,5338,5338,5338,5338,5337,5338,5394,5424,5444,5458,5460,5466,5468,5474,5477,5483,5492,5503,5478,5453,5444,5444,5446,5450,5457,5468,5481,5498,5498,5466,5451,5440,5433,5427,5423,5419,5416,5413,5410,5408,5406,5404,5403,5401,5400,5399,5398,5397,5396,5395,5395,5394,5393,5392,5392,5392,5391,5390,5390,5390,5389,5389,5388,5388,5388,5387,5387,5386,5386,5386,5386,5386,5385,5385,5385,5384,5385,5384,5384,5384,5383,5384,5383,5383,5383,5382,5382,5382,5382,5382,5382,5382,5381,5381,5381,5381,5381,
30101,376,377,377,377,377,377,377,377,0,0,0,0,0,0,0,0,0,0,0,0,0,0,0,0,0,0,0,0,0,0,0,0,0,0,0,0,0,0,0,0,0,0,0,0,0,0,0,0,0,0,0,0,0,0,0,0,317,376,375,375,375,375,375,375,376,376,376,376,376,376,376,376,0,0,0,0,0,0,0,0,0,0,0,0,0,0,0,0,0,0,0,0,0,0,0,0,0,0,0,0,0,0,0,0,0,0,0,0,0,0,0,0,0,0,0,0,0,0,0,0,378,376,375,375,374,374,374,374,374,374,374,375,375,374,374,374,0,0,0,0,0,0,0,0,0,0,0,0,0,0,0,0,0,0,0,0,0,0,0,0,0,0,0,0,0,0,0,0,0,0,0,0,0,0,0,0,0,0,0,0,0,0,0,0,234,234,234,233,233,234,234,233,234,234,234,234,91,91,91,91,91,91,91,91,91,91,0,0,0,0,0,0,0,0,0,0,0,0,0,0,0,0,0,0,0,0,0,0,0,0,0,0,0,0,0,0,0,0,0,0,0,0,0,0,0,0,0,0,0,0,0,0,0,0,0,0,0,0,0,0,0,0,0,0,0,0,0,0,0,0,0,0,0,0,0,
30102,3411,3413,3416,3413,3411,3411,3411,3410,3374,3357,3351,3349,3348,3347,3347,3345,3345,3344,3344,3345,3343,3344,3343,3342,3343,3342,3341,3342,3342,3342,3342,3341,3341,3341,3341,3341,3341,3341,3341,3341,3341,3340,3340,3340,3340,3340,3340,3340,3340,3340,3340,3340,3340,3340,3339,3339,3371,3409,3416,3416,3421,3422,3417,3421,3417,3422,3421,3421,3417,3419,3421,3418,3368,3356,3351,3348,3346,3346,3345,3345,3344,3343,3343,3343,3343,3342,3342,3342,3341,3341,3341,3341,3341,3341,3340,3341,3340,3340,3340,3340,3340,3340,3340,3339,3340,3340,3340,3340,3339,3340,3339,3339,3339,3340,3339,3338,3339,3339,3338,3338,3391,3415,3420,3424,3431,3432,3434,3434,3435,3432,3432,3437,3436,3434,3434,3434,3370,3359,3352,3349,3347,3345,3344,3344,3342,3342,3341,3341,3341,3341,3340,3340,3340,3340,3339,3339,3340,3339,3339,3339,3338,3339,3338,3338,3338,3338,3338,3338,3338,3339,3338,3338,3337,3338,3338,3338,3338,3338,3337,3338,3338,3338,3338,3338,3373,3392,3406,3414,3414,3420,3422,3426,3428,3433,3441,3451,3438,3422,3418,3421,3426,3435,3446,3466,3493,3536,3584,3520,3505,3496,3491,3487,3483,3480,3478,3476,3474,3472,3471,3470,3469,3468,3467,3466,3467,3464,3464,3464,3463,3463,3463,3463,3462,3462,3462,3461,3460,3460,3460,3460,3459,3459,3459,3458,3459,3458,3458,3457,3457,3457,3457,3457,3456,3456,3456,3456,3456,3455,3455,3455,3456,3455,3454,3455,3454,3454,3454,3454,3454,3454,3453,3453,3453,3453,3453,
30103,3406,3403,3410,3406,3406,3405,3403,3405,3372,3354,3349,3347,3345,3345,3344,3343,3343,3342,3341,3342,3341,3341,3341,3341,3339,3340,3340,3340,3339,3340,3339,3339,3339,3339,3339,3339,3339,3338,3338,3338,3338,3338,3338,3338,3338,3338,3338,3337,3338,3337,3337,3338,3338,3338,3337,3337,3365,3405,3410,3412,3414,3417,3414,3416,3412,3416,3415,3414,3413,3414,3414,3412,3365,3354,3349,3346,3345,3344,3343,3342,3342,3341,3341,3341,3341,3340,3340,3339,3340,3339,3339,3338,3339,3339,3338,3338,3338,3338,3338,3338,3338,3338,3338,3338,3338,3337,3337,3337,3337,3337,3338,3337,3337,3337,3337,3337,3337,3336,3337,3337,3385,3410,3416,3418,3426,3426,3428,3429,3429,3426,3426,3428,3428,3426,3429,3428,3368,3356,3350,3347,3344,3342,3341,3341,3340,3340,3339,3339,3339,3338,3338,3338,3338,3337,3337,3337,3336,3337,3337,3336,3336,3336,3337,3336,3336,3336,3336,3336,3335,3336,3336,3335,3335,3335,3335,3336,3335,3335,3334,3334,3335,3335,3335,3335,3369,3388,3400,3409,3411,3414,3416,3420,3420,3424,3428,3436,3420,3405,3399,3399,3399,3401,3404,3409,3413,3419,3414,3398,3389,3382,3379,3374,3373,3369,3369,3366,3365,3363,3362,3362,3360,3359,3358,3358,3358,3357,3357,3356,3356,3355,3355,3354,3355,3354,3353,3353,3352,3352,3352,3352,3352,3351,3352,3351,3350,3350,3350,3350,3349,3350,3349,3349,3349,3349,3349,3348,3349,3347,3348,3349,3348,3348,3348,3347,3348,3348,3348,3347,3347,3347,3347,3347,3346,3347,3347,
30104,3070,3070,3090,3090,3100,3110,3120,3130,3130,3110,3100,3100,3090,3090,3090,3090,3090,3090,3090,3090,3090,3090,3090,3080,3080,3090,3080,3080,3090,3080,3080,3080,3080,3080,3080,3080,3080,3080,3080,3080,3080,3080,3070,3070,3080,3070,3080,3080,3070,3070,3070,3070,3070,3070,3070,3070,3070,3100,3110,3120,3130,3140,3160,3160,3180,3180,3190,3200,3210,3220,3230,3240,3230,3210,3210,3200,3200,3200,3200,3200,3200,3200,3190,3200,3190,3190,3190,3200,3190,3190,3190,3190,3190,3190,3190,3190,3180,3180,3190,3180,3180,3180,3180,3180,3180,3180,3180,3180,3180,3180,3180,3180,3170,3170,3170,3170,3170,3170,3170,3170,3180,3210,3220,3230,3240,3250,3260,3270,3280,3300,3310,3310,3320,3330,3340,3350,3340,3330,3320,3320,3320,3320,3320,3320,3310,3310,3310,3310,3310,3310,3310,3310,3310,3300,3300,3300,3300,3300,3300,3300,3300,3300,3300,3290,3300,3300,3290,3290,3290,3290,3290,3290,3290,3290,3290,3290,3280,3280,3280,3280,3280,3280,3280,3280,3280,3290,3300,3300,3310,3310,3320,3320,3330,3330,3340,3340,3350,3340,3350,3350,3350,3350,3350,3350,3360,3350,3350,3350,3350,3350,3350,3350,3350,3350,3340,3340,3340,3340,3340,3340,3340,3340,3340,3340,3340,3340,3330,3330,3330,3330,3330,3330,3320,3330,3320,3320,3320,3320,3320,3320,3310,3320,3320,3310,3310,3310,3310,3310,3310,3310,3300,3300,3300,3300,3300,3300,3300,3300,3300,3290,3290,3290,3290,3290,3290,3290,3290,3280,3280,3280,3280,3280,3280,3280,3270,
30105,2960,2970,2980,2980,2990,3000,3000,3010,3020,3010,3020,3020,3020,3020,3020,3020,3020,3030,3020,3030,3020,3030,3030,3030,3030,3030,3030,3030,3030,3030,3030,3030,3030,3030,3030,3030,3030,3030,3030,3030,3030,3030,3030,3030,3030,3030,3030,3030,3030,3030,3030,3030,3030,3030,3030,3030,3030,3030,3030,3040,3040,3050,3060,3060,3070,3070,3080,3090,3090,3100,3100,3110,3120,3120,3120,3120,3120,3120,3130,3130,3120,3130,3120,3130,3130,3130,3130,3130,3130,3130,3130,3130,3130,3130,3120,3130,3120,3120,3130,3120,3120,3120,3130,3120,3130,3120,3130,3120,3120,3120,3120,3120,3120,3120,3120,3120,3120,3120,3120,3120,3120,3120,3130,3140,3140,3150,3160,3160,3170,3180,3190,3190,3200,3200,3210,3220,3220,3230,3230,3230,3230,3230,3230,3230,3230,3230,3230,3230,3230,3230,3230,3230,3230,3230,3230,3230,3230,3230,3230,3230,3230,3230,3230,3230,3230,3230,3230,3220,3220,3220,3220,3220,3220,3220,3220,3220,3220,3220,3220,3220,3220,3220,3210,3220,3220,3220,3220,3220,3230,3230,3230,3230,3240,3240,3250,3250,3250,3250,3260,3260,3260,3260,3260,3260,3270,3260,3260,3260,3260,3260,3260,3260,3260,3260,3250,3250,3250,3250,3250,3250,3250,3250,3250,3240,3240,3240,3240,3240,3230,3240,3230,3240,3230,3230,3230,3230,3220,3220,3220,3220,3220,3220,3220,3210,3210,3210,3210,3210,3210,3210,3200,3200,3200,3200,3200,3200,3200,3200,3190,3190,3190,3190,3190,3180,3180,3180,3180,3180,3180,3180,3180,3170,3180,3170,3170,
30106,0,0,0,0,0,0,0,0,0,0,0,0,0,0,0,0,0,0,0,0,0,0,0,0,0,0,0,0,0,0,0,0,0,0,0,0,0,0,0,0,0,0,0,0,0,0,0,0,0,0,0,0,0,0,0,0,0,0,0,0,0,0,0,0,0,0,0,0,0,0,0,0,0,0,0,0,0,0,0,0,0,0,0,0,0,0,0,0,0,0,0,0,0,0,0,0,0,0,0,0,0,0,0,0,0,0,0,0,0,0,0,0,0,0,0,0,0,0,0,0,0,0,0,0,0,0,0,0,0,0,0,0,0,0,0,0,0,0,0,0,0,0,0,0,0,0,0,0,0,0,0,0,0,0,0,0,0,0,0,0,0,0,0,0,0,0,0,0,0,0,0,0,0,0,0,0,0,0,0,0,0,0,0,0,0,0,0,0,0,0,0,0,0,0,0,0,0,0,0,0,0,0,0,0,0,0,0,0,0,0,0,0,0,0,0,0,0,0,0,0,0,0,0,0,0,0,0,0,0,0,0,0,0,0,0,0,0,0,0,0,0,0,0,0,0,0,0,0,0,0,0,0,0,0,0,0,0,0,0,0,0,0,0,0,0,0,0,0,0,0,0,0,0,0,0,
30107,373,374,375,377,377,379,379,379,379,382,382,383,380,381,381,381,381,381,380,382,380,380,380,378,381,381,380,379,380,381,380,379,378,377,380,380,379,380,378,377,378,379,378,379,377,378,378,380,380,377,378,379,378,379,377,378,377,379,381,381,380,382,382,383,383,385,386,387,389,388,390,389,390,390,391,391,391,392,391,390,390,392,391,389,388,390,390,387,388,388,388,388,388,389,387,387,387,386,385,387,387,388,388,387,386,385,386,387,386,386,386,386,386,385,385,385,386,386,386,386,387,386,386,388,388,389,389,391,393,394,394,393,395,396,397,398,399,397,398,399,398,399,397,399,397,397,396,396,397,395,396,395,395,396,394,394,394,395,395,394,394,394,392,393,393,393,393,393,392,392,394,393,392,393,391,392,391,392,392,393,392,391,392,392,392,392,393,393,392,393,395,393,392,393,394,394,394,394,394,392,393,392,394,393,393,391,392,389,387,387,388,386,386,386,386,385,386,384,382,384,383,384,382,383,382,382,381,380,379,379,379,379,378,380,377,377,376,377,378,375,376,377,375,376,376,375,374,375,374,374,374,373,374,373,374,373,372,372,371,371,371,372,370,372,371,371,371,372,370,372,369,370,369,368,369,
30108,393,398,403,407,411,415,420,423,424,410,403,398,395,393,389,387,384,382,380,377,376,373,371,371,369,368,366,365,363,362,362,360,359,358,357,357,356,354,354,354,352,352,351,351,350,350,349,349,349,348,348,348,348,347,347,346,346,364,373,383,387,393,398,402,408,412,418,422,425,429,432,436,428,418,412,408,405,402,399,396,394,391,389,387,385,384,381,380,378,377,375,374,372,371,370,368,367,367,366,366,364,363,364,362,362,361,360,359,359,358,358,357,357,357,356,356,355,355,355,355,361,375,385,391,397,402,408,412,417,421,425,430,434,437,440,445,431,423,417,414,410,407,405,402,399,397,395,393,391,389,387,386,384,382,381,380,378,378,376,375,375,373,372,371,371,370,369,368,368,367,367,366,365,365,364,364,363,363,362,362,362,361,362,361,364,369,372,374,375,377,378,380,380,382,383,383,384,379,377,375,373,371,370,368,367,365,364,361,359,357,356,354,353,352,350,349,348,348,347,346,344,344,343,342,341,341,340,338,338,337,336,335,335,334,334,333,333,332,332,332,332,331,330,329,329,329,328,328,327,327,326,325,324,324,324,324,324,323,323,323,322,322,322,322,321,321,321,321,320,320,320,319,319,318,318,
30109,0,0,0,0,0,0,0,0,0,0,0,0,0,0,0,0,0,0,0,0,0,0,0,0,0,0,0,0,0,0,0,0,0,0,0,0,0,0,0,0,0,0,0,0,0,0,0,0,0,0,0,0,0,0,0,0,0,0,0,0,0,0,0,0,0,0,0,0,0,0,0,0,0,0,0,0,0,0,0,0,0,0,0,0,0,0,0,0,0,0,0,0,0,0,0,0,0,0,0,0,0,0,0,0,0,0,0,0,0,0,0,0,0,0,0,0,0,0,0,0,0,0,0,0,0,0,0,0,0,0,0,0,0,0,0,0,0,0,0,0,0,0,0,0,0,0,0,0,0,0,0,0,0,0,0,0,0,0,0,0,0,0,0,0,0,0,0,0,0,0,0,0,0,0,0,0,0,0,0,0,0,0,0,0,0,0,0,0,0,0,0,0,0,0,0,0,0,0,0,0,0,0,0,0,0,0,0,0,0,0,0,0,0,0,0,0,0,0,0,0,0,0,0,0,0,0,0,0,0,0,0,0,0,0,0,0,0,0,0,0,0,0,0,0,0,0,0,0,0,0,0,0,0,0,0,0,0,0,0,0,0,0,0,0,0,0,0,0,0,0,0,0,0,0,0,
30110,0,0,0,0,0,0,0,0,0,0,0,0,0,0,0,0,0,0,0,0,0,0,0,0,0,0,0,0,0,0,0,0,0,0,0,0,0,0,0,0,0,0,0,0,0,0,0,0,0,0,0,0,0,0,0,0,0,0,0,0,0,0,0,0,0,0,0,0,0,0,0,0,0,0,0,0,0,0,0,0,0,0,0,0,0,0,0,0,0,0,0,0,0,0,0,0,0,0,0,0,0,0,0,0,0,0,0,0,0,0,0,0,0,0,0,0,0,0,0,0,0,0,0,0,0,0,0,0,0,0,0,0,0,0,0,0,0,0,0,0,0,0,0,0,0,0,0,0,0,0,0,0,0,0,0,0,0,0,0,0,0,0,0,0,0,0,0,0,0,0,0,0,0,0,0,0,0,0,0,0,0,0,0,0,0,0,0,0,0,0,0,0,0,0,0,0,0,0,0,0,0,0,0,0,0,0,0,0,0,0,0,0,0,0,0,0,0,0,0,0,0,0,0,0,0,0,0,0,0,0,0,0,0,0,0,0,0,0,0,0,0,0,0,0,0,0,0,0,0,0,0,0,0,0,0,0,0,0,0,0,0,0,0,0,0,0,0,0,0,0,0,0,0,0,0,
30200,147,147,147,147,147,147,147,147,147,147,147,147,147,147,147,147,147,147,147,147,147,147,147,147,147,147,147,147,147,147,147,147,147,147,147,147,147,147,147,147,147,147,147,147,147,147,147,147,147,147,147,147,147,147,147,147,147,147,147,147,147,147,147,147,147,147,147,147,147,147,147,147,147,147,147,147,147,147,147,147,147,147,147,147,147,147,147,147,147,147,147,147,147,147,147,147,147,147,147,147,147,147,147,147,147,147,147,147,147,147,147,147,147,147,147,147,147,147,147,147,147,147,147,147,147,147,147,147,147,147,147,147,147,147,147,147,147,147,147,147,147,147,147,147,147,147,147,147,147,147,147,147,147,147,147,147,147,147,147,147,147,147,147,147,147,147,147,147,147,147,147,147,147,147,147,147,147,147,147,147,147,147,147,147,147,147,147,147,147,147,147,147,147,147,147,147,147,147,147,147,147,147,147,147,147,147,147,147,147,147,147,147,147,147,147,147,147,147,147,147,147,147,147,147,147,147,147,147,147,147,147,147,147,147,147,147,147,147,147,147,147,147,147,147,147,147,147,147,147,147,147,147,147,147,147,147,147,147,147,147,147,147,147,147,147,147,147,147,147,147,147,147,147,147,147,
30201,18,18,18,18,18,18,18,18,18,18,18,18,18,18,18,18,18,18,18,18,18,18,18,18,18,18,18,18,18,18,18,18,18,18,18,18,18,18,18,18,18,18,18,18,18,18,18,18,18,18,18,18,18,18,18,18,18,18,18,18,18,18,18,18,18,18,18,18,18,18,18,18,18,18,18,18,18,18,18,18,18,18,18,18,18,18,18,18,18,18,18,18,18,18,18,18,18,18,18,18,18,18,18,18,18,18,18,18,18,18,18,18,18,18,18,18,18,18,18,18,18,18,18,18,18,18,18,18,18,18,18,18,18,18,18,18,18,18,18,18,18,18,18,18,18,18,18,18,18,18,18,18,18,18,18,18,18,18,18,18,18,18,18,18,18,18,18,18,18,18,18,18,18,18,18,18,18,18,18,18,18,18,18,18,18,18,18,18,18,18,18,18,18,18,18,18,18,18,18,18,18,18,18,18,18,18,18,18,18,18,18,18,18,18,18,18,18,18,18,18,18,18,18,18,18,18,18,18,18,18,18,18,18,18,18,18,18,18,18,18,18,18,18,18,18,18,18,18,18,18,18,18,18,18,18,18,18,18,18,18,18,18,18,18,18,18,18,18,18,18,18,18,18,18,18,
30202,115,115,115,115,115,115,115,115,115,115,115,115,115,115,115,115,115,115,115,115,115,115,115,115,115,115,115,115,115,115,115,115,115,115,115,115,115,115,115,115,115,115,115,115,115,115,115,115,115,115,115,115,115,115,115,115,115,115,115,115,115,115,115,115,115,115,115,115,115,115,115,115,115,115,115,115,115,115,115,115,115,115,115,115,115,115,115,115,115,115,115,115,115,115,115,115,115,115,115,115,115,115,115,115,115,115,115,115,115,115,115,115,115,115,115,115,115,115,115,115,115,115,115,115,115,115,115,115,115,115,115,115,115,115,115,115,115,115,115,115,115,115,115,115,115,115,115,115,115,115,115,115,115,115,115,115,115,115,115,115,115,115,115,115,115,115,115,115,115,115,115,115,115,115,115,115,115,115,115,115,115,115,115,115,115,115,115,115,115,115,115,115,115,115,115,115,115,115,115,115,115,115,115,115,115,115,115,115,115,115,115,115,115,115,115,115,115,115,115,115,115,115,115,115,115,115,115,115,115,115,115,115,115,115,115,115,115,115,115,115,115,115,115,115,115,115,115,115,115,115,115,115,115,115,115,115,115,115,115,115,115,115,115,115,115,115,115,115,115,115,115,115,115,115,115,
30203,106,106,106,106,106,106,106,106,106,106,106,106,106,106,106,106,106,106,106,106,106,106,106,106,106,106,106,106,106,106,106,106,106,106,106,106,106,106,106,106,106,106,106,106,106,106,106,106,106,106,106,106,106,106,106,106,106,106,106,106,106,106,106,106,106,106,106,106,106,106,106,106,106,106,106,106,106,106,106,106,106,106,106,106,106,106,106,106,106,106,106,106,106,106,106,106,106,106,106,106,106,106,106,106,106,106,106,106,106,106,106,106,106,106,106,106,106,106,106,106,106,106,106,106,106,106,106,106,106,106,106,106,106,106,106,106,106,106,106,106,106,106,106,106,106,106,106,106,106,106,106,106,106,106,106,106,106,106,106,106,106,106,106,106,106,106,106,106,106,106,106,106,106,106,106,106,106,106,106,106,106,106,106,106,106,106,106,106,106,106,106,106,106,106,106,106,106,106,106,106,106,106,106,106,106,106,106,106,106,106,106,106,106,106,106,106,106,106,106,106,106,106,106,106,106,106,106,106,106,106,106,106,106,106,106,106,106,106,106,106,106,106,106,106,106,106,106,106,106,106,106,106,106,106,106,106,106,106,106,106,106,106,106,106,106,106,106,106,106,106,106,106,106,106,106,
30204,116,116,116,116,116,116,116,116,116,116,116,116,116,116,116,116,116,116,116,116,116,116,116,116,116,116,116,116,116,116,116,116,116,116,116,116,116,116,116,116,116,116,116,116,116,116,116,116,116,116,116,116,116,116,116,116,116,116,116,116,116,116,116,116,116,116,116,116,116,116,116,116,116,116,116,116,116,116,116,116,116,116,116,116,116,116,116,116,116,116,116,116,116,116,116,116,116,116,116,116,116,116,116,116,116,116,116,116,116,116,116,116,116,116,116,116,116,116,116,116,116,116,116,116,116,116,116,116,116,116,116,116,116,116,116,116,116,116,116,116,116,116,116,116,116,116,116,116,116,116,116,116,116,116,116,116,116,116,116,116,116,116,116,116,116,116,116,116,116,116,116,116,116,116,116,116,116,116,116,116,116,116,116,116,116,116,116,116,116,116,116,116,116,116,116,116,116,116,116,116,116,116,116,116,116,116,116,116,116,116,116,116,116,116,116,116,116,116,116,116,116,116,116,116,116,116,116,116,116,116,116,116,116,116,116,116,116,116,116,116,116,116,116,116,116,116,116,116,116,116,116,116,116,116,116,116,116,116,116,116,116,116,116,116,116,116,116,116,116,116,116,116,116,116,116,
30205,104,104,104,104,104,104,104,104,104,104,104,104,104,104,104,104,104,104,104,104,104,104,104,104,104,104,104,104,104,104,104,104,104,104,104,104,104,104,104,104,104,104,104,104,104,104,104,104,104,104,104,104,104,104,104,104,104,104,104,104,104,104,104,104,104,104,104,104,104,104,104,104,104,104,104,104,104,104,104,104,104,104,104,104,104,104,104,104,104,104,104,104,104,104,104,104,104,104,104,104,104,104,104,104,104,104,104,104,104,104,104,104,104,104,104,104,104,104,104,104,104,104,104,104,104,104,104,104,104,104,104,104,104,104,104,104,104,104,104,104,104,104,104,104,104,104,104,104,104,104,104,104,104,104,104,104,104,104,104,104,104,104,104,104,104,104,104,104,104,104,104,104,104,104,104,104,104,104,104,104,104,104,104,104,104,104,104,104,104,104,104,104,104,104,104,104,104,104,104,104,104,104,104,104,104,104,104,104,104,104,104,104,104,104,104,104,104,104,104,104,104,104,104,104,104,104,104,104,104,104,104,104,104,104,104,104,104,104,104,104,104,104,104,104,104,104,104,104,104,104,104,104,104,104,104,104,104,104,104,104,104,104,104,104,104,104,104,104,104,104,104,104,104,104,104,
30210,3,3,3,3,3,3,3,3,0,0,0,0,0,0,0,0,0,0,0,0,0,0,0,0,0,0,0,0,0,0,0,0,0,0,0,0,0,0,0,0,0,0,0,0,0,0,0,0,0,0,0,0,0,0,0,0,3,3,3,3,3,3,3,3,3,3,3,3,3,3,3,3,0,0,0,0,0,0,0,0,0,0,0,0,0,0,0,0,0,0,0,0,0,0,0,0,0,0,0,0,0,0,0,0,0,0,0,0,0,0,0,0,0,0,0,0,0,0,0,0,3,3,3,3,3,3,3,3,3,3,3,3,3,3,3,3,0,0,0,0,0,0,0,0,0,0,0,0,0,0,0,0,0,0,0,0,0,0,0,0,0,0,0,0,0,0,0,0,0,0,0,0,0,0,0,0,0,0,0,0,0,0,0,0,3,3,3,3,3,3,3,3,3,3,3,3,3,3,3,3,3,3,3,3,3,3,0,0,0,0,0,0,0,0,0,0,0,0,0,0,0,0,0,0,0,0,0,0,0,0,0,0,0,0,0,0,0,0,0,0,0,0,0,0,0,0,0,0,0,0,0,0,0,0,0,0,0,0,0,0,0,0,0,0,0,0,0,0,0,0,0,0,2,2,2,
30211,0,0,0,0,0,0,0,0,0,0,0,0,0,0,0,0,0,0,0,0,0,0,0,0,0,0,0,0,0,0,0,0,0,0,0,0,0,0,0,0,0,0,0,0,0,0,0,0,0,0,0,0,0,0,0,0,0,0,0,0,0,0,0,0,0,0,0,0,0,0,0,0,0,0,0,0,0,0,0,0,0,0,0,0,0,0,0,0,0,0,0,0,0,0,0,0,0,0,0,0,0,0,0,0,0,0,0,0,0,0,0,0,0,0,0,0,0,0,0,0,0,0,0,0,0,0,0,0,0,0,0,0,0,0,0,0,0,0,0,0,0,0,0,0,0,0,0,0,0,0,0,0,0,0,0,0,0,0,0,0,0,0,0,0,0,0,0,0,0,0,0,0,0,0,0,0,0,0,0,0,0,0,0,0,0,0,0,0,0,0,0,0,0,0,0,0,0,0,0,0,0,0,0,0,0,0,0,0,0,0,0,0,0,0,0,0,0,0,0,0,0,0,0,0,0,0,0,0,0,0,0,0,0,0,0,0,0,0,0,0,0,0,0,0,0,0,0,0,0,0,0,0,0,0,0,0,0,0,0,0,0,0,0,0,0,0,0,0,0,0,0,0,0,0,0,
30212,5,5,5,5,5,5,5,5,5,5,5,5,5,5,5,5,5,5,5,5,5,5,5,5,5,5,5,5,5,5,5,5,5,5,5,5,5,5,5,5,5,5,5,5,5,5,5,5,5,5,5,5,5,5,5,5,5,5,5,5,5,5,5,5,5,5,5,5,5,5,5,5,5,5,5,5,5,5,5,5,5,5,5,5,5,5,5,5,5,5,5,5,5,5,5,5,5,5,5,5,5,5,5,5,5,5,5,5,5,5,5,5,5,5,5,5,5,5,5,5,5,5,5,5,5,5,5,5,5,5,5,5,5,5,5,5,5,5,5,5,5,5,5,5,5,5,5,5,5,5,5,5,5,5,5,5,5,5,5,5,5,5,5,5,5,5,5,5,5,5,5,5,5,5,5,5,5,5,5,5,5,5,5,5,5,5,5,5,5,5,5,5,5,5,5,5,5,5,5,5,5,5,5,5,5,5,5,5,5,5,5,5,5,5,5,5,5,5,5,5,5,5,5,5,5,5,5,5,5,5,5,5,5,5,5,5,5,5,5,5,5,5,5,5,5,5,5,5,5,5,5,5,5,5,5,5,5,5,5,5,5,5,5,5,5,5,5,5,5,5,5,5,5,5,5,
30213,0,0,0,0,0,0,0,0,0,0,0,0,0,0,0,0,0,0,0,0,0,0,0,0,0,0,0,0,0,0,0,0,0,0,0,0,0,0,0,0,0,0,0,0,0,0,0,0,0,0,0,0,0,0,0,0,0,0,0,0,0,0,0,0,0,0,0,0,0,0,0,0,0,0,0,0,0,0,0,0,0,0,0,0,0,0,0,0,0,0,0,0,0,0,0,0,0,0,0,0,0,0,0,0,0,0,0,0,0,0,0,0,0,0,0,0,0,0,0,0,0,0,0,0,0,0,0,0,0,0,0,0,0,0,0,0,0,0,0,0,0,0,0,0,0,0,0,0,0,0,0,0,0,0,0,0,0,0,0,0,0,0,0,0,0,0,0,0,0,0,0,0,0,0,0,0,0,0,0,0,0,0,0,0,0,0,0,0,0,0,0,0,0,0,0,0,0,0,0,0,0,0,0,0,0,0,0,0,0,0,0,0,0,0,0,0,0,0,0,0,0,0,0,0,0,0,0,0,0,0,0,0,0,0,0,0,0,0,0,0,0,0,0,0,0,0,0,0,0,0,0,0,0,0,0,0,0,0,0,0,0,0,0,0,0,0,0,0,0,0,0,0,0,0,0,
30214,0,0,0,0,0,0,0,0,0,0,0,0,0,0,0,0,0,0,0,0,0,0,0,0,0,0,0,0,0,0,0,0,0,0,0,0,0,0,0,0,0,0,0,0,0,0,0,0,0,0,0,0,0,0,0,0,0,0,0,0,0,0,0,0,0,0,0,0,0,0,0,0,0,0,0,0,0,0,0,0,0,0,0,0,0,0,0,0,0,0,0,0,0,0,0,0,0,0,0,0,0,0,0,0,0,0,0,0,0,0,0,0,0,0,0,0,0,0,0,0,0,0,0,0,0,0,0,0,0,0,0,0,0,0,0,0,0,0,0,0,0,0,0,0,0,0,0,0,0,0,0,0,0,0,0,0,0,0,0,0,0,0,0,0,0,0,0,0,0,0,0,0,0,0,0,0,0,0,0,0,0,0,0,0,0,0,0,0,0,0,0,0,0,0,0,0,0,0,0,0,0,0,0,0,0,0,0,0,0,0,0,0,0,0,0,0,0,0,0,0,0,0,0,0,0,0,0,0,0,0,0,0,0,0,0,0,0,0,0,0,0,0,0,0,0,0,0,0,0,0,0,0,0,0,0,0,0,0,0,0,0,0,0,0,0,0,0,0,0,0,0,0,0,0,0,
30300,1,1,1,1,1,1,1,1,1,1,1,1,1,1,1,1,1,1,1,1,1,1,1,1,1,1,1,1,1,1,1,1,1,1,1,1,1,1,1,1,1,1,1,1,1,1,1,1,1,1,1,1,1,1,1,1,1,1,1,1,1,1,1,1,1,1,1,1,1,1,1,1,1,1,1,1,1,1,1,1,1,1,1,1,1,1,1,1,1,1,1,1,1,1,1,1,1,1,1,1,1,1,1,1,1,1,1,1,1,1,1,1,1,1,1,1,1,1,1,1,1,1,1,1,1,1,1,1,1,1,1,1,1,1,1,1,1,1,1,1,1,1,1,1,1,1,1,1,1,1,1,1,1,1,1,1,1,1,1,1,1,1,1,1,1,1,1,1,1,1,1,1,1,1,1,1,1,1,1,1,1,1,1,1,1,1,1,1,1,1,1,1,1,1,1,1,1,1,1,1,1,1,1,1,1,1,1,1,1,1,1,1,1,1,1,1,1,1,1,1,1,1,1,1,1,1,1,1,1,1,1,1,1,1,1,1,1,1,1,1,1,1,1,1,1,1,1,1,1,1,1,1,1,1,1,1,1,1,1,1,1,1,1,1,1,1,1,1,1,1,1,1,1,1,1,
30301,1,1,1,1,1,1,1,1,1,1,1,1,1,1,1,1,1,1,1,1,1,1,1,1,1,1,1,1,1,1,1,1,1,1,1,1,1,1,1,1,1,1,1,1,1,1,1,1,1,1,1,1,1,1,1,1,1,1,1,1,1,1,1,1,1,1,1,1,1,1,1,1,1,1,1,1,1,1,1,1,1,1,1,1,1,1,1,1,1,1,1,1,1,1,1,1,1,1,1,1,1,1,1,1,1,1,1,1,1,1,1,1,1,1,1,1,1,1,1,1,1,1,1,1,1,1,1,1,1,1,1,1,1,1,1,1,1,1,1,1,1,1,1,1,1,1,1,1,1,1,1,1,1,1,1,1,1,1,1,1,1,1,1,1,1,1,1,1,1,1,1,1,1,1,1,1,1,1,1,1,1,1,1,1,1,1,1,1,1,1,1,1,1,1,1,1,1,1,1,1,1,1,1,1,1,1,1,1,1,1,1,1,1,1,1,1,1,1,1,1,1,1,1,1,1,1,1,1,1,1,1,1,1,1,1,1,1,1,1,1,1,1,1,1,1,1,1,1,1,1,1,1,1,1,1,1,1,1,1,1,1,1,1,1,1,1,1,1,1,1,1,1,1,1,1,
30302,0,0,0,0,0,0,0,0,0,0,0,0,0,0,0,0,0,0,0,0,0,0,0,0,0,0,0,0,0,0,0,0,0,0,0,0,0,0,0,0,0,0,0,0,0,0,0,0,0,0,0,0,0,0,0,0,0,0,0,0,0,0,0,0,0,0,0,0,0,0,0,0,0,0,0,0,0,0,0,0,0,0,0,0,0,0,0,0,0,0,0,0,0,0,0,0,0,0,0,0,0,0,0,0,0,0,0,0,0,0,0,0,0,0,0,0,0,0,0,0,0,0,0,0,0,0,0,0,0,0,0,0,0,0,0,0,0,0,0,0,0,0,0,0,0,0,0,0,0,0,0,0,0,0,0,0,0,0,0,0,0,0,0,0,0,0,0,0,0,0,0,0,0,0,0,0,0,0,0,0,0,0,0,0,0,0,0,0,0,0,0,0,0,0,0,0,0,0,0,0,0,0,0,0,0,0,0,0,0,0,0,0,0,0,0,0,0,0,0,0,0,0,0,0,0,0,0,0,0,0,0,0,0,0,0,0,0,0,0,0,0,0,0,0,0,0,0,0,0,0,0,0,0,0,0,0,0,0,0,0,0,0,0,0,0,0,0,0,0,0,0,0,0,0,0,
30303,53,52,52,53,53,53,53,52,52,53,53,52,52,52,52,53,53,53,53,53,53,53,53,53,53,53,53,52,52,53,53,53,53,52,52,52,52,52,53,53,52,52,53,53,52,52,53,53,52,52,53,53,53,53,52,52,53,53,52,52,53,53,53,53,52,52,53,53,53,53,53,53,52,52,53,53,53,53,52,52,53,53,52,52,53,53,54,54,53,53,54,54,53,53,54,54,54,54,54,54,54,53,53,53,53,53,53,54,54,53,53,54,54,54,54,53,53,54,54,53,53,54,54,54,54,53,53,53,53,54,54,54,54,54,54,54,54,54,54,54,54,53,53,54,54,54,54,54,54,54,54,53,53,53,53,53,53,53,54,54,53,53,54,54,53,53,53,53,54,54,53,53,54,54,54,54,54,54,54,54,53,53,53,53,53,53,54,54,53,53,54,54,54,54,53,53,54,54,54,54,53,53,53,53,54,54,54,54,56,56,56,56,57,57,56,56,56,56,56,56,56,56,56,56,56,57,57,56,56,56,56,56,56,56,56,55,55,56,56,57,57,56,56,56,56,56,56,56,56,56,56,56,56,56,56,56,56,56,56,54,54,56,56,56,56,56,56,56,56,56,56,56,56,56,56,
30304,13880,13880,13880,13880,13880,13880,13880,13880,13880,13880,13880,13880,13880,13880,13880,13880,13880,13880,13880,13880,13880,13880,13880,13880,13880,13880,13880,13880,13880,13880,13880,13880,13880,13880,13880,13880,13880,13880,13880,13880,13880,13880,13880,13880,13880,13880,13880,13880,13880,13880,13880,13880,13880,13880,13880,13880,13880,13880,13880,13880,13880,13880,13880,13880,13880,13880,13880,13880,13880,13880,13880,13880,13880,13880,13880,13880,13880,13880,13880,13880,13880,13880,13880,13880,13880,13880,13880,13880,13880,13880,13880,13880,13880,13880,13880,13880,13880,13880,13880,13880,13880,13880,13880,13880,13880,13880,13880,13880,13880,13880,13880,13880,13880,13880,13880,13880,13880,13880,13880,13880,13880,13880,13880,13880,13880,13880,13880,13880,13880,13880,13880,13880,13880,13880,13880,13880,13880,13880,13880,13880,13880,13880,13880,13880,13880,13880,13880,13880,13880,13880,13880,13880,13880,13880,13880,13880,13880,13880,13880,13880,13880,13880,13880,13880,13880,13880,13880,13880,13880,13880,13880,13880,13880,13880,13880,13880,13880,13880,13880,13880,13880,13880,13880,13880,13880,13880,13880,13880,13880,13880,13880,13880,13880,13880,13880,13880,13880,13880,13880,13880,13880,13880,13880,13880,13880,13880,13880,13880,13880,13880,13880,13880,13880,13880,13880,13880,13880,13880,13880,13880,13880,13880,13880,13880,13880,13880,13880,13880,13880,13880,13880,13880,13880,13880,13880,13880,13880,13880,13880,13880,13880,13880,13880,13880,13880,13880,13880,13880,13880,13880,13880,13880,13880,13880,13880,13880,13880,13880,13880,13880,13880,13880,13880,13880,13880,13880,13880,13880,13880,13880,13880,13880,13880,13880,13880,
30305,12852,12852,12852,12852,12852,12852,12852,12852,12852,12852,12852,12852,12852,12852,12852,12852,12852,12852,12852,12852,12852,12852,12852,12852,12852,12852,12852,12852,12852,12852,12852,12852,12852,12852,12852,12852,12852,12852,12852,12852,12852,12852,12852,12852,12852,12852,12852,12852,12852,12852,12852,12852,12852,12852,12852,12852,12852,12852,12852,12852,12852,12852,12852,12852,12852,12852,12852,12852,12852,12852,12852,12852,12852,12852,12852,12852,12852,12852,12852,12852,12852,12852,12852,12852,12852,12852,12852,12852,12852,12852,12852,12852,12852,12852,12852,12852,12852,12852,12852,12852,12852,12852,12852,12852,12852,12852,12852,12852,12852,12852,12852,12852,12852,12852,12852,12852,12852,12852,12852,12852,12852,12852,12852,12852,12852,12852,12852,12852,12852,12852,12852,12852,12852,12852,12852,12852,12852,12852,12852,12852,12852,12852,12852,12852,12852,12852,12852,12852,12852,12852,12852,12852,12852,12852,12852,12852,12852,12852,12852,12852,12852,12852,12852,12852,12852,12852,12852,12852,12852,12852,12852,12852,12852,12852,12852,12852,12852,12852,12852,12852,12852,12852,12852,12852,12852,12852,12852,12852,12852,12852,12852,12852,12852,12852,12852,12852,12852,12852,12852,12852,12852,12852,12852,12852,12852,12852,12852,12852,12852,12852,12852,12852,12852,12852,12852,12852,12852,12852,12852,12852,12852,12852,12852,12852,12852,12852,12852,12852,12852,12852,12852,12852,12852,12852,12852,12852,12852,12852,12852,12852,12852,12852,12852,12852,12852,12852,12852,12852,12852,12852,12852,12852,12852,12852,12852,12852,12852,12852,12852,12852,12852,12852,12852,12852,12852,12852,12852,12852,12852,12852,12852,12852,12852,12852,12852,
30306,14649,14649,14649,14649,14649,14649,14649,14649,14649,14649,14649,14649,14649,14649,14649,14649,14649,14649,14649,14649,14649,14649,14649,14649,14649,14649,14649,14649,14649,14649,14649,14649,14649,14649,14649,14649,14649,14649,14649,14649,14649,14649,14649,14649,14649,14649,14649,14649,14649,14649,14649,14649,14649,14649,14649,14649,14649,14649,14649,14649,14649,14649,14649,14649,14649,14649,14649,14649,14649,14649,14649,14649,14649,14649,14649,14649,14649,14649,14649,14649,14649,14649,14649,14649,14649,14649,14649,14649,14649,14649,14649,14649,14649,14649,14649,14649,14649,14649,14649,14649,14649,14649,14649,14649,14649,14649,14649,14649,14649,14649,14649,14649,14649,14649,14649,14649,14649,14649,14649,14649,14649,14649,14649,14649,14649,14649,14649,14649,14649,14649,14649,14649,14649,14649,14649,14649,14649,14649,14649,14649,14649,14649,14649,14649,14649,14649,14649,14649,14649,14649,14649,14649,14649,14649,14649,14649,14649,14649,14649,14649,14649,14649,14649,14649,14649,14649,14649,14649,14649,14649,14649,14649,14649,14649,14649,14649,14649,14649,14649,14649,14649,14649,14649,14649,14649,14649,14649,14649,14649,14649,14649,14649,14649,14649,14649,14649,14649,14649,14649,14649,14649,14649,14649,14649,14649,14649,14649,14649,14649,14649,14649,14649,14649,14649,14649,14649,14649,14649,14649,14649,14649,14649,14649,14649,14649,14649,14649,14649,14649,14649,14649,14649,14649,14649,14649,14649,14649,14649,14649,14649,14649,14649,14649,14649,14649,14649,14649,14649,14649,14649,14649,14649,14649,14649,14649,14649,14649,14649,14649,14649,14649,14649,14649,14649,14649,14649,14649,14649,14649,14649,14649,14649,14649,14649,14649,
30307,17733,17733,17733,17733,17733,17733,17733,17733,17733,17733,17733,17733,17733,17733,17733,17733,17733,17733,17733,17733,17733,17733,17733,17733,17733,17733,17733,17733,17733,17733,17733,17733,17733,17733,17733,17733,17733,17733,17733,17733,17733,17733,17733,17733,17733,17733,17733,17733,17733,17733,17733,17733,17733,17733,17733,17733,17733,17733,17733,17733,17733,17733,17733,17733,17733,17733,17733,17733,17733,17733,17733,17733,17733,17733,17733,17733,17733,17733,17733,17733,17733,17733,17733,17733,17733,17733,17733,17733,17733,17733,17733,17733,17733,17733,17733,17733,17733,17733,17733,17733,17733,17733,17733,17733,17733,17733,17733,17733,17733,17733,17733,17733,17733,17733,17733,17733,17733,17733,17733,17733,17733,17733,17733,17733,17733,17733,17733,17733,17733,17733,17733,17733,17733,17733,17733,17733,17733,17733,17733,17733,17733,17733,17733,17733,17733,17733,17733,17733,17733,17733,17733,17733,17733,17733,17733,17733,17733,17733,17733,17733,17733,17733,17733,17733,17733,17733,17733,17733,17733,17733,17733,17733,17733,17733,17733,17733,17733,17733,17733,17733,17733,17733,17733,17733,17733,17733,17733,17733,17733,17733,17733,17733,17733,17733,17733,17733,17733,17733,17733,17733,17733,17733,17733,17733,17733,17733,17733,17733,17733,17733,17733,17733,17733,17733,17733,17733,17733,17733,17733,17733,17733,17733,17733,17733,17733,17733,17733,17733,17733,17733,17733,17733,17733,17733,17733,17733,17733,17733,17733,17733,17733,17733,17733,17733,17733,17733,17733,17733,17733,17733,17733,17733,17733,17733,17733,17733,17733,17733,17733,17733,17733,17733,17733,17733,17733,17733,17733,17733,17733,17733,17733,17733,17733,17733,17733,
30308,17975,17975,17975,17975,17975,17975,17975,17975,17975,17975,17975,17975,17975,17975,17975,17975,17975,17975,17975,17975,17975,17975,17975,17975,17975,17975,17975,17975,17975,17975,17975,17975,17975,17975,17975,17975,17975,17975,17975,17975,17975,17975,17975,17975,17975,17975,17975,17975,17975,17975,17975,17975,17975,17975,17975,17975,17975,17975,17975,17975,17975,17975,17975,17975,17975,17975,17975,17975,17975,17975,17975,17975,17975,17975,17975,17975,17975,17975,17975,17975,17975,17975,17975,17975,17975,17975,17975,17975,17975,17975,17975,17975,17975,17975,17975,17975,17975,17975,17975,17975,17975,17975,17975,17975,17975,17975,17975,17975,17975,17975,17975,17975,17975,17975,17975,17975,17975,17975,17975,17975,17975,17975,17975,17975,17975,17975,17975,17975,17975,17975,17975,17975,17975,17975,17975,17975,17975,17975,17975,17975,17975,17975,17975,17975,17975,17975,17975,17975,17975,17975,17975,17975,17975,17975,17975,17975,17975,17975,17975,17975,17975,17975,17975,17975,17975,17975,17975,17975,17975,17975,17975,17975,17975,17975,17975,17975,17975,17975,17975,17975,17975,17975,17975,17975,17975,17975,17975,17975,17975,17975,17975,17975,17975,17975,17975,17975,17975,17975,17975,17975,17975,17975,17975,17975,17975,17975,17975,17975,17975,17975,17975,17975,17975,17975,17975,17975,17975,17975,17975,17975,17975,17975,17975,17975,17975,17975,17975,17975,17975,17975,17975,17975,17975,17975,17975,17975,17975,17975,17975,17975,17975,17975,17975,17975,17975,17975,17975,17975,17975,17975,17975,17975,17975,17975,17975,17975,17975,17975,17975,17975,17975,17975,17975,17975,17975,17975,17975,17975,17975,17975,17975,17975,17975,17975,17975,
30309,13635,13635,13635,13635,13635,13635,13635,13635,13635,13635,13635,13635,13635,13635,13635,13635,13635,13635,13635,13635,13635,13635,13635,13635,13635,13635,13635,13635,13635,13635,13635,13635,13635,13635,13635,13635,13635,13635,13635,13635,13635,13635,13635,13635,13635,13635,13635,13635,13635,13635,13635,13635,13635,13635,13635,13635,13635,13635,13635,13635,13635,13635,13635,13635,13635,13635,13635,13635,13635,13635,13635,13635,13635,13635,13635,13635,13635,13635,13635,13635,13635,13635,13635,13635,13635,13635,13635,13635,13635,13635,13635,13635,13635,13635,13635,13635,13635,13635,13635,13635,13635,13635,13635,13635,13635,13635,13635,13635,13635,13635,13635,13635,13635,13635,13635,13635,13635,13635,13635,13635,13635,13635,13635,13635,13635,13635,13635,13635,13635,13635,13635,13635,13635,13635,13635,13635,13635,13635,13635,13635,13635,13635,13635,13635,13635,13635,13635,13635,13635,13635,13635,13635,13635,13635,13635,13635,13635,13635,13635,13635,13635,13635,13635,13635,13635,13635,13635,13635,13635,13635,13635,13635,13635,13635,13635,13635,13635,13635,13635,13635,13635,13635,13635,13635,13635,13635,13635,13635,13635,13635,13635,13635,13635,13635,13635,13635,13635,13635,13635,13635,13635,13635,13635,13635,13635,13635,13635,13635,13635,13635,13635,13635,13635,13635,13635,13635,13635,13635,13635,13635,13635,13635,13635,13635,13635,13635,13635,13635,13635,13635,13635,13635,13635,13635,13635,13635,13635,13635,13635,13635,13635,13635,13635,13635,13635,13635,13635,13635,13635,13635,13635,13635,13635,13635,13635,13635,13635,13635,13635,13635,13635,13635,13635,13635,13635,13635,13635,13635,13635,13635,13635,13635,13635,13635,13635,
30350,12848,12848,12848,12848,12848,12848,12848,12848,12848,12848,12848,12848,12848,12848,12848,12848,12848,12848,12848,12848,12848,12848,12848,12848,12848,12848,12848,12848,12848,12848,12848,12848,12848,12848,12848,12848,12848,12848,12848,12848,12848,12848,12848,12848,12848,12848,12848,12848,12848,12848,12848,12848,12848,12848,12848,12848,12848,12848,12848,12848,12848,12848,12848,12848,12848,12848,12848,12848,12848,12848,12848,12848,12848,12848,12848,12848,12848,12848,12848,12848,12848,12848,12848,12848,12848,12848,12848,12848,12848,12848,12848,12848,12848,12848,12848,12848,12848,12848,12848,12848,12848,12848,12848,12848,12848,12848,12848,12848,12848,12848,12848,12848,12848,12848,12848,12848,12848,12848,12848,12848,12848,12848,12848,12848,12848,12848,12848,12848,12848,12848,12848,12848,12848,12848,12848,12848,12848,12848,12848,12848,12848,12848,12848,12848,12848,12848,12848,12848,12848,12848,12848,12848,12848,12848,12848,12848,12848,12848,12848,12848,12848,12848,12848,12848,12848,12848,12848,12848,12848,12848,12848,12848,12848,12848,12848,12848,12848,12848,12848,12848,12848,12848,12848,12848,12848,12848,12848,12848,12848,12848,12848,12848,12848,12848,12848,12848,12848,12848,12848,12848,12848,12848,12848,12848,12848,12848,12848,12848,12848,12848,12848,12848,12848,12848,12848,12848,12848,12848,12848,12848,12848,12848,12848,12848,12848,12848,12848,12848,12848,12848,12848,12848,12848,12848,12848,12848,12848,12848,12848,12848,12848,12848,12848,12848,12848,12848,12848,12848,12848,12848,12848,12848,12848,12848,12848,12848,12848,12848,12848,12848,12848,12848,12848,12848,12848,12848,12848,12848,12848,12848,12848,12848,12848,12848,12848,
30351,12852,12852,12852,12852,12852,12852,12852,12852,12852,12852,12852,12852,12852,12852,12852,12852,12852,12852,12852,12852,12852,12852,12852,12852,12852,12852,12852,12852,12852,12852,12852,12852,12852,12852,12852,12852,12852,12852,12852,12852,12852,12852,12852,12852,12852,12852,12852,12852,12852,12852,12852,12852,12852,12852,12852,12852,12852,12852,12852,12852,12852,12852,12852,12852,12852,12852,12852,12852,12852,12852,12852,12852,12852,12852,12852,12852,12852,12852,12852,12852,12852,12852,12852,12852,12852,12852,12852,12852,12852,12852,12852,12852,12852,12852,12852,12852,12852,12852,12852,12852,12852,12852,12852,12852,12852,12852,12852,12852,12852,12852,12852,12852,12852,12852,12852,12852,12852,12852,12852,12852,12852,12852,12852,12852,12852,12852,12852,12852,12852,12852,12852,12852,12852,12852,12852,12852,12852,12852,12852,12852,12852,12852,12852,12852,12852,12852,12852,12852,12852,12852,12852,12852,12852,12852,12852,12852,12852,12852,12852,12852,12852,12852,12852,12852,12852,12852,12852,12852,12852,12852,12852,12852,12852,12852,12852,12852,12852,12852,12852,12852,12852,12852,12852,12852,12852,12852,12852,12852,12852,12852,12852,12852,12852,12852,12852,12852,12852,12852,12852,12852,12852,12852,12852,12852,12852,12852,12852,12852,12852,12852,12852,12852,12852,12852,12852,12852,12852,12852,12852,12852,12852,12852,12852,12852,12852,12852,12852,12852,12852,12852,12852,12852,12852,12852,12852,12852,12852,12852,12852,12852,12852,12852,12852,12852,12852,12852,12852,12852,12852,12852,12852,12852,12852,12852,12852,12852,12852,12852,12852,12852,12852,12852,12852,12852,12852,12852,12852,12852,12852,12852,12852,12852,12852,12852,12852,
30352,12345,12345,12345,12345,12345,12345,12345,12345,12345,12345,12345,12345,12345,12345,12345,12345,12345,12345,12345,12345,12345,12345,12345,12345,12345,12345,12345,12345,12345,12345,12345,12345,12345,12345,12345,12345,12345,12345,12345,12345,12345,12345,12345,12345,12345,12345,12345,12345,12345,12345,12345,12345,12345,12345,12345,12345,12345,12345,12345,12345,12345,12345,12345,12345,12345,12345,12345,12345,12345,12345,12345,12345,12345,12345,12345,12345,12345,12345,12345,12345,12345,12345,12345,12345,12345,12345,12345,12345,12345,12345,12345,12345,12345,12345,12345,12345,12345,12345,12345,12345,12345,12345,12345,12345,12345,12345,12345,12345,12345,12345,12345,12345,12345,12345,12345,12345,12345,12345,12345,12345,12345,12345,12345,12345,12345,12345,12345,12345,12345,12345,12345,12345,12345,12345,12345,12345,12345,12345,12345,12345,12345,12345,12345,12345,12345,12345,12345,12345,12345,12345,12345,12345,12345,12345,12345,12345,12345,12345,12345,12345,12345,12345,12345,12345,12345,12345,12345,12345,12345,12345,12345,12345,12345,12345,12345,12345,12345,12345,12345,12345,12345,12345,12345,12345,12345,12345,12345,12345,12345,12345,12345,12345,12345,12345,12345,12345,12345,12345,12345,12345,12345,12345,12345,12345,12345,12345,12345,12345,12345,12345,12345,12345,12345,12345,12345,12345,12345,12345,12345,12345,12345,12345,12345,12345,12345,12345,12345,12345,12345,12345,12345,12345,12345,12345,12345,12345,12345,12345,12345,12345,12345,12345,12345,12345,12345,12345,12345,12345,12345,12345,12345,12345,12345,12345,12345,12345,12345,12345,12345,12345,12345,12345,12345,12345,12345,12345,12345,12345,12345,12345,12345,12345,12345,12345,12345,
30353,12345,12345,12345,12345,12345,12345,12345,12345,12345,12345,12345,12345,12345,12345,12345,12345,12345,12345,12345,12345,12345,12345,12345,12345,12345,12345,12345,12345,12345,12345,12345,12345,12345,12345,12345,12345,12345,12345,12345,12345,12345,12345,12345,12345,12345,12345,12345,12345,12345,12345,12345,12345,12345,12345,12345,12345,12345,12345,12345,12345,12345,12345,12345,12345,12345,12345,12345,12345,12345,12345,12345,12345,12345,12345,12345,12345,12345,12345,12345,12345,12345,12345,12345,12345,12345,12345,12345,12345,12345,12345,12345,12345,12345,12345,12345,12345,12345,12345,12345,12345,12345,12345,12345,12345,12345,12345,12345,12345,12345,12345,12345,12345,12345,12345,12345,12345,12345,12345,12345,12345,12345,12345,12345,12345,12345,12345,12345,12345,12345,12345,12345,12345,12345,12345,12345,12345,12345,12345,12345,12345,12345,12345,12345,12345,12345,12345,12345,12345,12345,12345,12345,12345,12345,12345,12345,12345,12345,12345,12345,12345,12345,12345,12345,12345,12345,12345,12345,12345,12345,12345,12345,12345,12345,12345,12345,12345,12345,12345,12345,12345,12345,12345,12345,12345,12345,12345,12345,12345,12345,12345,12345,12345,12345,12345,12345,12345,12345,12345,12345,12345,12345,12345,12345,12345,12345,12345,12345,12345,12345,12345,12345,12345,12345,12345,12345,12345,12345,12345,12345,12345,12345,12345,12345,12345,12345,12345,12345,12345,12345,12345,12345,12345,12345,12345,12345,12345,12345,12345,12345,12345,12345,12345,12345,12345,12345,12345,12345,12345,12345,12345,12345,12345,12345,12345,12345,12345,12345,12345,12345,12345,12345,12345,12345,12345,12345,12345,12345,12345,12345,12345,12345,12345,12345,12345,12345,
30354,12337,12337,12337,12337,12337,12337,12337,12337,12337,12337,12337,12337,12337,12337,12337,12337,12337,12337,12337,12337,12337,12337,12337,12337,12337,12337,12337,12337,12337,12337,12337,12337,12337,12337,12337,12337,12337,12337,12337,12337,12337,12337,12337,12337,12337,12337,12337,12337,12337,12337,12337,12337,12337,12337,12337,12337,12337,12337,12337,12337,12337,12337,12337,12337,12337,12337,12337,12337,12337,12337,12337,12337,12337,12337,12337,12337,12337,12337,12337,12337,12337,12337,12337,12337,12337,12337,12337,12337,12337,12337,12337,12337,12337,12337,12337,12337,12337,12337,12337,12337,12337,12337,12337,12337,12337,12337,12337,12337,12337,12337,12337,12337,12337,12337,12337,12337,12337,12337,12337,12337,12337,12337,12337,12337,12337,12337,12337,12337,12337,12337,12337,12337,12337,12337,12337,12337,12337,12337,12337,12337,12337,12337,12337,12337,12337,12337,12337,12337,12337,12337,12337,12337,12337,12337,12337,12337,12337,12337,12337,12337,12337,12337,12337,12337,12337,12337,12337,12337,12337,12337,12337,12337,12337,12337,12337,12337,12337,12337,12337,12337,12337,12337,12337,12337,12337,12337,12337,12337,12337,12337,12337,12337,12337,12337,12337,12337,12337,12337,12337,12337,12337,12337,12337,12337,12337,12337,12337,12337,12337,12337,12337,12337,12337,12337,12337,12337,12337,12337,12337,12337,12337,12337,12337,12337,12337,12337,12337,12337,12337,12337,12337,12337,12337,12337,12337,12337,12337,12337,12337,12337,12337,12337,12337,12337,12337,12337,12337,12337,12337,12337,12337,12337,12337,12337,12337,12337,12337,12337,12337,12337,12337,12337,12337,12337,12337,12337,12337,12337,12337,12337,12337,12337,12337,12337,12337,
30355,13625,13625,13625,13625,13625,13625,13625,13625,13625,13625,13625,13625,13625,13625,13625,13625,13625,13625,13625,13625,13625,13625,13625,13625,13625,13625,13625,13625,13625,13625,13625,13625,13625,13625,13625,13625,13625,13625,13625,13625,13625,13625,13625,13625,13625,13625,13625,13625,13625,13625,13625,13625,13625,13625,13625,13625,13625,13625,13625,13625,13625,13625,13625,13625,13625,13625,13625,13625,13625,13625,13625,13625,13625,13625,13625,13625,13625,13625,13625,13625,13625,13625,13625,13625,13625,13625,13625,13625,13625,13625,13625,13625,13625,13625,13625,13625,13625,13625,13625,13625,13625,13625,13625,13625,13625,13625,13625,13625,13625,13625,13625,13625,13625,13625,13625,13625,13625,13625,13625,13625,13625,13625,13625,13625,13625,13625,13625,13625,13625,13625,13625,13625,13625,13625,13625,13625,13625,13625,13625,13625,13625,13625,13625,13625,13625,13625,13625,13625,13625,13625,13625,13625,13625,13625,13625,13625,13625,13625,13625,13625,13625,13625,13625,13625,13625,13625,13625,13625,13625,13625,13625,13625,13625,13625,13625,13625,13625,13625,13625,13625,13625,13625,13625,13625,13625,13625,13625,13625,13625,13625,13625,13625,13625,13625,13625,13625,13625,13625,13625,13625,13625,13625,13625,13625,13625,13625,13625,13625,13625,13625,13625,13625,13625,13625,13625,13625,13625,13625,13625,13625,13625,13625,13625,13625,13625,13625,13625,13625,13625,13625,13625,13625,13625,13625,13625,13625,13625,13625,13625,13625,13625,13625,13625,13625,13625,13625,13625,13625,13625,13625,13625,13625,13625,13625,13625,13625,13625,13625,13625,13625,13625,13625,13625,13625,13625,13625,13625,13625,13625,13625,13625,13625,13625,13625,13625,
30400,49320,49320,49320,49320,49320,49320,49320,49320,49320,49320,49320,49320,49320,49320,49320,49320,49320,49320,49320,49320,49320,49320,49320,49320,49320,49320,49320,49320,49320,49320,49320,49320,49320,49320,49320,49320,49320,49320,49320,49320,49320,49320,49320,49320,49320,49320,49320,49320,49320,49320,49320,49320,49320,49320,49320,49320,49320,49320,49320,49320,49320,49320,49320,49320,49320,49320,49320,49320,49320,49320,49320,49320,49320,49320,49320,49320,49320,49320,49320,49320,49320,49320,49320,49320,49320,49320,49320,49320,49320,49320,49320,49320,49320,49320,49320,49320,49320,49320,49320,49320,49320,49320,49320,49320,49320,49320,49320,49320,49320,49320,49320,49320,49320,49320,49320,49320,49320,49320,49320,49320,49320,49320,49320,49320,49320,49320,49320,49320,49320,49320,49320,49320,49320,49320,49320,49320,49320,49320,49320,49320,49320,49320,49320,49320,49320,49320,49320,49320,49320,49320,49320,49320,49320,49320,49320,49320,49320,49320,49320,49320,49320,49320,49320,49320,49320,49320,49320,49320,49320,49320,49320,49320,49320,49320,49320,49320,49320,49320,49320,49320,49320,49320,49320,49320,49320,49320,49320,49320,49320,49320,49320,49320,49320,49320,49320,49320,49320,49320,49320,49320,49320,49320,49320,49320,49320,49320,49320,49320,49320,49320,49320,49320,49320,49320,49320,49320,49320,49320,49320,49320,49320,49320,49320,49320,49320,49320,49320,49320,49320,49320,49320,49320,49320,49320,49320,49320,49320,49320,49320,49320,49320,49320,49320,49320,49320,49320,49320,49320,49320,49320,49320,49320,49320,49320,49320,49320,49320,49320,49320,49320,49320,49320,49320,49320,49320,49320,49320,49320,49320,49320,49320,49320,49320,49320,49320,
30401,46490,46490,46490,46490,46490,46490,46490,46490,46490,46490,46490,46490,46490,46490,46490,46490,46490,46490,46490,46490,46490,46490,46490,46490,46490,46490,46490,46490,46490,46490,46490,46490,46490,46490,46490,46490,46490,46490,46490,46490,46490,46490,46490,46490,46490,46490,46490,46490,46490,46490,46490,46490,46490,46490,46490,46490,46490,46490,46490,46490,46490,46490,46490,46490,46490,46490,46490,46490,46490,46490,46490,46490,46490,46490,46490,46490,46490,46490,46490,46490,46490,46490,46490,46490,46490,46490,46490,46490,46490,46490,46490,46490,46490,46490,46490,46490,46490,46490,46490,46490,46490,46490,46490,46490,46490,46490,46490,46490,46490,46490,46490,46490,46490,46490,46490,46490,46490,46490,46490,46490,46490,46490,46490,46490,46490,46490,46490,46490,46490,46490,46490,46490,46490,46490,46490,46490,46490,46490,46490,46490,46490,46490,46490,46490,46490,46490,46490,46490,46490,46490,46490,46490,46490,46490,46490,46490,46490,46490,46490,46490,46490,46490,46490,46490,46490,46490,46490,46490,46490,46490,46490,46490,46490,46490,46490,46490,46490,46490,46490,46490,46490,46490,46490,46490,46490,46490,46490,46490,46490,46490,46490,46490,46490,46490,46490,46490,46490,46490,46490,46490,46490,46490,46490,46490,46490,46490,46490,46490,46490,46490,46490,46490,46490,46490,46490,46490,46490,46490,46490,46490,46490,46490,46490,46490,46490,46490,46490,46490,46490,46490,46490,46490,46490,46490,46490,46490,46490,46490,46490,46490,46490,46490,46490,46490,46490,46490,46490,46490,46490,46490,46490,46490,46490,46490,46490,46490,46490,46490,46490,46490,46490,46490,46490,46490,46490,46490,46490,46490,46490,46490,46490,46490,46490,46490,46490,
30402,49320,49320,49320,49320,49320,49320,49320,49320,49320,49320,49320,49320,49320,49320,49320,49320,49320,49320,49320,49320,49320,49320,49320,49320,49320,49320,49320,49320,49320,49320,49320,49320,49320,49320,49320,49320,49320,49320,49320,49320,49320,49320,49320,49320,49320,49320,49320,49320,49320,49320,49320,49320,49320,49320,49320,49320,49320,49320,49320,49320,49320,49320,49320,49320,49320,49320,49320,49320,49320,49320,49320,49320,49320,49320,49320,49320,49320,49320,49320,49320,49320,49320,49320,49320,49320,49320,49320,49320,49320,49320,49320,49320,49320,49320,49320,49320,49320,49320,49320,49320,49320,49320,49320,49320,49320,49320,49320,49320,49320,49320,49320,49320,49320,49320,49320,49320,49320,49320,49320,49320,49320,49320,49320,49320,49320,49320,49320,49320,49320,49320,49320,49320,49320,49320,49320,49320,49320,49320,49320,49320,49320,49320,49320,49320,49320,49320,49320,49320,49320,49320,49320,49320,49320,49320,49320,49320,49320,49320,49320,49320,49320,49320,49320,49320,49320,49320,49320,49320,49320,49320,49320,49320,49320,49320,49320,49320,49320,49320,49320,49320,49320,49320,49320,49320,49320,49320,49320,49320,49320,49320,49320,49320,49320,49320,49320,49320,49320,49320,49320,49320,49320,49320,49320,49320,49320,49320,49320,49320,49320,49320,49320,49320,49320,49320,49320,49320,49320,49320,49320,49320,49320,49320,49320,49320,49320,49320,49320,49320,49320,49320,49320,49320,49320,49320,49320,49320,49320,49320,49320,49320,49320,49320,49320,49320,49320,49320,49320,49320,49320,49320,49320,49320,49320,49320,49320,49320,49320,49320,49320,49320,49320,49320,49320,49320,49320,49320,49320,49320,49320,49320,49320,49320,49320,49320,49320,
30403,46337,46337,46337,46337,46337,46337,46337,46337,46337,46337,46337,46337,46337,46337,46337,46337,46337,46337,46337,46337,46337,46337,46337,46337,46337,46337,46337,46337,46337,46337,46337,46337,46337,46337,46337,46337,46337,46337,46337,46337,46337,46337,46337,46337,46337,46337,46337,46337,46337,46337,46337,46337,46337,46337,46337,46337,46337,46337,46337,46337,46337,46337,46337,46337,46337,46337,46337,46337,46337,46337,46337,46337,46337,46337,46337,46337,46337,46337,46337,46337,46337,46337,46337,46337,46337,46337,46337,46337,46337,46337,46337,46337,46337,46337,46337,46337,46337,46337,46337,46337,46337,46337,46337,46337,46337,46337,46337,46337,46337,46337,46337,46337,46337,46337,46337,46337,46337,46337,46337,46337,46337,46337,46337,46337,46337,46337,46337,46337,46337,46337,46337,46337,46337,46337,46337,46337,46337,46337,46337,46337,46337,46337,46337,46337,46337,46337,46337,46337,46337,46337,46337,46337,46337,46337,46337,46337,46337,46337,46337,46337,46337,46337,46337,46337,46337,46337,46337,46337,46337,46337,46337,46337,46337,46337,46337,46337,46337,46337,46337,46337,46337,46337,46337,46337,46337,46337,46337,46337,46337,46337,46337,46337,46337,46337,46337,46337,46337,46337,46337,46337,46337,46337,46337,46337,46337,46337,46337,46337,46337,46337,46337,46337,46337,46337,46337,46337,46337,46337,46337,46337,46337,46337,46337,46337,46337,46337,46337,46337,46337,46337,46337,46337,46337,46337,46337,46337,46337,46337,46337,46337,46337,46337,46337,46337,46337,46337,46337,46337,46337,46337,46337,46337,46337,46337,46337,46337,46337,46337,46337,46337,46337,46337,46337,46337,46337,46337,46337,46337,46337,46337,46337,46337,46337,46337,46337,
31000,22094,22094,22094,22094,22094,22094,22094,22094,22094,22094,22094,22094,22094,22094,22094,22094,22094,22094,22094,22094,22094,22094,22094,22094,22094,22094,22094,22094,22094,22094,22094,22094,22094,22094,22094,22094,22094,22094,22094,22094,22094,22094,22094,22094,22094,22094,22094,22094,22094,22094,22094,22094,22094,22094,22094,22094,22094,22094,22094,22094,22094,22094,22094,22094,22094,22094,22094,22094,22094,22094,22094,22094,22094,22094,22094,22094,22094,22094,22094,22094,22094,22094,22094,22094,22094,22094,22094,22094,22094,22094,22094,22094,22094,22094,22094,22094,22094,22094,22094,22094,22094,22094,22094,22094,22094,22094,22094,22094,22094,22094,22094,22094,22094,22094,22094,22094,22094,22094,22094,22094,22094,22094,22094,22094,22094,22094,22094,22094,22094,22094,22094,22094,22094,22094,22094,22094,22094,22094,22094,22094,22094,22094,22094,22094,22094,22094,22094,22094,22094,22094,22094,22094,22094,22094,22094,22094,22094,22094,22094,22094,22094,22094,22094,22094,22094,22094,22094,22094,22094,22094,22094,22094,22094,22094,22094,22094,22094,22094,22094,22094,22094,22094,22094,22094,22094,22094,22094,22094,22094,22094,22094,22094,22094,22094,22094,22094,22094,22094,22094,22094,22094,22094,22094,22094,22094,22094,22094,22094,22094,22094,22094,22094,22094,22094,22094,22094,22094,22094,22094,22094,22094,22094,22094,22094,22094,22094,22094,22094,22094,22094,22094,22094,22094,22094,22094,22094,22094,22094,22094,22094,22094,22094,22094,22094,22094,22094,22094,22094,22094,22094,22094,22094,22094,22094,22094,22094,22094,22094,22094,22094,22094,22094,22094,22094,22094,22094,22094,22094,22094,22094,22094,22094,22094,22094,22094,
31001,21316,21316,21316,21316,21316,21316,21316,21316,21316,21316,21316,21316,21316,21316,21316,21316,21316,21316,21316,21316,21316,21316,21316,21316,21316,21316,21316,21316,21316,21316,21316,21316,21316,21316,21316,21316,21316,21316,21316,21316,21316,21316,21316,21316,21316,21316,21316,21316,21316,21316,21316,21316,21316,21316,21316,21316,21316,21316,21316,21316,21316,21316,21316,21316,21316,21316,21316,21316,21316,21316,21316,21316,21316,21316,21316,21316,21316,21316,21316,21316,21316,21316,21316,21316,21316,21316,21316,21316,21316,21316,21316,21316,21316,21316,21316,21316,21316,21316,21316,21316,21316,21316,21316,21316,21316,21316,21316,21316,21316,21316,21316,21316,21316,21316,21316,21316,21316,21316,21316,21316,21316,21316,21316,21316,21316,21316,21316,21316,21316,21316,21316,21316,21316,21316,21316,21316,21316,21316,21316,21316,21316,21316,21316,21316,21316,21316,21316,21316,21316,21316,21316,21316,21316,21316,21316,21316,21316,21316,21316,21316,21316,21316,21316,21316,21316,21316,21316,21316,21316,21316,21316,21316,21316,21316,21316,21316,21316,21316,21316,21316,21316,21316,21316,21316,21316,21316,21316,21316,21316,21316,21316,21316,21316,21316,21316,21316,21316,21316,21316,21316,21316,21316,21316,21316,21316,21316,21316,21316,21316,21316,21316,21316,21316,21316,21316,21316,21316,21316,21316,21316,21316,21316,21316,21316,21316,21316,21316,21316,21316,21316,21316,21316,21316,21316,21316,21316,21316,21316,21316,21316,21316,21316,21316,21316,21316,21316,21316,21316,21316,21316,21316,21316,21316,21316,21316,21316,21316,21316,21316,21316,21316,21316,21316,21316,21316,21316,21316,21316,21316,21316,21316,21316,21316,21316,21316,
31002,11568,11568,11568,11568,11568,11568,11568,11568,11568,11568,11568,11568,11568,11568,11568,11568,11568,11568,11568,11568,11568,11568,11568,11568,11568,11568,11568,11568,11568,11568,11568,11568,11568,11568,11568,11568,11568,11568,11568,11568,11568,11568,11568,11568,11568,11568,11568,11568,11568,11568,11568,11568,11568,11568,11568,11568,11568,11568,11568,11568,11568,11568,11568,11568,11568,11568,11568,11568,11568,11568,11568,11568,11568,11568,11568,11568,11568,11568,11568,11568,11568,11568,11568,11568,11568,11568,11568,11568,11568,11568,11568,11568,11568,11568,11568,11568,11568,11568,11568,11568,11568,11568,11568,11568,11568,11568,11568,11568,11568,11568,11568,11568,11568,11568,11568,11568,11568,11568,11568,11568,11568,11568,11568,11568,11568,11568,11568,11568,11568,11568,11568,11568,11568,11568,11568,11568,11568,11568,11568,11568,11568,11568,11568,11568,11568,11568,11568,11568,11568,11568,11568,11568,11568,11568,11568,11568,11568,11568,11568,11568,11568,11568,11568,11568,11568,11568,11568,11568,11568,11568,11568,11568,11568,11568,11568,11568,11568,11568,11568,11568,11568,11568,11568,11568,11568,11568,11568,11568,11568,11568,11568,11568,11568,11568,11568,11568,11568,11568,11568,11568,11568,11568,11568,11568,11568,11568,11568,11568,11568,11568,11568,11568,11568,11568,11568,11568,11568,11568,11568,11568,11568,11568,11568,11568,11568,11568,11568,11568,11568,11568,11568,11568,11568,11568,11568,11568,11568,11568,11568,11568,11568,11568,11568,11568,11568,11568,11568,11568,11568,11568,11568,11568,11568,11568,11568,11568,11568,11568,11568,11568,11568,11568,11568,11568,11568,11568,11568,11568,11568,11568,11568,11568,11568,11568,11568,
31003,5,5,5,5,5,5,5,5,5,5,5,5,5,5,5,5,5,5,5,5,5,5,5,5,5,5,5,5,5,5,5,5,5,5,5,5,5,5,5,5,5,5,5,5,5,5,5,5,5,5,5,5,5,5,5,5,5,5,5,5,5,5,5,5,5,5,5,5,5,5,5,5,5,5,5,5,5,5,5,5,5,5,5,5,5,5,5,5,5,5,5,5,5,5,5,5,5,5,5,5,5,5,5,5,5,5,5,5,5,5,5,5,5,5,5,5,5,5,5,5,5,5,5,5,5,5,5,5,5,5,5,5,5,5,5,5,5,5,5,5,5,5,5,5,5,5,5,5,5,5,5,5,5,5,5,5,5,5,5,5,5,5,5,5,5,5,5,5,5,5,5,5,5,5,5,5,5,5,5,5,5,5,5,5,5,5,5,5,5,5,5,5,5,5,5,5,5,5,5,5,5,5,5,5,5,5,5,5,5,5,5,5,5,5,5,5,5,5,5,5,5,5,5,5,5,5,5,5,5,5,5,5,5,5,5,5,5,5,5,5,5,5,5,5,5,5,5,5,5,5,5,5,5,5,5,5,5,5,5,5,5,5,5,5,5,5,5,5,5,5,5,5,5,5,5,
31004,1543,1543,1543,1543,1543,1543,1543,1543,1543,1543,1543,1543,1543,1543,1543,1543,1543,1543,1543,1543,1543,1543,1543,1543,1543,1543,1543,1543,1543,1543,1543,1543,1543,1543,1543,1543,1543,1543,1543,1543,1543,1543,1543,1543,1543,1543,1543,1543,1543,1543,1543,1543,1543,1543,1543,1543,1543,1543,1543,1543,1543,1543,1543,1543,1543,1543,1543,1543,1543,1543,1543,1543,1543,1543,1543,1543,1543,1543,1543,1543,1543,1543,1543,1543,1543,1543,1543,1543,1543,1543,1543,1543,1543,1543,1543,1543,1543,1543,1543,1543,1543,1543,1543,1543,1543,1543,1543,1543,1543,1543,1543,1543,1543,1543,1543,1543,1543,1543,1543,1543,1543,1543,1543,1543,1543,1543,1543,1543,1543,1543,1543,1543,1543,1543,1543,1543,1543,1543,1543,1543,1543,1543,1543,1543,1543,1543,1543,1543,1543,1543,1543,1543,1543,1543,1543,1543,1543,1543,1543,1543,1543,1543,1543,1543,1543,1543,1543,1543,1543,1543,1543,1543,1543,1543,1543,1543,1543,1543,1543,1543,1543,1543,1543,1543,1543,1543,1543,1543,1543,1543,1543,1543,1543,1543,1543,1543,1543,1543,1543,1543,1543,1543,1543,1543,1543,1543,1543,1543,1543,1543,1543,1543,1543,1543,1543,1543,1543,1543,1543,1543,1543,1543,1543,1543,1543,1543,1543,1543,1543,1543,1543,1543,1543,1543,1543,1543,1543,1543,1543,1543,1543,1543,1543,1543,1543,1543,1543,1543,1543,1543,1543,1543,1543,1543,1543,1543,1543,1543,1543,1543,1543,1543,1543,1543,1543,1543,1543,1543,1543,1543,1543,1543,1543,1543,1543,
31005,0,0,0,0,0,0,0,0,0,0,0,0,0,0,0,0,0,0,0,0,0,0,0,0,0,0,0,0,0,0,0,0,0,0,0,0,0,0,0,0,0,0,0,0,0,0,0,0,0,0,0,0,0,0,0,0,0,0,0,0,0,0,0,0,0,0,0,0,0,0,0,0,0,0,0,0,0,0,0,0,0,0,0,0,0,0,0,0,0,0,0,0,0,0,0,0,0,0,0,0,0,0,0,0,0,0,0,0,0,0,0,0,0,0,0,0,0,0,0,0,0,0,0,0,0,0,0,0,0,0,0,0,0,0,0,0,0,0,0,0,0,0,0,0,0,0,0,0,0,0,0,0,0,0,0,0,0,0,0,0,0,0,0,0,0,0,0,0,0,0,0,0,0,0,0,0,0,0,0,0,0,0,0,0,0,0,0,0,0,0,0,0,0,0,0,0,0,0,0,0,0,0,0,0,0,0,0,0,0,0,0,0,0,0,0,0,0,0,0,0,0,0,0,0,0,0,0,0,0,0,0,0,0,0,0,0,0,0,0,0,0,0,0,0,0,0,0,0,0,0,0,0,0,0,0,0,0,0,0,0,0,0,0,0,0,0,0,0,0,0,0,0,0,0,0,
31006,0,0,0,0,0,0,0,0,0,0,0,0,0,0,0,0,0,0,0,0,0,0,0,0,0,0,0,0,0,0,0,0,0,0,0,0,0,0,0,0,0,0,0,0,0,0,0,0,0,0,0,0,0,0,0,0,0,0,0,0,0,0,0,0,0,0,0,0,0,0,0,0,0,0,0,0,0,0,0,0,0,0,0,0,0,0,0,0,0,0,0,0,0,0,0,0,0,0,0,0,0,0,0,0,0,0,0,0,0,0,0,0,0,0,0,0,0,0,0,0,0,0,0,0,0,0,0,0,0,0,0,0,0,0,0,0,0,0,0,0,0,0,0,0,0,0,0,0,0,0,0,0,0,0,0,0,0,0,0,0,0,0,0,0,0,0,0,0,0,0,0,0,0,0,0,0,0,0,0,0,0,0,0,0,0,0,0,0,0,0,0,0,0,0,0,0,0,0,0,0,0,0,0,0,0,0,0,0,0,0,0,0,0,0,0,0,0,0,0,0,0,0,0,0,0,0,0,0,0,0,0,0,0,0,0,0,0,0,0,0,0,0,0,0,0,0,0,0,0,0,0,0,0,0,0,0,0,0,0,0,0,0,0,0,0,0,0,0,0,0,0,0,0,0,0,
31007,0,0,0,0,0,0,0,0,0,0,0,0,0,0,0,0,0,0,0,0,0,0,0,0,0,0,0,0,0,0,0,0,0,0,0,0,0,0,0,0,0,0,0,0,0,0,0,0,0,0,0,0,0,0,0,0,0,0,0,0,0,0,0,0,0,0,0,0,0,0,0,0,0,0,0,0,0,0,0,0,0,0,0,0,0,0,0,0,0,0,0,0,0,0,0,0,0,0,0,0,0,0,0,0,0,0,0,0,0,0,0,0,0,0,0,0,0,0,0,0,0,0,0,0,0,0,0,0,0,0,0,0,0,0,0,0,0,0,0,0,0,0,0,0,0,0,0,0,0,0,0,0,0,0,0,0,0,0,0,0,0,0,0,0,0,0,0,0,0,0,0,0,0,0,0,0,0,0,0,0,0,0,0,0,0,0,0,0,0,0,0,0,0,0,0,0,0,0,0,0,0,0,0,0,0,0,0,0,0,0,0,0,0,0,0,0,0,0,0,0,0,0,0,0,0,0,0,0,0,0,0,0,0,0,0,0,0,0,0,0,0,0,0,0,0,0,0,0,0,0,0,0,0,0,0,0,0,0,0,0,0,0,0,0,0,0,0,0,0,0,0,0,0,0,0,
31008,0,0,0,0,0,0,0,0,0,0,0,0,0,0,0,0,0,0,0,0,0,0,0,0,0,0,0,0,0,0,0,0,0,0,0,0,0,0,0,0,0,0,0,0,0,0,0,0,0,0,0,0,0,0,0,0,0,0,0,0,0,0,0,0,0,0,0,0,0,0,0,0,0,0,0,0,0,0,0,0,0,0,0,0,0,0,0,0,0,0,0,0,0,0,0,0,0,0,0,0,0,0,0,0,0,0,0,0,0,0,0,0,0,0,0,0,0,0,0,0,0,0,0,0,0,0,0,0,0,0,0,0,0,0,0,0,0,0,0,0,0,0,0,0,0,0,0,0,0,0,0,0,0,0,0,0,0,0,0,0,0,0,0,0,0,0,0,0,0,0,0,0,0,0,0,0,0,0,0,0,0,0,0,0,0,0,0,0,0,0,0,0,0,0,0,0,0,0,0,0,0,0,0,0,0,0,0,0,0,0,0,0,0,0,0,0,0,0,0,0,0,0,0,0,0,0,0,0,0,0,0,0,0,0,0,0,0,0,0,0,0,0,0,0,0,0,0,0,0,0,0,0,0,0,0,0,0,0,0,0,0,0,0,0,0,0,0,0,0,0,0,0,0,0,0,
31009,0,0,0,0,0,0,0,0,0,0,0,0,0,0,0,0,0,0,0,0,0,0,0,0,0,0,0,0,0,0,0,0,0,0,0,0,0,0,0,0,0,0,0,0,0,0,0,0,0,0,0,0,0,0,0,0,0,0,0,0,0,0,0,0,0,0,0,0,0,0,0,0,0,0,0,0,0,0,0,0,0,0,0,0,0,0,0,0,0,0,0,0,0,0,0,0,0,0,0,0,0,0,0,0,0,0,0,0,0,0,0,0,0,0,0,0,0,0,0,0,0,0,0,0,0,0,0,0,0,0,0,0,0,0,0,0,0,0,0,0,0,0,0,0,0,0,0,0,0,0,0,0,0,0,0,0,0,0,0,0,0,0,0,0,0,0,0,0,0,0,0,0,0,0,0,0,0,0,0,0,0,0,0,0,0,0,0,0,0,0,0,0,0,0,0,0,0,0,0,0,0,0,0,0,0,0,0,0,0,0,0,0,0,0,0,0,0,0,0,0,0,0,0,0,0,0,0,0,0,0,0,0,0,0,0,0,0,0,0,0,0,0,0,0,0,0,0,0,0,0,0,0,0,0,0,0,0,0,0,0,0,0,0,0,0,0,0,0,0,0,0,0,0,0,0,
32105,10240,10240,10240,10240,10240,10240,10240,10240,10240,10240,10240,10240,10240,10240,10240,10240,10240,10240,10240,10240,10240,10240,10240,10240,10240,10240,10240,10240,10240,10240,10240,10240,10240,10240,10240,10240,10240,10240,10240,10240,10240,10240,10240,10240,10240,10240,10240,10240,10240,10240,10240,10240,10240,10240,10240,10240,10240,10240,10240,10240,10240,10240,10240,10240,10240,10240,10240,10240,10240,10240,10240,10240,10240,10240,10240,10240,10240,10240,10240,10240,10240,10240,10240,10240,10240,10240,10240,10240,10240,10240,10240,10240,10240,10240,10240,10240,10240,10240,10240,10240,10240,10240,10240,10240,10240,10240,10240,10240,10240,10240,10240,10240,10240,10240,10240,10240,10240,10240,10240,10240,10240,10240,10240,10240,10240,10240,10240,10240,10240,10240,10240,10240,10240,10240,10240,10240,10240,10240,10240,10240,10240,10240,10240,10240,10240,10240,10240,10240,10240,10240,10240,10240,10240,10240,10240,10240,10240,10240,10240,10240,10240,10240,10240,10240,10240,10240,10240,10240,10240,10240,10240,10240,10240,10240,10240,10240,10240,10240,10240,10240,10240,10240,10240,10240,10240,10240,10240,10240,10240,10240,10240,10240,10240,10240,10240,10240,10240,10240,10240,10240,10240,10240,10240,10240,10240,10240,10240,10240,10240,10240,10240,10240,10240,10240,10240,10240,10240,10240,10240,10240,10240,10240,10240,10240,10240,10240,10240,10240,10240,10240,10240,10240,10240,10240,10240,10240,10240,10240,10240,10240,10240,10240,10240,10240,10240,10240,10240,10240,10240,10240,10240,10240,10240,10240,10240,10240,10240,10240,10240,10240,10240,10240,10240,10240,10240,10240,10240,10240,10240,10240,10240,10240,10240,10240,10240,
32200,2352,2355,2348,2349,2359,2361,2360,2363,2356,2363,2369,2364,2365,2368,2371,2370,2372,2377,2367,2369,2368,2367,2371,2372,2368,2371,2372,2369,2380,2380,2380,2380,2372,2381,2379,2376,2358,2372,2381,2392,2372,2394,2397,2391,2392,2396,2384,2391,2390,2393,2409,2403,2393,2397,2402,2401,2404,2400,2400,2389,2401,2400,2390,2397,2397,2400,2388,2390,2390,2401,2396,2401,2398,2398,2387,2391,2402,2405,2409,2411,2406,2404,2405,2414,2398,2393,2407,2401,2411,2403,2402,2400,2398,2393,2392,2379,2385,2401,2405,2403,2401,2405,2406,2406,2391,2398,2393,2403,2398,2389,2396,2398,2390,2386,2394,2401,2401,2406,2398,2396,2392,2387,2398,2394,2394,2397,2393,2397,2386,2394,2390,2397,2404,2404,2401,2404,2374,2382,2384,2390,2389,2394,2393,2376,2376,2382,2380,2372,2373,2380,2370,2403,2388,2393,2396,2388,2389,2385,2384,2383,2394,2395,2390,2392,2390,2381,2388,2405,2392,2398,2401,2397,2397,2395,2386,2385,2390,2392,2392,2395,2400,2385,2387,2381,2404,2413,2398,2403,2387,2386,2412,2425,2422,2398,2387,2396,2405,2419,2418,2412,2409,2404,2398,2401,2399,2400,2400,2385,2389,2390,2390,2386,2393,2392,2394,2393,2391,2387,2382,2393,2395,2395,2395,2391,2381,2393,2394,2384,2391,2391,2391,2396,2405,2388,2392,2408,2422,2418,2418,2413,2425,2435,2431,2429,2407,2381,2395,2416,2419,2421,2425,2387,2394,2392,2414,2415,2408,2403,2385,2374,2383,2405,2398,2392,2388,2391,2398,2405,2397,2407,2416,2423,2416,2394,2387,
32204,500,500,500,500,500,500,500,500,500,500,500,500,500,500,500,500,500,499,499,499,499,499,499,499,500,500,500,500,500,500,500,500,500,500,500,500,500,500,500,500,500,500,500,500,500,500,500,500,499,499,500,499,499,499,499,499,500,499,499,500,500,500,500,500,500,500,500,500,500,500,500,500,500,500,500,500,500,499,499,499,499,499,499,499,499,499,500,500,500,500,500,500,500,500,500,500,500,500,500,500,500,500,500,500,500,500,500,499,500,500,499,499,499,499,499,499,499,499,499,500,500,500,500,500,499,500,500,499,500,499,500,499,499,499,500,500,500,500,499,499,499,499,499,499,499,499,499,499,499,499,499,499,499,499,499,499,499,499,499,500,500,500,500,499,499,500,500,499,500,500,500,500,499,500,499,500,499,500,500,500,500,500,500,500,500,500,500,500,500,500,500,500,500,500,500,500,500,500,500,500,500,500,500,499,499,500,500,500,500,500,500,500,500,500,500,500,500,499,499,499,499,499,499,499,500,500,500,500,500,499,500,499,499,499,500,500,499,499,500,500,500,500,500,500,500,500,500,500,500,500,500,500,500,500,500,500,500,499,500,500,500,499,499,499,499,499,499,499,499,499,499,499,499,499,499,
32300,6,6,9,7,9,7,7,9,6,9,7,7,9,8,9,8,8,10,9,8,9,9,13,9,10,7,9,9,7,8,10,8,7,7,7,9,10,9,7,8,7,9,9,7,5,9,9,8,7,6,5,8,9,7,11,6,11,9,6,7,4,7,10,6,7,8,7,10,8,10,6,11,10,10,10,9,8,8,9,8,6,9,7,7,9,10,10,9,7,7,8,10,7,8,9,10,9,7,6,9,9,6,7,6,8,7,8,9,8,7,8,7,9,9,6,8,7,8,8,9,7,6,8,9,6,8,8,9,8,7,6,10,7,8,8,9,10,9,7,9,5,5,10,6,7,7,9,10,11,8,9,6,6,8,7,8,10,7,6,9,8,9,8,7,6,8,6,9,8,8,7,8,6,11,13,7,9,8,7,8,8,7,9,8,6,7,9,7,9,8,8,7,8,8,9,4,8,8,8,7,8,9,9,8,8,7,6,10,8,9,7,7,10,11,7,8,7,11,10,9,8,12,8,9,9,9,7,8,7,8,8,8,8,7,8,6,7,6,7,9,9,9,8,11,6,10,9,9,7,8,7,10,9,11,9,10,8,9,8,8,11,10,8,9,7,9,7,8,8,6,8,8,7,9,8,
32301,6,6,9,7,9,7,7,9,6,9,7,7,9,8,9,8,8,10,9,8,9,9,13,9,10,7,9,9,7,8,10,8,7,7,7,9,10,9,7,8,7,9,9,7,5,9,9,8,7,6,5,8,9,7,11,6,11,9,6,7,4,7,10,6,7,8,7,10,8,10,6,11,10,10,10,9,8,8,9,8,6,9,7,7,9,10,10,9,7,7,8,10,7,8,9,10,9,7,6,9,9,6,7,6,8,7,8,9,8,7,8,7,9,9,6,8,7,8,8,9,7,6,8,9,6,8,8,9,8,7,6,10,7,8,8,9,10,9,7,9,5,5,10,6,7,7,9,10,11,8,9,6,6,8,7,8,10,7,6,9,8,9,8,7,6,8,6,9,8,8,7,8,6,11,13,7,9,8,7,8,8,7,9,8,6,7,9,7,9,8,8,7,8,8,9,4,8,8,8,7,8,9,9,8,8,7,6,10,8,9,7,7,10,11,7,8,7,11,10,9,8,12,8,9,9,9,7,8,7,8,8,8,8,7,8,6,7,6,7,9,9,9,8,11,6,10,9,9,7,8,7,10,9,11,9,10,8,9,8,8,11,10,8,9,7,9,7,8,8,6,8,8,7,9,8,
32302,0,0,0,0,0,0,0,0,0,0,0,0,0,0,0,0,0,0,0,0,0,0,0,0,0,0,0,0,0,0,0,0,0,0,0,0,0,0,0,0,0,0,0,0,0,0,0,0,0,0,0,0,0,0,0,0,0,0,0,0,0,0,0,0,0,0,0,0,0,0,0,0,0,0,0,0,0,0,0,0,0,0,0,0,0,0,0,0,0,0,0,0,0,0,0,0,0,0,0,0,0,0,0,0,0,0,0,0,0,0,0,0,0,0,0,0,0,0,0,0,0,0,0,0,0,0,0,0,0,0,0,0,0,0,0,0,0,0,0,0,0,0,0,0,0,0,0,0,0,0,0,0,0,0,0,0,0,0,0,0,0,0,0,0,0,0,0,0,0,0,0,0,0,0,0,0,0,0,0,0,0,0,0,0,0,0,0,0,0,0,0,0,0,0,0,0,0,0,0,0,0,0,0,0,0,0,0,0,0,0,0,0,0,0,0,0,0,0,0,0,0,0,0,0,0,0,0,0,0,0,0,0,0,0,0,0,0,0,0,0,0,0,0,0,0,0,0,0,0,0,0,0,0,0,0,0,0,0,0,0,0,0,0,0,0,0,0,0,0,0,0,0,0,0,0,
33000,0,0,0,0,0,0,0,0,0,0,0,0,0,0,0,0,0,0,0,0,0,0,0,0,0,0,0,0,0,0,0,0,0,0,0,0,0,0,0,0,0,0,0,0,0,0,0,0,0,0,0,0,0,0,0,0,0,0,0,0,0,0,0,0,0,0,0,0,0,0,0,0,0,0,0,0,0,0,0,0,0,0,0,0,0,0,0,0,0,0,0,0,0,0,0,0,0,0,0,0,0,0,0,0,0,0,0,0,0,0,0,0,0,0,0,0,0,0,0,0,0,0,0,0,0,0,0,0,0,0,0,0,0,0,0,0,0,0,0,0,0,0,0,0,0,0,0,0,0,0,0,0,0,0,0,0,0,0,0,0,0,0,0,0,0,0,0,0,0,0,0,0,0,0,0,0,0,0,0,0,0,0,0,0,0,0,0,0,0,0,0,0,0,0,0,0,0,0,0,0,0,0,0,0,0,0,0,0,0,0,0,0,0,0,0,0,0,0,0,0,0,0,0,0,0,0,0,0,0,0,0,0,0,0,0,0,0,0,0,0,0,0,0,0,0,0,0,0,0,0,0,0,0,0,0,0,0,0,0,0,0,0,0,0,0,0,0,0,0,0,0,0,0,0,0,
33001,29897,29899,29901,29903,29905,29906,29908,29910,29911,29913,29915,29917,29918,29920,29922,29924,29926,29928,29929,29931,29933,29935,29937,29938,29940,29942,29943,29945,29947,29949,29951,29952,29954,29956,29958,29960,29961,29963,29965,29967,29968,29970,29972,29974,29975,29977,29979,29981,29983,29984,29986,29988,29990,29992,29994,29995,29997,29998,30000,30002,30004,30006,30008,30009,30011,30013,30015,30017,30018,30020,30022,30024,30025,30027,30029,30031,30032,30034,30036,30038,30040,30041,30043,30045,30047,30049,30051,30052,30054,30055,30057,30059,30061,30063,30064,30066,30068,30070,30072,30074,30075,30077,30079,30081,30082,30084,30086,30087,30089,30091,30093,30095,30096,30098,30100,30102,30104,30106,30107,30109,30110,30112,30114,30116,30118,30120,30121,30123,30125,30127,30129,30130,30132,30134,30136,30138,30139,30141,30143,30144,30146,30148,30150,30152,30153,30155,30157,30159,30161,30163,30164,30166,30167,30169,30171,30173,30175,30176,30178,30180,30182,30184,30185,30187,30189,30191,30193,30194,30196,30197,30199,30201,30203,30205,30206,30208,30210,30212,30214,30216,30217,30219,30221,30223,30224,30225,30226,30227,30228,30229,30230,30231,30233,30234,30235,30236,30237,30237,30238,30238,30239,30239,30240,30240,30241,30241,30241,30242,30243,30244,30246,30247,30248,30249,30250,30251,30252,30254,30255,30256,30256,30257,30257,30258,30258,30258,30259,30259,30260,30261,30262,30264,30265,30266,30267,30268,30269,30270,30271,30273,30273,30274,30274,30275,30275,30276,30276,30276,30277,30277,30278,30278,30279,30280,30282,30283,30284,30285,30286,30287,30288,30290,30291,30292,30292,30293,30293,30294,30294,30295,30295,30296,30296,30296,30296,
33002,0,0,0,0,0,0,0,0,0,0,0,0,0,0,0,0,0,0,0,0,0,0,0,0,0,0,0,0,0,0,0,0,0,0,0,0,0,0,0,0,0,0,0,0,0,0,0,0,0,0,0,0,0,0,0,0,0,0,0,0,0,0,0,0,0,0,0,0,0,0,0,0,0,0,0,0,0,0,0,0,0,0,0,0,0,0,0,0,0,0,0,0,0,0,0,0,0,0,0,0,0,0,0,0,0,0,0,0,0,0,0,0,0,0,0,0,0,0,0,0,0,0,0,0,0,0,0,0,0,0,0,0,0,0,0,0,0,0,0,0,0,0,0,0,0,0,0,0,0,0,0,0,0,0,0,0,0,0,0,0,0,0,0,0,0,0,0,0,0,0,0,0,0,0,0,0,0,0,0,0,0,0,0,0,0,0,0,0,0,0,0,0,0,0,0,0,0,0,0,0,0,0,0,0,0,0,0,0,0,0,0,0,0,0,0,0,0,0,0,0,0,0,0,0,0,0,0,0,0,0,0,0,0,0,0,0,0,0,0,0,0,0,0,0,0,0,0,0,0,0,0,0,0,0,0,0,0,0,0,0,0,0,0,0,0,0,0,0,0,0,0,0,0,0,0,
33003,24386,24386,24386,24386,24386,24386,24386,24386,24386,24386,24386,24386,24386,24386,24386,24386,24386,24386,24386,24386,24386,24386,24386,24386,24386,24386,24386,24386,24386,24386,24386,24386,24386,24386,24386,24386,24386,24386,24386,24386,24386,24386,24386,24386,24386,24386,24386,24386,24386,24386,24386,24386,24386,24386,24386,24386,24386,24386,24386,24386,24386,24386,24386,24386,24386,24386,24386,24386,24386,24386,24386,24386,24386,24386,24386,24386,24386,24386,24386,24386,24386,24386,24386,24386,24386,24386,24386,24386,24386,24386,24386,24386,24386,24386,24386,24386,24386,24386,24386,24386,24386,24386,24386,24386,24386,24386,24386,24386,24386,24386,24386,24386,24386,24386,24386,24386,24386,24386,24386,24386,24386,24386,24386,24386,24386,24386,24386,24386,24386,24386,24386,24386,24386,24386,24386,24386,24386,24386,24386,24386,24386,24386,24386,24386,24386,24386,24386,24386,24386,24386,24386,24386,24386,24386,24386,24386,24386,24386,24386,24386,24386,24386,24386,24386,24386,24386,24386,24386,24386,24386,24386,24386,24386,24386,24386,24386,24386,24386,24386,24386,24386,24386,24386,24386,24386,24386,24386,24386,24386,24386,24386,24386,24386,24386,24386,24386,24386,24386,24386,24386,24386,24386,24386,24386,24386,24386,24386,24386,24386,24386,24386,24386,24386,24386,24386,24386,24386,24386,24386,24386,24386,24386,24386,24386,24386,24386,24386,24386,24386,24386,24386,24386,24386,24386,24386,24386,24386,24386,24386,24386,24386,24386,24386,24386,24386,24386,24386,24386,24386,24386,24386,24386,24386,24386,24386,24386,24386,24386,24386,24386,24386,24386,24386,24386,24386,24386,24386,24386,24386,24386,24386,24386,24386,24386,24386,
33004,0,0,0,0,0,0,0,0,0,0,0,0,0,0,0,0,0,0,0,0,0,0,0,0,0,0,0,0,0,0,0,0,0,0,0,0,0,0,0,0,0,0,0,0,0,0,0,0,0,0,0,0,0,0,0,0,0,0,0,0,0,0,0,0,0,0,0,0,0,0,0,0,0,0,0,0,0,0,0,0,0,0,0,0,0,0,0,0,0,0,0,0,0,0,0,0,0,0,0,0,0,0,0,0,0,0,0,0,0,0,0,0,0,0,0,0,0,0,0,0,0,0,0,0,0,0,0,0,0,0,0,0,0,0,0,0,0,0,0,0,0,0,0,0,0,0,0,0,0,0,0,0,0,0,0,0,0,0,0,0,0,0,0,0,0,0,0,0,0,0,0,0,0,0,0,0,0,0,0,0,0,0,0,0,0,0,0,0,0,0,0,0,0,0,0,0,0,0,0,0,0,0,0,0,0,0,0,0,0,0,0,0,0,0,0,0,0,0,0,0,0,0,0,0,0,0,0,0,0,0,0,0,0,0,0,0,0,0,0,0,0,0,0,0,0,0,0,0,0,0,0,0,0,0,0,0,0,0,0,0,0,0,0,0,0,0,0,0,0,0,0,0,0,0,0,
33005,303,305,307,309,311,312,314,316,317,319,321,323,324,326,328,330,332,334,335,337,339,341,343,344,346,348,349,351,353,355,357,358,360,362,364,366,367,369,371,373,374,376,378,380,381,383,385,387,389,390,392,394,396,398,400,401,403,404,406,408,410,412,414,415,417,419,421,423,424,426,428,430,431,433,435,437,438,440,442,444,446,447,449,451,453,455,457,458,460,461,463,465,467,469,470,472,474,476,478,480,481,483,485,487,488,490,492,493,495,497,499,501,502,504,506,508,510,512,513,515,516,518,520,522,524,526,527,529,531,533,535,536,538,540,542,544,545,547,549,550,552,554,556,558,559,561,563,565,567,569,570,572,573,575,577,579,581,582,584,586,588,590,591,593,595,597,599,600,602,603,605,607,609,611,612,614,616,618,620,622,623,625,627,629,630,631,632,633,634,635,636,637,639,640,641,642,643,643,644,644,645,645,646,646,647,647,647,648,649,650,652,653,654,655,656,657,658,660,661,662,662,663,663,664,664,664,665,665,666,667,668,670,671,672,673,674,675,676,677,679,679,680,680,681,681,682,682,682,683,683,684,684,685,686,688,689,690,691,692,693,694,696,697,698,698,699,699,700,700,701,701,702,702,702,702,
33006,0,0,0,0,0,0,0,0,0,0,0,0,0,0,0,0,0,0,0,0,0,0,0,0,0,0,0,0,0,0,0,0,0,0,0,0,0,0,0,0,0,0,0,0,0,0,0,0,0,0,0,0,0,0,0,0,0,0,0,0,0,0,0,0,0,0,0,0,0,0,0,0,0,0,0,0,0,0,0,0,0,0,0,0,0,0,0,0,0,0,0,0,0,0,0,0,0,0,0,0,0,0,0,0,0,0,0,0,0,0,0,0,0,0,0,0,0,0,0,0,0,0,0,0,0,0,0,0,0,0,0,0,0,0,0,0,0,0,0,0,0,0,0,0,0,0,0,0,0,0,0,0,0,0,0,0,0,0,0,0,0,0,0,0,0,0,0,0,0,0,0,0,0,0,0,0,0,0,0,0,0,0,0,0,0,0,0,0,0,0,0,0,0,0,0,0,0,0,0,0,0,0,0,0,0,0,0,0,0,0,0,0,0,0,0,0,0,0,0,0,0,0,0,0,0,0,0,0,0,0,0,0,0,0,0,0,0,0,0,0,0,0,0,0,0,0,0,0,0,0,0,0,0,0,0,0,0,0,0,0,0,0,0,0,0,0,0,0,0,0,0,0,0,0,0,
33007,410,410,410,410,410,410,410,410,410,410,410,410,410,410,410,410,410,410,410,410,410,410,410,410,410,410,410,410,410,410,410,410,410,410,410,410,410,410,410,410,410,410,410,410,410,410,410,410,410,410,410,410,410,410,410,410,410,410,410,410,410,410,410,410,410,410,410,410,410,410,410,410,410,410,410,410,410,410,410,410,410,410,410,410,410,410,410,410,410,410,410,410,410,410,410,410,410,410,410,410,410,410,410,410,410,410,410,410,410,410,410,410,410,410,410,410,410,410,410,410,410,410,410,410,410,410,410,410,410,410,410,410,410,410,410,410,410,410,410,410,410,410,410,410,410,410,410,410,410,410,410,410,410,410,410,410,410,410,410,410,410,410,410,410,410,410,410,410,410,410,410,410,410,410,410,410,410,410,410,410,410,410,410,410,410,410,410,410,410,410,410,410,410,410,410,410,410,410,410,410,410,410,410,410,410,410,410,410,410,410,410,410,410,410,410,410,410,410,410,410,410,410,410,410,410,410,410,410,410,410,410,410,410,410,410,410,410,410,410,410,410,410,410,410,410,410,410,410,410,410,410,410,410,410,410,410,410,410,410,410,410,410,410,410,410,410,410,410,410,410,410,410,410,410,410,
33008,0,0,0,0,0,0,0,0,0,0,0,0,0,0,0,0,0,0,0,0,0,0,0,0,0,0,0,0,0,0,0,0,0,0,0,0,0,0,0,0,0,0,0,0,0,0,0,0,0,0,0,0,0,0,0,0,0,0,0,0,0,0,0,0,0,0,0,0,0,0,0,0,0,0,0,0,0,0,0,0,0,0,0,0,0,0,0,0,0,0,0,0,0,0,0,0,0,0,0,0,0,0,0,0,0,0,0,0,0,0,0,0,0,0,0,0,0,0,0,0,0,0,0,0,0,0,0,0,0,0,0,0,0,0,0,0,0,0,0,0,0,0,0,0,0,0,0,0,0,0,0,0,0,0,0,0,0,0,0,0,0,0,0,0,0,0,0,0,0,0,0,0,0,0,0,0,0,0,0,0,0,0,0,0,0,0,0,0,0,0,0,0,0,0,0,0,0,0,0,0,0,0,0,0,0,0,0,0,0,0,0,0,0,0,0,0,0,0,0,0,0,0,0,0,0,0,0,0,0,0,0,0,0,0,0,0,0,0,0,0,0,0,0,0,0,0,0,0,0,0,0,0,0,0,0,0,0,0,0,0,0,0,0,0,0,0,0,0,0,0,0,0,0,0,0,
33009,1316,1318,1320,1322,1324,1325,1327,1329,1330,1332,1334,1336,1338,1339,1341,1343,1345,1347,1348,1350,1352,1354,1356,1358,1359,1361,1362,1364,1366,1368,1370,1372,1373,1375,1377,1379,1381,1382,1384,1386,1387,1389,1391,1393,1395,1396,1398,1400,1402,1404,1405,1407,1409,1411,1413,1414,1416,1418,1419,1421,1423,1425,1427,1428,1430,1432,1434,1436,1438,1439,1441,1443,1444,1446,1448,1450,1452,1453,1455,1457,1459,1461,1462,1464,1466,1468,1470,1471,1473,1474,1476,1478,1480,1482,1484,1485,1487,1489,1491,1493,1494,1496,1498,1500,1501,1503,1505,1506,1508,1510,1512,1514,1516,1517,1519,1521,1523,1525,1526,1528,1530,1531,1533,1535,1537,1539,1540,1542,1544,1546,1548,1549,1551,1553,1555,1557,1558,1560,1562,1563,1565,1567,1569,1571,1572,1574,1576,1578,1580,1582,1583,1585,1586,1588,1590,1592,1594,1595,1597,1599,1601,1603,1605,1606,1608,1610,1612,1614,1615,1617,1618,1620,1622,1624,1626,1627,1629,1631,1633,1635,1636,1638,1640,1642,1643,1644,1645,1646,1647,1648,1649,1651,1652,1653,1654,1655,1656,1657,1657,1657,1658,1658,1659,1659,1660,1660,1661,1661,1662,1664,1665,1666,1667,1668,1669,1670,1672,1673,1674,1675,1675,1676,1676,1677,1677,1677,1678,1678,1679,1680,1682,1683,1684,1685,1686,1687,1688,1689,1691,1692,1692,1693,1693,1694,1694,1695,1695,1696,1696,1696,1697,1697,1698,1700,1701,1702,1703,1704,1705,1706,1707,1709,1710,1711,1711,1712,1712,1713,1713,1714,1714,1715,1715,1715,1715,
33010,0,0,0,0,0,0,0,0,0,0,0,0,0,0,0,0,0,0,0,0,0,0,0,0,0,0,0,0,0,0,0,0,0,0,0,0,0,0,0,0,0,0,0,0,0,0,0,0,0,0,0,0,0,0,0,0,0,0,0,0,0,0,0,0,0,0,0,0,0,0,0,0,0,0,0,0,0,0,0,0,0,0,0,0,0,0,0,0,0,0,0,0,0,0,0,0,0,0,0,0,0,0,0,0,0,0,0,0,0,0,0,0,0,0,0,0,0,0,0,0,0,0,0,0,0,0,0,0,0,0,0,0,0,0,0,0,0,0,0,0,0,0,0,0,0,0,0,0,0,0,0,0,0,0,0,0,0,0,0,0,0,0,0,0,0,0,0,0,0,0,0,0,0,0,0,0,0,0,0,0,0,0,0,0,0,0,0,0,0,0,0,0,0,0,0,0,0,0,0,0,0,0,0,0,0,0,0,0,0,0,0,0,0,0,0,0,0,0,0,0,0,0,0,0,0,0,0,0,0,0,0,0,0,0,0,0,0,0,0,0,0,0,0,0,0,0,0,0,0,0,0,0,0,0,0,0,0,0,0,0,0,0,0,0,0,0,0,0,0,0,0,0,0,0,0,
33011,1241,1241,1241,1241,1241,1241,1241,1241,1241,1241,1241,1241,1241,1241,1241,1241,1241,1241,1241,1241,1241,1241,1241,1241,1241,1241,1241,1241,1241,1241,1241,1241,1241,1241,1241,1241,1241,1241,1241,1241,1241,1241,1241,1241,1241,1241,1241,1241,1241,1241,1241,1241,1241,1241,1241,1241,1241,1241,1241,1241,1241,1241,1241,1241,1241,1241,1241,1241,1241,1241,1241,1241,1241,1241,1241,1241,1241,1241,1241,1241,1241,1241,1241,1241,1241,1241,1241,1241,1241,1241,1241,1241,1241,1241,1241,1241,1241,1241,1241,1241,1241,1241,1241,1241,1241,1241,1241,1241,1241,1241,1241,1241,1241,1241,1241,1241,1241,1241,1241,1241,1241,1241,1241,1241,1241,1241,1241,1241,1241,1241,1241,1241,1241,1241,1241,1241,1241,1241,1241,1241,1241,1241,1241,1241,1241,1241,1241,1241,1241,1241,1241,1241,1241,1241,1241,1241,1241,1241,1241,1241,1241,1241,1241,1241,1241,1241,1241,1241,1241,1241,1241,1241,1241,1241,1241,1241,1241,1241,1241,1241,1241,1241,1241,1241,1241,1241,1241,1241,1241,1241,1241,1241,1241,1241,1241,1241,1241,1241,1241,1241,1241,1241,1241,1241,1241,1241,1241,1241,1241,1241,1241,1241,1241,1241,1241,1241,1241,1241,1241,1241,1241,1241,1241,1241,1241,1241,1241,1241,1241,1241,1241,1241,1241,1241,1241,1241,1241,1241,1241,1241,1241,1241,1241,1241,1241,1241,1241,1241,1241,1241,1241,1241,1241,1241,1241,1241,1241,1241,1241,1241,1241,1241,1241,1241,1241,1241,1241,1241,1241,1241,1241,1241,1241,1241,1241,
34000,5456,5461,5461,5452,5457,5458,5457,5452,5387,5367,5358,5355,5353,5352,5351,5351,5350,5349,5348,5348,5347,5347,5347,5346,5345,5345,5345,5345,5345,5344,5344,5344,5344,5344,5343,5343,5343,5343,5343,5343,5342,5342,5342,5342,5342,5341,5342,5341,5341,5341,5341,5341,5341,5341,5341,5341,5407,5447,5463,5460,5466,5468,5469,5472,5469,5465,5471,5470,5463,5472,5464,5465,5381,5366,5358,5354,5352,5351,5350,5349,5348,5347,5347,5346,5346,5345,5345,5345,5344,5344,5344,5343,5343,5343,5343,5343,5342,5342,5342,5342,5342,5341,5341,5341,5341,5341,5341,5341,5341,5341,5341,5340,5341,5341,5341,5340,5340,5340,5340,5339,5437,5463,5475,5480,5474,5480,5481,5490,5483,5491,5484,5489,5492,5492,5499,5443,5385,5369,5360,5355,5352,5350,5348,5347,5346,5344,5344,5343,5343,5342,5342,5341,5341,5341,5341,5340,5340,5340,5340,5339,5340,5339,5339,5339,5339,5339,5339,5339,5338,5338,5338,5338,5338,5339,5338,5338,5338,5338,5337,5338,5337,5337,5337,5337,5397,5427,5446,5457,5460,5467,5470,5475,5479,5488,5492,5498,5470,5452,5446,5443,5446,5453,5459,5469,5485,5500,5490,5463,5448,5439,5432,5426,5422,5418,5415,5412,5410,5408,5406,5404,5403,5401,5400,5399,5398,5397,5396,5395,5395,5394,5393,5393,5392,5392,5390,5390,5390,5390,5389,5389,5388,5388,5388,5387,5387,5387,5386,5386,5386,5385,5385,5385,5385,5384,5385,5384,5384,5384,5383,5383,5383,5383,5383,5382,5382,5382,5382,5382,5381,5382,5382,5381,5381,5381,5381,
34001,376,376,377,377,377,377,377,377,0,0,0,0,0,0,0,0,0,0,0,0,0,0,0,0,0,0,0,0,0,0,0,0,0,0,0,0,0,0,0,0,0,0,0,0,0,0,0,0,0,0,0,0,0,0,0,0,379,376,375,375,375,375,375,375,376,376,376,376,376,376,376,376,0,0,0,0,0,0,0,0,0,0,0,0,0,0,0,0,0,0,0,0,0,0,0,0,0,0,0,0,0,0,0,0,0,0,0,0,0,0,0,0,0,0,0,0,0,0,0,0,377,375,375,374,374,374,374,375,375,374,374,374,374,374,374,118,0,0,0,0,0,0,0,0,0,0,0,0,0,0,0,0,0,0,0,0,0,0,0,0,0,0,0,0,0,0,0,0,0,0,0,0,0,0,0,0,0,0,0,0,0,0,0,0,233,233,233,233,234,234,233,234,234,234,234,234,91,91,91,91,91,91,91,91,91,91,0,0,0,0,0,0,0,0,0,0,0,0,0,0,0,0,0,0,0,0,0,0,0,0,0,0,0,0,0,0,0,0,0,0,0,0,0,0,0,0,0,0,0,0,0,0,0,0,0,0,0,0,0,0,0,0,0,0,0,0,0,0,0,0,0,0,0,0,0,
34002,650,657,663,670,676,683,689,696,701,701,701,701,701,701,701,701,701,701,701,701,701,701,701,701,701,701,701,701,701,701,701,701,701,701,701,701,701,701,701,701,701,701,701,701,701,701,701,701,701,701,701,701,701,701,701,701,701,708,714,721,727,734,740,747,753,760,766,773,779,786,792,799,801,801,801,801,801,801,801,801,801,801,801,801,801,801,801,801,801,801,801,801,801,801,801,801,801,801,801,801,801,801,801,801,801,801,801,801,801,801,801,801,801,801,801,801,801,801,801,801,804,810,817,823,830,836,843,849,856,862,868,875,881,888,894,900,900,900,900,900,900,900,900,900,900,900,900,900,900,900,900,900,900,900,900,900,900,900,900,900,900,900,900,900,900,900,900,900,900,900,900,900,900,900,900,900,900,900,900,900,900,900,900,900,902,906,910,915,919,923,927,931,935,939,943,947,950,952,953,955,957,958,960,961,963,963,1000,1000,1000,1000,1000,1000,1000,1000,1000,1000,1000,1000,1000,1000,1000,1000,1000,1000,1000,1000,1000,1000,1000,1000,1000,1000,1000,1000,1000,1000,1000,1000,1000,1000,1000,1000,1000,1000,1000,1000,1000,1000,1000,1000,1000,1000,1000,1000,1000,1000,1000,1000,1000,1000,1000,1000,1000,1000,1000,1000,1000,1000,1000,1000,1000,1000,1000,1000,1000,
34003,7,7,7,7,7,7,7,7,7,7,7,7,7,7,7,7,7,7,7,7,7,7,7,7,7,7,7,7,7,7,7,7,7,7,7,7,7,7,7,7,7,7,7,7,7,7,7,7,7,7,7,7,7,7,7,7,7,7,7,7,7,7,7,7,7,7,7,7,7,7,7,7,7,7,7,7,7,7,7,7,7,7,7,7,7,7,7,7,7,7,7,7,7,7,7,7,7,7,7,7,7,7,7,7,7,7,7,7,7,7,7,7,7,7,7,7,7,7,7,7,7,7,7,7,7,7,7,7,7,7,7,7,7,7,7,7,7,7,7,7,7,7,7,7,7,7,7,7,7,7,7,7,7,7,7,7,7,7,7,7,7,7,7,7,7,7,7,7,7,7,7,7,7,7,7,7,7,7,7,7,7,7,7,7,7,7,7,7,7,7,7,7,7,7,7,7,7,7,7,7,7,7,7,7,7,7,7,7,7,7,7,7,7,7,7,7,7,7,7,7,7,7,7,7,7,7,7,7,7,7,7,7,7,7,7,7,7,7,7,7,7,7,7,7,7,7,7,7,7,7,7,7,7,7,7,7,7,7,7,7,7,7,7,7,7,7,7,7,7,7,7,7,7,7,7,
34004,3,3,3,3,3,3,3,3,0,0,0,0,0,0,0,0,0,0,0,0,0,0,0,0,0,0,0,0,0,0,0,0,0,0,0,0,0,0,0,0,0,0,0,0,0,0,0,0,0,0,0,0,0,0,0,0,3,3,3,3,3,3,3,3,3,3,3,3,3,3,3,3,0,0,0,0,0,0,0,0,0,0,0,0,0,0,0,0,0,0,0,0,0,0,0,0,0,0,0,0,0,0,0,0,0,0,0,0,0,0,0,0,0,0,0,0,0,0,0,0,3,3,3,3,3,3,3,3,3,3,3,3,3,3,3,3,0,0,0,0,0,0,0,0,0,0,0,0,0,0,0,0,0,0,0,0,0,0,0,0,0,0,0,0,0,0,0,0,0,0,0,0,0,0,0,0,0,0,0,0,0,0,0,0,3,3,3,3,3,3,3,3,3,3,3,3,3,3,3,3,3,3,3,3,3,3,0,0,0,0,0,0,0,0,0,0,0,0,0,0,0,0,0,0,0,0,0,0,0,0,0,0,0,0,0,0,0,0,0,0,0,0,0,0,0,0,0,0,0,0,0,0,0,0,0,0,0,0,0,0,0,0,0,0,0,0,0,0,0,0,0,0,2,2,2,
34005,3414,3416,3417,3410,3413,3415,3414,3412,3368,3356,3350,3348,3347,3347,3345,3345,3345,3345,3344,3344,3343,3343,3343,3342,3342,3342,3342,3342,3342,3341,3342,3341,3341,3341,3341,3341,3341,3341,3341,3341,3340,3340,3340,3340,3340,3340,3340,3340,3340,3339,3340,3339,3340,3339,3340,3339,3382,3407,3417,3416,3421,3420,3422,3423,3421,3418,3422,3423,3419,3422,3417,3418,3365,3355,3350,3348,3347,3346,3345,3345,3344,3343,3343,3343,3342,3342,3342,3342,3342,3341,3341,3342,3341,3341,3341,3341,3340,3341,3340,3340,3341,3340,3340,3340,3340,3339,3339,3339,3340,3339,3340,3339,3339,3339,3339,3339,3339,3339,3339,3339,3400,3416,3424,3428,3424,3428,3428,3434,3430,3435,3431,3434,3436,3437,3439,3404,3367,3357,3352,3348,3347,3345,3344,3343,3343,3342,3341,3341,3341,3341,3341,3340,3340,3340,3339,3340,3339,3339,3338,3338,3339,3338,3338,3339,3338,3338,3338,3338,3338,3338,3338,3338,3338,3338,3338,3338,3338,3338,3337,3338,3337,3338,3338,3337,3375,3394,3405,3414,3417,3420,3423,3426,3429,3437,3440,3448,3435,3422,3420,3421,3427,3438,3451,3468,3500,3548,3562,3517,3503,3496,3490,3486,3483,3479,3477,3475,3474,3473,3471,3470,3469,3467,3467,3466,3465,3464,3464,3464,3464,3463,3463,3462,3461,3461,3460,3461,3460,3460,3459,3460,3458,3459,3459,3459,3458,3458,3457,3457,3457,3457,3456,3457,3457,3456,3456,3456,3456,3456,3455,3455,3454,3454,3455,3455,3454,3454,3454,3455,3453,3454,3453,3453,3453,3453,3453,
34006,3407,3410,3411,3406,3409,3409,3406,3403,3366,3353,3348,3346,3345,3344,3344,3344,3343,3342,3342,3342,3341,3341,3341,3340,3340,3340,3340,3340,3340,3340,3339,3339,3339,3339,3339,3338,3338,3339,3338,3338,3338,3338,3338,3338,3338,3338,3338,3338,3338,3338,3338,3337,3337,3337,3338,3338,3377,3403,3413,3410,3412,3416,3415,3418,3415,3414,3417,3417,3410,3417,3414,3414,3362,3353,3348,3345,3345,3344,3343,3343,3342,3341,3341,3341,3340,3340,3340,3339,3339,3339,3339,3339,3339,3339,3338,3339,3339,3338,3338,3338,3338,3338,3338,3338,3338,3338,3338,3338,3337,3338,3338,3337,3337,3337,3337,3337,3337,3337,3337,3336,3395,3411,3419,3423,3420,3423,3424,3429,3424,3429,3425,3428,3431,3430,3435,3400,3365,3355,3349,3346,3345,3342,3342,3341,3340,3339,3339,3338,3338,3338,3338,3337,3337,3338,3337,3337,3337,3336,3336,3336,3337,3336,3336,3336,3336,3336,3335,3335,3335,3335,3335,3336,3336,3336,3335,3335,3335,3335,3335,3335,3334,3334,3335,3335,3371,3390,3403,3409,3411,3414,3416,3420,3422,3428,3429,3432,3415,3404,3400,3399,3399,3403,3404,3409,3415,3419,3410,3396,3388,3382,3378,3374,3371,3368,3367,3366,3365,3363,3362,3361,3360,3359,3359,3358,3357,3357,3357,3355,3355,3355,3355,3355,3354,3354,3353,3353,3352,3353,3352,3351,3351,3351,3351,3351,3351,3350,3350,3349,3350,3350,3349,3349,3349,3349,3348,3349,3348,3348,3348,3348,3348,3348,3348,3348,3348,3347,3347,3347,3347,3347,3347,3347,3347,3347,3347,
34007,0,0,0,0,0,0,0,0,0,0,0,0,0,0,0,0,0,0,0,0,0,0,0,0,0,0,0,0,0,0,0,0,0,0,0,0,0,0,0,0,0,0,0,0,0,0,0,0,0,0,0,0,0,0,0,0,0,0,0,0,0,0,0,0,0,0,0,0,0,0,0,0,0,0,0,0,0,0,0,0,0,0,0,0,0,0,0,0,0,0,0,0,0,0,0,0,0,0,0,0,0,0,0,0,0,0,0,0,0,0,0,0,0,0,0,0,0,0,0,0,0,0,0,0,0,0,0,0,0,0,0,0,0,0,0,0,0,0,0,0,0,0,0,0,0,0,0,0,0,0,0,0,0,0,0,0,0,0,0,0,0,0,0,0,0,0,0,0,0,0,0,0,0,0,0,0,0,0,0,0,0,0,0,0,0,0,0,0,0,0,0,0,0,0,0,0,0,0,0,0,0,0,0,0,0,0,0,0,0,0,0,0,0,0,0,0,0,0,0,0,0,0,0,0,0,0,0,0,0,0,0,0,0,0,0,0,0,0,0,0,0,0,0,0,0,0,0,0,0,0,0,0,0,0,0,0,0,0,0,0,0,0,0,0,0,0,0,0,0,0,0,0,0,0,0,
34008,0,0,0,0,0,0,0,0,0,0,0,0,0,0,0,0,0,0,0,0,0,0,0,0,0,0,0,0,0,0,0,0,0,0,0,0,0,0,0,0,0,0,0,0,0,0,0,0,0,0,0,0,0,0,0,0,0,0,0,0,0,0,0,0,0,0,0,0,0,0,0,0,0,0,0,0,0,0,0,0,0,0,0,0,0,0,0,0,0,0,0,0,0,0,0,0,0,0,0,0,0,0,0,0,0,0,0,0,0,0,0,0,0,0,0,0,0,0,0,0,0,0,0,0,0,0,0,0,0,0,0,0,0,0,0,0,0,0,0,0,0,0,0,0,0,0,0,0,0,0,0,0,0,0,0,0,0,0,0,0,0,0,0,0,0,0,0,0,0,0,0,0,0,0,0,0,0,0,0,0,0,0,0,0,0,0,0,0,0,0,0,0,0,0,0,0,0,0,0,0,0,0,0,0,0,0,0,0,0,0,0,0,0,0,0,0,0,0,0,0,0,0,0,0,0,0,0,0,0,0,0,0,0,0,0,0,0,0,0,0,0,0,0,0,0,0,0,0,0,0,0,0,0,0,0,0,0,0,0,0,0,0,0,0,0,0,0,0,0,0,0,0,0,0,0,
34009,0,0,0,0,0,0,0,0,0,0,0,0,0,0,0,0,0,0,0,0,0,0,0,0,0,0,0,0,0,0,0,0,0,0,0,0,0,0,0,0,0,0,0,0,0,0,0,0,0,0,0,0,0,0,0,0,0,0,0,0,0,0,0,0,0,0,0,0,0,0,0,0,0,0,0,0,0,0,0,0,0,0,0,0,0,0,0,0,0,0,0,0,0,0,0,0,0,0,0,0,0,0,0,0,0,0,0,0,0,0,0,0,0,0,0,0,0,0,0,0,0,0,0,0,0,0,0,0,0,0,0,0,0,0,0,0,0,0,0,0,0,0,0,0,0,0,0,0,0,0,0,0,0,0,0,0,0,0,0,0,0,0,0,0,0,0,0,0,0,0,0,0,0,0,0,0,0,0,0,0,0,0,0,0,0,0,0,0,0,0,0,0,0,0,0,0,0,0,0,0,0,0,0,0,0,0,0,0,0,0,0,0,0,0,0,0,0,0,0,0,0,0,0,0,0,0,0,0,0,0,0,0,0,0,0,0,0,0,0,0,0,0,0,0,0,0,0,0,0,0,0,0,0,0,0,0,0,0,0,0,0,0,0,0,0,0,0,0,0,0,0,0,0,0,0,
34010,116,116,116,116,116,116,116,116,116,116,116,116,116,116,116,116,116,116,116,116,116,116,116,116,116,116,116,116,116,116,116,116,116,116,116,116,116,116,116,116,116,116,116,116,116,116,116,116,116,116,116,116,116,116,116,116,116,116,116,116,116,116,116,116,116,116,116,116,116,116,116,116,116,116,116,116,116,116,116,116,116,116,116,116,116,116,116,116,116,116,116,116,116,116,116,116,116,116,116,116,116,116,116,116,116,116,116,116,116,116,116,116,116,116,116,116,116,116,116,116,116,116,116,116,116,116,116,116,116,116,116,116,116,116,116,116,116,116,116,116,116,116,116,116,116,116,116,116,116,116,116,116,116,116,116,116,116,116,116,116,116,116,116,116,116,116,116,116,116,116,116,116,116,116,116,116,116,116,116,116,116,116,116,116,116,116,116,116,116,116,116,116,116,116,116,116,116,116,116,116,116,116,116,116,116,116,116,116,116,116,116,116,116,116,116,116,116,116,116,116,116,116,116,116,116,116,116,116,116,116,116,116,116,116,116,116,116,116,116,116,116,116,116,116,116,116,116,116,116,116,116,116,116,116,116,116,116,116,116,116,116,116,116,116,116,116,116,116,116,116,116,116,116,116,116,
34011,374,373,376,377,378,377,378,379,379,380,381,381,383,382,380,381,381,381,380,381,380,380,380,380,380,380,378,377,380,379,379,379,379,378,380,378,379,379,379,380,377,378,378,378,379,377,378,378,378,377,377,379,378,380,378,378,378,379,380,380,381,381,381,383,383,386,386,388,389,389,389,391,391,392,390,391,391,391,392,392,392,389,390,390,390,388,388,390,390,388,388,387,388,388,387,388,386,387,387,386,387,387,387,387,388,385,387,386,386,386,388,387,387,387,386,387,387,387,385,386,386,387,388,388,389,389,390,390,392,393,394,394,397,396,398,398,399,398,398,399,398,399,397,398,397,399,398,395,395,396,397,395,395,395,395,395,394,395,393,392,394,393,393,393,393,394,393,394,393,394,391,392,394,394,392,391,392,394,392,391,392,393,393,392,391,394,394,393,394,395,393,393,394,395,394,393,394,394,394,392,393,393,393,390,392,390,390,390,388,387,386,386,386,385,385,385,386,385,385,383,384,384,382,384,383,381,381,381,379,381,380,379,379,380,378,378,376,378,377,375,374,376,375,376,376,375,375,375,373,375,373,373,373,372,373,373,373,371,371,371,372,370,373,372,371,370,371,372,370,369,369,371,368,370,369,
34012,394,400,404,408,412,416,420,424,421,410,403,399,395,392,389,386,384,381,379,378,375,373,372,370,369,367,366,364,363,362,361,360,359,358,357,356,355,354,354,353,352,352,351,350,350,350,349,350,349,348,348,347,347,347,346,346,350,365,375,382,388,393,399,403,408,413,417,421,425,428,432,437,426,417,412,408,404,401,398,395,393,390,388,386,384,382,381,379,377,376,374,374,372,371,369,368,367,367,366,365,364,363,363,362,361,360,360,359,359,358,358,357,357,356,356,356,355,355,355,354,365,377,385,392,398,403,408,414,418,422,426,430,434,437,441,443,429,422,416,414,409,408,404,401,400,396,394,393,390,389,387,385,385,382,381,380,378,377,376,375,374,372,372,372,370,370,369,368,368,367,367,366,364,365,364,364,363,363,362,362,362,361,361,360,364,369,372,374,375,377,379,380,381,382,383,384,383,380,376,374,373,370,369,369,367,365,363,361,359,357,356,354,353,352,351,350,349,348,347,346,344,344,343,343,341,340,339,339,337,336,336,336,335,334,334,333,333,332,331,331,331,330,330,329,329,328,328,327,327,327,326,326,325,324,324,324,323,324,323,323,322,322,322,322,322,321,321,322,320,320,320,319,318,319,319,
34013,307,308,309,310,310,311,312,313,313,311,310,310,309,309,309,309,309,309,309,309,309,309,308,309,309,308,309,308,308,308,308,309,308,308,308,308,308,308,308,308,308,307,308,308,307,308,307,308,307,308,307,307,307,307,307,307,308,310,311,313,314,315,316,317,318,318,319,320,321,322,323,324,322,321,321,320,320,320,320,320,320,320,320,319,319,319,319,319,319,319,319,319,319,319,319,319,318,318,319,318,319,318,318,318,318,318,318,318,318,318,318,317,317,318,317,317,317,317,317,317,319,321,322,323,324,326,327,328,328,329,330,331,332,333,334,335,333,333,332,332,332,332,332,332,331,331,331,331,331,331,331,330,331,331,331,330,330,330,330,330,330,329,330,330,330,329,329,329,330,329,329,329,329,329,329,328,328,328,328,328,328,328,328,328,329,329,330,330,331,332,332,332,333,333,334,334,335,335,334,334,335,335,335,335,335,335,335,335,335,335,335,335,335,335,334,334,334,334,334,334,334,334,334,334,334,333,333,333,333,333,333,332,332,333,332,332,332,332,332,332,332,332,332,331,331,331,331,331,330,330,330,330,330,330,330,330,330,329,329,330,329,329,329,329,329,328,329,329,329,328,328,328,328,328,328,
34014,299,299,300,300,301,301,302,303,303,304,304,304,304,304,304,304,305,304,304,305,304,304,304,305,304,304,305,304,305,304,305,305,305,305,305,305,305,305,305,305,305,304,305,305,304,305,305,305,305,305,305,305,304,304,304,304,305,305,305,306,306,306,307,308,308,309,309,310,311,311,312,313,314,313,314,314,314,314,314,314,314,314,315,314,314,314,314,314,314,314,314,314,314,314,314,314,314,314,314,314,314,314,314,314,314,314,314,314,314,314,314,314,314,314,314,314,313,314,314,314,314,314,314,315,315,316,317,318,318,319,319,321,321,322,323,324,324,324,324,324,324,324,324,324,324,324,324,324,324,324,324,324,324,324,324,324,324,324,324,324,324,323,324,323,324,323,323,323,324,323,323,323,323,323,323,323,323,323,323,323,323,322,323,323,323,323,323,323,324,324,324,324,325,325,326,326,326,327,327,327,327,327,327,328,327,327,327,328,327,327,327,327,327,327,327,327,326,326,326,326,326,326,326,326,325,326,325,325,325,325,324,324,324,324,324,324,324,324,323,323,323,323,323,323,322,323,322,322,322,322,322,321,321,321,321,321,321,321,321,321,320,320,320,320,320,320,320,320,320,319,319,319,319,319,319,
34015,298,298,299,300,301,301,302,303,303,304,304,304,304,304,304,304,304,304,304,304,304,304,304,304,304,304,304,304,304,304,304,304,304,304,304,304,304,304,303,304,304,303,304,303,303,303,303,304,303,304,303,303,303,303,303,303,304,303,304,304,305,306,306,307,308,308,309,310,311,311,312,313,314,314,314,314,314,314,314,314,314,314,314,314,314,314,314,313,314,314,313,314,313,314,313,313,313,313,313,313,313,313,313,313,313,313,313,313,313,313,313,313,312,313,312,313,312,312,313,312,313,313,313,314,315,315,316,317,318,319,320,320,321,322,323,324,325,325,325,325,325,325,325,325,325,325,325,325,325,324,324,324,324,325,324,324,324,324,324,324,324,323,324,324,324,323,323,323,324,323,324,323,323,323,323,323,323,323,323,323,323,322,323,322,323,323,323,323,324,324,324,325,325,325,326,327,327,328,328,328,328,328,328,329,328,328,329,329,329,329,329,328,329,328,328,328,328,328,328,328,328,327,327,327,327,327,327,326,327,326,326,326,326,326,326,325,326,325,325,325,325,325,324,324,324,324,324,324,324,324,324,323,323,323,323,323,323,322,323,323,322,322,322,322,322,322,322,322,322,321,321,321,321,321,321,
34016,297,297,298,299,299,300,300,301,302,302,302,302,302,302,302,302,303,302,302,303,303,302,303,303,303,303,303,303,303,303,303,303,303,303,303,303,303,303,303,303,303,303,303,303,303,303,303,304,303,303,303,303,303,303,303,303,303,303,304,304,304,305,306,306,307,307,308,309,309,310,311,311,312,312,312,312,312,312,313,313,312,312,313,313,313,313,313,313,313,312,313,313,312,313,313,313,313,312,313,312,313,312,313,312,312,312,312,312,312,312,313,312,312,312,312,312,312,312,312,312,312,312,313,314,314,315,316,316,317,318,318,319,320,320,321,322,322,323,323,323,323,323,323,323,323,323,323,323,323,323,323,323,323,324,323,323,323,323,323,323,323,322,323,323,323,323,322,322,323,322,323,322,322,322,322,322,322,322,322,322,322,321,322,322,322,322,322,322,323,323,323,324,324,324,324,325,325,326,325,326,326,326,326,326,326,326,326,326,326,326,326,326,326,326,325,325,325,325,325,325,325,325,324,325,324,324,324,324,324,324,323,323,323,323,323,323,323,322,322,322,322,322,322,322,321,321,321,321,321,321,321,320,320,320,320,320,320,319,319,319,319,319,319,318,318,318,319,318,318,318,318,318,317,317,318,
34017,0,0,0,0,0,0,0,0,0,0,0,0,0,0,0,0,0,0,0,0,0,0,0,0,0,0,0,0,0,0,0,0,0,0,0,0,0,0,0,0,0,0,0,0,0,0,0,0,0,0,0,0,0,0,0,0,0,0,0,0,0,0,0,0,0,0,0,0,0,0,0,0,0,0,0,0,0,0,0,0,0,0,0,0,0,0,0,0,0,0,0,0,0,0,0,0,0,0,0,0,0,0,0,0,0,0,0,0,0,0,0,0,0,0,0,0,0,0,0,0,0,0,0,0,0,0,0,0,0,0,0,0,0,0,0,0,0,0,0,0,0,0,0,0,0,0,0,0,0,0,0,0,0,0,0,0,0,0,0,0,0,0,0,0,0,0,0,0,0,0,0,0,0,0,0,0,0,0,0,0,0,0,0,0,0,0,0,0,0,0,0,0,0,0,0,0,0,0,0,0,0,0,0,0,0,0,0,0,0,0,0,0,0,0,0,0,0,0,0,0,0,0,0,0,0,0,0,0,0,0,0,0,0,0,0,0,0,0,0,0,0,0,0,0,0,0,0,0,0,0,0,0,0,0,0,0,0,0,0,0,0,0,0,0,0,0,0,0,0,0,0,0,0,0,0,
34018,3414,3413,3417,3410,3411,3412,3406,3403,3367,3355,3350,3346,3346,3345,3345,3345,3343,3343,3343,3343,3342,3341,3342,3341,3340,3340,3340,3341,3340,3340,3340,3340,3340,3340,3339,3339,3339,3339,3339,3340,3339,3339,3339,3338,3339,3338,3338,3338,3338,3339,3338,3339,3339,3338,3338,3338,3378,3406,3413,3415,3413,3416,3422,3421,3418,3414,3422,3421,3410,3422,3415,3416,3363,3353,3349,3347,3345,3345,3344,3343,3342,3342,3342,3341,3341,3340,3340,3341,3340,3339,3340,3339,3339,3339,3339,3339,3339,3338,3339,3338,3338,3338,3338,3339,3338,3338,3339,3338,3338,3338,3338,3337,3338,3339,3338,3338,3338,3338,3337,3338,3399,3416,3423,3423,3422,3426,3424,3431,3429,3432,3426,3428,3432,3436,3439,3402,3366,3356,3350,3347,3345,3343,3343,3342,3341,3341,3340,3340,3339,3339,3339,3338,3338,3338,3338,3338,3337,3337,3337,3336,3337,3338,3337,3337,3337,3337,3337,3337,3337,3337,3336,3337,3337,3337,3337,3337,3336,3336,3335,3336,3337,3336,3336,3336,3373,3392,3403,3413,3412,3415,3417,3424,3424,3429,3429,3434,3418,3407,3402,3400,3403,3407,3409,3414,3423,3430,3421,3406,3396,3392,3387,3384,3381,3379,3377,3375,3374,3371,3370,3369,3369,3367,3366,3366,3366,3366,3364,3364,3364,3363,3363,3362,3362,3362,3361,3361,3360,3360,3360,3360,3360,3359,3359,3359,3359,3358,3358,3358,3358,3358,3358,3357,3357,3358,3357,3357,3356,3357,3357,3357,3356,3356,3356,3356,3356,3356,3355,3356,3356,3356,3356,3355,3356,3355,3356,
34019,3414,3413,3414,3410,3412,3414,3410,3407,3367,3355,3350,3347,3346,3345,3345,3344,3344,3343,3343,3343,3342,3342,3342,3341,3341,3341,3342,3341,3341,3341,3340,3341,3340,3340,3340,3340,3340,3340,3340,3340,3339,3339,3339,3339,3339,3339,3339,3339,3338,3338,3339,3338,3339,3338,3338,3338,3380,3407,3416,3414,3416,3416,3421,3423,3421,3416,3421,3423,3416,3421,3415,3416,3363,3354,3349,3347,3345,3345,3344,3343,3343,3343,3342,3342,3341,3341,3341,3340,3341,3340,3340,3340,3340,3341,3341,3339,3339,3339,3339,3339,3339,3339,3339,3338,3340,3338,3338,3338,3339,3338,3338,3338,3338,3338,3337,3338,3338,3339,3337,3337,3400,3416,3424,3426,3423,3427,3425,3430,3429,3435,3427,3430,3434,3437,3439,3402,3366,3356,3350,3348,3345,3344,3343,3342,3342,3341,3340,3340,3339,3340,3339,3338,3339,3338,3338,3339,3337,3338,3337,3338,3338,3338,3337,3337,3337,3337,3337,3337,3337,3337,3337,3337,3336,3338,3336,3337,3336,3336,3336,3337,3337,3336,3337,3336,3375,3393,3403,3412,3414,3416,3417,3422,3425,3430,3431,3435,3417,3405,3401,3399,3400,3403,3406,3410,3416,3422,3411,3399,3390,3383,3379,3375,3373,3370,3369,3367,3366,3365,3363,3363,3362,3362,3359,3359,3359,3358,3358,3357,3356,3356,3355,3356,3355,3355,3355,3354,3354,3354,3354,3353,3354,3352,3353,3352,3352,3352,3352,3351,3351,3350,3350,3351,3350,3350,3350,3350,3350,3350,3349,3349,3350,3348,3348,3349,3349,3349,3349,3348,3348,3348,3348,3348,3348,3348,3348,
34020,3412,3410,3413,3409,3410,3414,3408,3404,3367,3354,3350,3347,3346,3345,3344,3344,3344,3343,3343,3342,3342,3342,3342,3341,3341,3341,3341,3341,3340,3340,3340,3341,3340,3339,3340,3339,3339,3340,3340,3339,3339,3339,3339,3339,3338,3339,3339,3338,3338,3338,3338,3338,3338,3338,3338,3338,3378,3405,3414,3411,3413,3416,3420,3421,3419,3414,3420,3419,3412,3421,3415,3415,3362,3353,3349,3347,3345,3345,3344,3343,3342,3342,3342,3342,3341,3341,3341,3341,3340,3340,3340,3339,3339,3339,3339,3340,3339,3340,3340,3338,3338,3339,3338,3338,3339,3338,3339,3339,3338,3339,3338,3338,3338,3338,3339,3338,3338,3337,3338,3337,3399,3415,3422,3424,3420,3425,3424,3429,3427,3432,3425,3428,3431,3434,3436,3400,3365,3356,3350,3347,3345,3344,3342,3342,3341,3340,3340,3339,3340,3339,3339,3339,3338,3338,3338,3338,3338,3337,3337,3337,3338,3337,3337,3337,3336,3336,3336,3337,3336,3336,3337,3337,3336,3337,3337,3337,3337,3336,3335,3335,3335,3335,3336,3336,3374,3392,3403,3411,3412,3414,3416,3420,3423,3429,3429,3433,3416,3405,3400,3399,3400,3405,3407,3413,3421,3429,3420,3405,3397,3392,3388,3384,3381,3379,3377,3375,3374,3372,3372,3371,3370,3368,3368,3367,3367,3366,3366,3365,3364,3364,3364,3363,3364,3363,3362,3362,3362,3362,3362,3361,3360,3360,3360,3360,3360,3360,3359,3360,3359,3359,3359,3359,3359,3358,3358,3359,3358,3358,3358,3358,3358,3357,3358,3357,3358,3358,3357,3357,3357,3357,3357,3357,3357,3356,3356,
34021,3414,3414,3414,3409,3412,3415,3410,3406,3368,3355,3350,3348,3347,3346,3345,3345,3345,3344,3343,3343,3343,3342,3343,3342,3341,3341,3342,3341,3341,3341,3341,3341,3340,3341,3340,3341,3340,3340,3341,3341,3340,3339,3340,3340,3340,3340,3338,3339,3338,3339,3339,3339,3340,3339,3340,3339,3379,3406,3416,3414,3415,3417,3421,3423,3421,3415,3420,3420,3414,3422,3416,3416,3364,3354,3349,3348,3345,3346,3344,3344,3343,3342,3343,3343,3342,3342,3341,3342,3341,3341,3341,3341,3341,3340,3340,3340,3339,3339,3339,3339,3339,3339,3339,3339,3339,3339,3339,3338,3339,3339,3340,3339,3338,3338,3338,3338,3338,3338,3338,3338,3400,3416,3424,3426,3423,3426,3425,3430,3430,3435,3427,3430,3433,3434,3439,3404,3367,3356,3352,3348,3347,3344,3343,3343,3342,3341,3340,3341,3340,3340,3340,3339,3339,3339,3339,3339,3339,3338,3338,3338,3338,3338,3338,3339,3338,3338,3337,3337,3337,3337,3338,3338,3338,3337,3337,3337,3337,3337,3337,3337,3337,3337,3338,3336,3375,3393,3404,3413,3413,3417,3418,3424,3426,3432,3433,3437,3421,3409,3405,3404,3406,3411,3415,3421,3432,3441,3435,3418,3410,3404,3400,3395,3394,3392,3389,3387,3386,3384,3383,3383,3381,3381,3380,3380,3379,3377,3377,3377,3376,3375,3375,3374,3374,3374,3374,3373,3373,3372,3373,3372,3373,3372,3372,3371,3370,3371,3370,3371,3370,3370,3370,3370,3369,3370,3370,3370,3370,3369,3370,3370,3369,3369,3369,3369,3369,3368,3369,3369,3369,3369,3369,3369,3368,3368,3368,
34022,3412,3412,3412,3407,3409,3412,3407,3406,3367,3353,3348,3347,3346,3345,3344,3344,3343,3343,3343,3342,3342,3342,3341,3340,3341,3340,3341,3341,3340,3340,3339,3340,3339,3339,3339,3340,3338,3339,3339,3339,3339,3340,3338,3338,3339,3338,3339,3338,3339,3338,3338,3338,3338,3338,3338,3338,3378,3405,3414,3412,3412,3416,3419,3421,3420,3414,3420,3419,3413,3420,3414,3414,3363,3353,3350,3347,3345,3344,3344,3343,3343,3341,3342,3341,3341,3340,3341,3340,3340,3340,3340,3340,3339,3339,3339,3339,3339,3339,3339,3338,3339,3338,3338,3338,3338,3338,3338,3338,3337,3338,3338,3337,3338,3338,3339,3338,3338,3338,3338,3338,3399,3416,3422,3424,3421,3425,3426,3429,3428,3433,3426,3430,3432,3433,3439,3403,3366,3355,3350,3347,3345,3343,3342,3342,3340,3340,3340,3339,3339,3338,3339,3338,3338,3338,3338,3337,3338,3337,3337,3337,3337,3336,3336,3337,3336,3336,3336,3336,3336,3335,3336,3336,3336,3336,3336,3336,3336,3335,3336,3335,3336,3336,3336,3336,3374,3394,3405,3414,3415,3418,3422,3426,3429,3437,3440,3448,3435,3422,3420,3421,3427,3438,3451,3468,3500,3548,3562,3517,3503,3496,3490,3486,3483,3479,3477,3475,3474,3473,3471,3470,3469,3467,3467,3466,3465,3464,3464,3464,3464,3463,3463,3462,3461,3461,3460,3461,3460,3460,3459,3460,3458,3459,3459,3459,3458,3458,3457,3457,3457,3457,3456,3457,3457,3456,3456,3456,3456,3456,3455,3455,3454,3454,3455,3455,3454,3454,3454,3455,3453,3454,3453,3453,3453,3453,3453,
34023,3410,3414,3414,3409,3410,3411,3410,3407,3367,3355,3349,3348,3347,3346,3345,3345,3344,3344,3343,3344,3343,3342,3342,3342,3342,3341,3342,3341,3341,3341,3342,3340,3341,3341,3341,3341,3339,3340,3340,3340,3339,3339,3340,3339,3340,3339,3340,3339,3339,3339,3339,3339,3338,3339,3338,3339,3379,3406,3414,3414,3418,3417,3420,3422,3420,3415,3421,3420,3415,3422,3417,3417,3364,3354,3350,3347,3346,3345,3344,3345,3344,3343,3342,3341,3342,3342,3341,3341,3341,3340,3340,3341,3341,3341,3341,3339,3339,3340,3339,3340,3339,3339,3339,3339,3339,3338,3339,3338,3338,3339,3339,3339,3339,3339,3339,3338,3338,3338,3338,3338,3400,3416,3424,3425,3423,3426,3427,3433,3429,3434,3428,3430,3433,3434,3438,3403,3367,3356,3351,3348,3346,3345,3343,3342,3341,3341,3340,3340,3340,3340,3339,3339,3339,3338,3339,3338,3339,3338,3338,3338,3338,3338,3338,3338,3337,3338,3338,3337,3337,3338,3338,3337,3337,3337,3337,3337,3336,3337,3337,3337,3337,3336,3337,3337,3375,3393,3404,3412,3413,3417,3420,3424,3425,3432,3432,3435,3419,3408,3403,3403,3404,3409,3413,3419,3429,3439,3433,3417,3408,3403,3399,3394,3393,3390,3388,3386,3385,3384,3382,3381,3380,3380,3378,3377,3378,3377,3377,3376,3376,3375,3374,3374,3374,3374,3373,3373,3372,3373,3372,3371,3371,3372,3372,3370,3371,3370,3370,3371,3370,3369,3370,3370,3370,3370,3370,3369,3369,3368,3369,3370,3368,3369,3369,3368,3368,3368,3368,3369,3368,3368,3368,3368,3367,3367,3367,
34024,3410,3414,3413,3409,3410,3410,3410,3406,3367,3354,3348,3347,3345,3345,3345,3345,3344,3344,3342,3343,3343,3342,3341,3342,3341,3341,3341,3340,3340,3340,3340,3341,3340,3340,3340,3340,3340,3339,3339,3340,3339,3339,3339,3340,3339,3339,3339,3338,3338,3338,3338,3339,3338,3338,3338,3338,3377,3405,3413,3410,3416,3416,3419,3421,3419,3414,3420,3417,3414,3421,3416,3415,3363,3354,3349,3346,3345,3345,3344,3343,3343,3342,3342,3341,3341,3341,3341,3341,3339,3339,3340,3339,3340,3339,3339,3339,3339,3339,3339,3338,3339,3338,3339,3338,3338,3339,3338,3338,3338,3338,3338,3338,3338,3338,3338,3338,3338,3337,3337,3337,3399,3415,3422,3423,3420,3424,3425,3431,3427,3432,3426,3428,3431,3433,3438,3400,3366,3355,3350,3347,3346,3345,3343,3342,3341,3340,3340,3340,3340,3339,3339,3338,3338,3338,3338,3338,3337,3337,3338,3338,3338,3338,3337,3337,3338,3337,3337,3337,3337,3336,3336,3336,3337,3336,3335,3337,3337,3336,3337,3336,3337,3336,3335,3336,3373,3393,3403,3411,3411,3416,3418,3421,3422,3429,3429,3432,3416,3405,3401,3400,3402,3404,3408,3411,3420,3427,3419,3405,3396,3390,3386,3382,3380,3377,3376,3374,3373,3370,3370,3370,3368,3367,3366,3366,3365,3365,3364,3364,3363,3363,3362,3362,3362,3361,3361,3361,3360,3360,3359,3360,3359,3359,3359,3359,3358,3358,3358,3357,3358,3358,3357,3358,3358,3357,3357,3356,3356,3357,3356,3356,3356,3356,3356,3356,3355,3355,3356,3356,3355,3355,3355,3355,3355,3355,3355,
34025,3410,3414,3413,3407,3409,3410,3410,3406,3368,3355,3350,3348,3346,3346,3345,3345,3344,3344,3344,3343,3343,3343,3343,3342,3342,3341,3341,3341,3341,3341,3341,3341,3341,3341,3340,3339,3340,3339,3340,3340,3340,3339,3339,3339,3340,3338,3339,3339,3340,3339,3340,3339,3339,3339,3339,3339,3379,3404,3415,3411,3416,3416,3419,3421,3418,3414,3420,3419,3414,3421,3414,3415,3363,3354,3349,3348,3346,3345,3344,3345,3343,3343,3343,3342,3341,3341,3342,3341,3341,3341,3340,3341,3340,3341,3340,3340,3340,3340,3339,3340,3339,3339,3340,3338,3339,3339,3338,3339,3340,3339,3339,3339,3338,3339,3338,3339,3338,3338,3338,3339,3398,3415,3422,3424,3420,3424,3426,3431,3426,3431,3426,3428,3431,3432,3437,3400,3366,3356,3351,3347,3346,3344,3343,3343,3341,3341,3341,3341,3340,3340,3339,3339,3339,3339,3338,3338,3339,3338,3338,3338,3338,3338,3338,3338,3338,3337,3338,3337,3337,3338,3337,3337,3337,3337,3338,3338,3338,3337,3337,3337,3337,3337,3337,3337,3374,3393,3403,3411,3412,3416,3417,3421,3422,3428,3429,3432,3415,3404,3400,3399,3399,3404,3406,3411,3418,3424,3415,3402,3393,3388,3383,3380,3378,3375,3373,3371,3369,3369,3368,3367,3366,3365,3364,3363,3363,3362,3362,3361,3361,3360,3360,3359,3360,3359,3358,3358,3358,3358,3357,3357,3358,3357,3357,3357,3356,3356,3354,3356,3356,3356,3355,3355,3354,3354,3356,3355,3354,3354,3355,3354,3354,3353,3353,3353,3354,3354,3352,3354,3352,3352,3353,3352,3352,3352,3352,
34026,3408,3412,3413,3406,3409,3409,3410,3405,3367,3354,3349,3347,3346,3344,3344,3344,3344,3343,3343,3342,3342,3341,3341,3342,3341,3341,3340,3340,3341,3340,3340,3341,3340,3339,3339,3339,3339,3339,3339,3339,3339,3338,3339,3338,3339,3338,3339,3338,3339,3339,3338,3338,3338,3338,3338,3338,3377,3403,3414,3411,3415,3418,3417,3418,3418,3414,3420,3417,3413,3418,3414,3415,3363,3353,3349,3346,3345,3344,3344,3343,3343,3342,3341,3342,3341,3341,3341,3341,3340,3340,3339,3340,3339,3339,3339,3339,3339,3338,3338,3339,3338,3338,3338,3338,3339,3339,3338,3339,3338,3338,3338,3338,3338,3337,3338,3338,3338,3338,3338,3337,3398,3413,3422,3423,3420,3424,3426,3431,3426,3432,3425,3432,3431,3430,3435,3400,3366,3356,3349,3347,3345,3344,3343,3342,3341,3340,3340,3339,3340,3339,3339,3338,3338,3339,3338,3338,3338,3337,3337,3336,3337,3337,3337,3337,3336,3337,3337,3337,3337,3336,3336,3337,3337,3336,3336,3337,3336,3336,3337,3336,3334,3336,3336,3336,3373,3391,3403,3410,3411,3415,3418,3420,3422,3428,3430,3433,3417,3406,3402,3399,3400,3405,3407,3414,3422,3430,3421,3407,3399,3394,3389,3386,3383,3381,3379,3377,3376,3376,3374,3373,3372,3371,3370,3370,3368,3368,3367,3367,3367,3367,3367,3366,3366,3365,3364,3364,3364,3364,3364,3363,3363,3363,3363,3362,3363,3362,3362,3362,3362,3362,3361,3361,3361,3361,3361,3360,3360,3361,3361,3361,3360,3361,3360,3360,3359,3359,3360,3359,3359,3359,3359,3359,3359,3359,3359,
34027,3408,3415,3413,3409,3411,3411,3413,3410,3368,3356,3349,3348,3347,3346,3345,3345,3345,3344,3344,3343,3343,3343,3343,3342,3342,3341,3341,3341,3342,3341,3341,3340,3341,3341,3340,3341,3340,3341,3340,3340,3340,3340,3339,3340,3339,3339,3340,3340,3339,3339,3339,3339,3339,3339,3339,3339,3378,3404,3416,3413,3417,3420,3418,3421,3418,3417,3422,3418,3414,3420,3416,3417,3364,3354,3349,3347,3346,3345,3345,3344,3344,3343,3342,3341,3341,3341,3342,3342,3341,3341,3341,3340,3340,3340,3340,3339,3339,3340,3339,3340,3339,3339,3339,3339,3339,3339,3339,3339,3339,3338,3339,3339,3338,3339,3339,3339,3337,3338,3338,3338,3399,3415,3423,3427,3421,3427,3427,3433,3428,3431,3428,3433,3432,3432,3438,3403,3367,3356,3352,3347,3346,3345,3344,3343,3342,3341,3341,3341,3340,3340,3341,3340,3340,3340,3339,3338,3338,3338,3338,3338,3339,3338,3338,3338,3338,3338,3338,3338,3337,3337,3337,3337,3337,3338,3337,3337,3337,3337,3337,3338,3337,3337,3336,3337,3373,3393,3404,3410,3413,3419,3420,3423,3424,3431,3434,3437,3419,3407,3404,3402,3402,3406,3408,3413,3420,3425,3416,3400,3392,3385,3381,3378,3375,3372,3372,3370,3368,3367,3365,3365,3363,3363,3362,3361,3361,3360,3360,3359,3359,3359,3358,3358,3357,3357,3356,3356,3356,3355,3356,3355,3355,3354,3355,3354,3353,3353,3353,3353,3353,3353,3353,3353,3352,3352,3352,3353,3351,3352,3352,3351,3351,3352,3352,3350,3350,3351,3351,3352,3350,3351,3350,3349,3350,3351,3350,
34028,3407,3414,3413,3407,3410,3410,3411,3408,3366,3355,3348,3347,3346,3344,3344,3344,3344,3343,3342,3342,3342,3341,3342,3341,3341,3341,3341,3341,3340,3340,3341,3339,3339,3339,3340,3339,3339,3339,3339,3338,3339,3339,3338,3339,3339,3338,3339,3338,3339,3338,3338,3338,3338,3337,3338,3339,3380,3404,3415,3412,3418,3419,3418,3419,3418,3416,3418,3418,3414,3419,3416,3416,3363,3354,3349,3345,3345,3345,3344,3343,3343,3342,3342,3342,3341,3341,3340,3340,3340,3340,3340,3340,3340,3339,3339,3339,3339,3339,3339,3339,3338,3338,3339,3338,3338,3338,3338,3338,3339,3338,3338,3338,3338,3338,3338,3338,3339,3338,3338,3337,3396,3414,3421,3426,3421,3426,3426,3433,3428,3430,3429,3432,3432,3432,3435,3402,3365,3356,3350,3347,3345,3343,3342,3341,3341,3340,3340,3340,3338,3338,3339,3338,3339,3338,3338,3338,3338,3338,3338,3337,3337,3336,3337,3336,3336,3337,3336,3336,3336,3337,3337,3336,3337,3337,3337,3336,3336,3336,3335,3336,3336,3336,3335,3336,3372,3391,3404,3410,3412,3417,3420,3423,3424,3431,3433,3435,3419,3408,3404,3402,3403,3409,3412,3419,3428,3437,3430,3415,3406,3400,3396,3391,3389,3387,3385,3383,3381,3380,3379,3378,3377,3376,3375,3374,3374,3374,3373,3372,3372,3371,3371,3370,3371,3369,3369,3369,3370,3369,3369,3368,3368,3368,3368,3367,3367,3367,3367,3367,3367,3367,3366,3366,3365,3365,3366,3365,3365,3365,3364,3365,3365,3365,3364,3364,3364,3365,3364,3364,3364,3364,3364,3364,3364,3363,3363,
34029,3409,3416,3414,3408,3413,3411,3413,3409,3367,3355,3349,3348,3346,3346,3345,3345,3344,3345,3343,3343,3342,3343,3342,3342,3342,3342,3342,3341,3342,3341,3341,3341,3341,3340,3341,3339,3340,3340,3340,3340,3340,3340,3340,3339,3340,3339,3340,3338,3339,3339,3339,3339,3339,3339,3338,3339,3381,3404,3416,3413,3419,3420,3418,3421,3419,3417,3420,3418,3417,3420,3417,3417,3365,3355,3350,3347,3346,3345,3344,3344,3344,3343,3343,3343,3342,3341,3341,3341,3341,3340,3341,3340,3341,3340,3341,3340,3340,3339,3339,3340,3339,3339,3339,3338,3339,3339,3339,3339,3339,3339,3340,3338,3339,3339,3338,3338,3339,3339,3338,3337,3397,3414,3423,3427,3421,3426,3428,3434,3426,3432,3430,3434,3436,3432,3436,3402,3366,3356,3351,3347,3346,3344,3344,3343,3341,3341,3341,3341,3341,3340,3340,3338,3339,3338,3339,3338,3338,3338,3338,3338,3338,3338,3338,3338,3338,3337,3338,3338,3337,3338,3337,3337,3338,3338,3337,3337,3337,3338,3337,3337,3336,3338,3336,3337,3372,3392,3405,3410,3412,3417,3420,3422,3424,3431,3435,3435,3417,3406,3402,3400,3400,3404,3406,3411,3418,3423,3414,3399,3390,3385,3381,3377,3376,3372,3370,3369,3367,3367,3365,3364,3363,3362,3362,3361,3360,3359,3359,3358,3359,3358,3358,3357,3357,3357,3356,3356,3357,3355,3355,3355,3355,3354,3355,3354,3354,3354,3353,3354,3353,3351,3354,3352,3353,3352,3353,3352,3352,3352,3351,3351,3351,3351,3351,3351,3351,3350,3350,3350,3350,3351,3351,3351,3349,3349,3349,
34030,3409,3416,3413,3409,3413,3411,3413,3411,3368,3353,3349,3347,3346,3345,3345,3344,3343,3343,3343,3342,3342,3342,3342,3341,3341,3341,3341,3341,3340,3340,3340,3340,3340,3341,3340,3340,3339,3339,3338,3340,3338,3339,3339,3338,3339,3338,3339,3339,3338,3338,3338,3338,3338,3339,3338,3338,3381,3404,3415,3414,3418,3419,3417,3420,3418,3417,3421,3419,3417,3420,3417,3417,3363,3353,3350,3347,3345,3344,3343,3343,3342,3342,3342,3342,3342,3341,3341,3341,3340,3340,3340,3339,3340,3339,3338,3339,3339,3338,3339,3338,3339,3339,3338,3338,3338,3338,3338,3338,3338,3338,3338,3338,3338,3338,3338,3337,3338,3338,3337,3337,3397,3414,3420,3426,3423,3427,3427,3434,3425,3432,3430,3433,3435,3432,3437,3402,3366,3356,3351,3347,3345,3343,3343,3343,3341,3341,3341,3340,3339,3339,3340,3338,3338,3338,3338,3338,3338,3338,3338,3337,3338,3337,3337,3338,3337,3338,3337,3337,3337,3336,3336,3337,3337,3336,3336,3336,3336,3336,3336,3336,3335,3336,3336,3336,3371,3392,3405,3409,3414,3417,3420,3421,3424,3429,3435,3435,3417,3406,3401,3399,3399,3403,3404,3409,3415,3419,3410,3396,3388,3382,3378,3374,3371,3368,3367,3366,3365,3363,3362,3361,3360,3359,3359,3358,3357,3357,3357,3355,3355,3355,3355,3355,3354,3354,3353,3354,3352,3353,3352,3351,3351,3351,3351,3351,3351,3350,3350,3349,3350,3350,3349,3349,3349,3349,3348,3349,3348,3348,3348,3348,3348,3348,3348,3348,3348,3347,3347,3347,3347,3347,3347,3347,3347,3347,3347,
34031,3410,3415,3414,3406,3413,3411,3414,3412,3368,3355,3350,3348,3346,3347,3345,3344,3345,3344,3344,3344,3342,3343,3343,3342,3341,3342,3342,3342,3341,3341,3340,3341,3341,3341,3340,3341,3341,3341,3340,3340,3340,3340,3340,3340,3339,3340,3339,3339,3339,3339,3339,3339,3339,3339,3339,3339,3382,3405,3417,3414,3421,3420,3417,3421,3419,3417,3420,3418,3418,3419,3417,3418,3364,3355,3350,3348,3347,3346,3345,3344,3344,3343,3343,3342,3342,3342,3342,3341,3342,3341,3341,3342,3341,3341,3340,3341,3339,3341,3340,3340,3341,3340,3339,3340,3339,3339,3339,3339,3340,3339,3339,3339,3339,3338,3338,3339,3339,3339,3339,3338,3399,3414,3421,3427,3424,3428,3428,3434,3426,3431,3431,3434,3436,3433,3436,3402,3367,3357,3351,3348,3346,3345,3344,3343,3343,3342,3341,3341,3341,3341,3340,3339,3340,3339,3339,3340,3338,3339,3338,3338,3338,3338,3338,3338,3338,3338,3338,3338,3338,3338,3338,3338,3337,3338,3338,3338,3337,3337,3337,3337,3337,3337,3337,3337,3373,3392,3405,3410,3415,3419,3421,3422,3426,3430,3435,3437,3417,3407,3403,3400,3402,3405,3408,3412,3419,3424,3415,3402,3391,3386,3382,3378,3375,3373,3371,3370,3368,3367,3366,3365,3364,3363,3362,3361,3361,3360,3360,3359,3359,3358,3357,3358,3357,3357,3356,3356,3357,3356,3355,3355,3354,3355,3355,3354,3354,3354,3353,3354,3354,3353,3353,3352,3352,3353,3352,3353,3352,3352,3351,3351,3352,3351,3352,3350,3351,3350,3350,3351,3350,3350,3350,3351,3350,3349,3350,
34032,3408,3414,3411,3410,3411,3410,3413,3411,3367,3354,3349,3346,3346,3345,3344,3344,3343,3343,3342,3342,3342,3343,3342,3340,3341,3340,3340,3341,3340,3340,3340,3340,3340,3339,3339,3338,3338,3339,3338,3338,3338,3338,3339,3338,3338,3338,3338,3338,3338,3338,3338,3338,3338,3338,3338,3338,3380,3404,3414,3420,3418,3413,3416,3418,3415,3418,3415,3419,3420,3418,3415,3414,3363,3354,3348,3347,3345,3345,3343,3343,3342,3342,3341,3341,3340,3341,3341,3340,3339,3340,3339,3339,3340,3340,3339,3338,3339,3338,3338,3338,3339,3338,3338,3338,3338,3338,3338,3338,3337,3338,3338,3338,3338,3338,3337,3338,3337,3337,3337,3337,3392,3411,3424,3428,3423,3424,3428,3427,3424,3425,3430,3428,3435,3431,3435,3400,3365,3356,3349,3347,3344,3343,3342,3341,3341,3339,3340,3338,3339,3338,3338,3338,3337,3338,3338,3337,3337,3337,3337,3336,3337,3337,3336,3336,3336,3337,3335,3336,3336,3336,3335,3336,3335,3336,3336,3336,3335,3335,3335,3335,3335,3337,3335,3335,3371,3391,3403,3409,3413,3418,3420,3424,3427,3430,3435,3439,3421,3407,3404,3403,3404,3409,3412,3418,3428,3436,3429,3413,3405,3399,3394,3391,3388,3386,3383,3381,3380,3378,3377,3375,3374,3374,3374,3372,3372,3371,3370,3370,3370,3369,3369,3369,3367,3367,3367,3366,3367,3366,3366,3367,3366,3366,3365,3365,3365,3365,3363,3363,3364,3363,3363,3364,3363,3364,3363,3363,3363,3363,3363,3362,3363,3363,3362,3363,3362,3362,3362,3362,3362,3362,3362,3361,3361,3361,3361,
34033,3408,3413,3411,3410,3412,3409,3413,3410,3367,3353,3349,3346,3345,3345,3344,3344,3343,3342,3343,3342,3341,3341,3342,3340,3340,3341,3340,3340,3340,3340,3340,3340,3339,3339,3340,3339,3339,3339,3338,3338,3338,3339,3338,3338,3339,3339,3338,3338,3338,3338,3338,3337,3337,3338,3338,3338,3379,3404,3413,3420,3418,3412,3415,3418,3415,3418,3414,3418,3419,3417,3414,3414,3362,3353,3349,3346,3345,3344,3342,3343,3342,3342,3342,3341,3341,3340,3340,3339,3340,3339,3339,3339,3338,3339,3339,3338,3339,3339,3338,3338,3338,3338,3338,3338,3338,3338,3337,3338,3338,3338,3338,3338,3337,3338,3338,3337,3338,3338,3337,3336,3391,3412,3424,3428,3422,3423,3427,3426,3425,3425,3430,3427,3435,3432,3435,3401,3366,3356,3350,3346,3345,3342,3342,3341,3341,3340,3339,3339,3339,3338,3339,3337,3337,3338,3337,3337,3337,3336,3336,3337,3337,3336,3336,3337,3336,3336,3335,3335,3335,3336,3335,3335,3336,3336,3336,3335,3336,3336,3335,3336,3335,3336,3336,3335,3372,3390,3405,3410,3417,3420,3423,3426,3430,3433,3440,3445,3428,3414,3411,3409,3411,3417,3422,3430,3442,3455,3450,3432,3423,3416,3411,3408,3405,3401,3400,3398,3396,3396,3394,3393,3392,3391,3390,3390,3388,3388,3387,3388,3386,3386,3386,3386,3385,3385,3385,3385,3384,3384,3383,3382,3382,3382,3383,3382,3382,3382,3381,3381,3381,3380,3381,3380,3381,3381,3381,3381,3380,3380,3380,3380,3380,3378,3379,3378,3379,3379,3379,3379,3379,3379,3379,3379,3378,3378,3379,
34100,5296,5296,5296,5296,5295,5296,5295,5295,5353,5420,5433,5447,5449,5457,5449,5457,5459,5454,5457,5452,5456,5457,5452,5451,5386,5365,5358,5355,5352,5351,5350,5349,5349,5348,5347,5347,5346,5346,5345,5345,5344,5345,5344,5344,5343,5344,5343,5343,5343,5343,5342,5342,5342,5342,5342,5341,5341,5341,5341,5341,5341,5341,5341,5340,5340,5340,5340,5340,5340,5340,5340,5340,5435,5451,5459,5471,5464,5470,5469,5472,5463,5470,5471,5464,5463,5465,5472,5462,5380,5364,5358,5354,5352,5351,5349,5349,5348,5347,5346,5346,5346,5345,5345,5345,5344,5344,5344,5343,5343,5343,5343,5343,5342,5342,5342,5342,5342,5342,5341,5341,5341,5340,5341,5341,5340,5340,5341,5341,5340,5340,5340,5340,5340,5340,5340,5340,5445,5469,5477,5477,5483,5490,5487,5491,5493,5489,5490,5493,5496,5490,5501,5476,5387,5369,5360,5355,5352,5350,5348,5346,5346,5344,5344,5343,5343,5342,5341,5341,5341,5341,5340,5340,5340,5340,5340,5339,5339,5339,5339,5339,5339,5338,5338,5338,5338,5338,5338,5337,5337,5338,5338,5337,5338,5337,5337,5337,5337,5337,5337,5337,5337,5337,5337,5337,5336,5336,5336,5408,5436,5450,5464,5466,5474,5474,5483,5484,5496,5503,5510,5489,5464,5458,5460,5465,5472,5485,5502,5458,5440,5428,5420,5414,5409,5404,5401,5398,5396,5393,5391,5389,5388,5386,5385,5384,5383,5381,5381,5379,5378,5378,5377,5376,5376,5375,5375,5374,5374,5373,5372,5372,5372,5372,5371,5371,5370,5370,5370,5370,5369,5369,5369,5368,5368,5368,5368,
34101,0,0,0,0,0,0,0,0,366,376,374,374,374,374,374,374,374,374,374,374,374,374,374,374,0,0,0,0,0,0,0,0,0,0,0,0,0,0,0,0,0,0,0,0,0,0,0,0,0,0,0,0,0,0,0,0,0,0,0,0,0,0,0,0,0,0,0,0,0,0,0,0,375,373,373,373,373,373,373,373,373,373,373,373,373,374,374,374,0,0,0,0,0,0,0,0,0,0,0,0,0,0,0,0,0,0,0,0,0,0,0,0,0,0,0,0,0,0,0,0,0,0,0,0,0,0,0,0,0,0,0,0,0,0,0,0,374,373,372,372,372,372,372,372,372,372,372,372,372,372,372,234,0,0,0,0,0,0,0,0,0,0,0,0,0,0,0,0,0,0,0,0,0,0,0,0,0,0,0,0,0,0,0,0,0,0,0,0,0,0,0,0,0,0,0,0,0,0,0,0,0,0,0,0,0,0,65533,235,233,232,232,232,232,232,232,232,232,232,232,91,91,90,90,90,91,90,90,0,0,0,0,0,0,0,0,0,0,0,0,0,0,0,0,0,0,0,0,0,0,0,0,0,0,0,0,0,0,0,0,0,0,0,0,0,0,0,0,0,0,0,0,0,0,0,0,
34102,601,601,601,601,601,601,601,601,601,607,614,620,626,633,639,645,652,658,665,671,677,684,690,696,701,701,701,701,701,701,701,701,701,701,701,701,701,701,701,701,701,701,701,701,701,701,701,701,701,701,701,701,701,701,701,701,701,701,701,701,701,701,701,701,701,701,701,701,701,701,701,701,704,710,717,723,729,736,742,748,755,761,767,774,780,786,793,799,801,801,801,801,801,801,801,801,801,801,801,801,801,801,801,801,801,801,801,801,801,801,801,801,801,801,801,801,801,801,801,801,801,801,801,801,801,801,801,801,801,801,801,801,801,801,801,801,805,812,818,825,831,837,843,850,856,862,869,875,881,888,894,900,901,901,901,901,901,901,901,900,900,900,900,900,900,900,900,900,900,900,900,900,900,900,900,900,900,900,900,900,900,900,900,900,900,900,900,900,900,900,900,900,900,900,900,900,900,900,900,900,900,900,900,900,900,900,900,903,907,911,915,919,923,927,931,935,939,943,947,950,952,953,955,956,958,959,990,1000,1000,1000,1000,1000,1000,1000,1000,1000,1000,1000,1000,1000,1000,1000,1000,1000,1000,1000,1000,1000,1000,1000,1000,1000,1000,1000,1000,1000,1000,1000,1000,1000,1000,1000,1000,1000,1000,1000,1000,1000,1000,1000,1000,1000,1000,1000,1000,
34103,6,6,6,6,6,6,6,6,6,6,6,6,6,6,6,6,6,6,6,6,6,6,6,6,6,6,6,6,6,6,6,6,6,6,6,6,6,6,6,6,6,6,6,6,6,6,6,6,6,6,6,6,6,6,6,6,6,6,6,6,6,6,6,6,6,6,6,6,6,6,6,6,6,6,6,6,6,6,6,6,6,6,6,6,6,6,6,6,6,6,6,6,6,6,6,6,6,6,6,6,6,6,6,6,6,6,6,6,6,6,6,6,6,6,6,6,6,6,6,6,6,6,6,6,6,6,6,6,6,6,6,6,6,6,6,6,6,6,6,6,6,6,6,6,6,6,6,6,6,6,6,6,6,6,6,6,6,6,6,6,6,6,6,6,6,6,6,6,6,6,6,6,6,6,6,6,6,6,6,6,6,6,6,6,6,6,6,6,6,6,6,6,6,6,6,6,6,6,6,6,6,6,6,6,6,6,6,6,6,6,6,6,6,6,6,6,6,6,6,6,6,6,6,6,6,6,6,6,6,6,6,6,6,6,6,6,6,6,6,6,6,6,6,6,6,6,6,6,6,6,6,6,6,6,6,6,6,6,6,6,6,6,6,6,6,6,6,6,6,6,6,6,6,6,6,
34104,0,0,0,0,0,0,0,0,3,3,3,3,3,3,3,3,3,3,3,3,3,3,3,3,0,0,0,0,0,0,0,0,0,0,0,0,0,0,0,0,0,0,0,0,0,0,0,0,0,0,0,0,0,0,0,0,0,0,0,0,0,0,0,0,0,0,0,0,0,0,0,0,3,3,3,3,3,3,3,3,3,3,3,3,3,3,3,3,0,0,0,0,0,0,0,0,0,0,0,0,0,0,0,0,0,0,0,0,0,0,0,0,0,0,0,0,0,0,0,0,0,0,0,0,0,0,0,0,0,0,0,0,0,0,0,0,3,3,3,3,3,3,3,3,3,3,3,3,3,3,3,3,0,0,0,0,0,0,0,0,0,0,0,0,0,0,0,0,0,0,0,0,0,0,0,0,0,0,0,0,0,0,0,0,0,0,0,0,0,0,0,0,0,0,0,0,0,0,0,0,0,0,0,0,0,0,3,3,3,3,3,3,3,3,3,3,3,3,3,3,3,3,3,3,3,3,3,0,0,0,0,0,0,0,0,0,0,0,0,0,0,0,0,0,0,0,0,0,0,0,0,0,0,0,0,0,0,0,0,0,0,0,0,0,0,0,0,0,0,0,0,0,0,0,0,
34105,3312,3312,3312,3311,3311,3311,3311,3312,3348,3392,3400,3407,3409,3413,3410,3416,3415,3412,3412,3412,3414,3414,3412,3410,3368,3355,3349,3348,3346,3345,3345,3345,3344,3344,3343,3343,3342,3343,3342,3342,3342,3341,3341,3341,3341,3341,3341,3341,3341,3341,3340,3340,3340,3340,3339,3340,3340,3340,3340,3339,3340,3339,3339,3339,3339,3339,3339,3339,3339,3339,3339,3339,3401,3409,3415,3422,3420,3423,3420,3422,3418,3424,3423,3419,3419,3419,3425,3418,3364,3355,3350,3348,3347,3346,3345,3345,3344,3344,3343,3343,3343,3343,3342,3341,3341,3341,3342,3341,3341,3341,3341,3341,3340,3340,3341,3340,3341,3340,3340,3340,3340,3339,3339,3339,3339,3339,3339,3339,3339,3339,3339,3339,3339,3338,3339,3338,3407,3420,3426,3428,3432,3434,3433,3436,3435,3435,3436,3436,3439,3437,3442,3428,3369,3357,3352,3348,3346,3345,3344,3343,3343,3341,3341,3341,3341,3340,3340,3339,3339,3339,3339,3339,3338,3339,3339,3338,3338,3338,3338,3338,3338,3338,3338,3338,3338,3338,3337,3337,3337,3338,3338,3337,3338,3338,3337,3337,3338,3338,3337,3338,3337,3337,3337,3337,3337,3337,3337,3381,3399,3410,3418,3420,3426,3426,3435,3436,3446,3456,3469,3459,3444,3445,3453,3468,3490,3527,3587,3520,3497,3486,3479,3474,3470,3467,3464,3461,3460,3457,3455,3454,3452,3450,3449,3449,3448,3446,3446,3446,3444,3443,3443,3443,3442,3442,3441,3441,3441,3440,3440,3439,3439,3439,3439,3438,3438,3437,3437,3437,3437,3436,3437,3437,3436,3435,3436,
34106,3309,3309,3309,3309,3309,3309,3309,3308,3343,3384,3391,3401,3403,3408,3403,3408,3409,3407,3409,3403,3408,3409,3405,3404,3366,3353,3348,3345,3345,3344,3343,3342,3342,3342,3341,3341,3341,3340,3340,3340,3340,3340,3339,3339,3339,3339,3339,3339,3338,3339,3338,3338,3338,3338,3338,3338,3338,3338,3338,3337,3337,3337,3338,3337,3337,3337,3337,3337,3337,3337,3337,3336,3395,3405,3410,3416,3411,3417,3417,3417,3411,3417,3416,3412,3412,3413,3417,3411,3361,3352,3348,3346,3344,3343,3343,3342,3342,3341,3341,3340,3341,3340,3340,3340,3339,3339,3339,3339,3338,3339,3339,3338,3338,3338,3338,3338,3338,3338,3338,3338,3337,3337,3337,3337,3337,3337,3337,3337,3337,3337,3337,3337,3337,3337,3336,3336,3401,3416,3422,3420,3424,3429,3428,3429,3431,3429,3429,3431,3432,3428,3435,3420,3366,3355,3349,3346,3345,3343,3341,3341,3340,3339,3339,3338,3338,3338,3338,3338,3337,3337,3337,3337,3336,3337,3335,3336,3336,3336,3336,3335,3335,3335,3336,3335,3335,3335,3335,3335,3334,3335,3335,3334,3335,3334,3335,3334,3334,3334,3334,3335,3334,3334,3334,3334,3335,3334,3334,3378,3396,3403,3414,3413,3418,3419,3424,3424,3431,3436,3438,3424,3409,3406,3406,3407,3409,3416,3422,3399,3389,3381,3377,3373,3370,3367,3365,3364,3362,3360,3360,3359,3357,3357,3356,3356,3355,3353,3354,3353,3352,3352,3352,3351,3351,3350,3350,3350,3350,3349,3348,3348,3348,3348,3348,3348,3347,3347,3348,3347,3346,3346,3346,3345,3346,3346,3346,
34107,0,0,0,0,0,0,0,0,0,0,0,0,0,0,0,0,0,0,0,0,0,0,0,0,0,0,0,0,0,0,0,0,0,0,0,0,0,0,0,0,0,0,0,0,0,0,0,0,0,0,0,0,0,0,0,0,0,0,0,0,0,0,0,0,0,0,0,0,0,0,0,0,0,0,0,0,0,0,0,0,0,0,0,0,0,0,0,0,0,0,0,0,0,0,0,0,0,0,0,0,0,0,0,0,0,0,0,0,0,0,0,0,0,0,0,0,0,0,0,0,0,0,0,0,0,0,0,0,0,0,0,0,0,0,0,0,0,0,0,0,0,0,0,0,0,0,0,0,0,0,0,0,0,0,0,0,0,0,0,0,0,0,0,0,0,0,0,0,0,0,0,0,0,0,0,0,0,0,0,0,0,0,0,0,0,0,0,0,0,0,0,0,0,0,0,0,0,0,0,0,0,0,0,0,0,0,0,0,0,0,0,0,0,0,0,0,0,0,0,0,0,0,0,0,0,0,0,0,0,0,0,0,0,0,0,0,0,0,0,0,0,0,0,0,0,0,0,0,0,0,0,0,0,0,0,0,0,0,0,0,0,0,0,0,0,0,0,0,0,0,0,0,0,0,0,
34108,0,0,0,0,0,0,0,0,0,0,0,0,0,0,0,0,0,0,0,0,0,0,0,0,0,0,0,0,0,0,0,0,0,0,0,0,0,0,0,0,0,0,0,0,0,0,0,0,0,0,0,0,0,0,0,0,0,0,0,0,0,0,0,0,0,0,0,0,0,0,0,0,0,0,0,0,0,0,0,0,0,0,0,0,0,0,0,0,0,0,0,0,0,0,0,0,0,0,0,0,0,0,0,0,0,0,0,0,0,0,0,0,0,0,0,0,0,0,0,0,0,0,0,0,0,0,0,0,0,0,0,0,0,0,0,0,0,0,0,0,0,0,0,0,0,0,0,0,0,0,0,0,0,0,0,0,0,0,0,0,0,0,0,0,0,0,0,0,0,0,0,0,0,0,0,0,0,0,0,0,0,0,0,0,0,0,0,0,0,0,0,0,0,0,0,0,0,0,0,0,0,0,0,0,0,0,0,0,0,0,0,0,0,0,0,0,0,0,0,0,0,0,0,0,0,0,0,0,0,0,0,0,0,0,0,0,0,0,0,0,0,0,0,0,0,0,0,0,0,0,0,0,0,0,0,0,0,0,0,0,0,0,0,0,0,0,0,0,0,0,0,0,0,0,0,
34109,0,0,0,0,0,0,0,0,0,0,0,0,0,0,0,0,0,0,0,0,0,0,0,0,0,0,0,0,0,0,0,0,0,0,0,0,0,0,0,0,0,0,0,0,0,0,0,0,0,0,0,0,0,0,0,0,0,0,0,0,0,0,0,0,0,0,0,0,0,0,0,0,0,0,0,0,0,0,0,0,0,0,0,0,0,0,0,0,0,0,0,0,0,0,0,0,0,0,0,0,0,0,0,0,0,0,0,0,0,0,0,0,0,0,0,0,0,0,0,0,0,0,0,0,0,0,0,0,0,0,0,0,0,0,0,0,0,0,0,0,0,0,0,0,0,0,0,0,0,0,0,0,0,0,0,0,0,0,0,0,0,0,0,0,0,0,0,0,0,0,0,0,0,0,0,0,0,0,0,0,0,0,0,0,0,0,0,0,0,0,0,0,0,0,0,0,0,0,0,0,0,0,0,0,0,0,0,0,0,0,0,0,0,0,0,0,0,0,0,0,0,0,0,0,0,0,0,0,0,0,0,0,0,0,0,0,0,0,0,0,0,0,0,0,0,0,0,0,0,0,0,0,0,0,0,0,0,0,0,0,0,0,0,0,0,0,0,0,0,0,0,0,0,0,0,
34110,116,116,116,116,116,116,116,116,116,116,116,116,116,116,116,116,116,116,116,116,116,116,116,116,116,116,116,116,116,116,116,116,116,116,116,116,116,116,116,116,116,116,116,116,116,116,116,116,116,116,116,116,116,116,116,116,116,116,116,116,116,116,116,116,116,116,116,116,116,116,116,116,116,116,116,116,116,116,116,116,116,116,116,116,116,116,116,116,116,116,116,116,116,116,116,116,116,116,116,116,116,116,116,116,116,116,116,116,116,116,116,116,116,116,116,116,116,116,116,116,116,116,116,116,116,116,116,116,116,116,116,116,116,116,116,116,116,116,116,116,116,116,116,116,116,116,116,116,116,116,116,116,116,116,116,116,116,116,116,116,116,116,116,116,116,116,116,116,116,116,116,116,116,116,116,116,116,116,116,116,116,116,116,116,116,116,116,116,116,116,116,116,116,116,116,116,116,116,116,116,116,116,116,116,116,116,116,116,116,116,116,116,116,116,116,116,116,116,116,116,116,116,116,116,116,116,116,116,116,116,116,116,116,116,116,116,116,116,116,116,116,116,116,116,116,116,116,116,116,116,116,116,116,116,116,116,116,116,116,116,116,116,116,116,116,116,116,116,116,116,116,116,116,116,116,
34111,356,356,356,356,354,355,353,352,352,351,351,353,352,353,355,355,356,357,357,360,360,362,361,364,363,364,366,367,367,367,366,369,366,368,368,368,366,368,368,368,368,368,369,367,369,370,367,367,369,369,369,369,369,369,371,371,370,369,370,370,368,370,369,369,367,366,366,366,365,365,364,363,363,363,363,363,362,364,365,367,368,366,368,369,372,371,372,373,372,375,376,376,376,376,376,375,376,376,375,375,377,376,378,377,377,378,378,377,377,378,379,377,379,376,377,378,377,378,377,378,379,376,376,377,376,377,376,375,375,374,374,374,371,372,371,372,370,370,369,371,370,371,372,374,373,374,377,376,377,379,381,382,381,382,382,383,384,385,384,382,383,383,384,383,385,383,383,383,385,383,382,383,382,383,384,384,383,384,385,384,384,385,384,384,384,385,385,384,383,381,382,383,381,380,380,379,378,377,377,377,376,375,374,372,374,374,372,371,373,370,371,371,371,371,371,372,371,372,372,372,373,373,372,372,371,373,372,372,372,373,370,372,371,370,372,371,370,371,372,368,370,370,370,370,372,371,370,370,368,368,367,368,366,368,368,367,367,367,367,366,367,366,367,367,366,367,365,368,368,368,367,366,366,365,364,
34112,327,325,324,324,321,321,319,318,318,335,344,351,358,364,368,373,378,383,388,392,397,400,404,407,405,393,386,382,380,376,374,372,370,368,366,365,363,361,359,358,357,356,355,354,353,352,351,351,350,350,348,348,348,347,346,346,345,345,344,343,342,341,340,338,337,336,335,333,332,331,330,328,337,350,358,364,370,375,381,386,390,394,399,403,408,412,416,419,408,399,394,390,388,385,382,380,378,376,374,373,371,370,369,367,368,364,364,363,362,361,361,359,359,358,357,357,356,356,355,355,354,353,353,351,350,349,347,346,345,343,343,341,340,338,337,335,349,360,368,374,380,385,390,394,399,403,408,412,417,420,424,427,412,405,401,397,393,391,388,387,385,383,381,379,377,377,375,374,372,371,370,369,368,368,367,366,365,364,364,363,363,362,362,362,360,359,358,358,356,355,354,353,351,350,349,348,345,344,343,342,342,340,339,337,336,335,335,339,343,345,347,348,351,352,353,355,356,357,359,358,354,352,351,350,349,348,347,345,342,341,340,339,338,337,336,336,335,334,333,332,332,331,330,330,329,329,328,327,326,325,325,325,324,323,323,323,322,322,322,322,322,321,321,321,321,320,320,320,319,319,319,318,318,318,318,
34113,272,272,272,273,272,272,273,273,273,273,274,274,275,276,276,277,277,278,278,279,280,280,281,282,282,282,283,283,283,283,283,283,283,283,283,283,283,283,283,283,284,284,284,283,284,283,284,284,284,284,284,284,284,284,284,284,284,284,284,284,284,284,284,283,284,284,284,284,284,284,283,283,283,284,284,285,285,286,286,287,287,288,288,289,289,290,290,291,292,292,292,292,292,292,292,292,292,292,292,292,292,292,292,292,292,292,292,292,292,292,292,292,292,292,292,292,292,292,292,292,292,292,292,292,292,292,292,292,292,292,292,292,292,292,292,292,292,292,292,293,294,294,294,295,296,296,297,298,298,299,300,301,301,301,301,301,301,301,301,301,301,301,301,301,301,301,301,301,301,301,301,301,301,301,301,301,301,301,301,301,301,301,301,301,301,300,301,300,301,300,300,300,300,300,300,300,300,300,300,300,300,300,300,300,300,300,300,300,300,300,300,301,301,301,301,302,302,302,303,303,304,304,304,304,304,304,304,304,304,304,304,304,304,304,304,304,304,304,304,304,304,303,303,303,303,303,303,303,303,303,303,303,303,302,302,302,302,302,302,302,302,302,302,301,301,301,301,301,301,301,301,301,301,301,301,
34114,281,281,281,281,281,281,281,280,281,281,282,283,284,285,286,287,287,288,289,289,290,291,292,293,293,294,294,294,294,294,294,294,294,294,294,294,294,294,294,294,294,294,294,294,294,294,294,294,294,293,293,293,293,293,293,293,293,293,293,293,293,293,293,293,293,293,293,292,293,293,293,292,292,293,293,294,295,295,296,297,298,298,299,300,301,302,303,304,304,304,304,305,305,304,304,305,304,304,304,304,304,304,304,304,304,304,304,304,304,304,304,304,304,304,304,304,303,303,303,303,303,303,303,303,303,303,303,303,302,302,302,302,302,302,302,302,302,303,303,305,305,306,307,308,309,310,311,312,313,314,315,316,317,317,317,317,317,316,317,316,316,316,316,316,316,316,316,316,316,316,316,316,315,315,315,315,315,315,315,315,315,315,315,315,315,314,314,314,314,314,314,314,314,313,313,313,313,313,313,313,313,313,313,313,312,313,312,313,313,313,313,314,314,315,315,316,316,317,318,318,319,319,319,319,319,319,319,319,319,319,319,319,319,319,319,319,319,319,318,318,318,318,318,318,317,317,317,317,317,317,317,317,317,316,316,316,316,316,316,316,316,316,315,315,315,315,315,315,315,315,315,314,314,314,314,
34115,267,268,267,268,268,268,268,268,268,268,268,269,270,270,271,272,272,272,273,273,274,274,275,275,276,276,276,276,276,276,277,277,277,277,277,277,277,277,277,277,278,278,278,278,278,278,278,278,278,278,278,278,278,278,278,278,278,278,278,278,278,278,279,278,279,279,279,279,279,279,279,279,279,279,279,280,280,281,281,282,282,283,284,284,285,286,286,287,287,287,288,288,288,288,288,288,288,288,288,288,288,288,288,288,288,288,288,288,289,289,288,289,289,288,289,288,289,289,289,288,289,289,289,289,289,289,289,289,289,289,288,289,289,288,288,289,289,289,289,290,290,290,291,291,292,292,293,293,294,294,295,296,296,296,296,296,296,296,296,296,296,296,297,296,296,297,296,297,296,297,296,296,297,297,296,297,296,297,297,296,297,297,296,297,297,296,297,297,297,297,297,296,296,296,296,296,296,296,296,296,296,296,296,296,296,296,296,296,296,296,297,297,297,297,297,298,298,298,298,299,299,299,300,300,300,300,300,300,300,300,300,300,300,299,300,300,300,300,299,299,299,299,299,299,299,299,299,299,299,299,299,299,299,298,298,298,298,298,298,298,298,298,298,298,297,297,297,297,297,297,297,297,297,297,297,
34116,283,283,283,283,283,283,283,283,282,285,286,288,289,290,291,292,293,294,294,295,296,297,298,299,299,298,298,297,297,297,297,297,297,297,296,296,296,296,296,296,296,296,296,296,296,296,296,296,296,296,296,296,296,296,296,296,296,296,295,295,295,295,295,295,295,295,295,295,294,294,294,294,295,297,298,299,300,301,302,303,304,305,305,306,307,308,309,310,309,308,308,308,307,307,307,307,307,307,307,307,307,307,307,306,306,307,306,307,306,306,306,306,306,306,306,306,306,306,306,306,306,306,305,305,305,305,305,305,305,305,304,304,304,304,304,304,306,307,309,310,310,311,313,314,315,316,317,318,319,320,321,322,321,320,320,320,320,319,319,319,319,319,319,319,319,319,319,319,318,318,318,318,318,318,318,318,318,318,318,317,317,317,317,317,317,317,317,317,317,317,316,316,316,316,316,316,315,315,315,315,315,315,315,315,314,314,314,315,315,316,317,317,317,318,318,319,319,320,320,321,321,321,321,321,321,321,321,321,321,321,321,321,321,321,321,321,320,320,320,320,320,320,319,319,319,319,319,319,319,319,319,319,318,318,318,318,318,318,318,317,317,317,317,317,317,317,317,316,316,316,316,316,316,316,315,
34117,0,0,0,0,0,0,0,0,0,0,0,0,0,0,0,0,0,0,0,0,0,0,0,0,0,0,0,0,0,0,0,0,0,0,0,0,0,0,0,0,0,0,0,0,0,0,0,0,0,0,0,0,0,0,0,0,0,0,0,0,0,0,0,0,0,0,0,0,0,0,0,0,0,0,0,0,0,0,0,0,0,0,0,0,0,0,0,0,0,0,0,0,0,0,0,0,0,0,0,0,0,0,0,0,0,0,0,0,0,0,0,0,0,0,0,0,0,0,0,0,0,0,0,0,0,0,0,0,0,0,0,0,0,0,0,0,0,0,0,0,0,0,0,0,0,0,0,0,0,0,0,0,0,0,0,0,0,0,0,0,0,0,0,0,0,0,0,0,0,0,0,0,0,0,0,0,0,0,0,0,0,0,0,0,0,0,0,0,0,0,0,0,0,0,0,0,0,0,0,0,0,0,0,0,0,0,0,0,0,0,0,0,0,0,0,0,0,0,0,0,0,0,0,0,0,0,0,0,0,0,0,0,0,0,0,0,0,0,0,0,0,0,0,0,0,0,0,0,0,0,0,0,0,0,0,0,0,0,0,0,0,0,0,0,0,0,0,0,0,0,0,0,0,0,0,
34118,3310,3309,3310,3309,3309,3309,3309,3309,3345,3385,3391,3403,3404,3413,3404,3410,3412,3409,3410,3403,3410,3411,3407,3404,3367,3353,3348,3347,3345,3345,3344,3343,3343,3343,3342,3343,3341,3341,3341,3340,3340,3340,3340,3341,3340,3339,3340,3339,3339,3339,3339,3338,3339,3338,3339,3338,3338,3339,3338,3337,3338,3338,3338,3338,3338,3338,3339,3338,3338,3337,3338,3339,3395,3408,3415,3420,3411,3413,3417,3417,3416,3419,3423,3412,3412,3416,3420,3412,3363,3353,3349,3347,3345,3345,3344,3343,3343,3343,3341,3341,3341,3340,3341,3341,3341,3340,3339,3339,3339,3340,3339,3339,3340,3339,3338,3339,3338,3338,3339,3338,3338,3337,3339,3338,3338,3338,3338,3338,3338,3337,3337,3338,3338,3337,3337,3338,3405,3419,3424,3424,3429,3434,3428,3435,3433,3433,3429,3433,3439,3432,3437,3426,3368,3356,3350,3347,3345,3343,3342,3341,3341,3340,3340,3339,3339,3339,3339,3338,3339,3338,3337,3338,3338,3337,3337,3336,3337,3337,3337,3337,3337,3337,3336,3336,3336,3337,3337,3336,3336,3336,3337,3336,3336,3336,3335,3335,3336,3336,3336,3336,3337,3336,3336,3336,3336,3335,3335,3381,3399,3406,3414,3416,3423,3422,3426,3428,3436,3437,3440,3427,3413,3408,3409,3412,3417,3419,3426,3402,3391,3384,3378,3376,3372,3370,3367,3366,3364,3362,3362,3361,3359,3358,3358,3356,3356,3356,3355,3354,3354,3353,3352,3352,3352,3352,3352,3351,3352,3351,3351,3350,3350,3350,3349,3349,3350,3348,3348,3349,3348,3348,3348,3348,3347,3348,3349,
34119,3311,3311,3311,3311,3310,3311,3310,3310,3345,3389,3396,3404,3407,3413,3408,3410,3415,3410,3410,3407,3414,3414,3408,3406,3367,3353,3349,3347,3345,3345,3344,3344,3343,3342,3342,3342,3342,3341,3341,3340,3341,3341,3340,3341,3340,3340,3339,3339,3339,3339,3339,3338,3339,3338,3339,3339,3339,3338,3339,3338,3337,3339,3338,3338,3338,3338,3338,3338,3338,3338,3338,3338,3396,3409,3414,3422,3416,3414,3419,3420,3418,3420,3423,3414,3414,3419,3421,3417,3363,3353,3349,3347,3345,3345,3344,3343,3343,3342,3343,3342,3341,3341,3341,3341,3341,3340,3341,3340,3340,3340,3339,3339,3339,3339,3338,3339,3338,3339,3338,3339,3338,3338,3338,3338,3338,3338,3338,3339,3338,3337,3338,3338,3338,3338,3338,3337,3405,3420,3424,3428,3428,3434,3430,3436,3434,3431,3431,3436,3439,3434,3438,3426,3368,3356,3351,3347,3346,3344,3343,3343,3342,3341,3341,3340,3340,3339,3339,3338,3338,3338,3338,3337,3338,3338,3337,3337,3337,3338,3337,3336,3337,3337,3337,3336,3336,3336,3337,3336,3337,3336,3336,3336,3337,3335,3336,3335,3335,3336,3335,3336,3335,3336,3336,3336,3336,3336,3336,3381,3399,3410,3416,3420,3425,3424,3429,3431,3438,3442,3446,3433,3417,3413,3414,3416,3422,3427,3435,3409,3399,3392,3387,3382,3378,3376,3374,3372,3370,3368,3368,3366,3365,3364,3364,3362,3361,3361,3361,3360,3359,3359,3358,3358,3358,3357,3357,3357,3357,3356,3356,3356,3355,3355,3354,3354,3354,3354,3354,3354,3353,3353,3353,3353,3353,3353,3353,
34120,3309,3309,3310,3310,3309,3309,3309,3309,3343,3384,3393,3401,3403,3410,3403,3408,3413,3408,3410,3406,3411,3411,3405,3404,3366,3353,3349,3348,3345,3345,3344,3344,3343,3343,3341,3342,3341,3340,3341,3341,3340,3341,3340,3341,3339,3340,3340,3340,3339,3339,3338,3339,3339,3339,3339,3338,3338,3339,3338,3338,3338,3338,3338,3338,3338,3338,3338,3337,3337,3338,3338,3338,3395,3408,3413,3421,3413,3415,3417,3420,3416,3418,3422,3413,3412,3417,3418,3414,3363,3353,3348,3347,3345,3345,3343,3342,3343,3341,3342,3341,3341,3341,3341,3340,3340,3340,3340,3340,3339,3339,3340,3339,3340,3339,3340,3339,3339,3339,3338,3338,3338,3338,3338,3338,3338,3338,3338,3338,3337,3338,3338,3337,3338,3338,3338,3337,3403,3419,3423,3422,3425,3432,3428,3434,3435,3429,3429,3433,3436,3432,3437,3424,3367,3356,3350,3347,3345,3343,3342,3342,3341,3340,3340,3340,3339,3339,3338,3338,3338,3338,3337,3337,3337,3339,3337,3337,3338,3337,3336,3337,3337,3337,3336,3336,3337,3336,3336,3335,3336,3336,3336,3335,3336,3336,3336,3336,3336,3337,3336,3336,3336,3336,3336,3335,3335,3335,3334,3380,3398,3407,3415,3418,3422,3422,3427,3429,3436,3441,3445,3432,3416,3413,3415,3419,3424,3431,3443,3417,3406,3399,3394,3390,3387,3383,3382,3380,3378,3376,3376,3374,3374,3373,3372,3371,3370,3371,3370,3369,3369,3368,3367,3367,3367,3366,3366,3365,3366,3365,3364,3364,3364,3364,3363,3363,3363,3363,3363,3363,3362,3361,3363,3362,3361,3360,3362,
34121,3310,3311,3311,3310,3310,3310,3310,3310,3343,3385,3392,3405,3406,3412,3404,3408,3413,3409,3410,3406,3413,3409,3406,3405,3367,3354,3349,3347,3345,3345,3345,3345,3344,3344,3343,3343,3342,3343,3342,3342,3341,3341,3341,3340,3341,3341,3341,3340,3341,3341,3340,3340,3340,3339,3339,3339,3340,3339,3340,3339,3340,3338,3339,3339,3338,3338,3339,3338,3338,3339,3338,3339,3396,3408,3411,3421,3414,3414,3417,3421,3416,3418,3421,3416,3414,3417,3417,3414,3364,3354,3349,3347,3346,3345,3344,3345,3344,3343,3343,3343,3343,3342,3342,3341,3341,3341,3341,3340,3341,3341,3341,3341,3340,3340,3341,3339,3341,3339,3340,3339,3339,3338,3338,3339,3338,3339,3339,3339,3338,3338,3339,3338,3338,3338,3338,3338,3403,3418,3423,3424,3426,3432,3430,3433,3434,3429,3431,3434,3435,3430,3436,3424,3367,3356,3351,3348,3346,3344,3344,3342,3341,3341,3341,3340,3340,3340,3339,3339,3338,3339,3339,3339,3338,3338,3339,3338,3338,3338,3337,3338,3338,3337,3338,3338,3337,3338,3337,3337,3337,3338,3337,3337,3337,3338,3337,3337,3337,3337,3337,3337,3336,3337,3337,3337,3336,3337,3336,3381,3399,3407,3415,3417,3423,3422,3427,3428,3436,3439,3442,3429,3414,3410,3411,3414,3416,3421,3428,3405,3393,3386,3381,3378,3375,3372,3369,3368,3367,3365,3363,3362,3361,3361,3361,3360,3359,3358,3358,3356,3356,3356,3356,3355,3355,3354,3354,3353,3354,3354,3352,3352,3352,3351,3352,3351,3351,3351,3350,3350,3350,3350,3350,3350,3349,3349,3349,
34122,3311,3310,3310,3310,3310,3309,3309,3310,3346,3386,3394,3405,3406,3412,3405,3409,3413,3409,3411,3407,3410,3411,3406,3405,3366,3353,3349,3347,3345,3345,3343,3342,3343,3343,3342,3341,3341,3341,3340,3340,3340,3340,3340,3340,3340,3339,3340,3340,3339,3339,3339,3339,3339,3339,3339,3338,3338,3338,3338,3338,3338,3338,3338,3338,3338,3337,3337,3337,3338,3337,3337,3337,3396,3408,3411,3421,3415,3415,3418,3420,3416,3418,3420,3414,3413,3416,3418,3413,3362,3353,3348,3347,3345,3344,3343,3343,3343,3342,3341,3342,3341,3341,3341,3340,3340,3340,3340,3340,3339,3339,3339,3339,3339,3338,3338,3338,3338,3339,3339,3339,3338,3337,3337,3338,3338,3338,3338,3338,3338,3338,3338,3337,3337,3338,3338,3338,3401,3419,3423,3423,3425,3433,3431,3433,3435,3429,3431,3433,3436,3430,3437,3423,3367,3356,3350,3347,3345,3344,3342,3341,3341,3340,3340,3340,3339,3339,3338,3338,3338,3338,3337,3337,3338,3338,3337,3337,3337,3337,3337,3337,3337,3336,3336,3336,3335,3336,3336,3336,3336,3336,3336,3336,3337,3336,3336,3335,3336,3336,3336,3335,3336,3336,3335,3335,3335,3335,3335,3379,3398,3407,3415,3417,3422,3423,3428,3428,3436,3439,3442,3428,3413,3409,3410,3410,3413,3419,3424,3400,3390,3383,3378,3374,3371,3367,3367,3364,3363,3362,3360,3359,3357,3357,3356,3356,3355,3353,3354,3353,3352,3352,3352,3351,3351,3350,3350,3350,3350,3350,3348,3348,3348,3348,3348,3348,3347,3347,3348,3348,3346,3346,3347,3345,3346,3346,3346,
34123,3310,3310,3310,3310,3310,3310,3311,3309,3346,3386,3395,3404,3404,3411,3404,3409,3413,3408,3411,3406,3409,3410,3406,3408,3367,3355,3349,3347,3346,3345,3345,3344,3344,3344,3343,3342,3341,3343,3341,3341,3342,3341,3341,3341,3340,3340,3340,3340,3340,3340,3340,3339,3340,3339,3339,3339,3339,3338,3338,3339,3339,3338,3339,3338,3338,3338,3338,3338,3338,3339,3338,3338,3395,3408,3412,3421,3414,3414,3419,3419,3416,3419,3419,3415,3413,3417,3418,3412,3363,3353,3350,3347,3346,3345,3344,3345,3344,3343,3342,3343,3342,3341,3341,3341,3341,3341,3341,3341,3340,3340,3340,3340,3340,3339,3340,3339,3339,3339,3340,3340,3340,3339,3338,3338,3339,3339,3339,3338,3339,3339,3338,3338,3338,3338,3338,3338,3401,3418,3423,3422,3425,3431,3429,3432,3434,3429,3431,3431,3435,3428,3435,3421,3366,3356,3351,3348,3346,3345,3343,3342,3342,3341,3341,3341,3340,3339,3338,3339,3339,3339,3338,3338,3338,3338,3338,3338,3338,3338,3338,3338,3338,3338,3338,3337,3337,3337,3337,3337,3337,3338,3337,3337,3338,3337,3336,3337,3337,3337,3337,3336,3336,3336,3336,3337,3336,3337,3336,3380,3397,3405,3415,3416,3420,3420,3425,3426,3433,3436,3438,3424,3410,3406,3406,3408,3409,3416,3422,3399,3389,3381,3377,3374,3371,3369,3366,3364,3363,3362,3360,3359,3359,3358,3356,3356,3356,3355,3354,3354,3353,3353,3353,3352,3352,3352,3351,3351,3351,3351,3350,3349,3349,3350,3349,3349,3349,3349,3348,3348,3348,3348,3347,3348,3348,3347,3347,
34124,3310,3311,3311,3309,3311,3310,3309,3310,3347,3386,3396,3405,3405,3409,3404,3409,3412,3407,3410,3408,3409,3411,3405,3408,3366,3353,3348,3347,3345,3344,3344,3344,3342,3343,3342,3342,3341,3341,3341,3341,3341,3341,3340,3340,3339,3339,3340,3339,3339,3340,3339,3340,3339,3339,3338,3338,3338,3338,3338,3338,3338,3338,3338,3338,3338,3338,3337,3337,3338,3338,3338,3337,3398,3406,3411,3420,3413,3415,3418,3420,3415,3417,3418,3414,3414,3416,3417,3412,3362,3352,3349,3346,3345,3345,3343,3343,3343,3342,3342,3341,3341,3340,3340,3340,3340,3340,3340,3339,3339,3339,3339,3339,3338,3339,3339,3338,3339,3340,3338,3338,3338,3338,3338,3339,3338,3337,3338,3338,3338,3338,3337,3338,3337,3337,3337,3336,3401,3417,3422,3421,3424,3432,3429,3431,3433,3429,3430,3432,3435,3428,3437,3421,3366,3355,3350,3347,3345,3344,3342,3342,3341,3340,3340,3339,3339,3339,3339,3339,3338,3337,3337,3338,3338,3338,3337,3337,3337,3336,3337,3336,3337,3336,3336,3336,3336,3335,3337,3337,3336,3336,3336,3336,3335,3336,3336,3336,3335,3337,3336,3336,3336,3336,3336,3335,3335,3336,3335,3379,3397,3405,3414,3415,3418,3419,3425,3425,3433,3437,3439,3425,3410,3406,3407,3408,3411,3417,3422,3399,3389,3381,3378,3373,3370,3368,3365,3364,3362,3360,3360,3359,3358,3358,3356,3356,3355,3354,3354,3353,3352,3352,3352,3351,3351,3350,3350,3350,3350,3350,3349,3348,3349,3349,3348,3348,3348,3348,3348,3347,3347,3347,3346,3347,3347,3347,3346,
34125,3312,3312,3312,3311,3311,3311,3311,3312,3348,3389,3397,3407,3407,3412,3406,3410,3415,3409,3412,3408,3411,3412,3407,3408,3367,3354,3349,3347,3346,3345,3345,3344,3344,3343,3343,3342,3341,3342,3341,3341,3340,3341,3341,3340,3341,3341,3340,3341,3341,3340,3340,3340,3339,3339,3339,3340,3339,3339,3339,3339,3339,3339,3338,3339,3339,3339,3339,3339,3339,3338,3339,3338,3399,3408,3413,3422,3417,3418,3419,3422,3416,3419,3420,3418,3414,3417,3421,3414,3363,3355,3349,3348,3346,3346,3344,3344,3343,3343,3342,3342,3342,3342,3342,3341,3341,3341,3341,3340,3340,3340,3339,3340,3341,3340,3340,3340,3340,3340,3339,3339,3340,3339,3339,3339,3338,3338,3339,3338,3338,3339,3338,3339,3339,3338,3338,3338,3403,3420,3424,3423,3426,3432,3432,3432,3435,3430,3432,3433,3436,3429,3439,3422,3368,3357,3352,3348,3346,3345,3343,3343,3343,3341,3341,3340,3341,3339,3340,3339,3339,3339,3338,3339,3338,3338,3339,3338,3338,3338,3338,3338,3338,3338,3337,3337,3337,3337,3337,3337,3337,3337,3337,3337,3337,3337,3337,3337,3337,3338,3336,3337,3336,3336,3337,3337,3337,3337,3336,3381,3398,3405,3416,3416,3421,3422,3427,3427,3436,3438,3441,3428,3413,3408,3409,3410,3412,3418,3424,3400,3389,3382,3378,3374,3371,3369,3367,3365,3363,3362,3361,3359,3359,3357,3357,3356,3356,3356,3355,3353,3352,3353,3352,3351,3352,3351,3351,3350,3350,3349,3350,3349,3349,3349,3348,3348,3348,3348,3348,3348,3348,3347,3348,3347,3347,3346,3347,
34126,3309,3309,3310,3310,3309,3309,3309,3310,3347,3385,3395,3405,3404,3410,3403,3409,3412,3408,3410,3407,3408,3410,3406,3407,3366,3353,3349,3347,3345,3344,3344,3344,3343,3342,3342,3343,3341,3341,3341,3341,3341,3341,3340,3340,3339,3340,3339,3340,3338,3339,3339,3339,3339,3339,3339,3338,3338,3338,3338,3338,3339,3337,3338,3338,3338,3338,3338,3337,3337,3338,3338,3337,3397,3406,3411,3417,3415,3414,3417,3419,3414,3417,3416,3414,3414,3413,3419,3411,3362,3352,3349,3346,3345,3344,3343,3342,3342,3342,3341,3341,3341,3341,3341,3340,3340,3340,3339,3339,3340,3339,3339,3339,3338,3339,3338,3338,3339,3339,3338,3339,3338,3338,3339,3338,3338,3338,3338,3338,3338,3338,3338,3338,3337,3338,3337,3338,3401,3416,3422,3421,3424,3430,3429,3430,3431,3429,3430,3432,3432,3428,3435,3421,3366,3355,3350,3346,3345,3343,3342,3341,3341,3339,3340,3340,3338,3339,3338,3338,3338,3338,3338,3338,3338,3337,3338,3336,3337,3337,3336,3337,3337,3336,3336,3336,3336,3336,3336,3336,3336,3336,3336,3336,3336,3336,3335,3335,3336,3336,3334,3335,3335,3335,3335,3335,3335,3335,3335,3380,3397,3403,3415,3414,3419,3420,3424,3425,3433,3436,3440,3427,3411,3408,3410,3411,3416,3422,3430,3406,3396,3389,3384,3380,3377,3375,3372,3371,3369,3367,3366,3365,3363,3363,3363,3362,3361,3361,3359,3360,3359,3358,3358,3358,3357,3357,3356,3356,3355,3356,3355,3354,3356,3354,3355,3355,3353,3354,3354,3353,3353,3353,3353,3353,3352,3352,3352,
34127,3311,3311,3311,3310,3310,3311,3310,3310,3347,3388,3398,3406,3406,3411,3405,3412,3411,3409,3411,3409,3410,3410,3407,3408,3367,3354,3349,3347,3346,3345,3345,3344,3344,3343,3342,3342,3342,3342,3341,3341,3341,3341,3341,3341,3340,3341,3340,3340,3340,3340,3340,3339,3339,3339,3339,3339,3340,3340,3338,3339,3338,3339,3339,3338,3339,3339,3338,3338,3339,3338,3338,3337,3398,3407,3412,3418,3417,3417,3420,3420,3414,3417,3418,3416,3416,3414,3420,3413,3363,3353,3349,3346,3346,3345,3343,3343,3343,3343,3342,3342,3342,3341,3341,3341,3341,3340,3341,3339,3341,3340,3340,3341,3340,3339,3340,3340,3339,3338,3339,3338,3338,3338,3339,3339,3338,3338,3338,3338,3338,3338,3338,3338,3338,3338,3337,3338,3402,3416,3423,3421,3427,3431,3430,3429,3433,3431,3431,3432,3434,3429,3438,3420,3367,3356,3351,3347,3345,3345,3344,3342,3342,3341,3340,3340,3340,3339,3339,3339,3338,3338,3338,3338,3338,3338,3339,3338,3338,3337,3338,3338,3337,3337,3336,3338,3336,3337,3337,3337,3337,3336,3337,3337,3337,3337,3336,3337,3336,3336,3336,3336,3336,3336,3336,3335,3336,3335,3337,3379,3397,3405,3416,3414,3420,3421,3426,3426,3432,3437,3440,3426,3411,3408,3408,3410,3413,3420,3427,3403,3392,3387,3381,3377,3374,3372,3369,3369,3366,3365,3364,3363,3362,3361,3360,3359,3359,3357,3357,3357,3357,3356,3355,3355,3355,3354,3354,3353,3353,3353,3352,3352,3352,3351,3351,3351,3351,3351,3350,3351,3351,3351,3351,3350,3350,3349,3349,
34128,3310,3310,3310,3310,3310,3309,3309,3309,3347,3386,3397,3405,3405,3409,3406,3412,3410,3408,3411,3408,3408,3411,3409,3407,3366,3353,3348,3346,3346,3344,3344,3343,3342,3343,3342,3341,3341,3340,3341,3340,3340,3340,3340,3339,3339,3340,3339,3339,3339,3340,3338,3338,3339,3339,3338,3338,3338,3338,3338,3338,3338,3337,3338,3338,3338,3337,3338,3338,3337,3337,3337,3338,3398,3405,3412,3417,3417,3415,3418,3420,3411,3417,3418,3416,3415,3414,3419,3412,3361,3353,3348,3346,3345,3344,3343,3343,3342,3342,3342,3342,3341,3341,3340,3341,3340,3340,3340,3340,3340,3340,3339,3339,3339,3338,3338,3339,3338,3338,3338,3338,3337,3337,3338,3338,3338,3337,3338,3338,3337,3338,3337,3338,3338,3337,3337,3337,3402,3416,3423,3420,3427,3430,3429,3429,3431,3431,3430,3432,3433,3431,3437,3420,3367,3356,3350,3346,3345,3343,3342,3342,3340,3340,3339,3340,3339,3339,3339,3338,3338,3338,3338,3338,3337,3338,3338,3336,3337,3337,3337,3337,3336,3335,3337,3336,3336,3335,3336,3335,3336,3337,3336,3335,3337,3336,3336,3336,3336,3335,3336,3335,3335,3335,3336,3336,3335,3335,3335,3378,3396,3405,3414,3413,3418,3420,3425,3424,3431,3436,3440,3425,3409,3406,3406,3407,3411,3416,3423,3399,3389,3382,3378,3374,3371,3367,3367,3365,3363,3362,3361,3359,3358,3357,3358,3356,3356,3354,3355,3353,3353,3352,3352,3352,3352,3351,3351,3351,3351,3350,3349,3348,3349,3349,3349,3348,3348,3349,3348,3348,3347,3348,3347,3347,3347,3348,3347,
34129,3312,3311,3310,3311,3310,3310,3310,3310,3347,3389,3396,3403,3405,3408,3406,3411,3410,3408,3411,3409,3409,3410,3409,3408,3366,3353,3349,3348,3346,3345,3345,3344,3343,3343,3343,3342,3342,3341,3341,3342,3341,3341,3341,3340,3340,3341,3341,3340,3340,3340,3339,3340,3339,3339,3339,3339,3339,3338,3339,3338,3339,3338,3338,3338,3338,3338,3338,3338,3338,3338,3338,3339,3398,3405,3411,3416,3415,3416,3419,3420,3412,3418,3418,3415,3415,3414,3422,3414,3362,3353,3349,3347,3346,3345,3344,3344,3342,3342,3342,3342,3341,3342,3341,3341,3341,3340,3340,3341,3339,3340,3339,3340,3339,3339,3339,3339,3339,3339,3339,3339,3339,3339,3339,3339,3339,3339,3339,3339,3339,3338,3339,3339,3338,3338,3338,3338,3402,3417,3423,3422,3428,3429,3430,3430,3431,3431,3431,3432,3433,3432,3439,3420,3367,3356,3350,3347,3346,3345,3343,3342,3342,3341,3341,3340,3340,3339,3339,3339,3339,3339,3338,3338,3338,3338,3338,3337,3337,3338,3338,3337,3337,3337,3337,3337,3336,3337,3336,3337,3336,3336,3337,3337,3337,3337,3336,3336,3336,3336,3336,3336,3336,3337,3337,3337,3336,3336,3335,3380,3397,3405,3415,3415,3419,3420,3425,3426,3433,3438,3442,3428,3412,3409,3408,3410,3414,3419,3427,3403,3392,3385,3380,3377,3373,3371,3369,3367,3365,3363,3363,3362,3361,3359,3359,3358,3358,3357,3356,3356,3355,3355,3354,3354,3354,3353,3352,3352,3353,3351,3351,3350,3351,3351,3351,3350,3351,3351,3350,3349,3349,3349,3350,3349,3348,3349,3349,
34130,3311,3311,3311,3311,3311,3310,3310,3310,3346,3390,3398,3405,3407,3410,3407,3412,3411,3408,3412,3408,3409,3411,3410,3408,3367,3353,3349,3345,3345,3344,3344,3344,3343,3342,3342,3341,3341,3341,3340,3341,3341,3340,3340,3340,3339,3340,3340,3339,3338,3339,3339,3338,3338,3338,3338,3338,3338,3338,3338,3338,3338,3338,3338,3338,3338,3338,3337,3338,3338,3337,3338,3337,3399,3406,3417,3417,3417,3417,3420,3421,3414,3420,3419,3417,3417,3415,3423,3416,3363,3353,3348,3346,3345,3344,3343,3342,3342,3342,3341,3341,3341,3341,3340,3341,3340,3340,3340,3339,3339,3339,3339,3338,3339,3339,3338,3338,3338,3339,3338,3338,3338,3338,3338,3337,3338,3338,3338,3338,3337,3337,3338,3337,3338,3337,3337,3337,3405,3418,3424,3423,3430,3430,3431,3431,3433,3434,3432,3435,3435,3434,3440,3424,3367,3355,3350,3347,3345,3343,3342,3342,3341,3340,3340,3340,3340,3338,3338,3338,3338,3338,3338,3337,3338,3337,3337,3336,3336,3337,3336,3336,3337,3335,3336,3336,3336,3336,3335,3336,3336,3335,3336,3336,3335,3335,3335,3335,3335,3335,3335,3336,3334,3335,3335,3336,3335,3335,3334,3380,3397,3406,3417,3416,3421,3422,3429,3428,3436,3442,3448,3433,3416,3414,3414,3417,3423,3431,3440,3414,3403,3396,3390,3387,3383,3380,3378,3377,3375,3373,3372,3370,3370,3369,3368,3368,3366,3365,3365,3364,3363,3363,3363,3362,3362,3362,3361,3360,3361,3361,3360,3359,3359,3359,3359,3359,3359,3359,3358,3358,3358,3357,3358,3358,3357,3357,3357,
34131,3311,3310,3311,3311,3310,3311,3310,3309,3347,3392,3400,3406,3408,3412,3410,3416,3414,3412,3412,3412,3414,3413,3411,3410,3368,3355,3349,3348,3346,3345,3345,3344,3344,3343,3343,3343,3342,3342,3342,3341,3341,3341,3341,3341,3341,3341,3340,3341,3341,3340,3340,3339,3340,3340,3339,3339,3339,3339,3339,3339,3339,3339,3339,3338,3339,3338,3339,3339,3338,3339,3338,3338,3401,3407,3420,3419,3420,3420,3420,3421,3415,3423,3422,3419,3418,3416,3425,3418,3363,3354,3349,3347,3347,3346,3345,3344,3344,3344,3342,3343,3342,3343,3341,3341,3341,3341,3342,3341,3340,3340,3340,3340,3340,3340,3340,3340,3340,3340,3340,3339,3339,3339,3338,3338,3338,3339,3339,3339,3339,3339,3339,3338,3339,3338,3339,3338,3407,3419,3426,3427,3431,3432,3433,3434,3433,3435,3436,3435,3435,3433,3442,3423,3367,3356,3351,3348,3346,3344,3344,3342,3342,3341,3341,3340,3340,3340,3339,3339,3339,3339,3338,3339,3338,3339,3338,3338,3338,3338,3338,3337,3338,3337,3337,3337,3338,3337,3337,3336,3336,3338,3338,3337,3337,3336,3337,3336,3338,3337,3336,3338,3337,3337,3337,3336,3336,3336,3336,3381,3398,3408,3417,3417,3423,3422,3429,3428,3435,3442,3447,3432,3415,3411,3412,3414,3417,3423,3431,3404,3394,3387,3381,3378,3374,3370,3369,3367,3367,3364,3363,3362,3362,3360,3360,3358,3358,3357,3357,3356,3356,3355,3356,3355,3354,3352,3354,3352,3352,3352,3351,3352,3351,3351,3350,3351,3350,3350,3350,3350,3349,3349,3349,3348,3347,3348,3349,
34132,3310,3309,3309,3309,3309,3310,3309,3308,3350,3391,3399,3406,3409,3412,3408,3416,3410,3411,3412,3415,3413,3414,3413,3410,3367,3353,3348,3346,3345,3344,3343,3343,3342,3343,3341,3341,3342,3341,3340,3340,3340,3341,3340,3340,3339,3341,3339,3339,3339,3339,3339,3338,3339,3338,3339,3339,3338,3338,3338,3338,3338,3338,3337,3337,3337,3338,3338,3338,3338,3337,3338,3336,3400,3408,3414,3421,3418,3420,3419,3421,3415,3421,3420,3419,3419,3416,3418,3418,3362,3353,3348,3346,3345,3343,3343,3342,3342,3341,3341,3341,3341,3340,3340,3341,3340,3340,3339,3339,3339,3339,3339,3339,3338,3339,3339,3338,3338,3338,3338,3338,3338,3337,3337,3338,3338,3338,3337,3337,3338,3338,3337,3338,3337,3337,3337,3337,3405,3420,3427,3428,3432,3432,3430,3434,3433,3434,3436,3435,3436,3435,3441,3421,3366,3355,3349,3346,3345,3343,3341,3341,3341,3340,3339,3340,3339,3338,3338,3338,3337,3338,3337,3337,3336,3337,3337,3337,3337,3337,3336,3336,3336,3335,3336,3336,3335,3336,3335,3336,3336,3336,3335,3335,3337,3336,3336,3335,3335,3336,3335,3334,3335,3335,3335,3335,3335,3334,3335,3381,3398,3408,3417,3421,3424,3424,3430,3430,3436,3443,3450,3434,3418,3414,3414,3416,3420,3426,3433,3406,3394,3387,3381,3377,3374,3371,3369,3367,3365,3364,3363,3361,3360,3359,3359,3358,3357,3357,3356,3355,3354,3354,3353,3352,3352,3352,3352,3351,3351,3350,3350,3350,3351,3350,3349,3349,3348,3349,3349,3349,3348,3348,3348,3347,3348,3347,3347,
34133,3310,3311,3311,3311,3310,3311,3310,3310,3348,3389,3397,3403,3406,3408,3405,3412,3407,3408,3409,3412,3410,3410,3410,3407,3366,3353,3349,3347,3345,3344,3343,3343,3342,3342,3341,3341,3341,3341,3340,3340,3340,3340,3340,3339,3339,3339,3339,3339,3338,3339,3338,3338,3339,3338,3338,3339,3338,3337,3338,3338,3338,3338,3337,3337,3337,3338,3337,3337,3337,3338,3338,3337,3396,3405,3410,3418,3416,3417,3417,3419,3413,3419,3420,3417,3417,3416,3418,3417,3363,3352,3349,3346,3344,3345,3344,3342,3342,3341,3341,3340,3340,3340,3341,3340,3339,3339,3340,3338,3338,3339,3339,3339,3338,3338,3338,3338,3339,3338,3338,3338,3338,3338,3338,3337,3337,3337,3338,3337,3337,3337,3337,3337,3337,3337,3337,3337,3403,3418,3425,3426,3431,3431,3430,3433,3433,3433,3436,3436,3437,3437,3442,3425,3369,3356,3351,3347,3345,3343,3342,3341,3341,3339,3339,3338,3338,3338,3338,3338,3337,3337,3338,3337,3336,3337,3335,3336,3336,3336,3335,3335,3335,3335,3336,3335,3335,3335,3335,3335,3335,3334,3335,3334,3335,3335,3335,3334,3334,3334,3334,3335,3334,3334,3334,3334,3334,3334,3334,3380,3397,3409,3418,3422,3426,3426,3435,3436,3444,3456,3469,3459,3443,3445,3453,3468,3490,3527,3587,3519,3497,3486,3479,3474,3470,3467,3464,3461,3459,3457,3455,3454,3452,3450,3449,3449,3448,3447,3446,3446,3444,3443,3443,3443,3442,3442,3441,3441,3441,3440,3440,3439,3439,3439,3439,3438,3438,3437,3437,3437,3437,3437,3437,3437,3436,3435,3435,
34200,5300,5300,5299,5299,5298,5298,5297,5297,5297,5297,5296,5296,5296,5295,5295,5295,5295,5295,5295,5294,5294,5294,5294,5294,5353,5409,5430,5447,5448,5455,5451,5448,5446,5453,5446,5446,5445,5453,5447,5445,5380,5362,5356,5353,5352,5350,5350,5349,5348,5347,5346,5346,5346,5345,5345,5344,5344,5344,5344,5343,5343,5343,5343,5343,5342,5343,5342,5342,5342,5342,5342,5341,5342,5341,5341,5341,5341,5341,5341,5340,5341,5340,5340,5340,5340,5340,5340,5340,5424,5452,5461,5460,5460,5466,5464,5465,5463,5458,5461,5465,5466,5461,5462,5460,5378,5363,5357,5354,5351,5350,5349,5348,5347,5346,5346,5346,5344,5345,5344,5344,5344,5343,5343,5343,5343,5342,5343,5342,5342,5342,5342,5341,5341,5341,5341,5341,5341,5341,5340,5340,5340,5340,5340,5340,5340,5340,5340,5340,5340,5340,5339,5340,5438,5467,5476,5478,5474,5483,5484,5482,5477,5478,5483,5483,5483,5492,5494,5467,5386,5368,5359,5355,5352,5350,5348,5346,5346,5344,5344,5343,5343,5343,5342,5342,5342,5341,5341,5341,5340,5340,5339,5340,5340,5340,5339,5339,5339,5339,5339,5339,5339,5339,5338,5339,5339,5339,5339,5338,5338,5338,5338,5338,5338,5338,5338,5337,5338,5338,5338,5337,5338,5338,5338,5338,5337,5338,5337,5382,5423,5444,5453,5460,5464,5469,5471,5478,5479,5488,5491,5500,5456,5445,5441,5444,5448,5456,5465,5477,5496,5518,5524,5492,5479,5469,5462,5457,5453,5450,5447,5445,5442,5441,5440,5438,5437,5436,5435,5434,5434,5432,5432,5432,5431,5430,5429,
34201,0,0,0,0,0,0,0,0,0,0,0,0,0,0,0,0,0,0,0,0,0,0,0,0,357,376,374,374,374,374,374,374,374,374,374,375,374,375,375,375,0,0,0,0,0,0,0,0,0,0,0,0,0,0,0,0,0,0,0,0,0,0,0,0,0,0,0,0,0,0,0,0,0,0,0,0,0,0,0,0,0,0,0,0,0,0,0,0,375,374,373,373,373,373,373,374,374,374,374,374,374,374,374,374,0,0,0,0,0,0,0,0,0,0,0,0,0,0,0,0,0,0,0,0,0,0,0,0,0,0,0,0,0,0,0,0,0,0,0,0,0,0,0,0,0,0,0,0,0,0,0,0,374,373,372,372,372,372,372,372,372,372,372,372,372,372,372,236,0,0,0,0,0,0,0,0,0,0,0,0,0,0,0,0,0,0,0,0,0,0,0,0,0,0,0,0,0,0,0,0,0,0,0,0,0,0,0,0,0,0,0,0,0,0,0,0,0,0,0,0,0,0,0,0,0,0,0,236,233,232,233,232,233,233,233,233,233,233,232,233,91,91,91,91,91,91,91,91,91,91,0,0,0,0,0,0,0,0,0,0,0,0,0,0,0,0,0,0,0,0,0,0,0,0,0,
34202,601,601,601,601,601,601,601,601,601,601,601,601,601,601,601,601,601,601,601,601,601,601,601,601,601,607,614,620,626,633,639,646,652,658,665,671,678,684,690,697,701,701,701,701,701,701,701,701,701,701,701,701,701,701,701,701,701,701,701,701,701,701,701,701,701,701,701,701,701,701,701,701,701,701,701,701,701,701,701,701,701,701,701,701,701,701,701,701,703,710,716,723,729,735,742,748,755,761,767,774,780,786,793,799,801,801,801,801,801,801,801,801,801,801,801,801,801,801,801,801,801,801,801,801,801,801,801,801,801,801,801,801,801,801,801,801,801,801,801,801,801,801,801,801,801,801,801,801,801,801,801,801,805,811,818,824,830,837,843,850,856,862,869,875,881,888,894,900,901,901,901,901,901,901,901,901,901,901,901,901,901,901,901,901,901,901,901,901,901,900,900,900,900,900,900,900,900,900,900,900,900,900,900,900,900,900,900,900,900,900,900,900,900,900,900,900,900,900,900,900,900,900,900,900,900,900,900,901,905,909,913,917,921,925,929,933,937,941,945,949,951,952,954,956,957,959,960,962,963,964,1000,1000,1000,1000,1000,1000,1000,1000,1000,1000,1000,1000,1000,1000,1000,1000,1000,1000,1000,1000,1000,1000,1000,1000,1000,
34203,49,49,49,49,49,49,49,49,49,49,49,49,49,49,49,49,49,49,49,49,49,49,49,49,49,49,49,49,49,49,49,49,49,49,49,49,49,49,49,49,49,49,49,49,49,49,49,49,49,49,49,49,49,49,49,49,49,49,49,49,49,49,49,49,49,49,49,49,49,49,49,49,49,49,49,49,49,49,49,49,49,49,49,49,49,49,49,49,49,49,49,49,49,49,49,49,49,49,49,49,49,49,49,49,49,49,49,49,49,49,49,49,49,49,49,49,49,49,49,49,49,49,49,49,49,49,49,49,49,49,49,49,49,49,49,49,49,49,49,49,49,49,49,49,49,49,49,49,49,49,49,49,49,49,49,49,49,49,49,49,49,49,49,49,49,49,49,49,49,49,49,49,49,49,49,49,49,49,49,49,49,49,49,49,49,49,49,49,49,49,49,49,49,49,49,49,49,49,49,49,49,49,49,49,49,49,49,49,49,49,49,49,49,49,49,49,49,49,49,49,49,49,49,49,49,49,49,49,49,49,49,49,49,49,49,49,49,49,49,49,49,49,49,49,49,49,49,49,49,49,49,49,49,49,49,49,49,49,49,49,49,49,49,49,49,49,49,49,49,49,49,49,49,49,49,
34204,0,0,0,0,0,0,0,0,0,0,0,0,0,0,0,0,0,0,0,0,0,0,0,0,3,3,3,3,3,3,3,3,3,3,3,3,3,3,3,3,0,0,0,0,0,0,0,0,0,0,0,0,0,0,0,0,0,0,0,0,0,0,0,0,0,0,0,0,0,0,0,0,0,0,0,0,0,0,0,0,0,0,0,0,0,0,0,0,3,3,3,3,3,3,3,3,3,3,3,3,3,3,3,3,0,0,0,0,0,0,0,0,0,0,0,0,0,0,0,0,0,0,0,0,0,0,0,0,0,0,0,0,0,0,0,0,0,0,0,0,0,0,0,0,0,0,0,0,0,0,0,0,3,3,3,3,3,3,3,3,3,3,3,3,3,3,3,3,0,0,0,0,0,0,0,0,0,0,0,0,0,0,0,0,0,0,0,0,0,0,0,0,0,0,0,0,0,0,0,0,0,0,0,0,0,0,0,0,0,0,0,0,0,0,0,0,0,0,0,0,0,0,0,0,0,0,0,3,3,3,3,3,3,3,3,3,3,3,3,3,3,3,3,3,3,3,3,3,3,3,0,0,0,0,0,0,0,0,0,0,0,0,0,0,0,0,0,0,0,0,0,0,0,0,0,
34205,3316,3315,3315,3315,3315,3314,3313,3314,3313,3313,3312,3312,3312,3312,3312,3312,3311,3312,3312,3311,3312,3311,3311,3312,3349,3384,3397,3406,3408,3413,3411,3407,3407,3411,3407,3406,3405,3410,3408,3406,3364,3353,3349,3347,3346,3345,3345,3344,3344,3343,3343,3343,3342,3342,3342,3341,3341,3341,3341,3341,3341,3341,3340,3341,3340,3341,3340,3340,3340,3340,3340,3339,3340,3340,3339,3340,3339,3339,3339,3339,3339,3339,3339,3339,3338,3339,3339,3339,3393,3411,3414,3416,3414,3419,3418,3417,3417,3414,3416,3417,3419,3415,3416,3415,3363,3353,3349,3348,3346,3345,3345,3344,3343,3343,3343,3342,3342,3342,3341,3341,3341,3341,3341,3341,3340,3340,3341,3340,3340,3340,3340,3339,3339,3340,3340,3340,3340,3339,3339,3339,3339,3339,3339,3339,3339,3339,3339,3340,3339,3339,3338,3339,3401,3419,3425,3426,3425,3431,3430,3429,3427,3426,3431,3430,3429,3435,3437,3420,3368,3357,3351,3348,3346,3345,3344,3343,3342,3342,3341,3341,3341,3340,3340,3340,3340,3340,3339,3339,3339,3339,3338,3339,3339,3339,3338,3338,3338,3338,3339,3338,3338,3338,3338,3338,3338,3338,3338,3338,3338,3338,3338,3338,3338,3338,3338,3337,3338,3337,3338,3337,3338,3338,3338,3338,3338,3337,3337,3367,3393,3404,3410,3415,3417,3421,3423,3427,3428,3434,3439,3447,3418,3411,3410,3414,3419,3428,3441,3459,3488,3534,3576,3524,3510,3503,3497,3494,3492,3489,3488,3486,3484,3483,3482,3482,3480,3480,3479,3479,3478,3477,3477,3476,3476,3475,3475,
34206,3311,3310,3309,3310,3309,3310,3309,3309,3309,3309,3308,3309,3308,3308,3309,3308,3308,3307,3307,3308,3307,3307,3307,3307,3342,3377,3391,3403,3403,3407,3405,3404,3403,3406,3401,3400,3400,3406,3402,3402,3362,3350,3347,3345,3344,3343,3343,3342,3342,3341,3341,3340,3340,3340,3339,3339,3339,3339,3339,3338,3339,3339,3338,3338,3338,3338,3338,3338,3338,3338,3338,3338,3338,3338,3338,3337,3337,3338,3337,3337,3338,3337,3337,3337,3337,3337,3337,3337,3389,3405,3412,3410,3411,3414,3414,3414,3412,3408,3411,3414,3413,3411,3413,3410,3360,3351,3347,3345,3344,3343,3342,3342,3341,3341,3341,3340,3339,3340,3340,3339,3339,3339,3339,3338,3339,3338,3338,3338,3338,3338,3338,3338,3338,3338,3338,3337,3336,3337,3337,3337,3337,3337,3336,3336,3337,3337,3337,3337,3337,3336,3336,3337,3397,3414,3420,3423,3418,3424,3425,3424,3420,3421,3423,3425,3424,3431,3430,3414,3366,3354,3349,3346,3344,3343,3342,3341,3341,3339,3339,3339,3338,3338,3338,3338,3338,3337,3337,3337,3337,3337,3336,3336,3336,3336,3336,3336,3336,3335,3336,3336,3336,3335,3335,3336,3336,3336,3336,3335,3335,3335,3335,3335,3335,3335,3336,3335,3335,3335,3335,3335,3335,3335,3335,3335,3335,3335,3335,3363,3388,3401,3407,3411,3413,3416,3417,3421,3421,3427,3428,3432,3405,3398,3396,3396,3397,3401,3403,3408,3414,3419,3413,3399,3392,3387,3381,3378,3377,3373,3372,3371,3369,3368,3367,3367,3366,3365,3364,3363,3363,3362,3362,3362,3361,3361,3360,
34207,0,0,0,0,0,0,0,0,0,0,0,0,0,0,0,0,0,0,0,0,0,0,0,0,0,0,0,0,0,0,0,0,0,0,0,0,0,0,0,0,0,0,0,0,0,0,0,0,0,0,0,0,0,0,0,0,0,0,0,0,0,0,0,0,0,0,0,0,0,0,0,0,0,0,0,0,0,0,0,0,0,0,0,0,0,0,0,0,0,0,0,0,0,0,0,0,0,0,0,0,0,0,0,0,0,0,0,0,0,0,0,0,0,0,0,0,0,0,0,0,0,0,0,0,0,0,0,0,0,0,0,0,0,0,0,0,0,0,0,0,0,0,0,0,0,0,0,0,0,0,0,0,0,0,0,0,0,0,0,0,0,0,0,0,0,0,0,0,0,0,0,0,0,0,0,0,0,0,0,0,0,0,0,0,0,0,0,0,0,0,0,0,0,0,0,0,0,0,0,0,0,0,0,0,0,0,0,0,0,0,0,0,0,0,0,0,0,0,0,0,0,0,0,0,0,0,0,0,0,0,0,0,0,0,0,0,0,0,0,0,0,0,0,0,0,0,0,0,0,0,0,0,0,0,0,0,0,0,0,0,0,0,0,0,0,0,0,0,0,0,0,0,0,0,0,
34208,0,0,0,0,0,0,0,0,0,0,0,0,0,0,0,0,0,0,0,0,0,0,0,0,0,0,0,0,0,0,0,0,0,0,0,0,0,0,0,0,0,0,0,0,0,0,0,0,0,0,0,0,0,0,0,0,0,0,0,0,0,0,0,0,0,0,0,0,0,0,0,0,0,0,0,0,0,0,0,0,0,0,0,0,0,0,0,0,0,0,0,0,0,0,0,0,0,0,0,0,0,0,0,0,0,0,0,0,0,0,0,0,0,0,0,0,0,0,0,0,0,0,0,0,0,0,0,0,0,0,0,0,0,0,0,0,0,0,0,0,0,0,0,0,0,0,0,0,0,0,0,0,0,0,0,0,0,0,0,0,0,0,0,0,0,0,0,0,0,0,0,0,0,0,0,0,0,0,0,0,0,0,0,0,0,0,0,0,0,0,0,0,0,0,0,0,0,0,0,0,0,0,0,0,0,0,0,0,0,0,0,0,0,0,0,0,0,0,0,0,0,0,0,0,0,0,0,0,0,0,0,0,0,0,0,0,0,0,0,0,0,0,0,0,0,0,0,0,0,0,0,0,0,0,0,0,0,0,0,0,0,0,0,0,0,0,0,0,0,0,0,0,0,0,0,
34209,0,0,0,0,0,0,0,0,0,0,0,0,0,0,0,0,0,0,0,0,0,0,0,0,0,0,0,0,0,0,0,0,0,0,0,0,0,0,0,0,0,0,0,0,0,0,0,0,0,0,0,0,0,0,0,0,0,0,0,0,0,0,0,0,0,0,0,0,0,0,0,0,0,0,0,0,0,0,0,0,0,0,0,0,0,0,0,0,0,0,0,0,0,0,0,0,0,0,0,0,0,0,0,0,0,0,0,0,0,0,0,0,0,0,0,0,0,0,0,0,0,0,0,0,0,0,0,0,0,0,0,0,0,0,0,0,0,0,0,0,0,0,0,0,0,0,0,0,0,0,0,0,0,0,0,0,0,0,0,0,0,0,0,0,0,0,0,0,0,0,0,0,0,0,0,0,0,0,0,0,0,0,0,0,0,0,0,0,0,0,0,0,0,0,0,0,0,0,0,0,0,0,0,0,0,0,0,0,0,0,0,0,0,0,0,0,0,0,0,0,0,0,0,0,0,0,0,0,0,0,0,0,0,0,0,0,0,0,0,0,0,0,0,0,0,0,0,0,0,0,0,0,0,0,0,0,0,0,0,0,0,0,0,0,0,0,0,0,0,0,0,0,0,0,0,
34210,116,116,116,116,116,116,116,116,116,116,116,116,116,116,116,116,116,116,116,116,116,116,116,116,116,116,116,116,116,116,116,116,116,116,116,116,116,116,116,116,116,116,116,116,116,116,116,116,116,116,116,116,116,116,116,116,116,116,116,116,116,116,116,116,116,116,116,116,116,116,116,116,116,116,116,116,116,116,116,116,116,116,116,116,116,116,116,116,116,116,116,116,116,116,116,116,116,116,116,116,116,116,116,116,116,116,116,116,116,116,116,116,116,116,116,116,116,116,116,116,116,116,116,116,116,116,116,116,116,116,116,116,116,116,116,116,116,116,116,116,116,116,116,116,116,116,116,116,116,116,116,116,116,116,116,116,116,116,116,116,116,116,116,116,116,116,116,116,116,116,116,116,116,116,116,116,116,116,116,116,116,116,116,116,116,116,116,116,116,116,116,116,116,116,116,116,116,116,116,116,116,116,116,116,116,116,116,116,116,116,116,116,116,116,116,116,116,116,116,116,116,116,116,116,116,116,116,116,116,116,116,116,116,116,116,116,116,116,116,116,116,116,116,116,116,116,116,116,116,116,116,116,116,116,116,116,116,116,116,116,116,116,116,116,116,116,116,116,116,116,116,116,116,116,116,
34211,350,349,349,349,350,347,346,348,345,347,344,344,343,344,345,342,343,342,341,342,341,340,341,340,338,340,341,341,341,341,343,344,345,345,348,349,352,352,353,354,356,357,358,357,359,359,358,359,359,361,360,361,362,361,360,361,361,362,360,360,361,360,360,361,359,360,358,360,358,357,357,356,357,356,355,353,352,353,353,352,350,352,351,350,351,350,349,349,349,348,349,349,350,351,352,352,355,355,357,358,359,360,363,364,363,364,366,368,367,366,366,366,367,368,368,369,368,367,369,367,370,369,369,369,369,367,368,367,367,368,365,364,367,364,365,363,363,361,362,360,359,360,359,359,358,358,357,356,356,356,354,355,355,357,356,357,357,356,359,359,362,361,364,365,367,367,367,370,371,372,371,373,373,374,373,373,373,374,372,374,374,373,375,374,375,373,373,374,373,372,374,373,372,371,370,371,370,371,368,369,368,367,368,367,365,365,364,364,366,364,362,362,360,361,362,360,358,358,361,358,357,358,358,358,356,357,357,357,357,356,357,356,357,358,358,358,359,358,360,360,360,361,362,363,360,361,362,361,361,362,363,362,362,362,360,359,360,360,360,360,360,360,363,360,361,360,361,360,360,359,360,362,359,360,360,
34212,316,314,312,311,310,310,307,306,305,304,303,301,300,299,298,297,296,295,294,294,292,292,291,290,289,308,318,325,332,337,343,349,354,359,364,368,373,377,382,386,381,370,365,361,358,356,354,351,349,347,346,345,344,343,341,340,340,338,336,335,334,332,330,329,327,326,324,323,321,320,318,317,316,315,313,312,311,310,308,308,307,306,304,303,303,301,301,300,310,322,331,338,343,349,356,361,366,370,375,380,384,389,393,397,385,376,372,369,366,363,362,359,357,356,354,353,351,350,348,348,346,345,344,342,341,339,338,337,335,332,331,329,328,326,325,324,324,321,320,319,318,316,315,314,313,312,311,310,310,309,307,306,319,331,338,346,351,357,363,368,373,377,382,387,391,395,399,402,388,381,376,373,371,368,366,364,362,360,359,358,356,355,354,353,351,351,350,347,346,344,343,341,340,338,336,335,333,332,331,329,328,327,325,324,323,322,321,320,318,317,316,315,314,314,313,311,310,310,309,309,308,307,306,306,305,304,304,305,310,314,317,319,321,323,325,327,329,331,332,333,330,328,326,326,325,324,324,323,322,321,321,319,317,317,316,316,315,314,313,313,312,312,311,311,311,311,310,311,309,309,308,307,308,307,307,
34213,273,273,273,273,273,273,273,273,273,273,273,273,273,272,272,272,273,272,273,272,272,272,272,272,272,273,273,274,274,275,275,276,276,277,278,278,278,279,279,280,280,280,281,281,281,281,281,281,281,281,281,281,282,282,281,282,281,281,281,281,281,281,281,281,281,281,281,281,281,281,281,281,281,281,281,281,281,281,281,281,281,281,280,280,281,280,280,280,280,281,281,281,282,282,283,283,284,284,285,285,286,286,287,287,288,288,288,288,288,288,288,288,288,288,288,288,288,288,288,288,288,288,288,288,288,288,288,288,288,288,288,288,288,288,288,288,287,287,288,287,287,287,287,287,287,287,287,287,287,286,287,287,287,287,288,288,288,289,289,290,291,291,292,292,293,294,295,295,296,295,296,296,296,296,296,296,296,296,296,295,296,296,296,295,296,296,295,295,295,295,295,295,296,295,295,295,295,295,295,295,295,295,295,294,294,294,294,294,294,294,294,294,294,293,293,293,293,293,294,293,293,293,293,293,293,293,293,293,293,293,293,293,294,294,294,294,295,295,295,296,296,296,296,296,297,296,297,297,297,297,297,297,297,297,297,297,297,297,296,296,296,296,296,296,296,296,296,296,296,296,295,295,295,295,295,
34214,272,272,272,272,272,272,272,273,273,273,272,273,272,272,272,272,272,272,272,272,272,272,272,272,272,272,273,273,274,274,275,275,276,276,277,277,278,278,278,279,279,280,280,280,280,280,280,280,280,281,281,281,281,281,281,281,281,281,281,281,281,281,281,281,281,281,281,281,281,281,281,281,281,281,281,280,281,281,281,281,281,281,280,280,281,280,280,280,280,280,281,281,281,282,282,283,283,283,284,285,285,285,286,286,287,287,287,287,288,287,288,288,288,288,288,288,288,288,288,288,288,288,288,288,288,288,288,288,288,288,288,288,288,288,288,287,287,287,288,287,287,287,287,287,287,287,287,287,287,286,287,287,287,287,287,288,288,288,289,289,290,290,291,291,292,293,294,294,294,295,295,295,295,295,295,295,295,295,295,295,295,295,295,295,295,295,295,295,295,295,295,295,295,295,295,295,295,295,295,295,294,294,294,294,294,294,294,294,293,293,294,294,293,293,293,293,293,293,293,293,293,293,292,293,293,292,292,292,292,292,293,293,293,293,293,294,294,294,294,295,295,295,296,296,296,295,296,296,296,296,296,296,296,296,296,296,296,296,296,295,295,295,295,295,295,295,295,295,295,295,295,295,294,294,295,
34215,273,273,273,273,273,273,273,273,273,273,273,273,273,273,273,273,273,273,273,273,273,273,273,273,273,273,273,274,274,275,276,276,277,278,278,278,279,279,280,280,281,281,281,281,281,281,281,281,281,281,282,281,282,282,282,282,282,281,281,282,281,281,282,281,281,281,281,281,282,281,281,281,281,281,281,281,281,281,281,281,281,281,280,280,281,281,281,281,280,281,281,281,282,282,283,283,284,284,285,285,286,286,287,287,288,288,288,288,288,288,288,288,288,288,288,288,288,288,288,288,288,288,288,288,288,288,288,288,288,288,288,288,288,288,288,288,287,287,287,287,287,287,287,287,287,287,287,287,287,286,287,286,287,287,287,288,288,289,289,290,290,291,292,292,293,294,294,295,295,295,295,296,296,296,296,295,296,296,295,295,296,296,295,295,296,295,295,295,295,295,295,295,295,295,295,295,295,295,295,295,294,294,294,294,294,294,294,294,293,294,294,294,294,293,293,293,293,293,293,293,293,293,293,293,293,293,292,292,292,293,293,293,293,294,294,294,294,294,295,296,296,296,296,296,296,296,296,296,297,297,296,297,297,297,297,297,297,296,296,296,296,296,296,296,296,295,296,295,295,295,295,295,295,295,295,
34216,271,271,271,271,271,271,271,271,271,271,271,271,271,270,270,271,271,270,270,271,270,270,270,270,270,271,271,272,272,273,273,273,274,275,275,276,276,277,277,278,278,278,279,279,279,279,279,279,279,279,279,279,279,279,279,279,279,279,279,280,279,279,279,279,279,279,279,279,279,279,279,279,279,279,279,279,279,279,279,279,279,279,278,278,279,278,278,278,278,279,279,279,279,280,280,281,281,282,282,283,283,284,284,285,285,285,286,286,286,286,286,286,286,286,286,286,286,286,286,286,286,286,286,286,286,286,286,286,285,286,286,286,285,285,286,285,285,285,285,285,285,285,285,285,285,285,285,285,285,284,284,284,285,284,285,285,286,286,287,287,288,289,289,290,291,291,292,293,293,293,293,293,293,294,293,293,294,294,293,293,293,293,294,293,294,293,293,293,293,293,293,293,294,293,293,293,293,293,293,292,292,292,292,292,292,292,292,292,291,292,292,291,291,291,291,291,291,291,291,291,291,290,290,290,290,290,290,290,290,290,290,291,291,291,291,292,292,292,293,293,293,293,294,294,294,294,294,294,294,294,294,294,294,294,294,294,294,294,294,293,293,294,293,293,293,293,293,293,293,293,293,293,292,292,292,
34217,0,0,0,0,0,0,0,0,0,0,0,0,0,0,0,0,0,0,0,0,0,0,0,0,0,0,0,0,0,0,0,0,0,0,0,0,0,0,0,0,0,0,0,0,0,0,0,0,0,0,0,0,0,0,0,0,0,0,0,0,0,0,0,0,0,0,0,0,0,0,0,0,0,0,0,0,0,0,0,0,0,0,0,0,0,0,0,0,0,0,0,0,0,0,0,0,0,0,0,0,0,0,0,0,0,0,0,0,0,0,0,0,0,0,0,0,0,0,0,0,0,0,0,0,0,0,0,0,0,0,0,0,0,0,0,0,0,0,0,0,0,0,0,0,0,0,0,0,0,0,0,0,0,0,0,0,0,0,0,0,0,0,0,0,0,0,0,0,0,0,0,0,0,0,0,0,0,0,0,0,0,0,0,0,0,0,0,0,0,0,0,0,0,0,0,0,0,0,0,0,0,0,0,0,0,0,0,0,0,0,0,0,0,0,0,0,0,0,0,0,0,0,0,0,0,0,0,0,0,0,0,0,0,0,0,0,0,0,0,0,0,0,0,0,0,0,0,0,0,0,0,0,0,0,0,0,0,0,0,0,0,0,0,0,0,0,0,0,0,0,0,0,0,0,0,
34218,3312,3312,3312,3312,3311,3310,3311,3311,3310,3311,3310,3309,3310,3309,3309,3308,3309,3309,3309,3309,3308,3308,3309,3309,3345,3382,3393,3405,3405,3413,3408,3405,3405,3410,3407,3403,3404,3409,3402,3406,3363,3351,3348,3346,3345,3344,3343,3343,3343,3342,3342,3341,3341,3340,3341,3340,3340,3340,3341,3339,3339,3339,3340,3339,3339,3339,3339,3339,3339,3339,3338,3338,3339,3338,3338,3338,3337,3338,3338,3338,3338,3338,3338,3338,3338,3338,3337,3337,3393,3410,3414,3415,3414,3417,3418,3416,3414,3414,3412,3416,3416,3413,3416,3413,3362,3353,3348,3346,3344,3343,3343,3342,3342,3342,3341,3342,3340,3340,3340,3340,3340,3339,3340,3340,3340,3338,3338,3339,3338,3339,3338,3338,3338,3338,3338,3338,3338,3338,3338,3338,3338,3337,3337,3338,3338,3338,3338,3337,3337,3337,3337,3338,3397,3417,3423,3424,3421,3428,3426,3428,3426,3425,3429,3425,3428,3434,3437,3418,3367,3356,3350,3347,3345,3343,3343,3342,3340,3340,3340,3339,3339,3339,3338,3338,3338,3339,3338,3338,3338,3337,3337,3337,3337,3337,3337,3337,3337,3337,3336,3336,3336,3336,3337,3336,3337,3337,3337,3336,3337,3336,3336,3337,3336,3336,3336,3336,3337,3335,3336,3336,3336,3337,3336,3336,3336,3336,3335,3363,3390,3403,3410,3414,3416,3421,3421,3425,3427,3432,3435,3441,3412,3404,3403,3406,3407,3412,3418,3424,3436,3448,3449,3430,3422,3417,3412,3409,3406,3404,3402,3400,3399,3398,3397,3396,3395,3394,3394,3394,3393,3393,3392,3392,3392,3390,3390,
34219,3311,3311,3311,3311,3310,3311,3309,3311,3310,3309,3309,3309,3308,3309,3309,3308,3308,3307,3309,3308,3308,3307,3308,3308,3345,3381,3394,3403,3406,3412,3408,3405,3405,3409,3405,3403,3405,3409,3404,3406,3363,3352,3349,3346,3345,3344,3344,3344,3344,3342,3342,3341,3342,3341,3341,3341,3341,3341,3340,3339,3339,3340,3339,3339,3339,3339,3338,3340,3339,3339,3339,3338,3339,3338,3339,3338,3338,3338,3338,3338,3338,3338,3338,3338,3338,3338,3337,3338,3390,3411,3414,3414,3413,3417,3418,3417,3416,3413,3413,3416,3416,3415,3414,3415,3362,3353,3349,3346,3345,3344,3343,3342,3343,3342,3341,3341,3341,3340,3341,3339,3340,3340,3339,3340,3340,3339,3339,3340,3339,3339,3339,3339,3339,3339,3339,3338,3338,3339,3338,3338,3338,3339,3338,3338,3338,3338,3337,3338,3338,3338,3337,3338,3400,3416,3422,3426,3425,3427,3428,3428,3426,3427,3430,3427,3429,3435,3437,3420,3367,3355,3351,3347,3346,3344,3343,3342,3341,3341,3340,3340,3340,3339,3339,3340,3338,3338,3338,3338,3337,3338,3337,3337,3338,3338,3337,3338,3337,3337,3337,3338,3337,3337,3337,3337,3338,3337,3337,3337,3337,3336,3336,3336,3337,3337,3337,3336,3337,3337,3337,3336,3337,3336,3336,3337,3337,3337,3336,3363,3390,3403,3410,3414,3416,3419,3421,3425,3426,3431,3433,3440,3412,3404,3402,3403,3407,3412,3417,3424,3437,3450,3452,3434,3426,3420,3416,3412,3410,3408,3407,3406,3404,3403,3402,3402,3401,3400,3399,3399,3398,3397,3397,3398,3397,3396,3396,
34220,3313,3311,3312,3312,3312,3312,3310,3310,3311,3310,3309,3310,3310,3309,3309,3310,3309,3310,3309,3309,3309,3308,3309,3308,3344,3379,3392,3404,3404,3411,3406,3404,3405,3407,3404,3400,3403,3408,3402,3403,3363,3352,3348,3346,3345,3345,3343,3344,3342,3343,3342,3342,3341,3341,3340,3340,3341,3341,3340,3340,3340,3340,3339,3340,3340,3340,3339,3339,3338,3339,3339,3338,3338,3338,3338,3338,3338,3339,3338,3338,3338,3338,3338,3338,3337,3337,3338,3337,3389,3407,3412,3410,3412,3414,3414,3414,3414,3412,3411,3414,3413,3412,3413,3412,3362,3352,3348,3346,3344,3343,3344,3343,3341,3342,3342,3342,3340,3341,3340,3340,3340,3340,3340,3340,3339,3339,3339,3339,3339,3338,3340,3338,3338,3338,3338,3338,3338,3338,3338,3338,3339,3338,3337,3338,3338,3338,3337,3337,3338,3338,3337,3338,3397,3414,3420,3423,3421,3424,3425,3426,3424,3424,3428,3425,3426,3433,3434,3417,3366,3355,3349,3347,3345,3343,3343,3341,3341,3340,3340,3340,3339,3339,3339,3339,3339,3338,3338,3338,3338,3338,3338,3337,3338,3338,3337,3337,3338,3337,3337,3337,3337,3337,3337,3337,3336,3336,3337,3337,3337,3336,3336,3336,3336,3336,3336,3337,3336,3336,3337,3335,3336,3336,3337,3336,3337,3336,3336,3363,3389,3401,3408,3412,3414,3417,3418,3423,3423,3428,3429,3435,3408,3401,3399,3399,3402,3407,3412,3418,3428,3440,3441,3424,3417,3411,3408,3404,3402,3400,3398,3397,3395,3394,3394,3393,3392,3392,3392,3392,3390,3389,3389,3390,3388,3388,3388,
34221,3315,3314,3313,3314,3313,3312,3313,3312,3312,3312,3312,3312,3311,3310,3312,3311,3311,3311,3311,3311,3310,3310,3310,3311,3347,3382,3393,3404,3405,3412,3407,3406,3404,3407,3404,3405,3403,3408,3404,3403,3363,3353,3348,3347,3345,3345,3344,3344,3344,3343,3342,3342,3342,3341,3342,3341,3341,3341,3341,3341,3340,3340,3339,3340,3340,3340,3340,3340,3340,3340,3340,3339,3339,3339,3339,3339,3339,3338,3339,3339,3339,3338,3338,3339,3337,3338,3339,3338,3389,3408,3412,3412,3412,3416,3415,3416,3414,3413,3411,3416,3416,3414,3414,3412,3362,3353,3349,3347,3346,3345,3344,3344,3343,3343,3342,3342,3342,3341,3341,3341,3341,3340,3341,3341,3340,3340,3340,3339,3340,3339,3339,3339,3339,3339,3339,3339,3339,3339,3339,3338,3339,3339,3339,3338,3339,3338,3339,3338,3338,3338,3338,3338,3399,3414,3421,3423,3421,3425,3426,3426,3424,3424,3428,3426,3428,3434,3435,3417,3367,3356,3350,3348,3345,3345,3344,3343,3342,3342,3340,3341,3341,3340,3340,3340,3340,3339,3339,3339,3338,3339,3338,3337,3338,3338,3338,3338,3338,3338,3338,3338,3338,3338,3337,3338,3338,3338,3337,3337,3338,3338,3338,3337,3337,3338,3337,3337,3337,3337,3337,3337,3337,3337,3337,3338,3337,3337,3337,3363,3389,3402,3408,3413,3414,3416,3419,3424,3423,3427,3429,3435,3408,3399,3397,3399,3400,3404,3408,3413,3422,3428,3426,3411,3404,3398,3394,3391,3389,3386,3385,3384,3381,3381,3381,3379,3378,3378,3377,3377,3377,3376,3376,3375,3375,3375,3374,
34222,3313,3313,3312,3312,3310,3312,3311,3310,3310,3310,3309,3309,3309,3310,3309,3309,3309,3309,3308,3309,3308,3309,3308,3308,3345,3379,3392,3403,3405,3411,3406,3405,3404,3408,3406,3404,3405,3408,3404,3403,3362,3351,3348,3346,3345,3344,3343,3343,3342,3341,3342,3341,3341,3340,3340,3340,3341,3340,3340,3338,3339,3339,3339,3340,3338,3339,3338,3339,3338,3339,3339,3338,3339,3339,3338,3338,3338,3338,3338,3337,3338,3338,3338,3338,3338,3338,3338,3338,3389,3407,3414,3412,3413,3415,3415,3416,3415,3413,3411,3415,3416,3414,3413,3412,3361,3352,3348,3346,3345,3343,3342,3342,3342,3341,3341,3341,3340,3340,3340,3340,3340,3340,3339,3339,3339,3340,3339,3339,3338,3338,3338,3339,3339,3338,3338,3338,3338,3338,3338,3337,3338,3338,3338,3337,3338,3338,3338,3338,3337,3337,3336,3337,3400,3416,3421,3424,3421,3426,3427,3426,3425,3426,3426,3426,3427,3435,3437,3418,3367,3355,3350,3347,3344,3344,3342,3341,3341,3340,3340,3339,3338,3339,3338,3339,3339,3338,3338,3338,3338,3338,3337,3338,3337,3338,3336,3337,3337,3337,3338,3337,3336,3337,3336,3336,3336,3337,3337,3336,3336,3336,3336,3336,3335,3337,3337,3335,3337,3336,3336,3335,3337,3336,3336,3336,3335,3337,3336,3365,3389,3402,3410,3414,3417,3418,3421,3427,3428,3433,3435,3442,3416,3408,3406,3408,3411,3419,3425,3435,3451,3469,3475,3455,3447,3440,3436,3432,3429,3428,3427,3425,3423,3422,3421,3421,3420,3419,3419,3418,3417,3417,3417,3417,3416,3416,3415,
34223,3312,3312,3311,3311,3311,3310,3310,3310,3310,3309,3309,3309,3309,3309,3309,3309,3308,3309,3309,3308,3308,3309,3308,3308,3345,3377,3391,3404,3404,3410,3407,3406,3405,3409,3407,3406,3405,3409,3403,3404,3364,3352,3348,3347,3346,3345,3345,3343,3343,3342,3342,3341,3342,3341,3341,3341,3341,3341,3341,3341,3340,3341,3340,3340,3339,3340,3340,3340,3340,3339,3339,3339,3340,3339,3339,3339,3339,3338,3339,3339,3339,3338,3339,3338,3338,3338,3338,3338,3391,3408,3414,3412,3413,3417,3416,3417,3416,3413,3413,3417,3417,3414,3414,3412,3362,3353,3349,3347,3345,3345,3343,3344,3342,3343,3342,3342,3341,3341,3341,3341,3341,3340,3340,3340,3340,3340,3340,3340,3339,3339,3339,3339,3339,3338,3338,3340,3338,3338,3339,3338,3338,3338,3339,3338,3339,3338,3338,3338,3339,3338,3338,3338,3401,3419,3424,3426,3420,3428,3428,3426,3424,3426,3426,3428,3428,3435,3433,3416,3366,3355,3350,3348,3345,3344,3344,3343,3341,3341,3341,3340,3340,3340,3339,3339,3339,3339,3339,3339,3339,3338,3338,3339,3338,3338,3338,3338,3337,3338,3338,3338,3338,3338,3338,3338,3338,3337,3337,3337,3337,3337,3338,3338,3337,3337,3338,3337,3338,3336,3337,3337,3337,3338,3337,3337,3337,3337,3336,3367,3390,3401,3408,3414,3416,3417,3418,3426,3423,3429,3430,3434,3409,3400,3398,3399,3402,3407,3411,3417,3427,3437,3435,3421,3412,3407,3402,3400,3397,3396,3394,3393,3392,3391,3390,3388,3388,3388,3388,3387,3386,3385,3385,3384,3384,3384,3383,
34224,3315,3315,3315,3315,3315,3314,3313,3314,3313,3313,3312,3312,3312,3312,3311,3312,3311,3312,3312,3311,3312,3311,3311,3312,3345,3381,3394,3405,3403,3409,3405,3404,3403,3407,3404,3404,3404,3406,3404,3403,3363,3351,3348,3346,3345,3343,3343,3343,3343,3342,3342,3341,3341,3341,3339,3340,3340,3341,3340,3340,3340,3340,3339,3339,3340,3339,3339,3340,3339,3338,3339,3338,3338,3338,3338,3338,3338,3338,3338,3337,3338,3338,3338,3337,3337,3337,3337,3337,3389,3405,3412,3410,3411,3415,3414,3414,3412,3410,3411,3414,3415,3411,3413,3410,3361,3352,3348,3347,3345,3344,3343,3343,3342,3342,3342,3341,3340,3341,3340,3340,3340,3340,3339,3339,3339,3339,3339,3339,3339,3338,3339,3338,3339,3338,3338,3338,3339,3338,3337,3338,3338,3338,3338,3338,3338,3338,3338,3337,3337,3336,3337,3337,3399,3416,3422,3423,3418,3424,3426,3424,3420,3424,3423,3426,3426,3432,3430,3415,3366,3355,3350,3347,3345,3343,3343,3342,3341,3341,3341,3340,3339,3340,3338,3339,3339,3338,3338,3338,3338,3338,3337,3337,3338,3338,3338,3337,3336,3338,3337,3337,3337,3337,3336,3337,3338,3337,3337,3336,3337,3337,3336,3336,3337,3337,3336,3336,3337,3336,3336,3337,3337,3337,3336,3336,3336,3336,3336,3364,3388,3400,3407,3411,3413,3416,3417,3422,3422,3428,3428,3432,3406,3399,3397,3397,3400,3403,3407,3410,3419,3425,3423,3407,3398,3394,3390,3386,3383,3381,3379,3378,3377,3376,3375,3374,3373,3373,3372,3372,3372,3371,3370,3370,3370,3369,3370,
34225,3315,3315,3313,3313,3314,3313,3313,3312,3312,3312,3312,3312,3312,3312,3311,3312,3311,3311,3311,3310,3310,3311,3310,3310,3347,3382,3394,3406,3406,3412,3408,3407,3407,3409,3407,3406,3404,3410,3408,3404,3363,3352,3349,3347,3346,3345,3345,3343,3343,3343,3342,3342,3342,3342,3342,3341,3341,3340,3341,3341,3340,3341,3340,3341,3339,3340,3340,3340,3340,3340,3339,3339,3339,3340,3339,3339,3339,3339,3338,3339,3338,3338,3339,3339,3338,3338,3339,3337,3391,3410,3414,3413,3414,3417,3416,3417,3415,3413,3414,3417,3418,3414,3414,3412,3363,3353,3349,3347,3345,3345,3344,3343,3343,3342,3343,3342,3341,3341,3341,3341,3341,3341,3341,3341,3339,3339,3340,3339,3339,3340,3339,3339,3339,3339,3340,3339,3339,3339,3339,3338,3338,3338,3339,3339,3339,3338,3338,3338,3339,3338,3338,3337,3400,3418,3424,3425,3421,3426,3429,3427,3423,3425,3427,3429,3428,3432,3433,3416,3367,3357,3350,3348,3346,3344,3343,3342,3342,3341,3341,3341,3341,3340,3340,3339,3340,3340,3339,3339,3338,3338,3338,3338,3338,3339,3338,3338,3338,3338,3337,3338,3338,3338,3338,3337,3338,3338,3338,3338,3337,3337,3337,3337,3338,3337,3337,3337,3337,3337,3338,3337,3337,3337,3337,3337,3338,3336,3337,3366,3390,3401,3408,3412,3415,3417,3418,3424,3423,3428,3429,3432,3406,3398,3396,3396,3397,3401,3403,3408,3414,3419,3413,3399,3392,3387,3381,3378,3377,3373,3372,3371,3369,3368,3367,3367,3366,3365,3364,3363,3363,3362,3362,3362,3361,3361,3360,
34226,3312,3311,3310,3312,3310,3311,3310,3309,3310,3310,3309,3309,3308,3309,3309,3309,3309,3309,3308,3309,3308,3308,3309,3308,3342,3377,3393,3403,3405,3407,3406,3405,3405,3406,3403,3404,3403,3408,3405,3402,3363,3352,3347,3346,3344,3344,3343,3343,3342,3342,3341,3341,3341,3340,3340,3341,3339,3339,3340,3340,3339,3339,3340,3340,3339,3339,3338,3339,3338,3338,3338,3338,3338,3338,3338,3338,3337,3338,3338,3338,3338,3337,3338,3337,3337,3338,3338,3338,3389,3406,3413,3411,3411,3415,3414,3414,3413,3409,3414,3414,3417,3411,3413,3410,3360,3351,3348,3346,3345,3344,3343,3343,3341,3341,3341,3341,3340,3340,3340,3341,3340,3339,3339,3340,3339,3339,3339,3339,3339,3339,3338,3338,3338,3338,3338,3338,3336,3337,3337,3338,3338,3338,3338,3338,3337,3338,3338,3337,3338,3338,3338,3338,3398,3418,3422,3423,3419,3426,3427,3425,3421,3423,3424,3426,3424,3431,3431,3414,3366,3354,3349,3346,3344,3343,3342,3341,3341,3341,3340,3340,3340,3339,3338,3338,3339,3338,3338,3338,3338,3338,3337,3337,3338,3337,3337,3337,3337,3338,3337,3337,3337,3337,3337,3336,3337,3336,3336,3337,3336,3336,3335,3337,3336,3335,3337,3335,3336,3336,3337,3336,3336,3336,3336,3335,3336,3336,3335,3364,3388,3399,3407,3411,3413,3416,3417,3421,3421,3428,3428,3432,3405,3398,3396,3396,3399,3403,3406,3411,3419,3427,3424,3409,3402,3395,3393,3389,3386,3385,3384,3381,3380,3380,3378,3377,3377,3376,3376,3375,3374,3374,3373,3374,3373,3372,3373,
34227,3316,3315,3314,3314,3314,3313,3312,3313,3312,3313,3312,3312,3312,3312,3312,3312,3311,3311,3311,3311,3310,3311,3311,3311,3347,3381,3396,3405,3405,3408,3406,3406,3406,3408,3404,3405,3403,3408,3405,3403,3363,3352,3348,3346,3346,3344,3345,3343,3344,3343,3342,3343,3342,3341,3341,3340,3341,3341,3341,3339,3340,3341,3340,3340,3339,3340,3339,3339,3339,3339,3339,3339,3339,3339,3339,3338,3338,3338,3339,3338,3338,3339,3338,3338,3338,3338,3338,3338,3390,3408,3412,3412,3411,3416,3415,3416,3414,3409,3414,3417,3417,3412,3414,3412,3363,3353,3349,3347,3345,3344,3345,3343,3343,3343,3343,3342,3341,3341,3340,3341,3341,3341,3341,3340,3339,3339,3340,3339,3339,3339,3339,3339,3339,3339,3339,3339,3340,3339,3338,3338,3338,3338,3338,3338,3338,3338,3339,3338,3338,3338,3338,3338,3400,3419,3425,3424,3420,3429,3430,3425,3422,3423,3426,3429,3428,3433,3433,3417,3368,3356,3350,3348,3345,3344,3343,3342,3342,3341,3341,3340,3340,3340,3340,3339,3340,3339,3339,3339,3338,3338,3338,3338,3338,3338,3338,3338,3338,3338,3338,3338,3338,3338,3337,3338,3337,3338,3338,3337,3337,3337,3337,3337,3337,3337,3336,3337,3337,3336,3338,3336,3338,3337,3336,3337,3337,3337,3337,3365,3390,3401,3411,3415,3417,3421,3423,3426,3428,3434,3437,3442,3415,3409,3406,3408,3412,3417,3425,3433,3448,3466,3473,3453,3444,3439,3434,3431,3429,3427,3425,3424,3423,3421,3420,3420,3419,3419,3418,3417,3417,3417,3416,3417,3416,3415,3414,
34228,3311,3310,3309,3310,3309,3310,3309,3309,3309,3309,3308,3309,3309,3308,3309,3309,3308,3308,3307,3308,3307,3307,3307,3307,3344,3380,3392,3403,3406,3407,3405,3404,3403,3407,3403,3403,3400,3407,3404,3402,3362,3350,3347,3345,3345,3344,3343,3342,3342,3341,3341,3340,3342,3340,3341,3340,3340,3339,3340,3339,3340,3339,3340,3339,3339,3338,3338,3338,3339,3338,3338,3338,3339,3338,3338,3338,3338,3338,3338,3338,3338,3337,3337,3338,3337,3337,3338,3338,3389,3407,3413,3414,3412,3416,3414,3415,3413,3408,3414,3416,3417,3411,3413,3411,3361,3352,3347,3346,3345,3344,3344,3342,3342,3342,3341,3340,3340,3340,3340,3340,3340,3339,3339,3338,3339,3339,3339,3339,3338,3339,3339,3339,3339,3338,3339,3338,3338,3338,3338,3338,3338,3337,3337,3338,3337,3337,3337,3337,3337,3337,3337,3337,3398,3417,3423,3424,3421,3428,3428,3424,3421,3422,3425,3427,3426,3432,3432,3416,3366,3355,3349,3347,3344,3344,3343,3342,3341,3339,3340,3339,3339,3339,3339,3339,3338,3337,3338,3337,3337,3337,3336,3338,3337,3338,3337,3337,3337,3337,3337,3336,3337,3336,3336,3336,3337,3336,3337,3336,3336,3336,3336,3336,3337,3336,3336,3335,3336,3336,3336,3336,3336,3336,3337,3336,3335,3336,3335,3364,3389,3400,3410,3414,3415,3420,3421,3424,3425,3432,3435,3443,3416,3411,3410,3414,3419,3428,3441,3459,3488,3534,3576,3524,3510,3503,3497,3494,3492,3489,3488,3486,3484,3483,3482,3482,3480,3480,3479,3479,3478,3477,3477,3476,3476,3475,3475,
34229,3313,3314,3313,3313,3313,3312,3312,3312,3312,3311,3311,3312,3311,3311,3310,3311,3311,3310,3310,3310,3310,3310,3310,3310,3349,3384,3397,3406,3408,3409,3409,3407,3405,3409,3404,3405,3402,3408,3406,3405,3363,3352,3349,3347,3345,3344,3345,3344,3344,3343,3343,3342,3341,3342,3342,3341,3341,3341,3341,3341,3340,3341,3340,3340,3340,3340,3339,3340,3339,3339,3340,3339,3339,3339,3338,3338,3339,3339,3339,3338,3339,3338,3338,3339,3338,3338,3339,3338,3390,3409,3414,3415,3413,3417,3415,3417,3414,3410,3416,3417,3419,3413,3416,3413,3363,3353,3349,3347,3345,3345,3344,3344,3343,3342,3343,3342,3341,3341,3341,3341,3341,3341,3341,3340,3340,3340,3341,3339,3340,3340,3339,3339,3339,3339,3339,3339,3339,3338,3339,3339,3338,3338,3339,3338,3338,3338,3339,3340,3338,3337,3338,3339,3401,3418,3425,3425,3422,3431,3429,3426,3423,3423,3428,3428,3428,3432,3433,3418,3367,3356,3350,3348,3345,3344,3343,3342,3342,3341,3341,3341,3339,3340,3339,3339,3339,3340,3339,3338,3339,3338,3338,3338,3339,3338,3338,3338,3338,3338,3339,3338,3338,3337,3337,3338,3337,3338,3338,3338,3337,3337,3338,3338,3337,3337,3338,3337,3338,3337,3337,3336,3337,3337,3337,3337,3337,3337,3336,3364,3390,3400,3409,3412,3414,3419,3419,3423,3422,3429,3429,3433,3406,3399,3396,3398,3399,3401,3405,3409,3415,3422,3417,3401,3394,3388,3385,3381,3379,3377,3375,3374,3372,3371,3370,3370,3368,3367,3367,3367,3366,3365,3365,3365,3363,3364,3363,
34230,3312,3312,3312,3312,3311,3312,3312,3311,3311,3310,3311,3311,3310,3309,3309,3309,3309,3309,3309,3309,3309,3308,3308,3309,3347,3383,3395,3404,3406,3407,3408,3405,3403,3408,3401,3403,3401,3407,3405,3403,3362,3352,3347,3346,3345,3344,3343,3342,3342,3341,3341,3341,3340,3340,3341,3340,3341,3340,3340,3340,3340,3339,3339,3340,3340,3339,3338,3339,3338,3338,3338,3338,3338,3338,3338,3340,3338,3338,3338,3338,3338,3338,3337,3338,3338,3337,3338,3338,3389,3407,3413,3414,3412,3416,3414,3416,3413,3409,3415,3415,3416,3414,3414,3414,3361,3352,3348,3347,3344,3344,3343,3342,3342,3342,3341,3341,3341,3341,3341,3340,3339,3339,3339,3339,3339,3339,3339,3339,3339,3339,3338,3338,3338,3338,3338,3338,3338,3338,3337,3338,3338,3338,3338,3338,3338,3338,3338,3337,3337,3337,3337,3338,3399,3417,3422,3423,3421,3428,3428,3425,3422,3424,3426,3427,3426,3431,3433,3417,3366,3356,3350,3348,3345,3344,3343,3342,3341,3340,3340,3339,3340,3339,3339,3338,3339,3338,3338,3338,3338,3338,3337,3338,3337,3337,3337,3338,3337,3336,3337,3337,3337,3337,3336,3336,3337,3336,3336,3337,3336,3336,3335,3337,3336,3336,3336,3336,3336,3337,3337,3336,3337,3336,3336,3336,3335,3336,3336,3363,3390,3398,3409,3412,3415,3419,3421,3424,3424,3430,3431,3437,3410,3402,3401,3402,3406,3409,3415,3423,3432,3446,3448,3429,3422,3417,3412,3409,3407,3405,3403,3402,3399,3399,3398,3397,3397,3396,3395,3395,3395,3393,3394,3394,3393,3393,3392,
34231,3313,3312,3311,3311,3311,3310,3311,3311,3311,3311,3310,3311,3310,3309,3310,3309,3309,3309,3309,3309,3310,3309,3309,3309,3348,3383,3395,3405,3407,3408,3409,3406,3403,3409,3404,3405,3403,3409,3406,3404,3363,3352,3349,3346,3346,3345,3345,3344,3343,3343,3343,3343,3341,3342,3342,3341,3341,3341,3341,3340,3341,3340,3340,3340,3340,3341,3339,3340,3339,3339,3339,3339,3340,3339,3338,3339,3339,3339,3338,3338,3339,3338,3339,3338,3338,3339,3338,3339,3391,3409,3414,3416,3413,3418,3416,3417,3415,3411,3416,3417,3418,3415,3413,3414,3362,3353,3349,3348,3345,3345,3345,3344,3342,3342,3342,3342,3341,3342,3341,3341,3341,3341,3341,3341,3340,3340,3340,3340,3340,3339,3340,3339,3339,3340,3339,3339,3339,3339,3339,3339,3338,3339,3339,3339,3338,3339,3338,3338,3338,3339,3338,3338,3400,3418,3424,3424,3424,3430,3430,3427,3425,3425,3431,3429,3428,3432,3435,3418,3368,3356,3350,3348,3346,3345,3344,3342,3342,3341,3341,3340,3340,3340,3339,3339,3339,3339,3339,3339,3339,3338,3338,3338,3338,3339,3338,3338,3338,3338,3339,3338,3338,3338,3337,3338,3338,3338,3338,3338,3337,3338,3338,3337,3337,3338,3338,3336,3337,3337,3338,3337,3337,3336,3338,3337,3336,3337,3336,3363,3393,3401,3410,3414,3416,3421,3420,3425,3426,3431,3433,3440,3412,3405,3403,3405,3408,3412,3420,3427,3441,3457,3460,3443,3434,3428,3423,3421,3418,3415,3414,3413,3411,3410,3409,3408,3408,3408,3407,3406,3405,3406,3404,3405,3404,3403,3402,
34232,3312,3312,3311,3311,3311,3311,3310,3310,3310,3310,3309,3309,3310,3309,3309,3309,3309,3308,3309,3308,3308,3308,3308,3307,3347,3382,3395,3406,3405,3409,3411,3406,3403,3409,3403,3405,3405,3408,3405,3404,3362,3352,3348,3346,3344,3344,3343,3343,3343,3341,3341,3341,3341,3340,3340,3339,3339,3340,3340,3339,3339,3339,3339,3339,3339,3339,3339,3339,3338,3338,3338,3338,3338,3338,3338,3338,3338,3338,3338,3338,3337,3338,3338,3337,3338,3337,3338,3337,3390,3408,3411,3414,3414,3417,3415,3417,3415,3413,3414,3412,3416,3414,3413,3415,3362,3352,3348,3345,3345,3344,3344,3342,3341,3341,3341,3341,3339,3340,3340,3340,3339,3339,3339,3339,3339,3339,3339,3339,3338,3338,3339,3338,3338,3338,3338,3339,3338,3338,3338,3337,3338,3337,3336,3336,3338,3338,3337,3337,3337,3337,3336,3337,3397,3417,3422,3424,3425,3429,3427,3428,3431,3426,3429,3430,3426,3432,3434,3419,3367,3355,3349,3346,3345,3343,3342,3341,3341,3339,3339,3340,3339,3339,3338,3339,3338,3338,3337,3338,3337,3338,3337,3336,3336,3337,3337,3336,3337,3337,3336,3337,3336,3337,3337,3336,3336,3336,3337,3335,3336,3335,3336,3336,3336,3336,3336,3335,3335,3336,3336,3335,3335,3335,3336,3336,3335,3336,3335,3363,3391,3404,3407,3413,3415,3420,3420,3424,3424,3430,3434,3438,3410,3402,3399,3401,3403,3406,3411,3416,3425,3433,3431,3414,3406,3400,3395,3392,3390,3389,3386,3385,3383,3382,3381,3380,3380,3378,3378,3377,3377,3377,3376,3376,3375,3375,3375,
34233,3312,3312,3312,3311,3312,3311,3311,3311,3310,3311,3310,3310,3310,3309,3309,3309,3309,3309,3309,3308,3309,3308,3308,3309,3349,3382,3397,3406,3404,3409,3410,3407,3403,3409,3403,3406,3406,3408,3405,3404,3363,3352,3347,3346,3344,3344,3342,3343,3342,3341,3341,3341,3341,3340,3340,3339,3341,3340,3339,3339,3340,3340,3338,3338,3338,3338,3339,3338,3338,3339,3338,3338,3338,3338,3338,3337,3338,3338,3337,3338,3337,3337,3337,3337,3338,3337,3338,3337,3391,3409,3410,3413,3414,3419,3416,3417,3417,3413,3414,3413,3416,3414,3413,3414,3361,3352,3348,3346,3345,3344,3343,3343,3341,3341,3341,3340,3340,3340,3340,3339,3339,3339,3339,3339,3339,3339,3339,3338,3338,3339,3338,3338,3338,3338,3338,3338,3338,3338,3337,3337,3337,3337,3338,3337,3337,3337,3337,3337,3337,3337,3337,3337,3397,3416,3421,3425,3425,3429,3427,3429,3432,3426,3430,3429,3425,3432,3435,3421,3367,3355,3350,3346,3345,3343,3342,3341,3341,3339,3340,3339,3339,3338,3338,3338,3338,3338,3337,3337,3337,3337,3337,3337,3337,3336,3336,3336,3337,3335,3336,3337,3335,3335,3335,3337,3336,3336,3336,3336,3335,3335,3337,3335,3336,3336,3336,3335,3336,3336,3335,3336,3335,3335,3335,3335,3335,3335,3336,3363,3392,3402,3408,3414,3417,3420,3424,3426,3427,3435,3441,3447,3418,3411,3410,3412,3417,3423,3432,3444,3462,3485,3498,3470,3461,3455,3451,3446,3444,3442,3440,3439,3437,3436,3436,3433,3433,3432,3433,3431,3432,3430,3430,3430,3429,3428,3428,
34300,5325,5323,5320,5318,5315,5314,5312,5311,5309,5308,5307,5306,5306,5304,5304,5303,5302,5302,5301,5300,5300,5299,5299,5299,5299,5299,5298,5298,5298,5297,5297,5297,5297,5297,5296,5296,5296,5296,5296,5296,5365,5420,5436,5443,5452,5449,5450,5452,5454,5447,5456,5448,5448,5452,5454,5455,5380,5363,5357,5353,5352,5350,5350,5348,5347,5347,5346,5345,5345,5345,5345,5344,5344,5343,5343,5344,5343,5343,5342,5342,5342,5341,5342,5342,5341,5341,5341,5341,5341,5340,5341,5340,5341,5340,5341,5340,5340,5340,5340,5339,5340,5340,5340,5340,5428,5450,5463,5467,5468,5463,5469,5464,5462,5469,5460,5468,5468,5468,5461,5467,5380,5364,5357,5354,5352,5350,5349,5348,5347,5347,5345,5345,5345,5344,5344,5344,5343,5343,5343,5343,5342,5342,5342,5342,5342,5341,5341,5342,5341,5341,5341,5341,5341,5341,5340,5341,5340,5340,5340,5340,5340,5340,5340,5340,5340,5339,5340,5340,5437,5468,5472,5483,5486,5486,5483,5488,5490,5486,5483,5485,5487,5489,5494,5494,5392,5371,5362,5356,5352,5350,5348,5347,5346,5344,5344,5343,5342,5342,5341,5341,5341,5340,5341,5340,5339,5339,5339,5339,5339,5339,5339,5339,5339,5338,5338,5338,5338,5338,5338,5338,5337,5337,5337,5337,5337,5337,5337,5337,5337,5337,5337,5337,5337,5337,5337,5337,5337,5336,5337,5337,5336,5336,5336,5336,5336,5336,5337,5336,5336,5336,5336,5397,5434,5453,5463,5471,5475,5477,5485,5487,5495,5499,5515,5516,5471,5463,5466,5470,5479,5494,5518,5546,5514,5491,5479,
34301,0,0,0,0,0,0,0,0,0,0,0,0,0,0,0,0,0,0,0,0,0,0,0,0,0,0,0,0,0,0,0,0,0,0,0,0,0,0,0,0,378,374,373,372,372,372,372,372,372,372,373,373,373,373,373,373,0,0,0,0,0,0,0,0,0,0,0,0,0,0,0,0,0,0,0,0,0,0,0,0,0,0,0,0,0,0,0,0,0,0,0,0,0,0,0,0,0,0,0,0,0,0,0,0,373,372,371,371,371,371,371,371,371,372,372,372,372,372,372,372,0,0,0,0,0,0,0,0,0,0,0,0,0,0,0,0,0,0,0,0,0,0,0,0,0,0,0,0,0,0,0,0,0,0,0,0,0,0,0,0,0,0,0,0,0,0,0,0,373,371,370,370,370,370,370,370,370,370,370,370,370,370,370,370,0,0,0,0,0,0,0,0,0,0,0,0,0,0,0,0,0,0,0,0,0,0,0,0,0,0,0,0,0,0,0,0,0,0,0,0,0,0,0,0,0,0,0,0,0,0,0,0,0,0,0,0,0,0,0,0,0,0,0,0,0,0,0,0,0,0,0,235,233,232,231,231,231,231,232,232,232,232,231,190,91,90,91,91,90,90,90,90,0,0,0,
34302,601,601,601,601,601,601,601,601,601,601,601,601,601,601,601,601,601,601,601,601,601,601,601,601,601,601,601,601,601,601,601,601,601,601,601,601,601,601,601,601,602,608,614,621,627,633,640,646,652,659,665,672,678,684,691,697,701,701,701,701,701,701,701,701,701,701,701,701,701,701,701,701,701,701,701,701,701,701,701,701,701,701,701,701,701,701,701,701,701,701,701,701,701,701,701,701,701,701,701,701,701,701,701,701,704,710,717,723,729,736,742,748,755,761,767,774,780,786,793,799,801,801,801,801,801,801,801,801,801,801,801,801,801,801,801,801,801,801,801,801,801,801,801,801,801,801,801,801,801,801,801,801,801,801,801,801,801,801,801,801,801,801,801,801,801,801,801,801,805,811,817,824,830,836,843,849,855,862,868,874,881,887,893,900,901,901,901,901,901,901,900,900,900,900,900,900,900,900,900,900,900,900,900,900,900,900,900,900,900,900,900,900,900,900,900,900,900,900,900,900,900,900,900,900,900,900,900,900,900,900,900,900,900,900,900,900,900,900,900,900,900,900,900,900,900,900,900,900,900,900,900,902,906,910,914,918,922,926,930,934,938,942,946,950,951,953,955,956,958,959,960,982,1000,1000,1000,
34303,44,44,44,44,44,44,44,44,44,44,44,44,44,44,44,44,44,44,44,44,44,44,44,44,44,44,44,44,44,44,44,44,44,44,44,44,44,44,44,44,44,44,44,44,44,44,44,44,44,44,44,44,44,44,44,44,44,44,44,44,44,44,44,44,44,44,44,44,44,44,44,44,44,44,44,44,44,44,44,44,44,44,44,44,44,44,44,44,44,44,44,44,44,44,44,44,44,44,44,44,44,44,44,44,44,44,44,44,44,44,44,44,44,44,44,44,44,44,44,44,44,44,44,44,44,44,44,44,44,44,44,44,44,44,44,44,44,44,44,44,44,44,44,44,44,44,44,44,44,44,44,44,44,44,44,44,44,44,44,44,44,44,44,44,44,44,44,44,44,44,44,44,44,44,44,44,44,44,44,44,44,44,44,44,44,44,44,44,44,44,44,44,44,44,44,44,44,44,44,44,44,44,44,44,44,44,44,44,44,44,44,44,44,44,44,44,44,44,44,44,44,44,44,44,44,44,44,44,44,44,44,44,44,44,44,44,44,44,44,44,44,44,44,44,44,44,44,44,44,44,44,44,44,44,44,44,44,44,44,44,44,44,44,44,44,44,44,44,44,44,44,44,44,44,44,
34304,0,0,0,0,0,0,0,0,0,0,0,0,0,0,0,0,0,0,0,0,0,0,0,0,0,0,0,0,0,0,0,0,0,0,0,0,0,0,0,0,3,3,3,3,3,3,3,3,3,3,3,3,3,3,3,3,0,0,0,0,0,0,0,0,0,0,0,0,0,0,0,0,0,0,0,0,0,0,0,0,0,0,0,0,0,0,0,0,0,0,0,0,0,0,0,0,0,0,0,0,0,0,0,0,3,3,3,3,3,3,3,3,3,3,3,3,3,3,3,3,0,0,0,0,0,0,0,0,0,0,0,0,0,0,0,0,0,0,0,0,0,0,0,0,0,0,0,0,0,0,0,0,0,0,0,0,0,0,0,0,0,0,0,0,0,0,0,0,3,3,3,3,3,3,3,3,3,3,3,3,3,3,3,3,0,0,0,0,0,0,0,0,0,0,0,0,0,0,0,0,0,0,0,0,0,0,0,0,0,0,0,0,0,0,0,0,0,0,0,0,0,0,0,0,0,0,0,0,0,0,0,0,0,0,0,0,0,0,0,0,0,0,0,0,0,0,0,0,0,0,3,3,3,3,3,3,3,3,3,3,3,3,3,3,3,3,3,3,3,3,3,3,0,0,0,
34305,3330,3329,3328,3326,3324,3324,3323,3321,3321,3320,3320,3319,3318,3317,3317,3317,3316,3316,3315,3315,3315,3314,3314,3314,3314,3313,3313,3313,3313,3312,3312,3313,3312,3312,3312,3312,3312,3311,3312,3311,3356,3390,3401,3404,3410,3408,3409,3410,3413,3407,3413,3407,3406,3410,3412,3412,3364,3353,3349,3347,3346,3345,3345,3344,3344,3343,3343,3343,3342,3343,3342,3341,3341,3341,3341,3341,3341,3341,3340,3340,3340,3340,3340,3340,3340,3340,3340,3339,3339,3339,3339,3339,3339,3339,3339,3339,3339,3338,3339,3339,3338,3340,3339,3338,3395,3408,3417,3420,3422,3417,3421,3417,3417,3421,3415,3419,3421,3421,3417,3420,3364,3354,3350,3348,3346,3345,3344,3344,3343,3343,3342,3342,3342,3342,3341,3341,3341,3341,3341,3340,3341,3340,3341,3340,3340,3340,3340,3340,3340,3339,3339,3339,3339,3339,3339,3340,3339,3339,3339,3339,3339,3339,3339,3339,3339,3338,3339,3339,3401,3421,3423,3430,3432,3432,3428,3434,3434,3431,3431,3432,3433,3434,3438,3437,3371,3359,3352,3349,3347,3345,3344,3343,3343,3341,3341,3341,3340,3340,3340,3339,3340,3339,3339,3339,3339,3339,3338,3339,3338,3338,3338,3338,3338,3338,3337,3338,3338,3338,3338,3337,3337,3337,3337,3338,3338,3337,3337,3337,3338,3337,3338,3337,3337,3337,3337,3337,3337,3337,3337,3337,3337,3336,3337,3336,3337,3336,3337,3336,3337,3336,3336,3375,3397,3410,3418,3424,3424,3425,3434,3433,3440,3445,3459,3462,3432,3430,3434,3442,3455,3477,3515,3572,3538,3511,3500,
34306,3326,3325,3323,3321,3320,3320,3318,3318,3317,3316,3314,3315,3315,3314,3314,3313,3313,3312,3312,3312,3312,3311,3311,3311,3311,3311,3310,3310,3310,3310,3310,3309,3309,3310,3309,3309,3309,3309,3309,3309,3351,3387,3395,3400,3405,3404,3404,3405,3406,3403,3408,3403,3404,3406,3407,3408,3362,3351,3347,3345,3344,3343,3342,3341,3341,3341,3341,3339,3340,3340,3340,3339,3339,3338,3339,3339,3339,3339,3338,3338,3338,3337,3338,3338,3338,3338,3338,3337,3338,3337,3337,3337,3337,3337,3337,3337,3337,3337,3336,3336,3337,3337,3337,3337,3391,3404,3413,3415,3416,3413,3416,3413,3411,3416,3411,3416,3415,3416,3411,3415,3362,3352,3348,3346,3344,3343,3342,3341,3341,3341,3340,3340,3340,3339,3339,3339,3339,3338,3338,3338,3338,3338,3338,3338,3338,3338,3338,3338,3338,3337,3337,3337,3337,3337,3337,3337,3337,3337,3337,3337,3336,3337,3336,3337,3337,3337,3336,3337,3395,3416,3418,3425,3427,3427,3426,3427,3428,3427,3425,3425,3426,3428,3431,3430,3369,3356,3350,3347,3345,3343,3342,3341,3340,3340,3339,3339,3338,3338,3338,3337,3337,3337,3338,3337,3336,3336,3335,3335,3336,3336,3336,3336,3336,3335,3336,3335,3335,3335,3336,3335,3335,3335,3335,3335,3335,3334,3334,3335,3335,3334,3335,3334,3335,3335,3334,3335,3335,3334,3335,3334,3335,3334,3334,3334,3334,3335,3335,3334,3335,3334,3335,3372,3395,3406,3413,3416,3420,3421,3424,3426,3430,3431,3441,3439,3412,3406,3408,3408,3410,3415,3421,3427,3409,3396,3389,
34307,0,0,0,0,0,0,0,0,0,0,0,0,0,0,0,0,0,0,0,0,0,0,0,0,0,0,0,0,0,0,0,0,0,0,0,0,0,0,0,0,0,0,0,0,0,0,0,0,0,0,0,0,0,0,0,0,0,0,0,0,0,0,0,0,0,0,0,0,0,0,0,0,0,0,0,0,0,0,0,0,0,0,0,0,0,0,0,0,0,0,0,0,0,0,0,0,0,0,0,0,0,0,0,0,0,0,0,0,0,0,0,0,0,0,0,0,0,0,0,0,0,0,0,0,0,0,0,0,0,0,0,0,0,0,0,0,0,0,0,0,0,0,0,0,0,0,0,0,0,0,0,0,0,0,0,0,0,0,0,0,0,0,0,0,0,0,0,0,0,0,0,0,0,0,0,0,0,0,0,0,0,0,0,0,0,0,0,0,0,0,0,0,0,0,0,0,0,0,0,0,0,0,0,0,0,0,0,0,0,0,0,0,0,0,0,0,0,0,0,0,0,0,0,0,0,0,0,0,0,0,0,0,0,0,0,0,0,0,0,0,0,0,0,0,0,0,0,0,0,0,0,0,0,0,0,0,0,0,0,0,0,0,0,0,0,0,0,0,0,0,0,0,0,0,0,
34308,0,0,0,0,0,0,0,0,0,0,0,0,0,0,0,0,0,0,0,0,0,0,0,0,0,0,0,0,0,0,0,0,0,0,0,0,0,0,0,0,0,0,0,0,0,0,0,0,0,0,0,0,0,0,0,0,0,0,0,0,0,0,0,0,0,0,0,0,0,0,0,0,0,0,0,0,0,0,0,0,0,0,0,0,0,0,0,0,0,0,0,0,0,0,0,0,0,0,0,0,0,0,0,0,0,0,0,0,0,0,0,0,0,0,0,0,0,0,0,0,0,0,0,0,0,0,0,0,0,0,0,0,0,0,0,0,0,0,0,0,0,0,0,0,0,0,0,0,0,0,0,0,0,0,0,0,0,0,0,0,0,0,0,0,0,0,0,0,0,0,0,0,0,0,0,0,0,0,0,0,0,0,0,0,0,0,0,0,0,0,0,0,0,0,0,0,0,0,0,0,0,0,0,0,0,0,0,0,0,0,0,0,0,0,0,0,0,0,0,0,0,0,0,0,0,0,0,0,0,0,0,0,0,0,0,0,0,0,0,0,0,0,0,0,0,0,0,0,0,0,0,0,0,0,0,0,0,0,0,0,0,0,0,0,0,0,0,0,0,0,0,0,0,0,0,
34309,0,0,0,0,0,0,0,0,0,0,0,0,0,0,0,0,0,0,0,0,0,0,0,0,0,0,0,0,0,0,0,0,0,0,0,0,0,0,0,0,0,0,0,0,0,0,0,0,0,0,0,0,0,0,0,0,0,0,0,0,0,0,0,0,0,0,0,0,0,0,0,0,0,0,0,0,0,0,0,0,0,0,0,0,0,0,0,0,0,0,0,0,0,0,0,0,0,0,0,0,0,0,0,0,0,0,0,0,0,0,0,0,0,0,0,0,0,0,0,0,0,0,0,0,0,0,0,0,0,0,0,0,0,0,0,0,0,0,0,0,0,0,0,0,0,0,0,0,0,0,0,0,0,0,0,0,0,0,0,0,0,0,0,0,0,0,0,0,0,0,0,0,0,0,0,0,0,0,0,0,0,0,0,0,0,0,0,0,0,0,0,0,0,0,0,0,0,0,0,0,0,0,0,0,0,0,0,0,0,0,0,0,0,0,0,0,0,0,0,0,0,0,0,0,0,0,0,0,0,0,0,0,0,0,0,0,0,0,0,0,0,0,0,0,0,0,0,0,0,0,0,0,0,0,0,0,0,0,0,0,0,0,0,0,0,0,0,0,0,0,0,0,0,0,0,
34310,116,116,116,116,116,116,116,116,116,116,116,116,116,116,116,116,116,116,116,116,116,116,116,116,116,116,116,116,116,116,116,116,116,116,116,116,116,116,116,116,116,116,116,116,116,116,116,116,116,116,116,116,116,116,116,116,116,116,116,116,116,116,116,116,116,116,116,116,116,116,116,116,116,116,116,116,116,116,116,116,116,116,116,116,116,116,116,116,116,116,116,116,116,116,116,116,116,116,116,116,116,116,116,116,116,116,116,116,116,116,116,116,116,116,116,116,116,116,116,116,116,116,116,116,116,116,116,116,116,116,116,116,116,116,116,116,116,116,116,116,116,116,116,116,116,116,116,116,116,116,116,116,116,116,116,116,116,116,116,116,116,116,116,116,116,116,116,116,116,116,116,116,116,116,116,116,116,116,116,116,116,116,116,116,116,116,116,116,116,116,116,116,116,116,116,116,116,116,116,116,116,116,116,116,116,116,116,116,116,116,116,116,116,116,116,116,116,116,116,116,116,116,116,116,116,116,116,116,116,116,116,116,116,116,116,116,116,116,116,116,116,116,116,116,116,116,116,116,116,116,116,116,116,116,116,116,116,116,116,116,116,116,116,116,116,116,116,116,116,116,116,116,116,116,116,
34311,328,327,326,327,326,326,326,326,325,325,324,325,324,324,323,322,322,323,322,322,321,322,320,319,321,319,321,319,319,320,321,318,318,318,318,319,317,318,319,317,319,317,317,319,321,321,322,321,325,327,327,327,330,331,334,333,335,335,336,337,339,337,337,338,337,336,338,337,337,336,337,335,335,334,334,333,333,333,332,330,330,332,329,330,330,328,328,328,329,328,326,327,328,327,328,327,327,326,325,327,325,326,326,326,325,324,327,326,329,328,329,330,332,332,334,335,338,336,339,340,340,342,343,342,344,344,343,344,342,343,344,344,341,341,341,339,340,340,339,337,338,337,337,336,337,335,336,335,334,334,334,332,334,334,333,332,330,333,332,332,332,332,330,329,330,330,328,331,330,329,329,332,330,333,335,335,336,337,339,341,341,342,345,344,346,348,346,346,347,347,347,347,345,347,347,345,347,345,345,343,342,344,343,344,343,342,342,342,340,340,339,340,338,339,338,337,337,337,336,336,335,337,336,334,334,334,335,334,335,334,333,333,333,333,332,333,332,332,330,332,333,332,332,332,330,331,332,332,332,331,330,332,331,331,332,333,333,333,333,334,334,335,335,337,336,336,338,338,337,338,337,338,338,337,337,
34312,317,315,312,310,308,306,304,302,300,299,297,295,294,292,291,289,288,287,285,284,283,282,281,280,279,278,277,277,276,275,274,273,273,272,271,270,270,270,269,268,272,287,296,303,308,316,321,326,331,337,342,347,351,356,360,365,360,351,345,341,338,335,333,330,328,325,323,320,318,316,314,312,310,309,306,305,304,302,300,298,297,296,295,293,292,291,290,289,287,287,285,284,284,283,282,282,281,280,279,279,278,277,277,276,286,298,306,313,319,325,331,336,341,346,351,356,360,365,368,373,363,355,350,346,344,341,339,336,333,331,328,327,324,322,320,318,316,314,312,311,309,308,306,304,303,301,300,299,298,296,295,293,293,292,290,290,289,289,287,287,286,285,285,284,284,283,282,281,294,305,312,319,325,330,336,341,346,352,356,361,365,370,374,378,365,358,354,351,348,345,343,339,337,335,332,330,328,325,324,321,319,318,316,314,313,311,310,308,307,306,304,303,302,300,298,298,297,296,295,294,293,293,292,291,290,289,289,288,287,287,286,286,285,285,284,284,284,283,282,282,281,281,280,280,279,279,279,278,278,278,278,282,287,290,292,295,296,299,301,303,305,307,309,309,306,305,304,303,302,301,301,301,300,298,297,
34313,268,268,268,268,268,268,268,268,268,268,268,268,268,268,268,268,268,268,268,268,268,268,268,268,268,268,268,268,268,268,268,268,268,268,268,268,267,268,268,267,268,268,268,269,269,270,270,270,271,272,272,272,273,274,274,275,275,275,275,276,276,276,276,276,276,276,276,276,276,276,276,276,276,276,276,276,276,275,275,275,276,275,275,275,275,275,275,275,275,275,275,275,275,275,275,274,274,274,274,274,274,274,274,274,274,274,275,275,275,276,276,277,277,278,278,278,279,279,280,281,281,281,281,281,281,281,281,281,281,281,281,281,281,281,281,281,281,281,281,281,281,281,281,281,280,281,281,281,281,280,280,280,280,280,280,280,280,280,280,280,280,279,279,279,279,279,279,279,279,279,280,280,281,281,282,282,283,283,284,284,285,286,286,287,287,288,288,288,287,288,288,288,288,287,288,287,288,287,287,287,287,287,287,287,287,287,287,287,287,287,286,286,286,286,286,286,286,286,286,286,286,285,285,285,285,285,285,285,285,284,285,284,284,284,284,284,284,284,284,284,284,284,284,284,284,283,283,283,283,283,283,283,283,283,284,284,284,284,284,284,285,285,286,286,286,287,287,287,287,287,287,287,287,287,287,
34314,283,283,283,283,283,283,283,283,283,283,283,283,283,283,283,283,282,282,282,282,282,282,282,281,281,281,281,281,281,281,281,280,280,280,280,280,280,280,280,279,279,280,281,282,283,283,284,285,286,286,287,288,289,289,290,291,291,292,292,292,292,292,291,291,291,291,291,291,291,291,291,291,290,290,290,290,290,290,290,289,290,289,289,289,289,289,289,289,289,288,288,288,288,288,288,287,288,287,287,287,287,287,287,287,287,287,288,288,289,290,290,291,292,293,294,294,295,296,297,297,298,298,298,298,298,298,298,298,297,298,297,297,297,297,297,297,297,297,296,296,296,296,296,296,296,295,295,295,295,295,295,295,294,294,294,294,294,294,294,294,294,293,293,293,293,293,293,292,293,293,294,294,295,296,297,298,299,300,301,302,303,304,305,306,306,306,306,306,306,306,306,306,306,306,306,305,305,305,305,305,305,304,304,304,304,304,303,303,303,303,303,303,303,302,302,302,302,302,301,301,301,301,301,301,301,300,300,300,300,300,300,300,299,299,299,299,299,299,298,299,298,298,298,298,298,297,297,297,297,297,297,297,297,297,298,298,298,299,299,299,300,300,301,302,302,303,303,303,303,303,303,303,303,303,303,
34315,264,264,264,264,264,264,264,264,264,264,264,264,264,264,264,264,264,264,264,264,264,264,264,264,264,264,264,264,264,264,264,264,264,264,264,264,264,264,264,264,264,264,265,265,266,266,266,267,268,268,268,269,269,270,270,271,271,271,272,272,272,272,272,272,272,272,272,272,272,272,272,272,272,272,272,272,272,272,272,272,272,272,272,272,272,272,272,272,272,272,272,271,272,271,271,271,271,271,271,271,271,271,271,271,271,271,272,272,272,273,273,273,274,274,275,275,276,276,277,277,278,277,278,278,278,278,278,278,278,278,278,278,278,278,278,278,278,278,278,278,278,278,277,278,277,277,277,277,277,277,277,277,277,277,277,277,277,277,277,277,277,277,276,276,276,276,276,276,276,277,277,277,278,278,279,279,280,280,281,281,282,282,283,283,284,284,284,284,284,284,284,284,284,284,284,284,284,284,284,284,284,284,284,284,283,283,283,283,283,283,283,283,283,283,283,283,283,283,283,283,282,282,282,282,282,282,282,282,282,282,282,281,281,281,281,281,281,281,281,281,281,281,281,281,280,280,281,280,280,280,280,280,280,280,280,281,281,281,281,281,282,282,282,283,283,283,283,283,284,284,284,284,284,284,284,
34316,280,281,281,280,280,280,280,280,280,280,280,280,280,280,280,279,279,279,279,279,279,279,279,278,278,278,278,278,278,278,278,278,278,278,277,278,277,277,277,277,277,277,278,279,279,280,281,281,282,283,284,284,285,285,286,287,287,288,288,288,288,288,288,288,288,288,287,288,287,287,287,287,287,287,287,287,286,287,286,286,286,286,286,286,286,286,285,285,285,285,285,285,285,284,284,284,284,284,284,284,283,284,284,284,283,284,284,285,285,286,287,287,288,289,289,290,291,291,293,293,294,294,294,294,294,294,294,294,293,293,293,293,293,293,293,293,293,293,292,292,292,292,292,292,291,292,291,291,291,291,291,291,291,290,290,290,290,290,290,290,290,289,289,289,289,289,289,289,289,289,290,290,291,292,293,294,295,295,297,298,299,300,300,301,302,302,302,302,302,302,302,301,301,301,301,301,301,301,301,300,300,300,300,300,300,299,299,299,299,299,299,299,298,298,298,298,298,298,298,297,297,297,297,297,296,296,296,296,296,296,296,295,295,295,295,295,295,294,294,294,294,294,294,294,294,293,293,293,293,293,293,293,293,293,294,294,294,295,295,296,296,297,298,298,299,299,299,299,299,300,299,300,300,300,300,
34317,0,0,0,0,0,0,0,0,0,0,0,0,0,0,0,0,0,0,0,0,0,0,0,0,0,0,0,0,0,0,0,0,0,0,0,0,0,0,0,0,0,0,0,0,0,0,0,0,0,0,0,0,0,0,0,0,0,0,0,0,0,0,0,0,0,0,0,0,0,0,0,0,0,0,0,0,0,0,0,0,0,0,0,0,0,0,0,0,0,0,0,0,0,0,0,0,0,0,0,0,0,0,0,0,0,0,0,0,0,0,0,0,0,0,0,0,0,0,0,0,0,0,0,0,0,0,0,0,0,0,0,0,0,0,0,0,0,0,0,0,0,0,0,0,0,0,0,0,0,0,0,0,0,0,0,0,0,0,0,0,0,0,0,0,0,0,0,0,0,0,0,0,0,0,0,0,0,0,0,0,0,0,0,0,0,0,0,0,0,0,0,0,0,0,0,0,0,0,0,0,0,0,0,0,0,0,0,0,0,0,0,0,0,0,0,0,0,0,0,0,0,0,0,0,0,0,0,0,0,0,0,0,0,0,0,0,0,0,0,0,0,0,0,0,0,0,0,0,0,0,0,0,0,0,0,0,0,0,0,0,0,0,0,0,0,0,0,0,0,0,0,0,0,0,0,
34318,3330,3328,3327,3325,3324,3322,3321,3320,3319,3318,3318,3317,3316,3316,3316,3315,3316,3314,3314,3314,3313,3314,3314,3312,3313,3311,3312,3312,3312,3312,3312,3311,3311,3311,3310,3310,3311,3310,3309,3310,3351,3390,3395,3403,3407,3406,3406,3408,3413,3406,3411,3406,3405,3409,3412,3408,3364,3352,3348,3346,3345,3344,3343,3343,3341,3342,3341,3341,3341,3341,3340,3340,3340,3339,3339,3340,3340,3339,3340,3340,3338,3339,3339,3339,3339,3338,3338,3338,3338,3338,3338,3338,3338,3338,3338,3338,3337,3338,3338,3337,3337,3337,3337,3338,3393,3407,3414,3420,3417,3417,3417,3413,3413,3421,3414,3418,3415,3417,3411,3418,3363,3353,3348,3346,3345,3344,3343,3342,3342,3341,3341,3341,3341,3340,3340,3340,3340,3340,3340,3339,3339,3339,3339,3338,3338,3338,3338,3339,3338,3338,3338,3338,3338,3338,3338,3338,3338,3338,3338,3337,3337,3337,3338,3338,3338,3337,3337,3337,3398,3417,3420,3426,3428,3428,3427,3429,3433,3427,3426,3427,3430,3428,3433,3434,3370,3356,3351,3347,3345,3344,3342,3342,3341,3340,3340,3340,3339,3339,3338,3338,3338,3338,3338,3337,3337,3337,3337,3338,3337,3337,3337,3337,3337,3336,3337,3336,3336,3336,3336,3337,3336,3335,3336,3335,3336,3336,3336,3336,3336,3336,3336,3336,3336,3335,3335,3336,3335,3335,3335,3335,3335,3335,3335,3336,3335,3335,3335,3336,3335,3336,3335,3372,3396,3409,3414,3420,3421,3423,3428,3430,3436,3437,3446,3446,3417,3412,3414,3416,3420,3427,3440,3454,3435,3422,3415,
34319,3327,3325,3323,3322,3320,3320,3319,3318,3318,3317,3314,3315,3315,3315,3314,3314,3313,3312,3312,3312,3312,3311,3312,3311,3311,3311,3311,3310,3311,3310,3310,3310,3309,3310,3309,3309,3309,3309,3310,3310,3352,3388,3395,3403,3405,3406,3407,3410,3411,3407,3409,3407,3406,3410,3410,3409,3363,3352,3348,3346,3345,3344,3344,3343,3342,3342,3342,3341,3341,3341,3340,3341,3341,3340,3340,3340,3340,3339,3339,3339,3340,3339,3339,3339,3339,3339,3339,3338,3338,3338,3338,3338,3338,3338,3338,3338,3338,3338,3339,3337,3337,3337,3338,3338,3394,3407,3413,3420,3417,3415,3417,3413,3413,3420,3415,3419,3417,3417,3414,3417,3363,3353,3349,3347,3345,3344,3344,3344,3342,3343,3341,3342,3341,3341,3341,3340,3340,3340,3340,3339,3339,3338,3340,3339,3339,3339,3338,3339,3339,3339,3339,3338,3338,3338,3338,3338,3338,3337,3338,3338,3338,3337,3338,3337,3338,3338,3338,3338,3395,3417,3421,3425,3427,3428,3428,3431,3434,3428,3429,3428,3433,3430,3438,3437,3371,3357,3352,3348,3346,3344,3343,3342,3341,3340,3340,3340,3339,3339,3339,3338,3337,3338,3338,3337,3338,3338,3337,3337,3336,3336,3336,3337,3336,3337,3337,3337,3337,3336,3337,3337,3336,3336,3336,3336,3336,3336,3336,3336,3336,3336,3336,3337,3336,3337,3336,3335,3336,3336,3335,3335,3335,3336,3336,3335,3335,3335,3335,3335,3335,3335,3335,3373,3396,3409,3416,3421,3424,3425,3431,3432,3438,3442,3453,3457,3428,3424,3427,3431,3440,3454,3473,3501,3479,3463,3455,
34320,3328,3326,3325,3323,3322,3320,3319,3319,3318,3317,3316,3316,3316,3315,3315,3314,3313,3313,3313,3312,3312,3312,3312,3312,3312,3311,3312,3312,3311,3311,3310,3310,3309,3311,3310,3310,3310,3310,3309,3310,3352,3387,3397,3404,3406,3405,3406,3409,3411,3407,3410,3406,3406,3409,3411,3409,3363,3352,3348,3346,3344,3344,3343,3343,3342,3341,3342,3341,3340,3341,3341,3341,3339,3340,3340,3339,3339,3339,3339,3339,3338,3338,3338,3338,3339,3338,3338,3338,3338,3338,3338,3338,3338,3338,3338,3337,3337,3338,3338,3338,3338,3337,3338,3337,3393,3407,3414,3420,3417,3415,3417,3416,3413,3420,3414,3419,3417,3417,3412,3417,3363,3353,3348,3346,3345,3344,3343,3342,3342,3343,3341,3341,3341,3340,3340,3340,3339,3340,3339,3340,3338,3339,3339,3339,3339,3338,3338,3338,3338,3338,3338,3338,3337,3338,3337,3338,3338,3338,3338,3338,3337,3338,3338,3337,3338,3337,3337,3337,3397,3417,3420,3427,3429,3428,3428,3430,3434,3429,3428,3428,3432,3428,3435,3435,3370,3357,3351,3348,3345,3344,3343,3341,3341,3341,3339,3339,3339,3339,3338,3338,3338,3338,3338,3337,3337,3337,3337,3337,3337,3337,3337,3337,3336,3337,3336,3336,3336,3337,3336,3336,3336,3336,3335,3336,3335,3336,3336,3336,3337,3335,3335,3336,3336,3336,3335,3336,3336,3335,3336,3336,3335,3335,3335,3335,3335,3335,3336,3335,3335,3335,3335,3373,3397,3408,3415,3420,3422,3424,3428,3430,3436,3439,3447,3447,3418,3413,3415,3417,3421,3428,3441,3453,3434,3421,3414,
34321,3330,3329,3328,3325,3324,3324,3323,3321,3321,3319,3320,3319,3318,3317,3317,3317,3316,3316,3315,3315,3315,3313,3314,3314,3314,3313,3313,3313,3313,3312,3312,3313,3312,3312,3312,3312,3312,3311,3312,3311,3352,3389,3398,3404,3405,3405,3407,3410,3410,3407,3410,3405,3406,3408,3410,3409,3363,3352,3348,3347,3345,3344,3344,3344,3342,3343,3342,3342,3342,3342,3341,3341,3340,3341,3341,3340,3340,3341,3340,3340,3340,3340,3340,3339,3340,3339,3339,3339,3338,3338,3338,3338,3339,3339,3339,3339,3339,3338,3339,3339,3338,3338,3338,3338,3393,3407,3413,3418,3417,3415,3417,3415,3411,3419,3414,3419,3417,3417,3413,3417,3363,3353,3349,3347,3346,3345,3344,3343,3343,3342,3342,3342,3341,3341,3341,3341,3341,3341,3341,3340,3339,3340,3340,3339,3339,3338,3340,3340,3339,3338,3339,3339,3339,3339,3339,3338,3339,3339,3338,3339,3338,3338,3338,3338,3339,3338,3339,3338,3397,3416,3420,3425,3428,3427,3427,3430,3433,3429,3428,3426,3430,3429,3436,3435,3370,3358,3352,3348,3346,3345,3343,3342,3343,3341,3341,3341,3339,3340,3340,3339,3339,3338,3338,3338,3338,3339,3338,3338,3337,3338,3338,3337,3337,3338,3337,3338,3338,3337,3337,3336,3337,3337,3337,3337,3337,3337,3336,3336,3336,3336,3336,3336,3336,3337,3336,3336,3337,3336,3336,3336,3336,3336,3336,3335,3336,3336,3335,3336,3336,3336,3336,3373,3396,3408,3414,3420,3421,3423,3427,3429,3435,3437,3444,3446,3418,3412,3415,3417,3422,3432,3445,3460,3442,3429,3422,
34322,3328,3327,3324,3323,3321,3321,3319,3319,3317,3317,3317,3316,3316,3315,3314,3313,3313,3313,3312,3312,3312,3311,3311,3312,3311,3312,3310,3311,3310,3310,3310,3310,3310,3310,3310,3310,3311,3310,3310,3309,3351,3387,3396,3403,3405,3406,3406,3409,3410,3404,3411,3404,3405,3409,3410,3408,3363,3352,3348,3346,3345,3345,3344,3342,3342,3341,3341,3341,3341,3341,3340,3340,3339,3338,3340,3340,3339,3339,3339,3338,3339,3338,3339,3339,3338,3338,3338,3338,3338,3338,3337,3338,3338,3338,3338,3338,3337,3338,3338,3336,3338,3337,3338,3338,3391,3406,3413,3416,3417,3415,3416,3414,3412,3419,3414,3417,3416,3417,3412,3417,3362,3352,3348,3346,3344,3343,3343,3343,3341,3342,3341,3341,3341,3339,3340,3340,3339,3340,3339,3340,3338,3339,3339,3339,3339,3338,3338,3338,3339,3338,3338,3338,3338,3338,3338,3337,3338,3337,3337,3338,3337,3338,3337,3338,3337,3337,3338,3337,3397,3416,3421,3426,3428,3428,3427,3429,3433,3428,3426,3425,3428,3428,3434,3434,3370,3357,3352,3348,3346,3344,3343,3342,3341,3340,3340,3340,3339,3339,3338,3338,3339,3338,3338,3338,3337,3336,3337,3337,3337,3337,3338,3337,3338,3336,3337,3337,3335,3336,3337,3336,3336,3336,3336,3336,3336,3336,3336,3336,3336,3335,3337,3336,3336,3335,3337,3335,3336,3335,3336,3336,3335,3336,3335,3335,3335,3336,3336,3334,3335,3335,3336,3373,3396,3406,3414,3417,3420,3422,3425,3427,3432,3435,3441,3440,3414,3408,3408,3408,3410,3415,3421,3427,3409,3396,3389,
34323,3328,3326,3325,3323,3322,3321,3319,3319,3318,3317,3317,3317,3316,3316,3315,3313,3314,3314,3313,3313,3313,3312,3312,3312,3312,3312,3311,3312,3311,3311,3311,3311,3310,3311,3311,3310,3310,3311,3311,3310,3353,3387,3397,3403,3407,3406,3406,3410,3409,3404,3410,3406,3406,3409,3410,3409,3363,3352,3349,3346,3346,3345,3344,3343,3343,3342,3343,3342,3342,3341,3341,3341,3341,3340,3340,3341,3340,3340,3339,3339,3340,3340,3339,3339,3340,3339,3339,3338,3338,3339,3339,3339,3338,3338,3339,3338,3338,3338,3338,3338,3338,3337,3337,3337,3393,3407,3415,3417,3416,3415,3417,3414,3412,3419,3413,3416,3417,3417,3413,3417,3363,3353,3349,3347,3345,3344,3344,3343,3342,3343,3341,3341,3342,3341,3341,3341,3341,3340,3340,3339,3340,3340,3340,3339,3339,3339,3339,3339,3339,3339,3338,3338,3339,3339,3338,3339,3338,3338,3338,3339,3338,3338,3339,3338,3338,3338,3338,3338,3399,3417,3421,3427,3427,3427,3427,3429,3433,3428,3426,3427,3429,3430,3435,3434,3369,3357,3352,3348,3346,3345,3343,3343,3341,3341,3340,3339,3340,3340,3339,3339,3338,3339,3339,3338,3338,3338,3338,3338,3338,3338,3337,3338,3337,3337,3337,3336,3337,3337,3337,3337,3336,3337,3337,3336,3338,3337,3337,3337,3337,3337,3338,3336,3337,3336,3336,3337,3336,3336,3337,3337,3337,3336,3337,3336,3336,3336,3336,3336,3336,3336,3335,3374,3396,3407,3414,3419,3421,3422,3425,3428,3431,3435,3442,3443,3414,3409,3410,3408,3411,3417,3422,3428,3409,3398,3390,
34324,3327,3326,3324,3323,3321,3320,3318,3318,3318,3317,3316,3316,3316,3314,3314,3313,3314,3314,3313,3312,3312,3312,3311,3312,3311,3311,3311,3310,3310,3310,3310,3309,3310,3310,3310,3309,3309,3309,3309,3309,3354,3387,3396,3400,3408,3406,3405,3408,3408,3403,3410,3405,3405,3408,3408,3410,3363,3352,3348,3345,3345,3343,3342,3343,3342,3341,3342,3341,3341,3341,3341,3340,3340,3339,3339,3340,3339,3339,3339,3338,3338,3338,3339,3338,3338,3338,3338,3338,3338,3338,3338,3338,3338,3338,3338,3337,3338,3338,3337,3336,3338,3338,3337,3337,3391,3407,3415,3416,3417,3415,3417,3415,3412,3418,3412,3417,3417,3416,3411,3416,3362,3352,3349,3346,3345,3344,3343,3342,3342,3343,3340,3340,3340,3340,3341,3339,3340,3340,3339,3339,3339,3338,3339,3339,3339,3339,3340,3338,3338,3338,3338,3337,3338,3338,3338,3338,3338,3337,3337,3337,3338,3337,3338,3337,3338,3337,3337,3337,3399,3416,3418,3427,3428,3427,3426,3427,3430,3427,3425,3426,3429,3430,3434,3432,3369,3357,3350,3348,3345,3343,3342,3341,3340,3340,3339,3340,3339,3339,3338,3338,3338,3338,3338,3337,3337,3338,3337,3337,3337,3337,3337,3337,3337,3337,3336,3336,3336,3336,3336,3336,3336,3336,3336,3336,3336,3335,3336,3336,3337,3336,3335,3336,3336,3336,3336,3336,3335,3335,3335,3336,3335,3335,3336,3335,3335,3335,3335,3335,3336,3335,3335,3373,3396,3407,3414,3419,3420,3421,3426,3428,3432,3434,3443,3443,3416,3411,3411,3413,3417,3424,3435,3445,3427,3415,3406,
34325,3326,3325,3324,3322,3321,3320,3320,3318,3317,3318,3316,3316,3316,3314,3315,3313,3314,3313,3313,3313,3313,3312,3312,3312,3312,3311,3311,3311,3310,3311,3311,3311,3311,3310,3310,3310,3310,3310,3310,3310,3353,3387,3397,3401,3408,3405,3406,3409,3408,3404,3410,3406,3405,3409,3409,3410,3363,3352,3348,3347,3345,3344,3345,3344,3342,3342,3342,3341,3341,3341,3341,3341,3340,3341,3340,3340,3340,3339,3340,3340,3340,3339,3339,3340,3339,3339,3339,3339,3339,3338,3338,3338,3338,3338,3338,3338,3338,3338,3338,3338,3338,3338,3338,3338,3391,3406,3414,3416,3416,3414,3419,3415,3414,3419,3412,3417,3416,3417,3412,3415,3362,3353,3349,3346,3346,3345,3344,3343,3343,3342,3341,3342,3341,3342,3341,3340,3340,3340,3341,3340,3340,3340,3339,3339,3339,3339,3339,3340,3338,3339,3338,3338,3339,3339,3339,3338,3338,3339,3338,3338,3337,3338,3338,3338,3338,3338,3338,3338,3399,3416,3420,3428,3429,3428,3426,3429,3430,3428,3426,3427,3427,3431,3432,3433,3370,3357,3352,3348,3346,3344,3344,3343,3342,3341,3341,3339,3339,3339,3339,3338,3338,3338,3338,3338,3339,3337,3338,3337,3338,3338,3338,3338,3337,3337,3337,3338,3337,3338,3338,3337,3337,3336,3337,3338,3337,3337,3337,3337,3336,3336,3336,3336,3336,3337,3337,3336,3337,3337,3336,3337,3337,3336,3336,3336,3336,3336,3337,3336,3336,3336,3336,3373,3397,3407,3414,3420,3422,3423,3427,3428,3432,3435,3445,3446,3419,3413,3414,3416,3421,3429,3441,3455,3437,3424,3417,
34326,3329,3327,3326,3325,3323,3322,3320,3320,3319,3318,3318,3317,3316,3316,3316,3315,3315,3315,3313,3314,3312,3313,3313,3312,3312,3312,3312,3312,3312,3311,3312,3312,3311,3311,3310,3310,3310,3310,3310,3310,3355,3388,3399,3403,3409,3408,3406,3407,3409,3404,3412,3405,3406,3408,3410,3411,3362,3352,3348,3346,3345,3344,3343,3341,3341,3342,3341,3340,3341,3341,3340,3340,3340,3340,3340,3340,3339,3339,3339,3339,3339,3338,3338,3338,3338,3338,3338,3338,3338,3337,3338,3337,3338,3337,3337,3337,3337,3337,3338,3337,3337,3337,3338,3337,3391,3407,3416,3418,3418,3414,3420,3415,3416,3419,3412,3417,3418,3417,3414,3416,3362,3352,3348,3346,3345,3343,3343,3341,3341,3341,3341,3341,3341,3340,3341,3340,3340,3339,3338,3340,3339,3339,3339,3339,3338,3339,3338,3338,3338,3338,3337,3338,3337,3338,3337,3338,3337,3337,3338,3338,3336,3337,3337,3338,3338,3337,3338,3337,3400,3418,3420,3428,3430,3428,3428,3430,3431,3428,3426,3428,3428,3431,3433,3434,3370,3357,3351,3348,3345,3343,3342,3342,3341,3340,3340,3340,3338,3339,3338,3338,3338,3337,3338,3337,3337,3337,3335,3336,3337,3337,3337,3336,3337,3336,3336,3336,3336,3336,3336,3337,3335,3336,3335,3335,3336,3335,3335,3336,3335,3336,3335,3335,3335,3335,3335,3335,3335,3335,3336,3335,3335,3334,3335,3335,3335,3335,3336,3335,3335,3335,3335,3374,3397,3408,3415,3420,3422,3424,3428,3430,3434,3438,3449,3451,3422,3417,3419,3422,3429,3439,3456,3476,3456,3442,3434,
34327,3327,3325,3323,3321,3321,3320,3319,3318,3317,3316,3316,3316,3315,3314,3315,3313,3313,3313,3312,3312,3312,3312,3311,3312,3311,3312,3311,3311,3310,3310,3310,3310,3310,3310,3309,3310,3310,3310,3310,3310,3353,3387,3397,3402,3408,3407,3406,3407,3408,3404,3411,3407,3406,3408,3408,3411,3363,3352,3348,3346,3346,3345,3345,3343,3343,3343,3342,3342,3342,3341,3341,3339,3341,3340,3340,3341,3341,3340,3339,3339,3339,3338,3339,3339,3338,3339,3339,3338,3338,3338,3338,3339,3338,3338,3338,3338,3338,3338,3338,3338,3338,3337,3338,3338,3394,3408,3417,3417,3417,3414,3420,3416,3415,3418,3412,3417,3417,3418,3414,3415,3363,3354,3349,3347,3345,3344,3343,3343,3343,3342,3341,3341,3341,3341,3341,3341,3339,3340,3340,3339,3340,3340,3339,3340,3339,3339,3339,3340,3339,3339,3339,3339,3339,3338,3338,3338,3338,3338,3338,3338,3338,3338,3338,3338,3337,3338,3338,3338,3401,3418,3421,3429,3431,3431,3428,3430,3432,3429,3427,3431,3428,3433,3433,3434,3370,3358,3351,3348,3346,3345,3343,3342,3341,3341,3340,3340,3339,3339,3340,3339,3338,3338,3339,3338,3337,3338,3338,3337,3337,3336,3337,3337,3337,3337,3337,3337,3337,3337,3337,3337,3336,3336,3336,3336,3336,3336,3337,3336,3336,3336,3336,3336,3336,3336,3336,3336,3336,3336,3335,3336,3336,3336,3335,3335,3337,3336,3336,3336,3336,3336,3336,3373,3397,3410,3415,3420,3423,3423,3428,3430,3435,3438,3447,3450,3421,3417,3420,3423,3432,3442,3460,3485,3463,3450,3442,
34328,3329,3329,3327,3326,3324,3323,3321,3321,3320,3319,3319,3319,3318,3316,3316,3316,3315,3314,3314,3315,3314,3313,3314,3312,3313,3313,3312,3313,3312,3312,3312,3311,3311,3311,3312,3311,3312,3311,3311,3310,3355,3389,3398,3400,3408,3408,3404,3406,3406,3403,3411,3405,3405,3407,3407,3410,3363,3351,3347,3345,3344,3344,3344,3342,3342,3342,3342,3341,3341,3340,3340,3340,3340,3340,3340,3340,3340,3339,3338,3339,3338,3339,3339,3339,3339,3338,3338,3339,3338,3338,3338,3338,3337,3338,3338,3338,3338,3338,3337,3337,3337,3337,3338,3337,3392,3405,3415,3415,3417,3413,3418,3413,3414,3416,3411,3417,3416,3418,3413,3415,3362,3352,3349,3346,3345,3344,3342,3343,3342,3342,3341,3341,3341,3340,3340,3340,3339,3339,3339,3340,3338,3338,3338,3339,3339,3338,3339,3338,3338,3338,3338,3338,3338,3338,3338,3338,3338,3338,3338,3337,3338,3338,3338,3337,3337,3337,3337,3338,3399,3417,3419,3427,3429,3429,3426,3429,3428,3428,3425,3428,3426,3430,3431,3430,3370,3356,3351,3348,3345,3345,3342,3342,3341,3340,3340,3340,3338,3338,3338,3338,3338,3337,3338,3338,3337,3337,3337,3337,3337,3337,3337,3337,3337,3336,3336,3336,3336,3337,3336,3336,3336,3336,3336,3336,3336,3336,3336,3336,3336,3335,3335,3335,3336,3336,3336,3335,3335,3336,3336,3336,3335,3334,3335,3335,3335,3335,3335,3335,3335,3335,3336,3372,3395,3406,3413,3416,3420,3421,3424,3426,3430,3431,3441,3439,3412,3406,3408,3410,3414,3420,3432,3442,3424,3412,3405,
34329,3329,3327,3325,3324,3322,3321,3320,3320,3320,3318,3318,3316,3316,3316,3316,3315,3314,3314,3314,3313,3313,3313,3312,3313,3313,3312,3312,3313,3311,3311,3311,3311,3311,3311,3310,3310,3311,3311,3311,3310,3356,3388,3399,3401,3410,3409,3409,3408,3408,3404,3413,3407,3406,3409,3409,3412,3363,3353,3349,3347,3345,3344,3343,3343,3343,3342,3342,3342,3341,3341,3341,3341,3340,3340,3340,3341,3341,3340,3340,3339,3339,3339,3339,3340,3338,3340,3339,3339,3339,3338,3339,3339,3339,3339,3339,3338,3338,3338,3338,3338,3338,3339,3338,3338,3394,3407,3416,3417,3420,3416,3421,3417,3416,3419,3413,3418,3419,3421,3415,3418,3363,3353,3349,3347,3345,3345,3344,3343,3343,3342,3342,3342,3342,3341,3341,3341,3341,3340,3340,3340,3340,3340,3340,3339,3340,3340,3339,3339,3340,3338,3338,3339,3338,3338,3339,3338,3338,3339,3339,3338,3339,3338,3338,3338,3339,3338,3338,3338,3401,3419,3422,3428,3432,3432,3428,3433,3431,3431,3428,3432,3430,3434,3435,3435,3371,3358,3352,3349,3346,3345,3343,3342,3342,3341,3341,3341,3340,3340,3340,3338,3339,3338,3339,3338,3338,3338,3338,3338,3336,3338,3338,3338,3337,3337,3337,3336,3338,3337,3337,3337,3337,3337,3337,3337,3337,3337,3337,3337,3337,3336,3336,3336,3336,3337,3336,3336,3336,3335,3336,3336,3336,3336,3336,3335,3336,3336,3337,3336,3335,3336,3335,3374,3397,3410,3416,3421,3424,3424,3431,3432,3438,3440,3453,3454,3425,3422,3424,3429,3437,3448,3469,3495,3475,3459,3452,
34330,3330,3328,3327,3326,3324,3323,3321,3320,3320,3320,3318,3318,3317,3316,3317,3316,3315,3314,3314,3314,3314,3313,3312,3313,3312,3312,3312,3312,3312,3312,3311,3312,3312,3312,3310,3312,3311,3311,3311,3311,3356,3388,3398,3401,3408,3408,3406,3405,3407,3403,3408,3404,3405,3407,3407,3410,3363,3352,3349,3346,3345,3344,3344,3343,3343,3342,3341,3342,3341,3341,3340,3340,3341,3340,3339,3340,3339,3339,3339,3339,3339,3339,3339,3338,3338,3338,3338,3338,3338,3338,3338,3337,3338,3338,3338,3338,3338,3337,3338,3337,3338,3337,3338,3338,3393,3404,3415,3415,3419,3413,3419,3415,3415,3416,3411,3416,3416,3419,3415,3416,3363,3352,3348,3346,3345,3344,3343,3342,3342,3341,3341,3340,3341,3341,3340,3340,3340,3339,3339,3339,3339,3338,3339,3339,3338,3339,3338,3339,3338,3339,3338,3338,3338,3338,3337,3338,3337,3338,3337,3337,3338,3338,3338,3338,3338,3337,3337,3337,3399,3417,3420,3427,3429,3430,3426,3431,3430,3429,3428,3430,3428,3432,3432,3433,3370,3357,3351,3348,3345,3344,3343,3341,3341,3340,3339,3339,3339,3338,3338,3338,3339,3338,3338,3338,3337,3336,3337,3336,3336,3337,3336,3336,3337,3336,3337,3336,3336,3337,3337,3335,3336,3335,3336,3336,3335,3334,3336,3336,3336,3336,3335,3336,3335,3336,3335,3335,3335,3335,3336,3335,3335,3335,3335,3335,3335,3335,3335,3335,3335,3336,3335,3373,3396,3408,3414,3419,3422,3422,3428,3429,3435,3438,3450,3452,3424,3420,3422,3427,3435,3447,3468,3494,3474,3458,3451,
34331,3329,3327,3326,3324,3323,3321,3321,3320,3318,3318,3317,3317,3316,3316,3315,3314,3315,3314,3314,3313,3313,3313,3312,3312,3312,3312,3312,3311,3312,3311,3311,3312,3311,3311,3311,3310,3311,3310,3310,3311,3356,3389,3399,3402,3410,3410,3409,3408,3409,3405,3410,3407,3406,3407,3409,3411,3364,3353,3348,3347,3346,3345,3345,3344,3344,3343,3343,3343,3341,3343,3342,3341,3341,3341,3341,3340,3341,3340,3340,3340,3340,3340,3340,3339,3340,3338,3340,3339,3339,3339,3339,3339,3339,3338,3339,3339,3338,3338,3338,3338,3338,3340,3339,3338,3395,3407,3417,3418,3422,3416,3421,3417,3417,3418,3414,3418,3420,3420,3417,3417,3364,3353,3350,3348,3346,3345,3344,3344,3343,3342,3342,3342,3341,3341,3341,3341,3341,3341,3341,3340,3341,3340,3341,3340,3339,3339,3339,3340,3340,3339,3339,3339,3339,3339,3339,3340,3339,3338,3338,3338,3338,3339,3338,3339,3338,3338,3338,3339,3401,3421,3421,3430,3432,3432,3428,3433,3432,3430,3430,3432,3430,3433,3434,3434,3371,3359,3352,3348,3347,3345,3343,3343,3342,3341,3341,3341,3340,3340,3340,3339,3340,3339,3338,3339,3339,3339,3338,3339,3338,3338,3338,3338,3338,3338,3336,3337,3337,3338,3338,3337,3336,3337,3337,3337,3337,3337,3337,3337,3338,3337,3337,3337,3337,3336,3337,3336,3337,3335,3337,3336,3336,3336,3337,3336,3337,3336,3336,3336,3337,3335,3336,3375,3397,3409,3416,3420,3423,3424,3430,3430,3435,3437,3447,3445,3417,3411,3410,3412,3415,3419,3426,3432,3412,3400,3393,
34332,3329,3327,3326,3324,3322,3321,3321,3319,3319,3318,3317,3316,3316,3315,3315,3315,3314,3313,3313,3312,3313,3312,3312,3312,3312,3312,3312,3311,3311,3311,3311,3310,3310,3310,3310,3310,3310,3309,3310,3310,3353,3389,3398,3401,3409,3404,3408,3409,3408,3405,3408,3404,3409,3406,3408,3410,3363,3352,3348,3346,3345,3344,3343,3342,3342,3342,3341,3339,3341,3341,3341,3341,3339,3339,3340,3339,3339,3339,3338,3338,3338,3338,3338,3338,3338,3338,3337,3338,3338,3338,3338,3338,3338,3337,3338,3337,3338,3338,3336,3337,3338,3337,3337,3337,3393,3405,3416,3417,3421,3416,3421,3416,3417,3417,3415,3417,3418,3420,3413,3419,3363,3352,3349,3347,3344,3344,3343,3343,3342,3341,3341,3340,3340,3340,3340,3340,3339,3339,3339,3339,3338,3338,3338,3338,3338,3338,3338,3338,3338,3338,3338,3338,3338,3338,3337,3338,3337,3338,3338,3338,3337,3338,3336,3338,3337,3337,3338,3338,3401,3419,3423,3427,3429,3432,3427,3433,3432,3431,3431,3432,3432,3432,3435,3434,3370,3357,3351,3347,3345,3344,3342,3341,3341,3340,3341,3339,3339,3338,3337,3338,3338,3337,3338,3337,3337,3337,3337,3337,3336,3336,3336,3336,3337,3335,3336,3336,3336,3336,3336,3335,3336,3335,3336,3335,3335,3335,3334,3336,3335,3336,3335,3335,3335,3335,3335,3335,3336,3335,3335,3335,3334,3335,3335,3335,3334,3335,3335,3335,3335,3334,3335,3373,3397,3408,3415,3421,3423,3424,3431,3432,3434,3438,3449,3442,3417,3413,3413,3416,3420,3427,3436,3448,3426,3414,3406,
34333,3330,3329,3327,3326,3324,3323,3322,3321,3320,3319,3318,3318,3318,3317,3316,3316,3315,3315,3314,3313,3314,3312,3312,3312,3313,3313,3312,3312,3312,3312,3312,3311,3311,3311,3311,3310,3311,3310,3311,3310,3354,3389,3398,3400,3409,3404,3407,3408,3408,3405,3408,3403,3409,3406,3409,3409,3363,3352,3348,3345,3344,3344,3344,3342,3342,3342,3342,3340,3341,3341,3341,3340,3340,3339,3339,3340,3340,3339,3339,3338,3338,3339,3338,3339,3338,3338,3338,3337,3338,3337,3338,3338,3338,3338,3337,3338,3338,3338,3337,3338,3337,3337,3338,3337,3393,3405,3416,3416,3420,3417,3418,3416,3416,3417,3416,3418,3418,3420,3415,3420,3363,3353,3348,3346,3345,3343,3343,3342,3342,3341,3341,3341,3340,3340,3340,3340,3339,3338,3339,3338,3339,3339,3340,3338,3338,3338,3339,3338,3338,3338,3338,3338,3337,3338,3337,3338,3338,3337,3337,3337,3337,3337,3336,3337,3337,3337,3337,3337,3399,3419,3422,3427,3429,3432,3427,3434,3433,3432,3430,3432,3432,3433,3436,3435,3371,3358,3351,3348,3346,3344,3342,3342,3341,3340,3340,3339,3338,3338,3338,3337,3337,3337,3337,3336,3336,3337,3336,3335,3336,3336,3336,3337,3336,3336,3335,3335,3335,3335,3336,3337,3336,3335,3335,3335,3335,3335,3335,3335,3335,3334,3335,3335,3335,3335,3334,3335,3335,3334,3335,3334,3334,3334,3334,3334,3334,3335,3335,3334,3335,3334,3336,3374,3397,3410,3417,3424,3424,3425,3434,3436,3440,3445,3459,3457,3432,3430,3434,3442,3456,3477,3515,3572,3538,3511,3500,
34400,0,0,0,0,0,0,0,0,0,0,0,0,0,0,0,0,0,0,0,0,0,0,0,0,0,0,0,0,0,0,0,0,0,0,0,0,0,0,0,0,0,0,0,0,0,0,0,0,0,0,0,0,0,0,0,0,0,0,0,0,0,0,0,0,0,0,0,0,0,0,0,0,0,0,0,0,0,0,0,0,0,0,0,0,0,0,0,0,0,0,0,0,0,0,0,0,0,0,0,0,0,0,0,0,0,0,0,0,0,0,0,0,0,0,0,0,0,0,0,0,0,0,0,0,0,0,0,0,0,0,0,0,0,0,0,0,0,0,0,0,0,0,0,0,0,0,0,0,0,0,0,0,0,0,0,0,0,0,0,0,0,0,0,0,0,0,0,0,0,0,0,0,0,0,0,0,0,0,0,0,0,0,0,0,0,0,0,0,0,0,0,0,0,0,0,0,0,0,0,0,0,0,0,0,0,0,0,0,0,0,0,0,0,0,0,0,0,0,0,0,0,0,0,0,0,0,0,0,0,0,0,0,0,0,0,0,0,0,0,0,0,0,0,0,0,0,0,0,0,0,0,0,0,0,0,0,0,0,0,0,0,0,0,0,0,0,0,0,0,0,0,0,0,0,0,
34401,0,0,0,0,0,0,0,0,0,0,0,0,0,0,0,0,0,0,0,0,0,0,0,0,0,0,0,0,0,0,0,0,0,0,0,0,0,0,0,0,0,0,0,0,0,0,0,0,0,0,0,0,0,0,0,0,0,0,0,0,0,0,0,0,0,0,0,0,0,0,0,0,0,0,0,0,0,0,0,0,0,0,0,0,0,0,0,0,0,0,0,0,0,0,0,0,0,0,0,0,0,0,0,0,0,0,0,0,0,0,0,0,0,0,0,0,0,0,0,0,0,0,0,0,0,0,0,0,0,0,0,0,0,0,0,0,0,0,0,0,0,0,0,0,0,0,0,0,0,0,0,0,0,0,0,0,0,0,0,0,0,0,0,0,0,0,0,0,0,0,0,0,0,0,0,0,0,0,0,0,0,0,0,0,0,0,0,0,0,0,0,0,0,0,0,0,0,0,0,0,0,0,0,0,0,0,0,0,0,0,0,0,0,0,0,0,0,0,0,0,0,0,0,0,0,0,0,0,0,0,0,0,0,0,0,0,0,0,0,0,0,0,0,0,0,0,0,0,0,0,0,0,0,0,0,0,0,0,0,0,0,0,0,0,0,0,0,0,0,0,0,0,0,0,0,
34402,0,0,0,0,0,0,0,0,0,0,0,0,0,0,0,0,0,0,0,0,0,0,0,0,0,0,0,0,0,0,0,0,0,0,0,0,0,0,0,0,0,0,0,0,0,0,0,0,0,0,0,0,0,0,0,0,0,0,0,0,0,0,0,0,0,0,0,0,0,0,0,0,0,0,0,0,0,0,0,0,0,0,0,0,0,0,0,0,0,0,0,0,0,0,0,0,0,0,0,0,0,0,0,0,0,0,0,0,0,0,0,0,0,0,0,0,0,0,0,0,0,0,0,0,0,0,0,0,0,0,0,0,0,0,0,0,0,0,0,0,0,0,0,0,0,0,0,0,0,0,0,0,0,0,0,0,0,0,0,0,0,0,0,0,0,0,0,0,0,0,0,0,0,0,0,0,0,0,0,0,0,0,0,0,0,0,0,0,0,0,0,0,0,0,0,0,0,0,0,0,0,0,0,0,0,0,0,0,0,0,0,0,0,0,0,0,0,0,0,0,0,0,0,0,0,0,0,0,0,0,0,0,0,0,0,0,0,0,0,0,0,0,0,0,0,0,0,0,0,0,0,0,0,0,0,0,0,0,0,0,0,0,0,0,0,0,0,0,0,0,0,0,0,0,0,
34403,0,0,0,0,0,0,0,0,0,0,0,0,0,0,0,0,0,0,0,0,0,0,0,0,0,0,0,0,0,0,0,0,0,0,0,0,0,0,0,0,0,0,0,0,0,0,0,0,0,0,0,0,0,0,0,0,0,0,0,0,0,0,0,0,0,0,0,0,0,0,0,0,0,0,0,0,0,0,0,0,0,0,0,0,0,0,0,0,0,0,0,0,0,0,0,0,0,0,0,0,0,0,0,0,0,0,0,0,0,0,0,0,0,0,0,0,0,0,0,0,0,0,0,0,0,0,0,0,0,0,0,0,0,0,0,0,0,0,0,0,0,0,0,0,0,0,0,0,0,0,0,0,0,0,0,0,0,0,0,0,0,0,0,0,0,0,0,0,0,0,0,0,0,0,0,0,0,0,0,0,0,0,0,0,0,0,0,0,0,0,0,0,0,0,0,0,0,0,0,0,0,0,0,0,0,0,0,0,0,0,0,0,0,0,0,0,0,0,0,0,0,0,0,0,0,0,0,0,0,0,0,0,0,0,0,0,0,0,0,0,0,0,0,0,0,0,0,0,0,0,0,0,0,0,0,0,0,0,0,0,0,0,0,0,0,0,0,0,0,0,0,0,0,0,0,
34404,0,0,0,0,0,0,0,0,0,0,0,0,0,0,0,0,0,0,0,0,0,0,0,0,0,0,0,0,0,0,0,0,0,0,0,0,0,0,0,0,0,0,0,0,0,0,0,0,0,0,0,0,0,0,0,0,0,0,0,0,0,0,0,0,0,0,0,0,0,0,0,0,0,0,0,0,0,0,0,0,0,0,0,0,0,0,0,0,0,0,0,0,0,0,0,0,0,0,0,0,0,0,0,0,0,0,0,0,0,0,0,0,0,0,0,0,0,0,0,0,0,0,0,0,0,0,0,0,0,0,0,0,0,0,0,0,0,0,0,0,0,0,0,0,0,0,0,0,0,0,0,0,0,0,0,0,0,0,0,0,0,0,0,0,0,0,0,0,0,0,0,0,0,0,0,0,0,0,0,0,0,0,0,0,0,0,0,0,0,0,0,0,0,0,0,0,0,0,0,0,0,0,0,0,0,0,0,0,0,0,0,0,0,0,0,0,0,0,0,0,0,0,0,0,0,0,0,0,0,0,0,0,0,0,0,0,0,0,0,0,0,0,0,0,0,0,0,0,0,0,0,0,0,0,0,0,0,0,0,0,0,0,0,0,0,0,0,0,0,0,0,0,0,0,0,
34405,0,0,0,0,0,0,0,0,0,0,0,0,0,0,0,0,0,0,0,0,0,0,0,0,0,0,0,0,0,0,0,0,0,0,0,0,0,0,0,0,0,0,0,0,0,0,0,0,0,0,0,0,0,0,0,0,0,0,0,0,0,0,0,0,0,0,0,0,0,0,0,0,0,0,0,0,0,0,0,0,0,0,0,0,0,0,0,0,0,0,0,0,0,0,0,0,0,0,0,0,0,0,0,0,0,0,0,0,0,0,0,0,0,0,0,0,0,0,0,0,0,0,0,0,0,0,0,0,0,0,0,0,0,0,0,0,0,0,0,0,0,0,0,0,0,0,0,0,0,0,0,0,0,0,0,0,0,0,0,0,0,0,0,0,0,0,0,0,0,0,0,0,0,0,0,0,0,0,0,0,0,0,0,0,0,0,0,0,0,0,0,0,0,0,0,0,0,0,0,0,0,0,0,0,0,0,0,0,0,0,0,0,0,0,0,0,0,0,0,0,0,0,0,0,0,0,0,0,0,0,0,0,0,0,0,0,0,0,0,0,0,0,0,0,0,0,0,0,0,0,0,0,0,0,0,0,0,0,0,0,0,0,0,0,0,0,0,0,0,0,0,0,0,0,0,
34406,0,0,0,0,0,0,0,0,0,0,0,0,0,0,0,0,0,0,0,0,0,0,0,0,0,0,0,0,0,0,0,0,0,0,0,0,0,0,0,0,0,0,0,0,0,0,0,0,0,0,0,0,0,0,0,0,0,0,0,0,0,0,0,0,0,0,0,0,0,0,0,0,0,0,0,0,0,0,0,0,0,0,0,0,0,0,0,0,0,0,0,0,0,0,0,0,0,0,0,0,0,0,0,0,0,0,0,0,0,0,0,0,0,0,0,0,0,0,0,0,0,0,0,0,0,0,0,0,0,0,0,0,0,0,0,0,0,0,0,0,0,0,0,0,0,0,0,0,0,0,0,0,0,0,0,0,0,0,0,0,0,0,0,0,0,0,0,0,0,0,0,0,0,0,0,0,0,0,0,0,0,0,0,0,0,0,0,0,0,0,0,0,0,0,0,0,0,0,0,0,0,0,0,0,0,0,0,0,0,0,0,0,0,0,0,0,0,0,0,0,0,0,0,0,0,0,0,0,0,0,0,0,0,0,0,0,0,0,0,0,0,0,0,0,0,0,0,0,0,0,0,0,0,0,0,0,0,0,0,0,0,0,0,0,0,0,0,0,0,0,0,0,0,0,0,
34407,0,0,0,0,0,0,0,0,0,0,0,0,0,0,0,0,0,0,0,0,0,0,0,0,0,0,0,0,0,0,0,0,0,0,0,0,0,0,0,0,0,0,0,0,0,0,0,0,0,0,0,0,0,0,0,0,0,0,0,0,0,0,0,0,0,0,0,0,0,0,0,0,0,0,0,0,0,0,0,0,0,0,0,0,0,0,0,0,0,0,0,0,0,0,0,0,0,0,0,0,0,0,0,0,0,0,0,0,0,0,0,0,0,0,0,0,0,0,0,0,0,0,0,0,0,0,0,0,0,0,0,0,0,0,0,0,0,0,0,0,0,0,0,0,0,0,0,0,0,0,0,0,0,0,0,0,0,0,0,0,0,0,0,0,0,0,0,0,0,0,0,0,0,0,0,0,0,0,0,0,0,0,0,0,0,0,0,0,0,0,0,0,0,0,0,0,0,0,0,0,0,0,0,0,0,0,0,0,0,0,0,0,0,0,0,0,0,0,0,0,0,0,0,0,0,0,0,0,0,0,0,0,0,0,0,0,0,0,0,0,0,0,0,0,0,0,0,0,0,0,0,0,0,0,0,0,0,0,0,0,0,0,0,0,0,0,0,0,0,0,0,0,0,0,0,
34408,0,0,0,0,0,0,0,0,0,0,0,0,0,0,0,0,0,0,0,0,0,0,0,0,0,0,0,0,0,0,0,0,0,0,0,0,0,0,0,0,0,0,0,0,0,0,0,0,0,0,0,0,0,0,0,0,0,0,0,0,0,0,0,0,0,0,0,0,0,0,0,0,0,0,0,0,0,0,0,0,0,0,0,0,0,0,0,0,0,0,0,0,0,0,0,0,0,0,0,0,0,0,0,0,0,0,0,0,0,0,0,0,0,0,0,0,0,0,0,0,0,0,0,0,0,0,0,0,0,0,0,0,0,0,0,0,0,0,0,0,0,0,0,0,0,0,0,0,0,0,0,0,0,0,0,0,0,0,0,0,0,0,0,0,0,0,0,0,0,0,0,0,0,0,0,0,0,0,0,0,0,0,0,0,0,0,0,0,0,0,0,0,0,0,0,0,0,0,0,0,0,0,0,0,0,0,0,0,0,0,0,0,0,0,0,0,0,0,0,0,0,0,0,0,0,0,0,0,0,0,0,0,0,0,0,0,0,0,0,0,0,0,0,0,0,0,0,0,0,0,0,0,0,0,0,0,0,0,0,0,0,0,0,0,0,0,0,0,0,0,0,0,0,0,0,
34409,0,0,0,0,0,0,0,0,0,0,0,0,0,0,0,0,0,0,0,0,0,0,0,0,0,0,0,0,0,0,0,0,0,0,0,0,0,0,0,0,0,0,0,0,0,0,0,0,0,0,0,0,0,0,0,0,0,0,0,0,0,0,0,0,0,0,0,0,0,0,0,0,0,0,0,0,0,0,0,0,0,0,0,0,0,0,0,0,0,0,0,0,0,0,0,0,0,0,0,0,0,0,0,0,0,0,0,0,0,0,0,0,0,0,0,0,0,0,0,0,0,0,0,0,0,0,0,0,0,0,0,0,0,0,0,0,0,0,0,0,0,0,0,0,0,0,0,0,0,0,0,0,0,0,0,0,0,0,0,0,0,0,0,0,0,0,0,0,0,0,0,0,0,0,0,0,0,0,0,0,0,0,0,0,0,0,0,0,0,0,0,0,0,0,0,0,0,0,0,0,0,0,0,0,0,0,0,0,0,0,0,0,0,0,0,0,0,0,0,0,0,0,0,0,0,0,0,0,0,0,0,0,0,0,0,0,0,0,0,0,0,0,0,0,0,0,0,0,0,0,0,0,0,0,0,0,0,0,0,0,0,0,0,0,0,0,0,0,0,0,0,0,0,0,0,
34410,0,0,0,0,0,0,0,0,0,0,0,0,0,0,0,0,0,0,0,0,0,0,0,0,0,0,0,0,0,0,0,0,0,0,0,0,0,0,0,0,0,0,0,0,0,0,0,0,0,0,0,0,0,0,0,0,0,0,0,0,0,0,0,0,0,0,0,0,0,0,0,0,0,0,0,0,0,0,0,0,0,0,0,0,0,0,0,0,0,0,0,0,0,0,0,0,0,0,0,0,0,0,0,0,0,0,0,0,0,0,0,0,0,0,0,0,0,0,0,0,0,0,0,0,0,0,0,0,0,0,0,0,0,0,0,0,0,0,0,0,0,0,0,0,0,0,0,0,0,0,0,0,0,0,0,0,0,0,0,0,0,0,0,0,0,0,0,0,0,0,0,0,0,0,0,0,0,0,0,0,0,0,0,0,0,0,0,0,0,0,0,0,0,0,0,0,0,0,0,0,0,0,0,0,0,0,0,0,0,0,0,0,0,0,0,0,0,0,0,0,0,0,0,0,0,0,0,0,0,0,0,0,0,0,0,0,0,0,0,0,0,0,0,0,0,0,0,0,0,0,0,0,0,0,0,0,0,0,0,0,0,0,0,0,0,0,0,0,0,0,0,0,0,0,0,
34411,0,0,0,0,0,0,0,0,0,0,0,0,0,0,0,0,0,0,0,0,0,0,0,0,0,0,0,0,0,0,0,0,0,0,0,0,0,0,0,0,0,0,0,0,0,0,0,0,0,0,0,0,0,0,0,0,0,0,0,0,0,0,0,0,0,0,0,0,0,0,0,0,0,0,0,0,0,0,0,0,0,0,0,0,0,0,0,0,0,0,0,0,0,0,0,0,0,0,0,0,0,0,0,0,0,0,0,0,0,0,0,0,0,0,0,0,0,0,0,0,0,0,0,0,0,0,0,0,0,0,0,0,0,0,0,0,0,0,0,0,0,0,0,0,0,0,0,0,0,0,0,0,0,0,0,0,0,0,0,0,0,0,0,0,0,0,0,0,0,0,0,0,0,0,0,0,0,0,0,0,0,0,0,0,0,0,0,0,0,0,0,0,0,0,0,0,0,0,0,0,0,0,0,0,0,0,0,0,0,0,0,0,0,0,0,0,0,0,0,0,0,0,0,0,0,0,0,0,0,0,0,0,0,0,0,0,0,0,0,0,0,0,0,0,0,0,0,0,0,0,0,0,0,0,0,0,0,0,0,0,0,0,0,0,0,0,0,0,0,0,0,0,0,0,0,
34412,0,0,0,0,0,0,0,0,0,0,0,0,0,0,0,0,0,0,0,0,0,0,0,0,0,0,0,0,0,0,0,0,0,0,0,0,0,0,0,0,0,0,0,0,0,0,0,0,0,0,0,0,0,0,0,0,0,0,0,0,0,0,0,0,0,0,0,0,0,0,0,0,0,0,0,0,0,0,0,0,0,0,0,0,0,0,0,0,0,0,0,0,0,0,0,0,0,0,0,0,0,0,0,0,0,0,0,0,0,0,0,0,0,0,0,0,0,0,0,0,0,0,0,0,0,0,0,0,0,0,0,0,0,0,0,0,0,0,0,0,0,0,0,0,0,0,0,0,0,0,0,0,0,0,0,0,0,0,0,0,0,0,0,0,0,0,0,0,0,0,0,0,0,0,0,0,0,0,0,0,0,0,0,0,0,0,0,0,0,0,0,0,0,0,0,0,0,0,0,0,0,0,0,0,0,0,0,0,0,0,0,0,0,0,0,0,0,0,0,0,0,0,0,0,0,0,0,0,0,0,0,0,0,0,0,0,0,0,0,0,0,0,0,0,0,0,0,0,0,0,0,0,0,0,0,0,0,0,0,0,0,0,0,0,0,0,0,0,0,0,0,0,0,0,0,
34413,0,0,0,0,0,0,0,0,0,0,0,0,0,0,0,0,0,0,0,0,0,0,0,0,0,0,0,0,0,0,0,0,0,0,0,0,0,0,0,0,0,0,0,0,0,0,0,0,0,0,0,0,0,0,0,0,0,0,0,0,0,0,0,0,0,0,0,0,0,0,0,0,0,0,0,0,0,0,0,0,0,0,0,0,0,0,0,0,0,0,0,0,0,0,0,0,0,0,0,0,0,0,0,0,0,0,0,0,0,0,0,0,0,0,0,0,0,0,0,0,0,0,0,0,0,0,0,0,0,0,0,0,0,0,0,0,0,0,0,0,0,0,0,0,0,0,0,0,0,0,0,0,0,0,0,0,0,0,0,0,0,0,0,0,0,0,0,0,0,0,0,0,0,0,0,0,0,0,0,0,0,0,0,0,0,0,0,0,0,0,0,0,0,0,0,0,0,0,0,0,0,0,0,0,0,0,0,0,0,0,0,0,0,0,0,0,0,0,0,0,0,0,0,0,0,0,0,0,0,0,0,0,0,0,0,0,0,0,0,0,0,0,0,0,0,0,0,0,0,0,0,0,0,0,0,0,0,0,0,0,0,0,0,0,0,0,0,0,0,0,0,0,0,0,0,
34414,0,0,0,0,0,0,0,0,0,0,0,0,0,0,0,0,0,0,0,0,0,0,0,0,0,0,0,0,0,0,0,0,0,0,0,0,0,0,0,0,0,0,0,0,0,0,0,0,0,0,0,0,0,0,0,0,0,0,0,0,0,0,0,0,0,0,0,0,0,0,0,0,0,0,0,0,0,0,0,0,0,0,0,0,0,0,0,0,0,0,0,0,0,0,0,0,0,0,0,0,0,0,0,0,0,0,0,0,0,0,0,0,0,0,0,0,0,0,0,0,0,0,0,0,0,0,0,0,0,0,0,0,0,0,0,0,0,0,0,0,0,0,0,0,0,0,0,0,0,0,0,0,0,0,0,0,0,0,0,0,0,0,0,0,0,0,0,0,0,0,0,0,0,0,0,0,0,0,0,0,0,0,0,0,0,0,0,0,0,0,0,0,0,0,0,0,0,0,0,0,0,0,0,0,0,0,0,0,0,0,0,0,0,0,0,0,0,0,0,0,0,0,0,0,0,0,0,0,0,0,0,0,0,0,0,0,0,0,0,0,0,0,0,0,0,0,0,0,0,0,0,0,0,0,0,0,0,0,0,0,0,0,0,0,0,0,0,0,0,0,0,0,0,0,0,
34415,0,0,0,0,0,0,0,0,0,0,0,0,0,0,0,0,0,0,0,0,0,0,0,0,0,0,0,0,0,0,0,0,0,0,0,0,0,0,0,0,0,0,0,0,0,0,0,0,0,0,0,0,0,0,0,0,0,0,0,0,0,0,0,0,0,0,0,0,0,0,0,0,0,0,0,0,0,0,0,0,0,0,0,0,0,0,0,0,0,0,0,0,0,0,0,0,0,0,0,0,0,0,0,0,0,0,0,0,0,0,0,0,0,0,0,0,0,0,0,0,0,0,0,0,0,0,0,0,0,0,0,0,0,0,0,0,0,0,0,0,0,0,0,0,0,0,0,0,0,0,0,0,0,0,0,0,0,0,0,0,0,0,0,0,0,0,0,0,0,0,0,0,0,0,0,0,0,0,0,0,0,0,0,0,0,0,0,0,0,0,0,0,0,0,0,0,0,0,0,0,0,0,0,0,0,0,0,0,0,0,0,0,0,0,0,0,0,0,0,0,0,0,0,0,0,0,0,0,0,0,0,0,0,0,0,0,0,0,0,0,0,0,0,0,0,0,0,0,0,0,0,0,0,0,0,0,0,0,0,0,0,0,0,0,0,0,0,0,0,0,0,0,0,0,0,
34416,0,0,0,0,0,0,0,0,0,0,0,0,0,0,0,0,0,0,0,0,0,0,0,0,0,0,0,0,0,0,0,0,0,0,0,0,0,0,0,0,0,0,0,0,0,0,0,0,0,0,0,0,0,0,0,0,0,0,0,0,0,0,0,0,0,0,0,0,0,0,0,0,0,0,0,0,0,0,0,0,0,0,0,0,0,0,0,0,0,0,0,0,0,0,0,0,0,0,0,0,0,0,0,0,0,0,0,0,0,0,0,0,0,0,0,0,0,0,0,0,0,0,0,0,0,0,0,0,0,0,0,0,0,0,0,0,0,0,0,0,0,0,0,0,0,0,0,0,0,0,0,0,0,0,0,0,0,0,0,0,0,0,0,0,0,0,0,0,0,0,0,0,0,0,0,0,0,0,0,0,0,0,0,0,0,0,0,0,0,0,0,0,0,0,0,0,0,0,0,0,0,0,0,0,0,0,0,0,0,0,0,0,0,0,0,0,0,0,0,0,0,0,0,0,0,0,0,0,0,0,0,0,0,0,0,0,0,0,0,0,0,0,0,0,0,0,0,0,0,0,0,0,0,0,0,0,0,0,0,0,0,0,0,0,0,0,0,0,0,0,0,0,0,0,0,
34417,0,0,0,0,0,0,0,0,0,0,0,0,0,0,0,0,0,0,0,0,0,0,0,0,0,0,0,0,0,0,0,0,0,0,0,0,0,0,0,0,0,0,0,0,0,0,0,0,0,0,0,0,0,0,0,0,0,0,0,0,0,0,0,0,0,0,0,0,0,0,0,0,0,0,0,0,0,0,0,0,0,0,0,0,0,0,0,0,0,0,0,0,0,0,0,0,0,0,0,0,0,0,0,0,0,0,0,0,0,0,0,0,0,0,0,0,0,0,0,0,0,0,0,0,0,0,0,0,0,0,0,0,0,0,0,0,0,0,0,0,0,0,0,0,0,0,0,0,0,0,0,0,0,0,0,0,0,0,0,0,0,0,0,0,0,0,0,0,0,0,0,0,0,0,0,0,0,0,0,0,0,0,0,0,0,0,0,0,0,0,0,0,0,0,0,0,0,0,0,0,0,0,0,0,0,0,0,0,0,0,0,0,0,0,0,0,0,0,0,0,0,0,0,0,0,0,0,0,0,0,0,0,0,0,0,0,0,0,0,0,0,0,0,0,0,0,0,0,0,0,0,0,0,0,0,0,0,0,0,0,0,0,0,0,0,0,0,0,0,0,0,0,0,0,0,
34418,0,0,0,0,0,0,0,0,0,0,0,0,0,0,0,0,0,0,0,0,0,0,0,0,0,0,0,0,0,0,0,0,0,0,0,0,0,0,0,0,0,0,0,0,0,0,0,0,0,0,0,0,0,0,0,0,0,0,0,0,0,0,0,0,0,0,0,0,0,0,0,0,0,0,0,0,0,0,0,0,0,0,0,0,0,0,0,0,0,0,0,0,0,0,0,0,0,0,0,0,0,0,0,0,0,0,0,0,0,0,0,0,0,0,0,0,0,0,0,0,0,0,0,0,0,0,0,0,0,0,0,0,0,0,0,0,0,0,0,0,0,0,0,0,0,0,0,0,0,0,0,0,0,0,0,0,0,0,0,0,0,0,0,0,0,0,0,0,0,0,0,0,0,0,0,0,0,0,0,0,0,0,0,0,0,0,0,0,0,0,0,0,0,0,0,0,0,0,0,0,0,0,0,0,0,0,0,0,0,0,0,0,0,0,0,0,0,0,0,0,0,0,0,0,0,0,0,0,0,0,0,0,0,0,0,0,0,0,0,0,0,0,0,0,0,0,0,0,0,0,0,0,0,0,0,0,0,0,0,0,0,0,0,0,0,0,0,0,0,0,0,0,0,0,0,
34419,0,0,0,0,0,0,0,0,0,0,0,0,0,0,0,0,0,0,0,0,0,0,0,0,0,0,0,0,0,0,0,0,0,0,0,0,0,0,0,0,0,0,0,0,0,0,0,0,0,0,0,0,0,0,0,0,0,0,0,0,0,0,0,0,0,0,0,0,0,0,0,0,0,0,0,0,0,0,0,0,0,0,0,0,0,0,0,0,0,0,0,0,0,0,0,0,0,0,0,0,0,0,0,0,0,0,0,0,0,0,0,0,0,0,0,0,0,0,0,0,0,0,0,0,0,0,0,0,0,0,0,0,0,0,0,0,0,0,0,0,0,0,0,0,0,0,0,0,0,0,0,0,0,0,0,0,0,0,0,0,0,0,0,0,0,0,0,0,0,0,0,0,0,0,0,0,0,0,0,0,0,0,0,0,0,0,0,0,0,0,0,0,0,0,0,0,0,0,0,0,0,0,0,0,0,0,0,0,0,0,0,0,0,0,0,0,0,0,0,0,0,0,0,0,0,0,0,0,0,0,0,0,0,0,0,0,0,0,0,0,0,0,0,0,0,0,0,0,0,0,0,0,0,0,0,0,0,0,0,0,0,0,0,0,0,0,0,0,0,0,0,0,0,0,0,
34420,0,0,0,0,0,0,0,0,0,0,0,0,0,0,0,0,0,0,0,0,0,0,0,0,0,0,0,0,0,0,0,0,0,0,0,0,0,0,0,0,0,0,0,0,0,0,0,0,0,0,0,0,0,0,0,0,0,0,0,0,0,0,0,0,0,0,0,0,0,0,0,0,0,0,0,0,0,0,0,0,0,0,0,0,0,0,0,0,0,0,0,0,0,0,0,0,0,0,0,0,0,0,0,0,0,0,0,0,0,0,0,0,0,0,0,0,0,0,0,0,0,0,0,0,0,0,0,0,0,0,0,0,0,0,0,0,0,0,0,0,0,0,0,0,0,0,0,0,0,0,0,0,0,0,0,0,0,0,0,0,0,0,0,0,0,0,0,0,0,0,0,0,0,0,0,0,0,0,0,0,0,0,0,0,0,0,0,0,0,0,0,0,0,0,0,0,0,0,0,0,0,0,0,0,0,0,0,0,0,0,0,0,0,0,0,0,0,0,0,0,0,0,0,0,0,0,0,0,0,0,0,0,0,0,0,0,0,0,0,0,0,0,0,0,0,0,0,0,0,0,0,0,0,0,0,0,0,0,0,0,0,0,0,0,0,0,0,0,0,0,0,0,0,0,0,
34421,0,0,0,0,0,0,0,0,0,0,0,0,0,0,0,0,0,0,0,0,0,0,0,0,0,0,0,0,0,0,0,0,0,0,0,0,0,0,0,0,0,0,0,0,0,0,0,0,0,0,0,0,0,0,0,0,0,0,0,0,0,0,0,0,0,0,0,0,0,0,0,0,0,0,0,0,0,0,0,0,0,0,0,0,0,0,0,0,0,0,0,0,0,0,0,0,0,0,0,0,0,0,0,0,0,0,0,0,0,0,0,0,0,0,0,0,0,0,0,0,0,0,0,0,0,0,0,0,0,0,0,0,0,0,0,0,0,0,0,0,0,0,0,0,0,0,0,0,0,0,0,0,0,0,0,0,0,0,0,0,0,0,0,0,0,0,0,0,0,0,0,0,0,0,0,0,0,0,0,0,0,0,0,0,0,0,0,0,0,0,0,0,0,0,0,0,0,0,0,0,0,0,0,0,0,0,0,0,0,0,0,0,0,0,0,0,0,0,0,0,0,0,0,0,0,0,0,0,0,0,0,0,0,0,0,0,0,0,0,0,0,0,0,0,0,0,0,0,0,0,0,0,0,0,0,0,0,0,0,0,0,0,0,0,0,0,0,0,0,0,0,0,0,0,0,
34422,0,0,0,0,0,0,0,0,0,0,0,0,0,0,0,0,0,0,0,0,0,0,0,0,0,0,0,0,0,0,0,0,0,0,0,0,0,0,0,0,0,0,0,0,0,0,0,0,0,0,0,0,0,0,0,0,0,0,0,0,0,0,0,0,0,0,0,0,0,0,0,0,0,0,0,0,0,0,0,0,0,0,0,0,0,0,0,0,0,0,0,0,0,0,0,0,0,0,0,0,0,0,0,0,0,0,0,0,0,0,0,0,0,0,0,0,0,0,0,0,0,0,0,0,0,0,0,0,0,0,0,0,0,0,0,0,0,0,0,0,0,0,0,0,0,0,0,0,0,0,0,0,0,0,0,0,0,0,0,0,0,0,0,0,0,0,0,0,0,0,0,0,0,0,0,0,0,0,0,0,0,0,0,0,0,0,0,0,0,0,0,0,0,0,0,0,0,0,0,0,0,0,0,0,0,0,0,0,0,0,0,0,0,0,0,0,0,0,0,0,0,0,0,0,0,0,0,0,0,0,0,0,0,0,0,0,0,0,0,0,0,0,0,0,0,0,0,0,0,0,0,0,0,0,0,0,0,0,0,0,0,0,0,0,0,0,0,0,0,0,0,0,0,0,0,
34423,0,0,0,0,0,0,0,0,0,0,0,0,0,0,0,0,0,0,0,0,0,0,0,0,0,0,0,0,0,0,0,0,0,0,0,0,0,0,0,0,0,0,0,0,0,0,0,0,0,0,0,0,0,0,0,0,0,0,0,0,0,0,0,0,0,0,0,0,0,0,0,0,0,0,0,0,0,0,0,0,0,0,0,0,0,0,0,0,0,0,0,0,0,0,0,0,0,0,0,0,0,0,0,0,0,0,0,0,0,0,0,0,0,0,0,0,0,0,0,0,0,0,0,0,0,0,0,0,0,0,0,0,0,0,0,0,0,0,0,0,0,0,0,0,0,0,0,0,0,0,0,0,0,0,0,0,0,0,0,0,0,0,0,0,0,0,0,0,0,0,0,0,0,0,0,0,0,0,0,0,0,0,0,0,0,0,0,0,0,0,0,0,0,0,0,0,0,0,0,0,0,0,0,0,0,0,0,0,0,0,0,0,0,0,0,0,0,0,0,0,0,0,0,0,0,0,0,0,0,0,0,0,0,0,0,0,0,0,0,0,0,0,0,0,0,0,0,0,0,0,0,0,0,0,0,0,0,0,0,0,0,0,0,0,0,0,0,0,0,0,0,0,0,0,0,
34424,0,0,0,0,0,0,0,0,0,0,0,0,0,0,0,0,0,0,0,0,0,0,0,0,0,0,0,0,0,0,0,0,0,0,0,0,0,0,0,0,0,0,0,0,0,0,0,0,0,0,0,0,0,0,0,0,0,0,0,0,0,0,0,0,0,0,0,0,0,0,0,0,0,0,0,0,0,0,0,0,0,0,0,0,0,0,0,0,0,0,0,0,0,0,0,0,0,0,0,0,0,0,0,0,0,0,0,0,0,0,0,0,0,0,0,0,0,0,0,0,0,0,0,0,0,0,0,0,0,0,0,0,0,0,0,0,0,0,0,0,0,0,0,0,0,0,0,0,0,0,0,0,0,0,0,0,0,0,0,0,0,0,0,0,0,0,0,0,0,0,0,0,0,0,0,0,0,0,0,0,0,0,0,0,0,0,0,0,0,0,0,0,0,0,0,0,0,0,0,0,0,0,0,0,0,0,0,0,0,0,0,0,0,0,0,0,0,0,0,0,0,0,0,0,0,0,0,0,0,0,0,0,0,0,0,0,0,0,0,0,0,0,0,0,0,0,0,0,0,0,0,0,0,0,0,0,0,0,0,0,0,0,0,0,0,0,0,0,0,0,0,0,0,0,0,
34425,0,0,0,0,0,0,0,0,0,0,0,0,0,0,0,0,0,0,0,0,0,0,0,0,0,0,0,0,0,0,0,0,0,0,0,0,0,0,0,0,0,0,0,0,0,0,0,0,0,0,0,0,0,0,0,0,0,0,0,0,0,0,0,0,0,0,0,0,0,0,0,0,0,0,0,0,0,0,0,0,0,0,0,0,0,0,0,0,0,0,0,0,0,0,0,0,0,0,0,0,0,0,0,0,0,0,0,0,0,0,0,0,0,0,0,0,0,0,0,0,0,0,0,0,0,0,0,0,0,0,0,0,0,0,0,0,0,0,0,0,0,0,0,0,0,0,0,0,0,0,0,0,0,0,0,0,0,0,0,0,0,0,0,0,0,0,0,0,0,0,0,0,0,0,0,0,0,0,0,0,0,0,0,0,0,0,0,0,0,0,0,0,0,0,0,0,0,0,0,0,0,0,0,0,0,0,0,0,0,0,0,0,0,0,0,0,0,0,0,0,0,0,0,0,0,0,0,0,0,0,0,0,0,0,0,0,0,0,0,0,0,0,0,0,0,0,0,0,0,0,0,0,0,0,0,0,0,0,0,0,0,0,0,0,0,0,0,0,0,0,0,0,0,0,0,
34426,0,0,0,0,0,0,0,0,0,0,0,0,0,0,0,0,0,0,0,0,0,0,0,0,0,0,0,0,0,0,0,0,0,0,0,0,0,0,0,0,0,0,0,0,0,0,0,0,0,0,0,0,0,0,0,0,0,0,0,0,0,0,0,0,0,0,0,0,0,0,0,0,0,0,0,0,0,0,0,0,0,0,0,0,0,0,0,0,0,0,0,0,0,0,0,0,0,0,0,0,0,0,0,0,0,0,0,0,0,0,0,0,0,0,0,0,0,0,0,0,0,0,0,0,0,0,0,0,0,0,0,0,0,0,0,0,0,0,0,0,0,0,0,0,0,0,0,0,0,0,0,0,0,0,0,0,0,0,0,0,0,0,0,0,0,0,0,0,0,0,0,0,0,0,0,0,0,0,0,0,0,0,0,0,0,0,0,0,0,0,0,0,0,0,0,0,0,0,0,0,0,0,0,0,0,0,0,0,0,0,0,0,0,0,0,0,0,0,0,0,0,0,0,0,0,0,0,0,0,0,0,0,0,0,0,0,0,0,0,0,0,0,0,0,0,0,0,0,0,0,0,0,0,0,0,0,0,0,0,0,0,0,0,0,0,0,0,0,0,0,0,0,0,0,0,
34427,0,0,0,0,0,0,0,0,0,0,0,0,0,0,0,0,0,0,0,0,0,0,0,0,0,0,0,0,0,0,0,0,0,0,0,0,0,0,0,0,0,0,0,0,0,0,0,0,0,0,0,0,0,0,0,0,0,0,0,0,0,0,0,0,0,0,0,0,0,0,0,0,0,0,0,0,0,0,0,0,0,0,0,0,0,0,0,0,0,0,0,0,0,0,0,0,0,0,0,0,0,0,0,0,0,0,0,0,0,0,0,0,0,0,0,0,0,0,0,0,0,0,0,0,0,0,0,0,0,0,0,0,0,0,0,0,0,0,0,0,0,0,0,0,0,0,0,0,0,0,0,0,0,0,0,0,0,0,0,0,0,0,0,0,0,0,0,0,0,0,0,0,0,0,0,0,0,0,0,0,0,0,0,0,0,0,0,0,0,0,0,0,0,0,0,0,0,0,0,0,0,0,0,0,0,0,0,0,0,0,0,0,0,0,0,0,0,0,0,0,0,0,0,0,0,0,0,0,0,0,0,0,0,0,0,0,0,0,0,0,0,0,0,0,0,0,0,0,0,0,0,0,0,0,0,0,0,0,0,0,0,0,0,0,0,0,0,0,0,0,0,0,0,0,0,
34428,0,0,0,0,0,0,0,0,0,0,0,0,0,0,0,0,0,0,0,0,0,0,0,0,0,0,0,0,0,0,0,0,0,0,0,0,0,0,0,0,0,0,0,0,0,0,0,0,0,0,0,0,0,0,0,0,0,0,0,0,0,0,0,0,0,0,0,0,0,0,0,0,0,0,0,0,0,0,0,0,0,0,0,0,0,0,0,0,0,0,0,0,0,0,0,0,0,0,0,0,0,0,0,0,0,0,0,0,0,0,0,0,0,0,0,0,0,0,0,0,0,0,0,0,0,0,0,0,0,0,0,0,0,0,0,0,0,0,0,0,0,0,0,0,0,0,0,0,0,0,0,0,0,0,0,0,0,0,0,0,0,0,0,0,0,0,0,0,0,0,0,0,0,0,0,0,0,0,0,0,0,0,0,0,0,0,0,0,0,0,0,0,0,0,0,0,0,0,0,0,0,0,0,0,0,0,0,0,0,0,0,0,0,0,0,0,0,0,0,0,0,0,0,0,0,0,0,0,0,0,0,0,0,0,0,0,0,0,0,0,0,0,0,0,0,0,0,0,0,0,0,0,0,0,0,0,0,0,0,0,0,0,0,0,0,0,0,0,0,0,0,0,0,0,0,
34429,0,0,0,0,0,0,0,0,0,0,0,0,0,0,0,0,0,0,0,0,0,0,0,0,0,0,0,0,0,0,0,0,0,0,0,0,0,0,0,0,0,0,0,0,0,0,0,0,0,0,0,0,0,0,0,0,0,0,0,0,0,0,0,0,0,0,0,0,0,0,0,0,0,0,0,0,0,0,0,0,0,0,0,0,0,0,0,0,0,0,0,0,0,0,0,0,0,0,0,0,0,0,0,0,0,0,0,0,0,0,0,0,0,0,0,0,0,0,0,0,0,0,0,0,0,0,0,0,0,0,0,0,0,0,0,0,0,0,0,0,0,0,0,0,0,0,0,0,0,0,0,0,0,0,0,0,0,0,0,0,0,0,0,0,0,0,0,0,0,0,0,0,0,0,0,0,0,0,0,0,0,0,0,0,0,0,0,0,0,0,0,0,0,0,0,0,0,0,0,0,0,0,0,0,0,0,0,0,0,0,0,0,0,0,0,0,0,0,0,0,0,0,0,0,0,0,0,0,0,0,0,0,0,0,0,0,0,0,0,0,0,0,0,0,0,0,0,0,0,0,0,0,0,0,0,0,0,0,0,0,0,0,0,0,0,0,0,0,0,0,0,0,0,0,0,
34430,0,0,0,0,0,0,0,0,0,0,0,0,0,0,0,0,0,0,0,0,0,0,0,0,0,0,0,0,0,0,0,0,0,0,0,0,0,0,0,0,0,0,0,0,0,0,0,0,0,0,0,0,0,0,0,0,0,0,0,0,0,0,0,0,0,0,0,0,0,0,0,0,0,0,0,0,0,0,0,0,0,0,0,0,0,0,0,0,0,0,0,0,0,0,0,0,0,0,0,0,0,0,0,0,0,0,0,0,0,0,0,0,0,0,0,0,0,0,0,0,0,0,0,0,0,0,0,0,0,0,0,0,0,0,0,0,0,0,0,0,0,0,0,0,0,0,0,0,0,0,0,0,0,0,0,0,0,0,0,0,0,0,0,0,0,0,0,0,0,0,0,0,0,0,0,0,0,0,0,0,0,0,0,0,0,0,0,0,0,0,0,0,0,0,0,0,0,0,0,0,0,0,0,0,0,0,0,0,0,0,0,0,0,0,0,0,0,0,0,0,0,0,0,0,0,0,0,0,0,0,0,0,0,0,0,0,0,0,0,0,0,0,0,0,0,0,0,0,0,0,0,0,0,0,0,0,0,0,0,0,0,0,0,0,0,0,0,0,0,0,0,0,0,0,0,
34431,0,0,0,0,0,0,0,0,0,0,0,0,0,0,0,0,0,0,0,0,0,0,0,0,0,0,0,0,0,0,0,0,0,0,0,0,0,0,0,0,0,0,0,0,0,0,0,0,0,0,0,0,0,0,0,0,0,0,0,0,0,0,0,0,0,0,0,0,0,0,0,0,0,0,0,0,0,0,0,0,0,0,0,0,0,0,0,0,0,0,0,0,0,0,0,0,0,0,0,0,0,0,0,0,0,0,0,0,0,0,0,0,0,0,0,0,0,0,0,0,0,0,0,0,0,0,0,0,0,0,0,0,0,0,0,0,0,0,0,0,0,0,0,0,0,0,0,0,0,0,0,0,0,0,0,0,0,0,0,0,0,0,0,0,0,0,0,0,0,0,0,0,0,0,0,0,0,0,0,0,0,0,0,0,0,0,0,0,0,0,0,0,0,0,0,0,0,0,0,0,0,0,0,0,0,0,0,0,0,0,0,0,0,0,0,0,0,0,0,0,0,0,0,0,0,0,0,0,0,0,0,0,0,0,0,0,0,0,0,0,0,0,0,0,0,0,0,0,0,0,0,0,0,0,0,0,0,0,0,0,0,0,0,0,0,0,0,0,0,0,0,0,0,0,0,
34432,0,0,0,0,0,0,0,0,0,0,0,0,0,0,0,0,0,0,0,0,0,0,0,0,0,0,0,0,0,0,0,0,0,0,0,0,0,0,0,0,0,0,0,0,0,0,0,0,0,0,0,0,0,0,0,0,0,0,0,0,0,0,0,0,0,0,0,0,0,0,0,0,0,0,0,0,0,0,0,0,0,0,0,0,0,0,0,0,0,0,0,0,0,0,0,0,0,0,0,0,0,0,0,0,0,0,0,0,0,0,0,0,0,0,0,0,0,0,0,0,0,0,0,0,0,0,0,0,0,0,0,0,0,0,0,0,0,0,0,0,0,0,0,0,0,0,0,0,0,0,0,0,0,0,0,0,0,0,0,0,0,0,0,0,0,0,0,0,0,0,0,0,0,0,0,0,0,0,0,0,0,0,0,0,0,0,0,0,0,0,0,0,0,0,0,0,0,0,0,0,0,0,0,0,0,0,0,0,0,0,0,0,0,0,0,0,0,0,0,0,0,0,0,0,0,0,0,0,0,0,0,0,0,0,0,0,0,0,0,0,0,0,0,0,0,0,0,0,0,0,0,0,0,0,0,0,0,0,0,0,0,0,0,0,0,0,0,0,0,0,0,0,0,0,0,
34433,0,0,0,0,0,0,0,0,0,0,0,0,0,0,0,0,0,0,0,0,0,0,0,0,0,0,0,0,0,0,0,0,0,0,0,0,0,0,0,0,0,0,0,0,0,0,0,0,0,0,0,0,0,0,0,0,0,0,0,0,0,0,0,0,0,0,0,0,0,0,0,0,0,0,0,0,0,0,0,0,0,0,0,0,0,0,0,0,0,0,0,0,0,0,0,0,0,0,0,0,0,0,0,0,0,0,0,0,0,0,0,0,0,0,0,0,0,0,0,0,0,0,0,0,0,0,0,0,0,0,0,0,0,0,0,0,0,0,0,0,0,0,0,0,0,0,0,0,0,0,0,0,0,0,0,0,0,0,0,0,0,0,0,0,0,0,0,0,0,0,0,0,0,0,0,0,0,0,0,0,0,0,0,0,0,0,0,0,0,0,0,0,0,0,0,0,0,0,0,0,0,0,0,0,0,0,0,0,0,0,0,0,0,0,0,0,0,0,0,0,0,0,0,0,0,0,0,0,0,0,0,0,0,0,0,0,0,0,0,0,0,0,0,0,0,0,0,0,0,0,0,0,0,0,0,0,0,0,0,0,0,0,0,0,0,0,0,0,0,0,0,0,0,0,0,
34500,0,0,0,0,0,0,0,0,0,0,0,0,0,0,0,0,0,0,0,0,0,0,0,0,0,0,0,0,0,0,0,0,0,0,0,0,0,0,0,0,0,0,0,0,0,0,0,0,0,0,0,0,0,0,0,0,0,0,0,0,0,0,0,0,0,0,0,0,0,0,0,0,0,0,0,0,0,0,0,0,0,0,0,0,0,0,0,0,0,0,0,0,0,0,0,0,0,0,0,0,0,0,0,0,0,0,0,0,0,0,0,0,0,0,0,0,0,0,0,0,0,0,0,0,0,0,0,0,0,0,0,0,0,0,0,0,0,0,0,0,0,0,0,0,0,0,0,0,0,0,0,0,0,0,0,0,0,0,0,0,0,0,0,0,0,0,0,0,0,0,0,0,0,0,0,0,0,0,0,0,0,0,0,0,0,0,0,0,0,0,0,0,0,0,0,0,0,0,0,0,0,0,0,0,0,0,0,0,0,0,0,0,0,0,0,0,0,0,0,0,0,0,0,0,0,0,0,0,0,0,0,0,0,0,0,0,0,0,0,0,0,0,0,0,0,0,0,0,0,0,0,0,0,0,0,0,0,0,0,0,0,0,0,0,0,0,0,0,0,0,0,0,0,0,0,
34501,0,0,0,0,0,0,0,0,0,0,0,0,0,0,0,0,0,0,0,0,0,0,0,0,0,0,0,0,0,0,0,0,0,0,0,0,0,0,0,0,0,0,0,0,0,0,0,0,0,0,0,0,0,0,0,0,0,0,0,0,0,0,0,0,0,0,0,0,0,0,0,0,0,0,0,0,0,0,0,0,0,0,0,0,0,0,0,0,0,0,0,0,0,0,0,0,0,0,0,0,0,0,0,0,0,0,0,0,0,0,0,0,0,0,0,0,0,0,0,0,0,0,0,0,0,0,0,0,0,0,0,0,0,0,0,0,0,0,0,0,0,0,0,0,0,0,0,0,0,0,0,0,0,0,0,0,0,0,0,0,0,0,0,0,0,0,0,0,0,0,0,0,0,0,0,0,0,0,0,0,0,0,0,0,0,0,0,0,0,0,0,0,0,0,0,0,0,0,0,0,0,0,0,0,0,0,0,0,0,0,0,0,0,0,0,0,0,0,0,0,0,0,0,0,0,0,0,0,0,0,0,0,0,0,0,0,0,0,0,0,0,0,0,0,0,0,0,0,0,0,0,0,0,0,0,0,0,0,0,0,0,0,0,0,0,0,0,0,0,0,0,0,0,0,0,
34502,0,0,0,0,0,0,0,0,0,0,0,0,0,0,0,0,0,0,0,0,0,0,0,0,0,0,0,0,0,0,0,0,0,0,0,0,0,0,0,0,0,0,0,0,0,0,0,0,0,0,0,0,0,0,0,0,0,0,0,0,0,0,0,0,0,0,0,0,0,0,0,0,0,0,0,0,0,0,0,0,0,0,0,0,0,0,0,0,0,0,0,0,0,0,0,0,0,0,0,0,0,0,0,0,0,0,0,0,0,0,0,0,0,0,0,0,0,0,0,0,0,0,0,0,0,0,0,0,0,0,0,0,0,0,0,0,0,0,0,0,0,0,0,0,0,0,0,0,0,0,0,0,0,0,0,0,0,0,0,0,0,0,0,0,0,0,0,0,0,0,0,0,0,0,0,0,0,0,0,0,0,0,0,0,0,0,0,0,0,0,0,0,0,0,0,0,0,0,0,0,0,0,0,0,0,0,0,0,0,0,0,0,0,0,0,0,0,0,0,0,0,0,0,0,0,0,0,0,0,0,0,0,0,0,0,0,0,0,0,0,0,0,0,0,0,0,0,0,0,0,0,0,0,0,0,0,0,0,0,0,0,0,0,0,0,0,0,0,0,0,0,0,0,0,0,
34503,0,0,0,0,0,0,0,0,0,0,0,0,0,0,0,0,0,0,0,0,0,0,0,0,0,0,0,0,0,0,0,0,0,0,0,0,0,0,0,0,0,0,0,0,0,0,0,0,0,0,0,0,0,0,0,0,0,0,0,0,0,0,0,0,0,0,0,0,0,0,0,0,0,0,0,0,0,0,0,0,0,0,0,0,0,0,0,0,0,0,0,0,0,0,0,0,0,0,0,0,0,0,0,0,0,0,0,0,0,0,0,0,0,0,0,0,0,0,0,0,0,0,0,0,0,0,0,0,0,0,0,0,0,0,0,0,0,0,0,0,0,0,0,0,0,0,0,0,0,0,0,0,0,0,0,0,0,0,0,0,0,0,0,0,0,0,0,0,0,0,0,0,0,0,0,0,0,0,0,0,0,0,0,0,0,0,0,0,0,0,0,0,0,0,0,0,0,0,0,0,0,0,0,0,0,0,0,0,0,0,0,0,0,0,0,0,0,0,0,0,0,0,0,0,0,0,0,0,0,0,0,0,0,0,0,0,0,0,0,0,0,0,0,0,0,0,0,0,0,0,0,0,0,0,0,0,0,0,0,0,0,0,0,0,0,0,0,0,0,0,0,0,0,0,0,
34504,0,0,0,0,0,0,0,0,0,0,0,0,0,0,0,0,0,0,0,0,0,0,0,0,0,0,0,0,0,0,0,0,0,0,0,0,0,0,0,0,0,0,0,0,0,0,0,0,0,0,0,0,0,0,0,0,0,0,0,0,0,0,0,0,0,0,0,0,0,0,0,0,0,0,0,0,0,0,0,0,0,0,0,0,0,0,0,0,0,0,0,0,0,0,0,0,0,0,0,0,0,0,0,0,0,0,0,0,0,0,0,0,0,0,0,0,0,0,0,0,0,0,0,0,0,0,0,0,0,0,0,0,0,0,0,0,0,0,0,0,0,0,0,0,0,0,0,0,0,0,0,0,0,0,0,0,0,0,0,0,0,0,0,0,0,0,0,0,0,0,0,0,0,0,0,0,0,0,0,0,0,0,0,0,0,0,0,0,0,0,0,0,0,0,0,0,0,0,0,0,0,0,0,0,0,0,0,0,0,0,0,0,0,0,0,0,0,0,0,0,0,0,0,0,0,0,0,0,0,0,0,0,0,0,0,0,0,0,0,0,0,0,0,0,0,0,0,0,0,0,0,0,0,0,0,0,0,0,0,0,0,0,0,0,0,0,0,0,0,0,0,0,0,0,0,
34505,0,0,0,0,0,0,0,0,0,0,0,0,0,0,0,0,0,0,0,0,0,0,0,0,0,0,0,0,0,0,0,0,0,0,0,0,0,0,0,0,0,0,0,0,0,0,0,0,0,0,0,0,0,0,0,0,0,0,0,0,0,0,0,0,0,0,0,0,0,0,0,0,0,0,0,0,0,0,0,0,0,0,0,0,0,0,0,0,0,0,0,0,0,0,0,0,0,0,0,0,0,0,0,0,0,0,0,0,0,0,0,0,0,0,0,0,0,0,0,0,0,0,0,0,0,0,0,0,0,0,0,0,0,0,0,0,0,0,0,0,0,0,0,0,0,0,0,0,0,0,0,0,0,0,0,0,0,0,0,0,0,0,0,0,0,0,0,0,0,0,0,0,0,0,0,0,0,0,0,0,0,0,0,0,0,0,0,0,0,0,0,0,0,0,0,0,0,0,0,0,0,0,0,0,0,0,0,0,0,0,0,0,0,0,0,0,0,0,0,0,0,0,0,0,0,0,0,0,0,0,0,0,0,0,0,0,0,0,0,0,0,0,0,0,0,0,0,0,0,0,0,0,0,0,0,0,0,0,0,0,0,0,0,0,0,0,0,0,0,0,0,0,0,0,0,
34506,0,0,0,0,0,0,0,0,0,0,0,0,0,0,0,0,0,0,0,0,0,0,0,0,0,0,0,0,0,0,0,0,0,0,0,0,0,0,0,0,0,0,0,0,0,0,0,0,0,0,0,0,0,0,0,0,0,0,0,0,0,0,0,0,0,0,0,0,0,0,0,0,0,0,0,0,0,0,0,0,0,0,0,0,0,0,0,0,0,0,0,0,0,0,0,0,0,0,0,0,0,0,0,0,0,0,0,0,0,0,0,0,0,0,0,0,0,0,0,0,0,0,0,0,0,0,0,0,0,0,0,0,0,0,0,0,0,0,0,0,0,0,0,0,0,0,0,0,0,0,0,0,0,0,0,0,0,0,0,0,0,0,0,0,0,0,0,0,0,0,0,0,0,0,0,0,0,0,0,0,0,0,0,0,0,0,0,0,0,0,0,0,0,0,0,0,0,0,0,0,0,0,0,0,0,0,0,0,0,0,0,0,0,0,0,0,0,0,0,0,0,0,0,0,0,0,0,0,0,0,0,0,0,0,0,0,0,0,0,0,0,0,0,0,0,0,0,0,0,0,0,0,0,0,0,0,0,0,0,0,0,0,0,0,0,0,0,0,0,0,0,0,0,0,0,
34507,0,0,0,0,0,0,0,0,0,0,0,0,0,0,0,0,0,0,0,0,0,0,0,0,0,0,0,0,0,0,0,0,0,0,0,0,0,0,0,0,0,0,0,0,0,0,0,0,0,0,0,0,0,0,0,0,0,0,0,0,0,0,0,0,0,0,0,0,0,0,0,0,0,0,0,0,0,0,0,0,0,0,0,0,0,0,0,0,0,0,0,0,0,0,0,0,0,0,0,0,0,0,0,0,0,0,0,0,0,0,0,0,0,0,0,0,0,0,0,0,0,0,0,0,0,0,0,0,0,0,0,0,0,0,0,0,0,0,0,0,0,0,0,0,0,0,0,0,0,0,0,0,0,0,0,0,0,0,0,0,0,0,0,0,0,0,0,0,0,0,0,0,0,0,0,0,0,0,0,0,0,0,0,0,0,0,0,0,0,0,0,0,0,0,0,0,0,0,0,0,0,0,0,0,0,0,0,0,0,0,0,0,0,0,0,0,0,0,0,0,0,0,0,0,0,0,0,0,0,0,0,0,0,0,0,0,0,0,0,0,0,0,0,0,0,0,0,0,0,0,0,0,0,0,0,0,0,0,0,0,0,0,0,0,0,0,0,0,0,0,0,0,0,0,0,
34508,0,0,0,0,0,0,0,0,0,0,0,0,0,0,0,0,0,0,0,0,0,0,0,0,0,0,0,0,0,0,0,0,0,0,0,0,0,0,0,0,0,0,0,0,0,0,0,0,0,0,0,0,0,0,0,0,0,0,0,0,0,0,0,0,0,0,0,0,0,0,0,0,0,0,0,0,0,0,0,0,0,0,0,0,0,0,0,0,0,0,0,0,0,0,0,0,0,0,0,0,0,0,0,0,0,0,0,0,0,0,0,0,0,0,0,0,0,0,0,0,0,0,0,0,0,0,0,0,0,0,0,0,0,0,0,0,0,0,0,0,0,0,0,0,0,0,0,0,0,0,0,0,0,0,0,0,0,0,0,0,0,0,0,0,0,0,0,0,0,0,0,0,0,0,0,0,0,0,0,0,0,0,0,0,0,0,0,0,0,0,0,0,0,0,0,0,0,0,0,0,0,0,0,0,0,0,0,0,0,0,0,0,0,0,0,0,0,0,0,0,0,0,0,0,0,0,0,0,0,0,0,0,0,0,0,0,0,0,0,0,0,0,0,0,0,0,0,0,0,0,0,0,0,0,0,0,0,0,0,0,0,0,0,0,0,0,0,0,0,0,0,0,0,0,0,
34509,0,0,0,0,0,0,0,0,0,0,0,0,0,0,0,0,0,0,0,0,0,0,0,0,0,0,0,0,0,0,0,0,0,0,0,0,0,0,0,0,0,0,0,0,0,0,0,0,0,0,0,0,0,0,0,0,0,0,0,0,0,0,0,0,0,0,0,0,0,0,0,0,0,0,0,0,0,0,0,0,0,0,0,0,0,0,0,0,0,0,0,0,0,0,0,0,0,0,0,0,0,0,0,0,0,0,0,0,0,0,0,0,0,0,0,0,0,0,0,0,0,0,0,0,0,0,0,0,0,0,0,0,0,0,0,0,0,0,0,0,0,0,0,0,0,0,0,0,0,0,0,0,0,0,0,0,0,0,0,0,0,0,0,0,0,0,0,0,0,0,0,0,0,0,0,0,0,0,0,0,0,0,0,0,0,0,0,0,0,0,0,0,0,0,0,0,0,0,0,0,0,0,0,0,0,0,0,0,0,0,0,0,0,0,0,0,0,0,0,0,0,0,0,0,0,0,0,0,0,0,0,0,0,0,0,0,0,0,0,0,0,0,0,0,0,0,0,0,0,0,0,0,0,0,0,0,0,0,0,0,0,0,0,0,0,0,0,0,0,0,0,0,0,0,0,
34510,0,0,0,0,0,0,0,0,0,0,0,0,0,0,0,0,0,0,0,0,0,0,0,0,0,0,0,0,0,0,0,0,0,0,0,0,0,0,0,0,0,0,0,0,0,0,0,0,0,0,0,0,0,0,0,0,0,0,0,0,0,0,0,0,0,0,0,0,0,0,0,0,0,0,0,0,0,0,0,0,0,0,0,0,0,0,0,0,0,0,0,0,0,0,0,0,0,0,0,0,0,0,0,0,0,0,0,0,0,0,0,0,0,0,0,0,0,0,0,0,0,0,0,0,0,0,0,0,0,0,0,0,0,0,0,0,0,0,0,0,0,0,0,0,0,0,0,0,0,0,0,0,0,0,0,0,0,0,0,0,0,0,0,0,0,0,0,0,0,0,0,0,0,0,0,0,0,0,0,0,0,0,0,0,0,0,0,0,0,0,0,0,0,0,0,0,0,0,0,0,0,0,0,0,0,0,0,0,0,0,0,0,0,0,0,0,0,0,0,0,0,0,0,0,0,0,0,0,0,0,0,0,0,0,0,0,0,0,0,0,0,0,0,0,0,0,0,0,0,0,0,0,0,0,0,0,0,0,0,0,0,0,0,0,0,0,0,0,0,0,0,0,0,0,0,
34511,0,0,0,0,0,0,0,0,0,0,0,0,0,0,0,0,0,0,0,0,0,0,0,0,0,0,0,0,0,0,0,0,0,0,0,0,0,0,0,0,0,0,0,0,0,0,0,0,0,0,0,0,0,0,0,0,0,0,0,0,0,0,0,0,0,0,0,0,0,0,0,0,0,0,0,0,0,0,0,0,0,0,0,0,0,0,0,0,0,0,0,0,0,0,0,0,0,0,0,0,0,0,0,0,0,0,0,0,0,0,0,0,0,0,0,0,0,0,0,0,0,0,0,0,0,0,0,0,0,0,0,0,0,0,0,0,0,0,0,0,0,0,0,0,0,0,0,0,0,0,0,0,0,0,0,0,0,0,0,0,0,0,0,0,0,0,0,0,0,0,0,0,0,0,0,0,0,0,0,0,0,0,0,0,0,0,0,0,0,0,0,0,0,0,0,0,0,0,0,0,0,0,0,0,0,0,0,0,0,0,0,0,0,0,0,0,0,0,0,0,0,0,0,0,0,0,0,0,0,0,0,0,0,0,0,0,0,0,0,0,0,0,0,0,0,0,0,0,0,0,0,0,0,0,0,0,0,0,0,0,0,0,0,0,0,0,0,0,0,0,0,0,0,0,0,
34512,0,0,0,0,0,0,0,0,0,0,0,0,0,0,0,0,0,0,0,0,0,0,0,0,0,0,0,0,0,0,0,0,0,0,0,0,0,0,0,0,0,0,0,0,0,0,0,0,0,0,0,0,0,0,0,0,0,0,0,0,0,0,0,0,0,0,0,0,0,0,0,0,0,0,0,0,0,0,0,0,0,0,0,0,0,0,0,0,0,0,0,0,0,0,0,0,0,0,0,0,0,0,0,0,0,0,0,0,0,0,0,0,0,0,0,0,0,0,0,0,0,0,0,0,0,0,0,0,0,0,0,0,0,0,0,0,0,0,0,0,0,0,0,0,0,0,0,0,0,0,0,0,0,0,0,0,0,0,0,0,0,0,0,0,0,0,0,0,0,0,0,0,0,0,0,0,0,0,0,0,0,0,0,0,0,0,0,0,0,0,0,0,0,0,0,0,0,0,0,0,0,0,0,0,0,0,0,0,0,0,0,0,0,0,0,0,0,0,0,0,0,0,0,0,0,0,0,0,0,0,0,0,0,0,0,0,0,0,0,0,0,0,0,0,0,0,0,0,0,0,0,0,0,0,0,0,0,0,0,0,0,0,0,0,0,0,0,0,0,0,0,0,0,0,0,
34513,0,0,0,0,0,0,0,0,0,0,0,0,0,0,0,0,0,0,0,0,0,0,0,0,0,0,0,0,0,0,0,0,0,0,0,0,0,0,0,0,0,0,0,0,0,0,0,0,0,0,0,0,0,0,0,0,0,0,0,0,0,0,0,0,0,0,0,0,0,0,0,0,0,0,0,0,0,0,0,0,0,0,0,0,0,0,0,0,0,0,0,0,0,0,0,0,0,0,0,0,0,0,0,0,0,0,0,0,0,0,0,0,0,0,0,0,0,0,0,0,0,0,0,0,0,0,0,0,0,0,0,0,0,0,0,0,0,0,0,0,0,0,0,0,0,0,0,0,0,0,0,0,0,0,0,0,0,0,0,0,0,0,0,0,0,0,0,0,0,0,0,0,0,0,0,0,0,0,0,0,0,0,0,0,0,0,0,0,0,0,0,0,0,0,0,0,0,0,0,0,0,0,0,0,0,0,0,0,0,0,0,0,0,0,0,0,0,0,0,0,0,0,0,0,0,0,0,0,0,0,0,0,0,0,0,0,0,0,0,0,0,0,0,0,0,0,0,0,0,0,0,0,0,0,0,0,0,0,0,0,0,0,0,0,0,0,0,0,0,0,0,0,0,0,0,
34514,0,0,0,0,0,0,0,0,0,0,0,0,0,0,0,0,0,0,0,0,0,0,0,0,0,0,0,0,0,0,0,0,0,0,0,0,0,0,0,0,0,0,0,0,0,0,0,0,0,0,0,0,0,0,0,0,0,0,0,0,0,0,0,0,0,0,0,0,0,0,0,0,0,0,0,0,0,0,0,0,0,0,0,0,0,0,0,0,0,0,0,0,0,0,0,0,0,0,0,0,0,0,0,0,0,0,0,0,0,0,0,0,0,0,0,0,0,0,0,0,0,0,0,0,0,0,0,0,0,0,0,0,0,0,0,0,0,0,0,0,0,0,0,0,0,0,0,0,0,0,0,0,0,0,0,0,0,0,0,0,0,0,0,0,0,0,0,0,0,0,0,0,0,0,0,0,0,0,0,0,0,0,0,0,0,0,0,0,0,0,0,0,0,0,0,0,0,0,0,0,0,0,0,0,0,0,0,0,0,0,0,0,0,0,0,0,0,0,0,0,0,0,0,0,0,0,0,0,0,0,0,0,0,0,0,0,0,0,0,0,0,0,0,0,0,0,0,0,0,0,0,0,0,0,0,0,0,0,0,0,0,0,0,0,0,0,0,0,0,0,0,0,0,0,0,
34515,0,0,0,0,0,0,0,0,0,0,0,0,0,0,0,0,0,0,0,0,0,0,0,0,0,0,0,0,0,0,0,0,0,0,0,0,0,0,0,0,0,0,0,0,0,0,0,0,0,0,0,0,0,0,0,0,0,0,0,0,0,0,0,0,0,0,0,0,0,0,0,0,0,0,0,0,0,0,0,0,0,0,0,0,0,0,0,0,0,0,0,0,0,0,0,0,0,0,0,0,0,0,0,0,0,0,0,0,0,0,0,0,0,0,0,0,0,0,0,0,0,0,0,0,0,0,0,0,0,0,0,0,0,0,0,0,0,0,0,0,0,0,0,0,0,0,0,0,0,0,0,0,0,0,0,0,0,0,0,0,0,0,0,0,0,0,0,0,0,0,0,0,0,0,0,0,0,0,0,0,0,0,0,0,0,0,0,0,0,0,0,0,0,0,0,0,0,0,0,0,0,0,0,0,0,0,0,0,0,0,0,0,0,0,0,0,0,0,0,0,0,0,0,0,0,0,0,0,0,0,0,0,0,0,0,0,0,0,0,0,0,0,0,0,0,0,0,0,0,0,0,0,0,0,0,0,0,0,0,0,0,0,0,0,0,0,0,0,0,0,0,0,0,0,0,
34516,0,0,0,0,0,0,0,0,0,0,0,0,0,0,0,0,0,0,0,0,0,0,0,0,0,0,0,0,0,0,0,0,0,0,0,0,0,0,0,0,0,0,0,0,0,0,0,0,0,0,0,0,0,0,0,0,0,0,0,0,0,0,0,0,0,0,0,0,0,0,0,0,0,0,0,0,0,0,0,0,0,0,0,0,0,0,0,0,0,0,0,0,0,0,0,0,0,0,0,0,0,0,0,0,0,0,0,0,0,0,0,0,0,0,0,0,0,0,0,0,0,0,0,0,0,0,0,0,0,0,0,0,0,0,0,0,0,0,0,0,0,0,0,0,0,0,0,0,0,0,0,0,0,0,0,0,0,0,0,0,0,0,0,0,0,0,0,0,0,0,0,0,0,0,0,0,0,0,0,0,0,0,0,0,0,0,0,0,0,0,0,0,0,0,0,0,0,0,0,0,0,0,0,0,0,0,0,0,0,0,0,0,0,0,0,0,0,0,0,0,0,0,0,0,0,0,0,0,0,0,0,0,0,0,0,0,0,0,0,0,0,0,0,0,0,0,0,0,0,0,0,0,0,0,0,0,0,0,0,0,0,0,0,0,0,0,0,0,0,0,0,0,0,0,0,
34517,0,0,0,0,0,0,0,0,0,0,0,0,0,0,0,0,0,0,0,0,0,0,0,0,0,0,0,0,0,0,0,0,0,0,0,0,0,0,0,0,0,0,0,0,0,0,0,0,0,0,0,0,0,0,0,0,0,0,0,0,0,0,0,0,0,0,0,0,0,0,0,0,0,0,0,0,0,0,0,0,0,0,0,0,0,0,0,0,0,0,0,0,0,0,0,0,0,0,0,0,0,0,0,0,0,0,0,0,0,0,0,0,0,0,0,0,0,0,0,0,0,0,0,0,0,0,0,0,0,0,0,0,0,0,0,0,0,0,0,0,0,0,0,0,0,0,0,0,0,0,0,0,0,0,0,0,0,0,0,0,0,0,0,0,0,0,0,0,0,0,0,0,0,0,0,0,0,0,0,0,0,0,0,0,0,0,0,0,0,0,0,0,0,0,0,0,0,0,0,0,0,0,0,0,0,0,0,0,0,0,0,0,0,0,0,0,0,0,0,0,0,0,0,0,0,0,0,0,0,0,0,0,0,0,0,0,0,0,0,0,0,0,0,0,0,0,0,0,0,0,0,0,0,0,0,0,0,0,0,0,0,0,0,0,0,0,0,0,0,0,0,0,0,0,0,
34518,0,0,0,0,0,0,0,0,0,0,0,0,0,0,0,0,0,0,0,0,0,0,0,0,0,0,0,0,0,0,0,0,0,0,0,0,0,0,0,0,0,0,0,0,0,0,0,0,0,0,0,0,0,0,0,0,0,0,0,0,0,0,0,0,0,0,0,0,0,0,0,0,0,0,0,0,0,0,0,0,0,0,0,0,0,0,0,0,0,0,0,0,0,0,0,0,0,0,0,0,0,0,0,0,0,0,0,0,0,0,0,0,0,0,0,0,0,0,0,0,0,0,0,0,0,0,0,0,0,0,0,0,0,0,0,0,0,0,0,0,0,0,0,0,0,0,0,0,0,0,0,0,0,0,0,0,0,0,0,0,0,0,0,0,0,0,0,0,0,0,0,0,0,0,0,0,0,0,0,0,0,0,0,0,0,0,0,0,0,0,0,0,0,0,0,0,0,0,0,0,0,0,0,0,0,0,0,0,0,0,0,0,0,0,0,0,0,0,0,0,0,0,0,0,0,0,0,0,0,0,0,0,0,0,0,0,0,0,0,0,0,0,0,0,0,0,0,0,0,0,0,0,0,0,0,0,0,0,0,0,0,0,0,0,0,0,0,0,0,0,0,0,0,0,0,
34519,0,0,0,0,0,0,0,0,0,0,0,0,0,0,0,0,0,0,0,0,0,0,0,0,0,0,0,0,0,0,0,0,0,0,0,0,0,0,0,0,0,0,0,0,0,0,0,0,0,0,0,0,0,0,0,0,0,0,0,0,0,0,0,0,0,0,0,0,0,0,0,0,0,0,0,0,0,0,0,0,0,0,0,0,0,0,0,0,0,0,0,0,0,0,0,0,0,0,0,0,0,0,0,0,0,0,0,0,0,0,0,0,0,0,0,0,0,0,0,0,0,0,0,0,0,0,0,0,0,0,0,0,0,0,0,0,0,0,0,0,0,0,0,0,0,0,0,0,0,0,0,0,0,0,0,0,0,0,0,0,0,0,0,0,0,0,0,0,0,0,0,0,0,0,0,0,0,0,0,0,0,0,0,0,0,0,0,0,0,0,0,0,0,0,0,0,0,0,0,0,0,0,0,0,0,0,0,0,0,0,0,0,0,0,0,0,0,0,0,0,0,0,0,0,0,0,0,0,0,0,0,0,0,0,0,0,0,0,0,0,0,0,0,0,0,0,0,0,0,0,0,0,0,0,0,0,0,0,0,0,0,0,0,0,0,0,0,0,0,0,0,0,0,0,0,
34520,0,0,0,0,0,0,0,0,0,0,0,0,0,0,0,0,0,0,0,0,0,0,0,0,0,0,0,0,0,0,0,0,0,0,0,0,0,0,0,0,0,0,0,0,0,0,0,0,0,0,0,0,0,0,0,0,0,0,0,0,0,0,0,0,0,0,0,0,0,0,0,0,0,0,0,0,0,0,0,0,0,0,0,0,0,0,0,0,0,0,0,0,0,0,0,0,0,0,0,0,0,0,0,0,0,0,0,0,0,0,0,0,0,0,0,0,0,0,0,0,0,0,0,0,0,0,0,0,0,0,0,0,0,0,0,0,0,0,0,0,0,0,0,0,0,0,0,0,0,0,0,0,0,0,0,0,0,0,0,0,0,0,0,0,0,0,0,0,0,0,0,0,0,0,0,0,0,0,0,0,0,0,0,0,0,0,0,0,0,0,0,0,0,0,0,0,0,0,0,0,0,0,0,0,0,0,0,0,0,0,0,0,0,0,0,0,0,0,0,0,0,0,0,0,0,0,0,0,0,0,0,0,0,0,0,0,0,0,0,0,0,0,0,0,0,0,0,0,0,0,0,0,0,0,0,0,0,0,0,0,0,0,0,0,0,0,0,0,0,0,0,0,0,0,0,
34521,0,0,0,0,0,0,0,0,0,0,0,0,0,0,0,0,0,0,0,0,0,0,0,0,0,0,0,0,0,0,0,0,0,0,0,0,0,0,0,0,0,0,0,0,0,0,0,0,0,0,0,0,0,0,0,0,0,0,0,0,0,0,0,0,0,0,0,0,0,0,0,0,0,0,0,0,0,0,0,0,0,0,0,0,0,0,0,0,0,0,0,0,0,0,0,0,0,0,0,0,0,0,0,0,0,0,0,0,0,0,0,0,0,0,0,0,0,0,0,0,0,0,0,0,0,0,0,0,0,0,0,0,0,0,0,0,0,0,0,0,0,0,0,0,0,0,0,0,0,0,0,0,0,0,0,0,0,0,0,0,0,0,0,0,0,0,0,0,0,0,0,0,0,0,0,0,0,0,0,0,0,0,0,0,0,0,0,0,0,0,0,0,0,0,0,0,0,0,0,0,0,0,0,0,0,0,0,0,0,0,0,0,0,0,0,0,0,0,0,0,0,0,0,0,0,0,0,0,0,0,0,0,0,0,0,0,0,0,0,0,0,0,0,0,0,0,0,0,0,0,0,0,0,0,0,0,0,0,0,0,0,0,0,0,0,0,0,0,0,0,0,0,0,0,0,
34522,0,0,0,0,0,0,0,0,0,0,0,0,0,0,0,0,0,0,0,0,0,0,0,0,0,0,0,0,0,0,0,0,0,0,0,0,0,0,0,0,0,0,0,0,0,0,0,0,0,0,0,0,0,0,0,0,0,0,0,0,0,0,0,0,0,0,0,0,0,0,0,0,0,0,0,0,0,0,0,0,0,0,0,0,0,0,0,0,0,0,0,0,0,0,0,0,0,0,0,0,0,0,0,0,0,0,0,0,0,0,0,0,0,0,0,0,0,0,0,0,0,0,0,0,0,0,0,0,0,0,0,0,0,0,0,0,0,0,0,0,0,0,0,0,0,0,0,0,0,0,0,0,0,0,0,0,0,0,0,0,0,0,0,0,0,0,0,0,0,0,0,0,0,0,0,0,0,0,0,0,0,0,0,0,0,0,0,0,0,0,0,0,0,0,0,0,0,0,0,0,0,0,0,0,0,0,0,0,0,0,0,0,0,0,0,0,0,0,0,0,0,0,0,0,0,0,0,0,0,0,0,0,0,0,0,0,0,0,0,0,0,0,0,0,0,0,0,0,0,0,0,0,0,0,0,0,0,0,0,0,0,0,0,0,0,0,0,0,0,0,0,0,0,0,0,
34523,0,0,0,0,0,0,0,0,0,0,0,0,0,0,0,0,0,0,0,0,0,0,0,0,0,0,0,0,0,0,0,0,0,0,0,0,0,0,0,0,0,0,0,0,0,0,0,0,0,0,0,0,0,0,0,0,0,0,0,0,0,0,0,0,0,0,0,0,0,0,0,0,0,0,0,0,0,0,0,0,0,0,0,0,0,0,0,0,0,0,0,0,0,0,0,0,0,0,0,0,0,0,0,0,0,0,0,0,0,0,0,0,0,0,0,0,0,0,0,0,0,0,0,0,0,0,0,0,0,0,0,0,0,0,0,0,0,0,0,0,0,0,0,0,0,0,0,0,0,0,0,0,0,0,0,0,0,0,0,0,0,0,0,0,0,0,0,0,0,0,0,0,0,0,0,0,0,0,0,0,0,0,0,0,0,0,0,0,0,0,0,0,0,0,0,0,0,0,0,0,0,0,0,0,0,0,0,0,0,0,0,0,0,0,0,0,0,0,0,0,0,0,0,0,0,0,0,0,0,0,0,0,0,0,0,0,0,0,0,0,0,0,0,0,0,0,0,0,0,0,0,0,0,0,0,0,0,0,0,0,0,0,0,0,0,0,0,0,0,0,0,0,0,0,0,
34524,0,0,0,0,0,0,0,0,0,0,0,0,0,0,0,0,0,0,0,0,0,0,0,0,0,0,0,0,0,0,0,0,0,0,0,0,0,0,0,0,0,0,0,0,0,0,0,0,0,0,0,0,0,0,0,0,0,0,0,0,0,0,0,0,0,0,0,0,0,0,0,0,0,0,0,0,0,0,0,0,0,0,0,0,0,0,0,0,0,0,0,0,0,0,0,0,0,0,0,0,0,0,0,0,0,0,0,0,0,0,0,0,0,0,0,0,0,0,0,0,0,0,0,0,0,0,0,0,0,0,0,0,0,0,0,0,0,0,0,0,0,0,0,0,0,0,0,0,0,0,0,0,0,0,0,0,0,0,0,0,0,0,0,0,0,0,0,0,0,0,0,0,0,0,0,0,0,0,0,0,0,0,0,0,0,0,0,0,0,0,0,0,0,0,0,0,0,0,0,0,0,0,0,0,0,0,0,0,0,0,0,0,0,0,0,0,0,0,0,0,0,0,0,0,0,0,0,0,0,0,0,0,0,0,0,0,0,0,0,0,0,0,0,0,0,0,0,0,0,0,0,0,0,0,0,0,0,0,0,0,0,0,0,0,0,0,0,0,0,0,0,0,0,0,0,
34525,0,0,0,0,0,0,0,0,0,0,0,0,0,0,0,0,0,0,0,0,0,0,0,0,0,0,0,0,0,0,0,0,0,0,0,0,0,0,0,0,0,0,0,0,0,0,0,0,0,0,0,0,0,0,0,0,0,0,0,0,0,0,0,0,0,0,0,0,0,0,0,0,0,0,0,0,0,0,0,0,0,0,0,0,0,0,0,0,0,0,0,0,0,0,0,0,0,0,0,0,0,0,0,0,0,0,0,0,0,0,0,0,0,0,0,0,0,0,0,0,0,0,0,0,0,0,0,0,0,0,0,0,0,0,0,0,0,0,0,0,0,0,0,0,0,0,0,0,0,0,0,0,0,0,0,0,0,0,0,0,0,0,0,0,0,0,0,0,0,0,0,0,0,0,0,0,0,0,0,0,0,0,0,0,0,0,0,0,0,0,0,0,0,0,0,0,0,0,0,0,0,0,0,0,0,0,0,0,0,0,0,0,0,0,0,0,0,0,0,0,0,0,0,0,0,0,0,0,0,0,0,0,0,0,0,0,0,0,0,0,0,0,0,0,0,0,0,0,0,0,0,0,0,0,0,0,0,0,0,0,0,0,0,0,0,0,0,0,0,0,0,0,0,0,0,
34526,0,0,0,0,0,0,0,0,0,0,0,0,0,0,0,0,0,0,0,0,0,0,0,0,0,0,0,0,0,0,0,0,0,0,0,0,0,0,0,0,0,0,0,0,0,0,0,0,0,0,0,0,0,0,0,0,0,0,0,0,0,0,0,0,0,0,0,0,0,0,0,0,0,0,0,0,0,0,0,0,0,0,0,0,0,0,0,0,0,0,0,0,0,0,0,0,0,0,0,0,0,0,0,0,0,0,0,0,0,0,0,0,0,0,0,0,0,0,0,0,0,0,0,0,0,0,0,0,0,0,0,0,0,0,0,0,0,0,0,0,0,0,0,0,0,0,0,0,0,0,0,0,0,0,0,0,0,0,0,0,0,0,0,0,0,0,0,0,0,0,0,0,0,0,0,0,0,0,0,0,0,0,0,0,0,0,0,0,0,0,0,0,0,0,0,0,0,0,0,0,0,0,0,0,0,0,0,0,0,0,0,0,0,0,0,0,0,0,0,0,0,0,0,0,0,0,0,0,0,0,0,0,0,0,0,0,0,0,0,0,0,0,0,0,0,0,0,0,0,0,0,0,0,0,0,0,0,0,0,0,0,0,0,0,0,0,0,0,0,0,0,0,0,0,0,
34527,0,0,0,0,0,0,0,0,0,0,0,0,0,0,0,0,0,0,0,0,0,0,0,0,0,0,0,0,0,0,0,0,0,0,0,0,0,0,0,0,0,0,0,0,0,0,0,0,0,0,0,0,0,0,0,0,0,0,0,0,0,0,0,0,0,0,0,0,0,0,0,0,0,0,0,0,0,0,0,0,0,0,0,0,0,0,0,0,0,0,0,0,0,0,0,0,0,0,0,0,0,0,0,0,0,0,0,0,0,0,0,0,0,0,0,0,0,0,0,0,0,0,0,0,0,0,0,0,0,0,0,0,0,0,0,0,0,0,0,0,0,0,0,0,0,0,0,0,0,0,0,0,0,0,0,0,0,0,0,0,0,0,0,0,0,0,0,0,0,0,0,0,0,0,0,0,0,0,0,0,0,0,0,0,0,0,0,0,0,0,0,0,0,0,0,0,0,0,0,0,0,0,0,0,0,0,0,0,0,0,0,0,0,0,0,0,0,0,0,0,0,0,0,0,0,0,0,0,0,0,0,0,0,0,0,0,0,0,0,0,0,0,0,0,0,0,0,0,0,0,0,0,0,0,0,0,0,0,0,0,0,0,0,0,0,0,0,0,0,0,0,0,0,0,0,
34528,0,0,0,0,0,0,0,0,0,0,0,0,0,0,0,0,0,0,0,0,0,0,0,0,0,0,0,0,0,0,0,0,0,0,0,0,0,0,0,0,0,0,0,0,0,0,0,0,0,0,0,0,0,0,0,0,0,0,0,0,0,0,0,0,0,0,0,0,0,0,0,0,0,0,0,0,0,0,0,0,0,0,0,0,0,0,0,0,0,0,0,0,0,0,0,0,0,0,0,0,0,0,0,0,0,0,0,0,0,0,0,0,0,0,0,0,0,0,0,0,0,0,0,0,0,0,0,0,0,0,0,0,0,0,0,0,0,0,0,0,0,0,0,0,0,0,0,0,0,0,0,0,0,0,0,0,0,0,0,0,0,0,0,0,0,0,0,0,0,0,0,0,0,0,0,0,0,0,0,0,0,0,0,0,0,0,0,0,0,0,0,0,0,0,0,0,0,0,0,0,0,0,0,0,0,0,0,0,0,0,0,0,0,0,0,0,0,0,0,0,0,0,0,0,0,0,0,0,0,0,0,0,0,0,0,0,0,0,0,0,0,0,0,0,0,0,0,0,0,0,0,0,0,0,0,0,0,0,0,0,0,0,0,0,0,0,0,0,0,0,0,0,0,0,0,
34529,0,0,0,0,0,0,0,0,0,0,0,0,0,0,0,0,0,0,0,0,0,0,0,0,0,0,0,0,0,0,0,0,0,0,0,0,0,0,0,0,0,0,0,0,0,0,0,0,0,0,0,0,0,0,0,0,0,0,0,0,0,0,0,0,0,0,0,0,0,0,0,0,0,0,0,0,0,0,0,0,0,0,0,0,0,0,0,0,0,0,0,0,0,0,0,0,0,0,0,0,0,0,0,0,0,0,0,0,0,0,0,0,0,0,0,0,0,0,0,0,0,0,0,0,0,0,0,0,0,0,0,0,0,0,0,0,0,0,0,0,0,0,0,0,0,0,0,0,0,0,0,0,0,0,0,0,0,0,0,0,0,0,0,0,0,0,0,0,0,0,0,0,0,0,0,0,0,0,0,0,0,0,0,0,0,0,0,0,0,0,0,0,0,0,0,0,0,0,0,0,0,0,0,0,0,0,0,0,0,0,0,0,0,0,0,0,0,0,0,0,0,0,0,0,0,0,0,0,0,0,0,0,0,0,0,0,0,0,0,0,0,0,0,0,0,0,0,0,0,0,0,0,0,0,0,0,0,0,0,0,0,0,0,0,0,0,0,0,0,0,0,0,0,0,0,
34530,0,0,0,0,0,0,0,0,0,0,0,0,0,0,0,0,0,0,0,0,0,0,0,0,0,0,0,0,0,0,0,0,0,0,0,0,0,0,0,0,0,0,0,0,0,0,0,0,0,0,0,0,0,0,0,0,0,0,0,0,0,0,0,0,0,0,0,0,0,0,0,0,0,0,0,0,0,0,0,0,0,0,0,0,0,0,0,0,0,0,0,0,0,0,0,0,0,0,0,0,0,0,0,0,0,0,0,0,0,0,0,0,0,0,0,0,0,0,0,0,0,0,0,0,0,0,0,0,0,0,0,0,0,0,0,0,0,0,0,0,0,0,0,0,0,0,0,0,0,0,0,0,0,0,0,0,0,0,0,0,0,0,0,0,0,0,0,0,0,0,0,0,0,0,0,0,0,0,0,0,0,0,0,0,0,0,0,0,0,0,0,0,0,0,0,0,0,0,0,0,0,0,0,0,0,0,0,0,0,0,0,0,0,0,0,0,0,0,0,0,0,0,0,0,0,0,0,0,0,0,0,0,0,0,0,0,0,0,0,0,0,0,0,0,0,0,0,0,0,0,0,0,0,0,0,0,0,0,0,0,0,0,0,0,0,0,0,0,0,0,0,0,0,0,0,
34531,0,0,0,0,0,0,0,0,0,0,0,0,0,0,0,0,0,0,0,0,0,0,0,0,0,0,0,0,0,0,0,0,0,0,0,0,0,0,0,0,0,0,0,0,0,0,0,0,0,0,0,0,0,0,0,0,0,0,0,0,0,0,0,0,0,0,0,0,0,0,0,0,0,0,0,0,0,0,0,0,0,0,0,0,0,0,0,0,0,0,0,0,0,0,0,0,0,0,0,0,0,0,0,0,0,0,0,0,0,0,0,0,0,0,0,0,0,0,0,0,0,0,0,0,0,0,0,0,0,0,0,0,0,0,0,0,0,0,0,0,0,0,0,0,0,0,0,0,0,0,0,0,0,0,0,0,0,0,0,0,0,0,0,0,0,0,0,0,0,0,0,0,0,0,0,0,0,0,0,0,0,0,0,0,0,0,0,0,0,0,0,0,0,0,0,0,0,0,0,0,0,0,0,0,0,0,0,0,0,0,0,0,0,0,0,0,0,0,0,0,0,0,0,0,0,0,0,0,0,0,0,0,0,0,0,0,0,0,0,0,0,0,0,0,0,0,0,0,0,0,0,0,0,0,0,0,0,0,0,0,0,0,0,0,0,0,0,0,0,0,0,0,0,0,0,
34532,0,0,0,0,0,0,0,0,0,0,0,0,0,0,0,0,0,0,0,0,0,0,0,0,0,0,0,0,0,0,0,0,0,0,0,0,0,0,0,0,0,0,0,0,0,0,0,0,0,0,0,0,0,0,0,0,0,0,0,0,0,0,0,0,0,0,0,0,0,0,0,0,0,0,0,0,0,0,0,0,0,0,0,0,0,0,0,0,0,0,0,0,0,0,0,0,0,0,0,0,0,0,0,0,0,0,0,0,0,0,0,0,0,0,0,0,0,0,0,0,0,0,0,0,0,0,0,0,0,0,0,0,0,0,0,0,0,0,0,0,0,0,0,0,0,0,0,0,0,0,0,0,0,0,0,0,0,0,0,0,0,0,0,0,0,0,0,0,0,0,0,0,0,0,0,0,0,0,0,0,0,0,0,0,0,0,0,0,0,0,0,0,0,0,0,0,0,0,0,0,0,0,0,0,0,0,0,0,0,0,0,0,0,0,0,0,0,0,0,0,0,0,0,0,0,0,0,0,0,0,0,0,0,0,0,0,0,0,0,0,0,0,0,0,0,0,0,0,0,0,0,0,0,0,0,0,0,0,0,0,0,0,0,0,0,0,0,0,0,0,0,0,0,0,0,
34533,0,0,0,0,0,0,0,0,0,0,0,0,0,0,0,0,0,0,0,0,0,0,0,0,0,0,0,0,0,0,0,0,0,0,0,0,0,0,0,0,0,0,0,0,0,0,0,0,0,0,0,0,0,0,0,0,0,0,0,0,0,0,0,0,0,0,0,0,0,0,0,0,0,0,0,0,0,0,0,0,0,0,0,0,0,0,0,0,0,0,0,0,0,0,0,0,0,0,0,0,0,0,0,0,0,0,0,0,0,0,0,0,0,0,0,0,0,0,0,0,0,0,0,0,0,0,0,0,0,0,0,0,0,0,0,0,0,0,0,0,0,0,0,0,0,0,0,0,0,0,0,0,0,0,0,0,0,0,0,0,0,0,0,0,0,0,0,0,0,0,0,0,0,0,0,0,0,0,0,0,0,0,0,0,0,0,0,0,0,0,0,0,0,0,0,0,0,0,0,0,0,0,0,0,0,0,0,0,0,0,0,0,0,0,0,0,0,0,0,0,0,0,0,0,0,0,0,0,0,0,0,0,0,0,0,0,0,0,0,0,0,0,0,0,0,0,0,0,0,0,0,0,0,0,0,0,0,0,0,0,0,0,0,0,0,0,0,0,0,0,0,0,0,0,0,
34600,0,0,0,0,0,0,0,0,0,0,0,0,0,0,0,0,0,0,0,0,0,0,0,0,0,0,0,0,0,0,0,0,0,0,0,0,0,0,0,0,0,0,0,0,0,0,0,0,0,0,0,0,0,0,0,0,0,0,0,0,0,0,0,0,0,0,0,0,0,0,0,0,0,0,0,0,0,0,0,0,0,0,0,0,0,0,0,0,0,0,0,0,0,0,0,0,0,0,0,0,0,0,0,0,0,0,0,0,0,0,0,0,0,0,0,0,0,0,0,0,0,0,0,0,0,0,0,0,0,0,0,0,0,0,0,0,0,0,0,0,0,0,0,0,0,0,0,0,0,0,0,0,0,0,0,0,0,0,0,0,0,0,0,0,0,0,0,0,0,0,0,0,0,0,0,0,0,0,0,0,0,0,0,0,0,0,0,0,0,0,0,0,0,0,0,0,0,0,0,0,0,0,0,0,0,0,0,0,0,0,0,0,0,0,0,0,0,0,0,0,0,0,0,0,0,0,0,0,0,0,0,0,0,0,0,0,0,0,0,0,0,0,0,0,0,0,0,0,0,0,0,0,0,0,0,0,0,0,0,0,0,0,0,0,0,0,0,0,0,0,0,0,0,0,0,
34601,0,0,0,0,0,0,0,0,0,0,0,0,0,0,0,0,0,0,0,0,0,0,0,0,0,0,0,0,0,0,0,0,0,0,0,0,0,0,0,0,0,0,0,0,0,0,0,0,0,0,0,0,0,0,0,0,0,0,0,0,0,0,0,0,0,0,0,0,0,0,0,0,0,0,0,0,0,0,0,0,0,0,0,0,0,0,0,0,0,0,0,0,0,0,0,0,0,0,0,0,0,0,0,0,0,0,0,0,0,0,0,0,0,0,0,0,0,0,0,0,0,0,0,0,0,0,0,0,0,0,0,0,0,0,0,0,0,0,0,0,0,0,0,0,0,0,0,0,0,0,0,0,0,0,0,0,0,0,0,0,0,0,0,0,0,0,0,0,0,0,0,0,0,0,0,0,0,0,0,0,0,0,0,0,0,0,0,0,0,0,0,0,0,0,0,0,0,0,0,0,0,0,0,0,0,0,0,0,0,0,0,0,0,0,0,0,0,0,0,0,0,0,0,0,0,0,0,0,0,0,0,0,0,0,0,0,0,0,0,0,0,0,0,0,0,0,0,0,0,0,0,0,0,0,0,0,0,0,0,0,0,0,0,0,0,0,0,0,0,0,0,0,0,0,0,
34602,0,0,0,0,0,0,0,0,0,0,0,0,0,0,0,0,0,0,0,0,0,0,0,0,0,0,0,0,0,0,0,0,0,0,0,0,0,0,0,0,0,0,0,0,0,0,0,0,0,0,0,0,0,0,0,0,0,0,0,0,0,0,0,0,0,0,0,0,0,0,0,0,0,0,0,0,0,0,0,0,0,0,0,0,0,0,0,0,0,0,0,0,0,0,0,0,0,0,0,0,0,0,0,0,0,0,0,0,0,0,0,0,0,0,0,0,0,0,0,0,0,0,0,0,0,0,0,0,0,0,0,0,0,0,0,0,0,0,0,0,0,0,0,0,0,0,0,0,0,0,0,0,0,0,0,0,0,0,0,0,0,0,0,0,0,0,0,0,0,0,0,0,0,0,0,0,0,0,0,0,0,0,0,0,0,0,0,0,0,0,0,0,0,0,0,0,0,0,0,0,0,0,0,0,0,0,0,0,0,0,0,0,0,0,0,0,0,0,0,0,0,0,0,0,0,0,0,0,0,0,0,0,0,0,0,0,0,0,0,0,0,0,0,0,0,0,0,0,0,0,0,0,0,0,0,0,0,0,0,0,0,0,0,0,0,0,0,0,0,0,0,0,0,0,0,
34603,0,0,0,0,0,0,0,0,0,0,0,0,0,0,0,0,0,0,0,0,0,0,0,0,0,0,0,0,0,0,0,0,0,0,0,0,0,0,0,0,0,0,0,0,0,0,0,0,0,0,0,0,0,0,0,0,0,0,0,0,0,0,0,0,0,0,0,0,0,0,0,0,0,0,0,0,0,0,0,0,0,0,0,0,0,0,0,0,0,0,0,0,0,0,0,0,0,0,0,0,0,0,0,0,0,0,0,0,0,0,0,0,0,0,0,0,0,0,0,0,0,0,0,0,0,0,0,0,0,0,0,0,0,0,0,0,0,0,0,0,0,0,0,0,0,0,0,0,0,0,0,0,0,0,0,0,0,0,0,0,0,0,0,0,0,0,0,0,0,0,0,0,0,0,0,0,0,0,0,0,0,0,0,0,0,0,0,0,0,0,0,0,0,0,0,0,0,0,0,0,0,0,0,0,0,0,0,0,0,0,0,0,0,0,0,0,0,0,0,0,0,0,0,0,0,0,0,0,0,0,0,0,0,0,0,0,0,0,0,0,0,0,0,0,0,0,0,0,0,0,0,0,0,0,0,0,0,0,0,0,0,0,0,0,0,0,0,0,0,0,0,0,0,0,0,
34604,0,0,0,0,0,0,0,0,0,0,0,0,0,0,0,0,0,0,0,0,0,0,0,0,0,0,0,0,0,0,0,0,0,0,0,0,0,0,0,0,0,0,0,0,0,0,0,0,0,0,0,0,0,0,0,0,0,0,0,0,0,0,0,0,0,0,0,0,0,0,0,0,0,0,0,0,0,0,0,0,0,0,0,0,0,0,0,0,0,0,0,0,0,0,0,0,0,0,0,0,0,0,0,0,0,0,0,0,0,0,0,0,0,0,0,0,0,0,0,0,0,0,0,0,0,0,0,0,0,0,0,0,0,0,0,0,0,0,0,0,0,0,0,0,0,0,0,0,0,0,0,0,0,0,0,0,0,0,0,0,0,0,0,0,0,0,0,0,0,0,0,0,0,0,0,0,0,0,0,0,0,0,0,0,0,0,0,0,0,0,0,0,0,0,0,0,0,0,0,0,0,0,0,0,0,0,0,0,0,0,0,0,0,0,0,0,0,0,0,0,0,0,0,0,0,0,0,0,0,0,0,0,0,0,0,0,0,0,0,0,0,0,0,0,0,0,0,0,0,0,0,0,0,0,0,0,0,0,0,0,0,0,0,0,0,0,0,0,0,0,0,0,0,0,0,
34605,0,0,0,0,0,0,0,0,0,0,0,0,0,0,0,0,0,0,0,0,0,0,0,0,0,0,0,0,0,0,0,0,0,0,0,0,0,0,0,0,0,0,0,0,0,0,0,0,0,0,0,0,0,0,0,0,0,0,0,0,0,0,0,0,0,0,0,0,0,0,0,0,0,0,0,0,0,0,0,0,0,0,0,0,0,0,0,0,0,0,0,0,0,0,0,0,0,0,0,0,0,0,0,0,0,0,0,0,0,0,0,0,0,0,0,0,0,0,0,0,0,0,0,0,0,0,0,0,0,0,0,0,0,0,0,0,0,0,0,0,0,0,0,0,0,0,0,0,0,0,0,0,0,0,0,0,0,0,0,0,0,0,0,0,0,0,0,0,0,0,0,0,0,0,0,0,0,0,0,0,0,0,0,0,0,0,0,0,0,0,0,0,0,0,0,0,0,0,0,0,0,0,0,0,0,0,0,0,0,0,0,0,0,0,0,0,0,0,0,0,0,0,0,0,0,0,0,0,0,0,0,0,0,0,0,0,0,0,0,0,0,0,0,0,0,0,0,0,0,0,0,0,0,0,0,0,0,0,0,0,0,0,0,0,0,0,0,0,0,0,0,0,0,0,0,
34606,0,0,0,0,0,0,0,0,0,0,0,0,0,0,0,0,0,0,0,0,0,0,0,0,0,0,0,0,0,0,0,0,0,0,0,0,0,0,0,0,0,0,0,0,0,0,0,0,0,0,0,0,0,0,0,0,0,0,0,0,0,0,0,0,0,0,0,0,0,0,0,0,0,0,0,0,0,0,0,0,0,0,0,0,0,0,0,0,0,0,0,0,0,0,0,0,0,0,0,0,0,0,0,0,0,0,0,0,0,0,0,0,0,0,0,0,0,0,0,0,0,0,0,0,0,0,0,0,0,0,0,0,0,0,0,0,0,0,0,0,0,0,0,0,0,0,0,0,0,0,0,0,0,0,0,0,0,0,0,0,0,0,0,0,0,0,0,0,0,0,0,0,0,0,0,0,0,0,0,0,0,0,0,0,0,0,0,0,0,0,0,0,0,0,0,0,0,0,0,0,0,0,0,0,0,0,0,0,0,0,0,0,0,0,0,0,0,0,0,0,0,0,0,0,0,0,0,0,0,0,0,0,0,0,0,0,0,0,0,0,0,0,0,0,0,0,0,0,0,0,0,0,0,0,0,0,0,0,0,0,0,0,0,0,0,0,0,0,0,0,0,0,0,0,0,
34607,0,0,0,0,0,0,0,0,0,0,0,0,0,0,0,0,0,0,0,0,0,0,0,0,0,0,0,0,0,0,0,0,0,0,0,0,0,0,0,0,0,0,0,0,0,0,0,0,0,0,0,0,0,0,0,0,0,0,0,0,0,0,0,0,0,0,0,0,0,0,0,0,0,0,0,0,0,0,0,0,0,0,0,0,0,0,0,0,0,0,0,0,0,0,0,0,0,0,0,0,0,0,0,0,0,0,0,0,0,0,0,0,0,0,0,0,0,0,0,0,0,0,0,0,0,0,0,0,0,0,0,0,0,0,0,0,0,0,0,0,0,0,0,0,0,0,0,0,0,0,0,0,0,0,0,0,0,0,0,0,0,0,0,0,0,0,0,0,0,0,0,0,0,0,0,0,0,0,0,0,0,0,0,0,0,0,0,0,0,0,0,0,0,0,0,0,0,0,0,0,0,0,0,0,0,0,0,0,0,0,0,0,0,0,0,0,0,0,0,0,0,0,0,0,0,0,0,0,0,0,0,0,0,0,0,0,0,0,0,0,0,0,0,0,0,0,0,0,0,0,0,0,0,0,0,0,0,0,0,0,0,0,0,0,0,0,0,0,0,0,0,0,0,0,0,
34608,0,0,0,0,0,0,0,0,0,0,0,0,0,0,0,0,0,0,0,0,0,0,0,0,0,0,0,0,0,0,0,0,0,0,0,0,0,0,0,0,0,0,0,0,0,0,0,0,0,0,0,0,0,0,0,0,0,0,0,0,0,0,0,0,0,0,0,0,0,0,0,0,0,0,0,0,0,0,0,0,0,0,0,0,0,0,0,0,0,0,0,0,0,0,0,0,0,0,0,0,0,0,0,0,0,0,0,0,0,0,0,0,0,0,0,0,0,0,0,0,0,0,0,0,0,0,0,0,0,0,0,0,0,0,0,0,0,0,0,0,0,0,0,0,0,0,0,0,0,0,0,0,0,0,0,0,0,0,0,0,0,0,0,0,0,0,0,0,0,0,0,0,0,0,0,0,0,0,0,0,0,0,0,0,0,0,0,0,0,0,0,0,0,0,0,0,0,0,0,0,0,0,0,0,0,0,0,0,0,0,0,0,0,0,0,0,0,0,0,0,0,0,0,0,0,0,0,0,0,0,0,0,0,0,0,0,0,0,0,0,0,0,0,0,0,0,0,0,0,0,0,0,0,0,0,0,0,0,0,0,0,0,0,0,0,0,0,0,0,0,0,0,0,0,0,
34609,0,0,0,0,0,0,0,0,0,0,0,0,0,0,0,0,0,0,0,0,0,0,0,0,0,0,0,0,0,0,0,0,0,0,0,0,0,0,0,0,0,0,0,0,0,0,0,0,0,0,0,0,0,0,0,0,0,0,0,0,0,0,0,0,0,0,0,0,0,0,0,0,0,0,0,0,0,0,0,0,0,0,0,0,0,0,0,0,0,0,0,0,0,0,0,0,0,0,0,0,0,0,0,0,0,0,0,0,0,0,0,0,0,0,0,0,0,0,0,0,0,0,0,0,0,0,0,0,0,0,0,0,0,0,0,0,0,0,0,0,0,0,0,0,0,0,0,0,0,0,0,0,0,0,0,0,0,0,0,0,0,0,0,0,0,0,0,0,0,0,0,0,0,0,0,0,0,0,0,0,0,0,0,0,0,0,0,0,0,0,0,0,0,0,0,0,0,0,0,0,0,0,0,0,0,0,0,0,0,0,0,0,0,0,0,0,0,0,0,0,0,0,0,0,0,0,0,0,0,0,0,0,0,0,0,0,0,0,0,0,0,0,0,0,0,0,0,0,0,0,0,0,0,0,0,0,0,0,0,0,0,0,0,0,0,0,0,0,0,0,0,0,0,0,0,
34610,0,0,0,0,0,0,0,0,0,0,0,0,0,0,0,0,0,0,0,0,0,0,0,0,0,0,0,0,0,0,0,0,0,0,0,0,0,0,0,0,0,0,0,0,0,0,0,0,0,0,0,0,0,0,0,0,0,0,0,0,0,0,0,0,0,0,0,0,0,0,0,0,0,0,0,0,0,0,0,0,0,0,0,0,0,0,0,0,0,0,0,0,0,0,0,0,0,0,0,0,0,0,0,0,0,0,0,0,0,0,0,0,0,0,0,0,0,0,0,0,0,0,0,0,0,0,0,0,0,0,0,0,0,0,0,0,0,0,0,0,0,0,0,0,0,0,0,0,0,0,0,0,0,0,0,0,0,0,0,0,0,0,0,0,0,0,0,0,0,0,0,0,0,0,0,0,0,0,0,0,0,0,0,0,0,0,0,0,0,0,0,0,0,0,0,0,0,0,0,0,0,0,0,0,0,0,0,0,0,0,0,0,0,0,0,0,0,0,0,0,0,0,0,0,0,0,0,0,0,0,0,0,0,0,0,0,0,0,0,0,0,0,0,0,0,0,0,0,0,0,0,0,0,0,0,0,0,0,0,0,0,0,0,0,0,0,0,0,0,0,0,0,0,0,0,
34611,0,0,0,0,0,0,0,0,0,0,0,0,0,0,0,0,0,0,0,0,0,0,0,0,0,0,0,0,0,0,0,0,0,0,0,0,0,0,0,0,0,0,0,0,0,0,0,0,0,0,0,0,0,0,0,0,0,0,0,0,0,0,0,0,0,0,0,0,0,0,0,0,0,0,0,0,0,0,0,0,0,0,0,0,0,0,0,0,0,0,0,0,0,0,0,0,0,0,0,0,0,0,0,0,0,0,0,0,0,0,0,0,0,0,0,0,0,0,0,0,0,0,0,0,0,0,0,0,0,0,0,0,0,0,0,0,0,0,0,0,0,0,0,0,0,0,0,0,0,0,0,0,0,0,0,0,0,0,0,0,0,0,0,0,0,0,0,0,0,0,0,0,0,0,0,0,0,0,0,0,0,0,0,0,0,0,0,0,0,0,0,0,0,0,0,0,0,0,0,0,0,0,0,0,0,0,0,0,0,0,0,0,0,0,0,0,0,0,0,0,0,0,0,0,0,0,0,0,0,0,0,0,0,0,0,0,0,0,0,0,0,0,0,0,0,0,0,0,0,0,0,0,0,0,0,0,0,0,0,0,0,0,0,0,0,0,0,0,0,0,0,0,0,0,0,
34612,0,0,0,0,0,0,0,0,0,0,0,0,0,0,0,0,0,0,0,0,0,0,0,0,0,0,0,0,0,0,0,0,0,0,0,0,0,0,0,0,0,0,0,0,0,0,0,0,0,0,0,0,0,0,0,0,0,0,0,0,0,0,0,0,0,0,0,0,0,0,0,0,0,0,0,0,0,0,0,0,0,0,0,0,0,0,0,0,0,0,0,0,0,0,0,0,0,0,0,0,0,0,0,0,0,0,0,0,0,0,0,0,0,0,0,0,0,0,0,0,0,0,0,0,0,0,0,0,0,0,0,0,0,0,0,0,0,0,0,0,0,0,0,0,0,0,0,0,0,0,0,0,0,0,0,0,0,0,0,0,0,0,0,0,0,0,0,0,0,0,0,0,0,0,0,0,0,0,0,0,0,0,0,0,0,0,0,0,0,0,0,0,0,0,0,0,0,0,0,0,0,0,0,0,0,0,0,0,0,0,0,0,0,0,0,0,0,0,0,0,0,0,0,0,0,0,0,0,0,0,0,0,0,0,0,0,0,0,0,0,0,0,0,0,0,0,0,0,0,0,0,0,0,0,0,0,0,0,0,0,0,0,0,0,0,0,0,0,0,0,0,0,0,0,0,
34613,0,0,0,0,0,0,0,0,0,0,0,0,0,0,0,0,0,0,0,0,0,0,0,0,0,0,0,0,0,0,0,0,0,0,0,0,0,0,0,0,0,0,0,0,0,0,0,0,0,0,0,0,0,0,0,0,0,0,0,0,0,0,0,0,0,0,0,0,0,0,0,0,0,0,0,0,0,0,0,0,0,0,0,0,0,0,0,0,0,0,0,0,0,0,0,0,0,0,0,0,0,0,0,0,0,0,0,0,0,0,0,0,0,0,0,0,0,0,0,0,0,0,0,0,0,0,0,0,0,0,0,0,0,0,0,0,0,0,0,0,0,0,0,0,0,0,0,0,0,0,0,0,0,0,0,0,0,0,0,0,0,0,0,0,0,0,0,0,0,0,0,0,0,0,0,0,0,0,0,0,0,0,0,0,0,0,0,0,0,0,0,0,0,0,0,0,0,0,0,0,0,0,0,0,0,0,0,0,0,0,0,0,0,0,0,0,0,0,0,0,0,0,0,0,0,0,0,0,0,0,0,0,0,0,0,0,0,0,0,0,0,0,0,0,0,0,0,0,0,0,0,0,0,0,0,0,0,0,0,0,0,0,0,0,0,0,0,0,0,0,0,0,0,0,0,
34614,0,0,0,0,0,0,0,0,0,0,0,0,0,0,0,0,0,0,0,0,0,0,0,0,0,0,0,0,0,0,0,0,0,0,0,0,0,0,0,0,0,0,0,0,0,0,0,0,0,0,0,0,0,0,0,0,0,0,0,0,0,0,0,0,0,0,0,0,0,0,0,0,0,0,0,0,0,0,0,0,0,0,0,0,0,0,0,0,0,0,0,0,0,0,0,0,0,0,0,0,0,0,0,0,0,0,0,0,0,0,0,0,0,0,0,0,0,0,0,0,0,0,0,0,0,0,0,0,0,0,0,0,0,0,0,0,0,0,0,0,0,0,0,0,0,0,0,0,0,0,0,0,0,0,0,0,0,0,0,0,0,0,0,0,0,0,0,0,0,0,0,0,0,0,0,0,0,0,0,0,0,0,0,0,0,0,0,0,0,0,0,0,0,0,0,0,0,0,0,0,0,0,0,0,0,0,0,0,0,0,0,0,0,0,0,0,0,0,0,0,0,0,0,0,0,0,0,0,0,0,0,0,0,0,0,0,0,0,0,0,0,0,0,0,0,0,0,0,0,0,0,0,0,0,0,0,0,0,0,0,0,0,0,0,0,0,0,0,0,0,0,0,0,0,0,
34615,0,0,0,0,0,0,0,0,0,0,0,0,0,0,0,0,0,0,0,0,0,0,0,0,0,0,0,0,0,0,0,0,0,0,0,0,0,0,0,0,0,0,0,0,0,0,0,0,0,0,0,0,0,0,0,0,0,0,0,0,0,0,0,0,0,0,0,0,0,0,0,0,0,0,0,0,0,0,0,0,0,0,0,0,0,0,0,0,0,0,0,0,0,0,0,0,0,0,0,0,0,0,0,0,0,0,0,0,0,0,0,0,0,0,0,0,0,0,0,0,0,0,0,0,0,0,0,0,0,0,0,0,0,0,0,0,0,0,0,0,0,0,0,0,0,0,0,0,0,0,0,0,0,0,0,0,0,0,0,0,0,0,0,0,0,0,0,0,0,0,0,0,0,0,0,0,0,0,0,0,0,0,0,0,0,0,0,0,0,0,0,0,0,0,0,0,0,0,0,0,0,0,0,0,0,0,0,0,0,0,0,0,0,0,0,0,0,0,0,0,0,0,0,0,0,0,0,0,0,0,0,0,0,0,0,0,0,0,0,0,0,0,0,0,0,0,0,0,0,0,0,0,0,0,0,0,0,0,0,0,0,0,0,0,0,0,0,0,0,0,0,0,0,0,0,
34616,0,0,0,0,0,0,0,0,0,0,0,0,0,0,0,0,0,0,0,0,0,0,0,0,0,0,0,0,0,0,0,0,0,0,0,0,0,0,0,0,0,0,0,0,0,0,0,0,0,0,0,0,0,0,0,0,0,0,0,0,0,0,0,0,0,0,0,0,0,0,0,0,0,0,0,0,0,0,0,0,0,0,0,0,0,0,0,0,0,0,0,0,0,0,0,0,0,0,0,0,0,0,0,0,0,0,0,0,0,0,0,0,0,0,0,0,0,0,0,0,0,0,0,0,0,0,0,0,0,0,0,0,0,0,0,0,0,0,0,0,0,0,0,0,0,0,0,0,0,0,0,0,0,0,0,0,0,0,0,0,0,0,0,0,0,0,0,0,0,0,0,0,0,0,0,0,0,0,0,0,0,0,0,0,0,0,0,0,0,0,0,0,0,0,0,0,0,0,0,0,0,0,0,0,0,0,0,0,0,0,0,0,0,0,0,0,0,0,0,0,0,0,0,0,0,0,0,0,0,0,0,0,0,0,0,0,0,0,0,0,0,0,0,0,0,0,0,0,0,0,0,0,0,0,0,0,0,0,0,0,0,0,0,0,0,0,0,0,0,0,0,0,0,0,0,
34617,0,0,0,0,0,0,0,0,0,0,0,0,0,0,0,0,0,0,0,0,0,0,0,0,0,0,0,0,0,0,0,0,0,0,0,0,0,0,0,0,0,0,0,0,0,0,0,0,0,0,0,0,0,0,0,0,0,0,0,0,0,0,0,0,0,0,0,0,0,0,0,0,0,0,0,0,0,0,0,0,0,0,0,0,0,0,0,0,0,0,0,0,0,0,0,0,0,0,0,0,0,0,0,0,0,0,0,0,0,0,0,0,0,0,0,0,0,0,0,0,0,0,0,0,0,0,0,0,0,0,0,0,0,0,0,0,0,0,0,0,0,0,0,0,0,0,0,0,0,0,0,0,0,0,0,0,0,0,0,0,0,0,0,0,0,0,0,0,0,0,0,0,0,0,0,0,0,0,0,0,0,0,0,0,0,0,0,0,0,0,0,0,0,0,0,0,0,0,0,0,0,0,0,0,0,0,0,0,0,0,0,0,0,0,0,0,0,0,0,0,0,0,0,0,0,0,0,0,0,0,0,0,0,0,0,0,0,0,0,0,0,0,0,0,0,0,0,0,0,0,0,0,0,0,0,0,0,0,0,0,0,0,0,0,0,0,0,0,0,0,0,0,0,0,0,
34618,0,0,0,0,0,0,0,0,0,0,0,0,0,0,0,0,0,0,0,0,0,0,0,0,0,0,0,0,0,0,0,0,0,0,0,0,0,0,0,0,0,0,0,0,0,0,0,0,0,0,0,0,0,0,0,0,0,0,0,0,0,0,0,0,0,0,0,0,0,0,0,0,0,0,0,0,0,0,0,0,0,0,0,0,0,0,0,0,0,0,0,0,0,0,0,0,0,0,0,0,0,0,0,0,0,0,0,0,0,0,0,0,0,0,0,0,0,0,0,0,0,0,0,0,0,0,0,0,0,0,0,0,0,0,0,0,0,0,0,0,0,0,0,0,0,0,0,0,0,0,0,0,0,0,0,0,0,0,0,0,0,0,0,0,0,0,0,0,0,0,0,0,0,0,0,0,0,0,0,0,0,0,0,0,0,0,0,0,0,0,0,0,0,0,0,0,0,0,0,0,0,0,0,0,0,0,0,0,0,0,0,0,0,0,0,0,0,0,0,0,0,0,0,0,0,0,0,0,0,0,0,0,0,0,0,0,0,0,0,0,0,0,0,0,0,0,0,0,0,0,0,0,0,0,0,0,0,0,0,0,0,0,0,0,0,0,0,0,0,0,0,0,0,0,0,
34619,0,0,0,0,0,0,0,0,0,0,0,0,0,0,0,0,0,0,0,0,0,0,0,0,0,0,0,0,0,0,0,0,0,0,0,0,0,0,0,0,0,0,0,0,0,0,0,0,0,0,0,0,0,0,0,0,0,0,0,0,0,0,0,0,0,0,0,0,0,0,0,0,0,0,0,0,0,0,0,0,0,0,0,0,0,0,0,0,0,0,0,0,0,0,0,0,0,0,0,0,0,0,0,0,0,0,0,0,0,0,0,0,0,0,0,0,0,0,0,0,0,0,0,0,0,0,0,0,0,0,0,0,0,0,0,0,0,0,0,0,0,0,0,0,0,0,0,0,0,0,0,0,0,0,0,0,0,0,0,0,0,0,0,0,0,0,0,0,0,0,0,0,0,0,0,0,0,0,0,0,0,0,0,0,0,0,0,0,0,0,0,0,0,0,0,0,0,0,0,0,0,0,0,0,0,0,0,0,0,0,0,0,0,0,0,0,0,0,0,0,0,0,0,0,0,0,0,0,0,0,0,0,0,0,0,0,0,0,0,0,0,0,0,0,0,0,0,0,0,0,0,0,0,0,0,0,0,0,0,0,0,0,0,0,0,0,0,0,0,0,0,0,0,0,0,
34620,0,0,0,0,0,0,0,0,0,0,0,0,0,0,0,0,0,0,0,0,0,0,0,0,0,0,0,0,0,0,0,0,0,0,0,0,0,0,0,0,0,0,0,0,0,0,0,0,0,0,0,0,0,0,0,0,0,0,0,0,0,0,0,0,0,0,0,0,0,0,0,0,0,0,0,0,0,0,0,0,0,0,0,0,0,0,0,0,0,0,0,0,0,0,0,0,0,0,0,0,0,0,0,0,0,0,0,0,0,0,0,0,0,0,0,0,0,0,0,0,0,0,0,0,0,0,0,0,0,0,0,0,0,0,0,0,0,0,0,0,0,0,0,0,0,0,0,0,0,0,0,0,0,0,0,0,0,0,0,0,0,0,0,0,0,0,0,0,0,0,0,0,0,0,0,0,0,0,0,0,0,0,0,0,0,0,0,0,0,0,0,0,0,0,0,0,0,0,0,0,0,0,0,0,0,0,0,0,0,0,0,0,0,0,0,0,0,0,0,0,0,0,0,0,0,0,0,0,0,0,0,0,0,0,0,0,0,0,0,0,0,0,0,0,0,0,0,0,0,0,0,0,0,0,0,0,0,0,0,0,0,0,0,0,0,0,0,0,0,0,0,0,0,0,0,
34621,0,0,0,0,0,0,0,0,0,0,0,0,0,0,0,0,0,0,0,0,0,0,0,0,0,0,0,0,0,0,0,0,0,0,0,0,0,0,0,0,0,0,0,0,0,0,0,0,0,0,0,0,0,0,0,0,0,0,0,0,0,0,0,0,0,0,0,0,0,0,0,0,0,0,0,0,0,0,0,0,0,0,0,0,0,0,0,0,0,0,0,0,0,0,0,0,0,0,0,0,0,0,0,0,0,0,0,0,0,0,0,0,0,0,0,0,0,0,0,0,0,0,0,0,0,0,0,0,0,0,0,0,0,0,0,0,0,0,0,0,0,0,0,0,0,0,0,0,0,0,0,0,0,0,0,0,0,0,0,0,0,0,0,0,0,0,0,0,0,0,0,0,0,0,0,0,0,0,0,0,0,0,0,0,0,0,0,0,0,0,0,0,0,0,0,0,0,0,0,0,0,0,0,0,0,0,0,0,0,0,0,0,0,0,0,0,0,0,0,0,0,0,0,0,0,0,0,0,0,0,0,0,0,0,0,0,0,0,0,0,0,0,0,0,0,0,0,0,0,0,0,0,0,0,0,0,0,0,0,0,0,0,0,0,0,0,0,0,0,0,0,0,0,0,0,
34622,0,0,0,0,0,0,0,0,0,0,0,0,0,0,0,0,0,0,0,0,0,0,0,0,0,0,0,0,0,0,0,0,0,0,0,0,0,0,0,0,0,0,0,0,0,0,0,0,0,0,0,0,0,0,0,0,0,0,0,0,0,0,0,0,0,0,0,0,0,0,0,0,0,0,0,0,0,0,0,0,0,0,0,0,0,0,0,0,0,0,0,0,0,0,0,0,0,0,0,0,0,0,0,0,0,0,0,0,0,0,0,0,0,0,0,0,0,0,0,0,0,0,0,0,0,0,0,0,0,0,0,0,0,0,0,0,0,0,0,0,0,0,0,0,0,0,0,0,0,0,0,0,0,0,0,0,0,0,0,0,0,0,0,0,0,0,0,0,0,0,0,0,0,0,0,0,0,0,0,0,0,0,0,0,0,0,0,0,0,0,0,0,0,0,0,0,0,0,0,0,0,0,0,0,0,0,0,0,0,0,0,0,0,0,0,0,0,0,0,0,0,0,0,0,0,0,0,0,0,0,0,0,0,0,0,0,0,0,0,0,0,0,0,0,0,0,0,0,0,0,0,0,0,0,0,0,0,0,0,0,0,0,0,0,0,0,0,0,0,0,0,0,0,0,0,
34623,0,0,0,0,0,0,0,0,0,0,0,0,0,0,0,0,0,0,0,0,0,0,0,0,0,0,0,0,0,0,0,0,0,0,0,0,0,0,0,0,0,0,0,0,0,0,0,0,0,0,0,0,0,0,0,0,0,0,0,0,0,0,0,0,0,0,0,0,0,0,0,0,0,0,0,0,0,0,0,0,0,0,0,0,0,0,0,0,0,0,0,0,0,0,0,0,0,0,0,0,0,0,0,0,0,0,0,0,0,0,0,0,0,0,0,0,0,0,0,0,0,0,0,0,0,0,0,0,0,0,0,0,0,0,0,0,0,0,0,0,0,0,0,0,0,0,0,0,0,0,0,0,0,0,0,0,0,0,0,0,0,0,0,0,0,0,0,0,0,0,0,0,0,0,0,0,0,0,0,0,0,0,0,0,0,0,0,0,0,0,0,0,0,0,0,0,0,0,0,0,0,0,0,0,0,0,0,0,0,0,0,0,0,0,0,0,0,0,0,0,0,0,0,0,0,0,0,0,0,0,0,0,0,0,0,0,0,0,0,0,0,0,0,0,0,0,0,0,0,0,0,0,0,0,0,0,0,0,0,0,0,0,0,0,0,0,0,0,0,0,0,0,0,0,0,
34624,0,0,0,0,0,0,0,0,0,0,0,0,0,0,0,0,0,0,0,0,0,0,0,0,0,0,0,0,0,0,0,0,0,0,0,0,0,0,0,0,0,0,0,0,0,0,0,0,0,0,0,0,0,0,0,0,0,0,0,0,0,0,0,0,0,0,0,0,0,0,0,0,0,0,0,0,0,0,0,0,0,0,0,0,0,0,0,0,0,0,0,0,0,0,0,0,0,0,0,0,0,0,0,0,0,0,0,0,0,0,0,0,0,0,0,0,0,0,0,0,0,0,0,0,0,0,0,0,0,0,0,0,0,0,0,0,0,0,0,0,0,0,0,0,0,0,0,0,0,0,0,0,0,0,0,0,0,0,0,0,0,0,0,0,0,0,0,0,0,0,0,0,0,0,0,0,0,0,0,0,0,0,0,0,0,0,0,0,0,0,0,0,0,0,0,0,0,0,0,0,0,0,0,0,0,0,0,0,0,0,0,0,0,0,0,0,0,0,0,0,0,0,0,0,0,0,0,0,0,0,0,0,0,0,0,0,0,0,0,0,0,0,0,0,0,0,0,0,0,0,0,0,0,0,0,0,0,0,0,0,0,0,0,0,0,0,0,0,0,0,0,0,0,0,0,
34625,0,0,0,0,0,0,0,0,0,0,0,0,0,0,0,0,0,0,0,0,0,0,0,0,0,0,0,0,0,0,0,0,0,0,0,0,0,0,0,0,0,0,0,0,0,0,0,0,0,0,0,0,0,0,0,0,0,0,0,0,0,0,0,0,0,0,0,0,0,0,0,0,0,0,0,0,0,0,0,0,0,0,0,0,0,0,0,0,0,0,0,0,0,0,0,0,0,0,0,0,0,0,0,0,0,0,0,0,0,0,0,0,0,0,0,0,0,0,0,0,0,0,0,0,0,0,0,0,0,0,0,0,0,0,0,0,0,0,0,0,0,0,0,0,0,0,0,0,0,0,0,0,0,0,0,0,0,0,0,0,0,0,0,0,0,0,0,0,0,0,0,0,0,0,0,0,0,0,0,0,0,0,0,0,0,0,0,0,0,0,0,0,0,0,0,0,0,0,0,0,0,0,0,0,0,0,0,0,0,0,0,0,0,0,0,0,0,0,0,0,0,0,0,0,0,0,0,0,0,0,0,0,0,0,0,0,0,0,0,0,0,0,0,0,0,0,0,0,0,0,0,0,0,0,0,0,0,0,0,0,0,0,0,0,0,0,0,0,0,0,0,0,0,0,0,
34626,0,0,0,0,0,0,0,0,0,0,0,0,0,0,0,0,0,0,0,0,0,0,0,0,0,0,0,0,0,0,0,0,0,0,0,0,0,0,0,0,0,0,0,0,0,0,0,0,0,0,0,0,0,0,0,0,0,0,0,0,0,0,0,0,0,0,0,0,0,0,0,0,0,0,0,0,0,0,0,0,0,0,0,0,0,0,0,0,0,0,0,0,0,0,0,0,0,0,0,0,0,0,0,0,0,0,0,0,0,0,0,0,0,0,0,0,0,0,0,0,0,0,0,0,0,0,0,0,0,0,0,0,0,0,0,0,0,0,0,0,0,0,0,0,0,0,0,0,0,0,0,0,0,0,0,0,0,0,0,0,0,0,0,0,0,0,0,0,0,0,0,0,0,0,0,0,0,0,0,0,0,0,0,0,0,0,0,0,0,0,0,0,0,0,0,0,0,0,0,0,0,0,0,0,0,0,0,0,0,0,0,0,0,0,0,0,0,0,0,0,0,0,0,0,0,0,0,0,0,0,0,0,0,0,0,0,0,0,0,0,0,0,0,0,0,0,0,0,0,0,0,0,0,0,0,0,0,0,0,0,0,0,0,0,0,0,0,0,0,0,0,0,0,0,0,
34627,0,0,0,0,0,0,0,0,0,0,0,0,0,0,0,0,0,0,0,0,0,0,0,0,0,0,0,0,0,0,0,0,0,0,0,0,0,0,0,0,0,0,0,0,0,0,0,0,0,0,0,0,0,0,0,0,0,0,0,0,0,0,0,0,0,0,0,0,0,0,0,0,0,0,0,0,0,0,0,0,0,0,0,0,0,0,0,0,0,0,0,0,0,0,0,0,0,0,0,0,0,0,0,0,0,0,0,0,0,0,0,0,0,0,0,0,0,0,0,0,0,0,0,0,0,0,0,0,0,0,0,0,0,0,0,0,0,0,0,0,0,0,0,0,0,0,0,0,0,0,0,0,0,0,0,0,0,0,0,0,0,0,0,0,0,0,0,0,0,0,0,0,0,0,0,0,0,0,0,0,0,0,0,0,0,0,0,0,0,0,0,0,0,0,0,0,0,0,0,0,0,0,0,0,0,0,0,0,0,0,0,0,0,0,0,0,0,0,0,0,0,0,0,0,0,0,0,0,0,0,0,0,0,0,0,0,0,0,0,0,0,0,0,0,0,0,0,0,0,0,0,0,0,0,0,0,0,0,0,0,0,0,0,0,0,0,0,0,0,0,0,0,0,0,0,
34628,0,0,0,0,0,0,0,0,0,0,0,0,0,0,0,0,0,0,0,0,0,0,0,0,0,0,0,0,0,0,0,0,0,0,0,0,0,0,0,0,0,0,0,0,0,0,0,0,0,0,0,0,0,0,0,0,0,0,0,0,0,0,0,0,0,0,0,0,0,0,0,0,0,0,0,0,0,0,0,0,0,0,0,0,0,0,0,0,0,0,0,0,0,0,0,0,0,0,0,0,0,0,0,0,0,0,0,0,0,0,0,0,0,0,0,0,0,0,0,0,0,0,0,0,0,0,0,0,0,0,0,0,0,0,0,0,0,0,0,0,0,0,0,0,0,0,0,0,0,0,0,0,0,0,0,0,0,0,0,0,0,0,0,0,0,0,0,0,0,0,0,0,0,0,0,0,0,0,0,0,0,0,0,0,0,0,0,0,0,0,0,0,0,0,0,0,0,0,0,0,0,0,0,0,0,0,0,0,0,0,0,0,0,0,0,0,0,0,0,0,0,0,0,0,0,0,0,0,0,0,0,0,0,0,0,0,0,0,0,0,0,0,0,0,0,0,0,0,0,0,0,0,0,0,0,0,0,0,0,0,0,0,0,0,0,0,0,0,0,0,0,0,0,0,0,
34629,0,0,0,0,0,0,0,0,0,0,0,0,0,0,0,0,0,0,0,0,0,0,0,0,0,0,0,0,0,0,0,0,0,0,0,0,0,0,0,0,0,0,0,0,0,0,0,0,0,0,0,0,0,0,0,0,0,0,0,0,0,0,0,0,0,0,0,0,0,0,0,0,0,0,0,0,0,0,0,0,0,0,0,0,0,0,0,0,0,0,0,0,0,0,0,0,0,0,0,0,0,0,0,0,0,0,0,0,0,0,0,0,0,0,0,0,0,0,0,0,0,0,0,0,0,0,0,0,0,0,0,0,0,0,0,0,0,0,0,0,0,0,0,0,0,0,0,0,0,0,0,0,0,0,0,0,0,0,0,0,0,0,0,0,0,0,0,0,0,0,0,0,0,0,0,0,0,0,0,0,0,0,0,0,0,0,0,0,0,0,0,0,0,0,0,0,0,0,0,0,0,0,0,0,0,0,0,0,0,0,0,0,0,0,0,0,0,0,0,0,0,0,0,0,0,0,0,0,0,0,0,0,0,0,0,0,0,0,0,0,0,0,0,0,0,0,0,0,0,0,0,0,0,0,0,0,0,0,0,0,0,0,0,0,0,0,0,0,0,0,0,0,0,0,0,
34630,0,0,0,0,0,0,0,0,0,0,0,0,0,0,0,0,0,0,0,0,0,0,0,0,0,0,0,0,0,0,0,0,0,0,0,0,0,0,0,0,0,0,0,0,0,0,0,0,0,0,0,0,0,0,0,0,0,0,0,0,0,0,0,0,0,0,0,0,0,0,0,0,0,0,0,0,0,0,0,0,0,0,0,0,0,0,0,0,0,0,0,0,0,0,0,0,0,0,0,0,0,0,0,0,0,0,0,0,0,0,0,0,0,0,0,0,0,0,0,0,0,0,0,0,0,0,0,0,0,0,0,0,0,0,0,0,0,0,0,0,0,0,0,0,0,0,0,0,0,0,0,0,0,0,0,0,0,0,0,0,0,0,0,0,0,0,0,0,0,0,0,0,0,0,0,0,0,0,0,0,0,0,0,0,0,0,0,0,0,0,0,0,0,0,0,0,0,0,0,0,0,0,0,0,0,0,0,0,0,0,0,0,0,0,0,0,0,0,0,0,0,0,0,0,0,0,0,0,0,0,0,0,0,0,0,0,0,0,0,0,0,0,0,0,0,0,0,0,0,0,0,0,0,0,0,0,0,0,0,0,0,0,0,0,0,0,0,0,0,0,0,0,0,0,0,
34631,0,0,0,0,0,0,0,0,0,0,0,0,0,0,0,0,0,0,0,0,0,0,0,0,0,0,0,0,0,0,0,0,0,0,0,0,0,0,0,0,0,0,0,0,0,0,0,0,0,0,0,0,0,0,0,0,0,0,0,0,0,0,0,0,0,0,0,0,0,0,0,0,0,0,0,0,0,0,0,0,0,0,0,0,0,0,0,0,0,0,0,0,0,0,0,0,0,0,0,0,0,0,0,0,0,0,0,0,0,0,0,0,0,0,0,0,0,0,0,0,0,0,0,0,0,0,0,0,0,0,0,0,0,0,0,0,0,0,0,0,0,0,0,0,0,0,0,0,0,0,0,0,0,0,0,0,0,0,0,0,0,0,0,0,0,0,0,0,0,0,0,0,0,0,0,0,0,0,0,0,0,0,0,0,0,0,0,0,0,0,0,0,0,0,0,0,0,0,0,0,0,0,0,0,0,0,0,0,0,0,0,0,0,0,0,0,0,0,0,0,0,0,0,0,0,0,0,0,0,0,0,0,0,0,0,0,0,0,0,0,0,0,0,0,0,0,0,0,0,0,0,0,0,0,0,0,0,0,0,0,0,0,0,0,0,0,0,0,0,0,0,0,0,0,0,
34632,0,0,0,0,0,0,0,0,0,0,0,0,0,0,0,0,0,0,0,0,0,0,0,0,0,0,0,0,0,0,0,0,0,0,0,0,0,0,0,0,0,0,0,0,0,0,0,0,0,0,0,0,0,0,0,0,0,0,0,0,0,0,0,0,0,0,0,0,0,0,0,0,0,0,0,0,0,0,0,0,0,0,0,0,0,0,0,0,0,0,0,0,0,0,0,0,0,0,0,0,0,0,0,0,0,0,0,0,0,0,0,0,0,0,0,0,0,0,0,0,0,0,0,0,0,0,0,0,0,0,0,0,0,0,0,0,0,0,0,0,0,0,0,0,0,0,0,0,0,0,0,0,0,0,0,0,0,0,0,0,0,0,0,0,0,0,0,0,0,0,0,0,0,0,0,0,0,0,0,0,0,0,0,0,0,0,0,0,0,0,0,0,0,0,0,0,0,0,0,0,0,0,0,0,0,0,0,0,0,0,0,0,0,0,0,0,0,0,0,0,0,0,0,0,0,0,0,0,0,0,0,0,0,0,0,0,0,0,0,0,0,0,0,0,0,0,0,0,0,0,0,0,0,0,0,0,0,0,0,0,0,0,0,0,0,0,0,0,0,0,0,0,0,0,0,
34633,0,0,0,0,0,0,0,0,0,0,0,0,0,0,0,0,0,0,0,0,0,0,0,0,0,0,0,0,0,0,0,0,0,0,0,0,0,0,0,0,0,0,0,0,0,0,0,0,0,0,0,0,0,0,0,0,0,0,0,0,0,0,0,0,0,0,0,0,0,0,0,0,0,0,0,0,0,0,0,0,0,0,0,0,0,0,0,0,0,0,0,0,0,0,0,0,0,0,0,0,0,0,0,0,0,0,0,0,0,0,0,0,0,0,0,0,0,0,0,0,0,0,0,0,0,0,0,0,0,0,0,0,0,0,0,0,0,0,0,0,0,0,0,0,0,0,0,0,0,0,0,0,0,0,0,0,0,0,0,0,0,0,0,0,0,0,0,0,0,0,0,0,0,0,0,0,0,0,0,0,0,0,0,0,0,0,0,0,0,0,0,0,0,0,0,0,0,0,0,0,0,0,0,0,0,0,0,0,0,0,0,0,0,0,0,0,0,0,0,0,0,0,0,0,0,0,0,0,0,0,0,0,0,0,0,0,0,0,0,0,0,0,0,0,0,0,0,0,0,0,0,0,0,0,0,0,0,0,0,0,0,0,0,0,0,0,0,0,0,0,0,0,0,0,0,
35000,381,381,381,382,382,382,382,382,383,382,382,382,382,382,383,383,383,383,384,384,384,384,384,384,384,383,383,384,384,384,384,384,384,387,384,384,385,385,385,385,385,384,384,384,384,385,385,385,385,385,385,385,385,385,385,385,385,385,385,385,385,402,385,385,386,386,386,386,386,386,387,387,386,386,386,386,387,386,387,387,387,387,387,387,387,387,388,388,388,387,387,387,387,388,388,388,388,388,388,388,388,388,389,389,388,388,388,388,388,388,389,389,389,389,389,389,390,389,390,390,390,389,389,389,390,389,390,390,390,390,390,390,390,390,390,390,390,390,390,390,390,390,390,390,391,391,391,391,391,391,391,391,391,391,391,391,391,391,391,391,391,391,391,391,392,392,392,392,391,391,391,391,391,391,391,392,392,392,392,392,392,392,392,392,392,390,388,387,386,385,383,382,381,380,378,378,377,375,373,371,368,366,364,363,361,359,358,356,355,355,355,355,354,354,354,354,353,353,353,353,352,350,349,347,343,345,343,342,341,341,341,341,341,341,341,341,341,341,342,341,341,340,338,338,336,335,334,333,332,331,330,329,329,330,330,331,331,331,332,331,332,333,333,333,333,332,331,330,329,328,328,326,325,324,322,
35001,390,390,390,391,391,391,391,391,391,391,391,391,391,391,392,391,392,392,392,392,392,392,393,393,393,392,392,392,393,392,392,392,392,392,393,393,393,393,393,393,393,392,392,392,393,393,393,393,393,393,393,393,393,394,394,394,394,393,393,394,394,394,394,394,395,395,395,395,395,396,396,396,396,395,396,396,396,396,396,396,396,397,397,397,397,397,397,397,397,397,397,397,397,397,397,400,398,397,398,398,398,398,398,398,398,397,397,398,398,398,398,398,398,398,398,398,399,398,398,398,398,398,398,399,399,399,399,400,400,401,401,401,401,401,401,401,399,400,400,400,401,401,401,401,401,401,401,401,401,401,402,401,401,400,401,401,401,401,401,401,401,401,401,401,399,402,402,401,401,401,400,401,401,401,401,401,401,401,401,401,401,401,401,402,400,398,396,394,392,391,390,388,387,385,384,383,382,380,378,376,374,372,370,368,366,365,363,361,361,360,360,360,359,359,358,358,358,357,357,356,355,349,352,351,350,348,347,346,345,345,345,345,345,345,345,345,344,344,344,344,343,343,341,340,339,338,337,336,336,335,334,333,333,333,334,334,334,335,335,335,335,335,335,336,336,335,334,333,332,331,330,330,329,327,326,
35002,390,390,390,391,391,391,391,391,391,391,391,391,391,391,392,391,392,392,392,392,392,392,393,393,393,392,392,392,393,392,392,392,392,392,393,393,393,393,393,393,393,392,392,392,393,393,393,393,393,393,393,393,393,394,394,394,394,393,393,394,394,394,394,394,395,395,395,395,395,396,396,396,396,395,395,396,396,396,396,397,396,397,397,397,397,397,397,397,397,397,397,397,397,397,397,397,398,398,398,398,398,398,398,398,398,397,397,398,398,398,398,398,398,398,398,398,399,398,398,398,398,398,398,399,399,399,400,399,400,401,401,401,401,401,401,401,400,400,400,400,401,401,401,401,401,401,401,401,401,401,402,401,401,400,401,401,401,401,401,401,401,401,401,401,399,401,401,401,401,401,400,401,401,401,401,401,401,401,401,401,401,401,401,402,400,398,396,394,392,391,390,388,387,385,384,383,382,380,378,376,374,372,370,368,366,365,363,361,361,360,360,360,359,359,358,358,358,357,355,356,355,349,352,351,350,348,347,346,345,345,345,345,345,345,345,345,344,344,344,344,343,343,341,340,339,338,337,336,336,335,334,333,333,333,334,334,334,335,335,335,335,335,335,336,336,335,334,333,332,331,330,330,329,328,326,
35010,307,308,309,310,310,312,312,313,312,311,310,310,309,309,309,309,309,309,309,308,309,309,309,308,309,308,308,309,308,309,308,308,308,308,308,308,308,308,308,308,307,307,308,307,307,308,307,307,307,307,307,307,307,307,307,307,308,310,312,313,314,315,316,317,318,319,319,320,321,322,323,324,322,321,320,321,320,320,320,320,320,320,320,320,320,319,319,319,319,319,319,319,319,318,319,319,319,319,319,318,319,318,319,318,318,318,318,318,318,317,318,318,318,317,317,317,317,317,317,317,319,321,322,323,324,326,327,328,328,329,331,332,332,334,335,335,333,333,332,332,332,332,332,331,332,331,331,331,331,331,331,331,331,330,330,330,331,330,330,330,330,330,330,329,329,329,329,329,330,329,329,329,329,329,329,328,329,328,328,328,328,328,328,328,329,329,330,330,331,331,332,332,333,333,334,334,335,334,334,335,335,335,335,335,335,335,335,336,335,335,335,335,335,335,334,335,334,334,334,334,334,334,334,334,334,333,333,333,333,333,333,332,333,332,332,332,332,332,332,332,332,332,331,331,331,331,331,331,331,331,331,330,330,330,330,330,330,330,330,329,329,329,329,329,329,328,328,328,329,328,328,328,328,327,327,
35011,297,298,298,298,299,300,300,302,302,302,302,302,302,302,303,302,302,302,302,303,303,303,303,303,303,303,303,303,303,303,303,303,303,303,303,303,303,303,303,303,303,303,303,303,303,303,303,303,303,303,303,303,303,303,303,303,303,303,304,304,305,305,306,306,307,308,308,309,309,310,311,312,312,312,312,312,312,313,312,312,312,312,312,313,313,312,312,312,313,313,312,313,313,313,312,313,313,313,313,313,312,313,312,313,312,313,312,312,312,312,312,312,312,312,312,312,312,312,312,312,312,313,313,314,314,315,315,316,317,317,318,319,320,321,321,322,322,323,323,323,323,323,323,323,323,323,323,323,323,323,323,323,323,323,323,323,323,323,323,323,323,323,322,322,323,323,323,322,322,322,322,322,322,323,322,322,322,322,322,322,322,322,322,322,322,322,322,322,322,323,323,323,324,324,324,325,325,325,325,326,326,326,326,326,326,326,326,326,326,326,326,326,326,325,326,326,325,325,325,325,325,325,324,324,325,324,324,324,324,324,323,324,323,323,323,323,322,322,322,322,322,322,322,321,322,321,321,321,321,321,321,320,320,320,320,320,319,319,319,319,319,319,319,318,319,318,318,318,318,318,317,317,317,317,317,
35100,2,2,2,2,2,2,2,2,2,2,2,2,2,2,2,2,2,2,2,2,2,2,2,2,2,2,2,2,2,2,2,2,2,2,2,2,2,2,2,2,2,2,2,2,2,2,2,2,2,2,2,2,2,2,2,2,2,2,2,2,2,2,2,2,2,2,2,2,2,2,2,2,2,2,2,2,2,2,2,2,2,2,2,2,2,2,2,2,2,2,2,2,2,2,2,2,2,2,2,2,2,2,2,2,2,2,2,2,2,2,2,2,2,2,2,2,2,2,2,2,2,2,2,2,2,2,2,2,2,2,2,2,2,2,2,1,2,2,2,2,2,2,2,2,2,2,2,2,2,2,2,1,2,2,2,2,2,2,2,2,2,2,2,2,2,2,2,1,2,2,2,2,2,2,2,2,2,2,2,2,2,2,2,1,2,2,2,2,2,2,2,2,2,2,2,2,2,2,2,2,2,2,2,2,2,2,1,2,2,2,2,2,2,2,2,2,2,2,2,2,2,2,2,2,2,2,1,2,2,2,2,2,2,2,2,2,2,2,2,2,2,2,2,2,2,2,2,2,2,2,1,2,2,2,2,2,2,2,2,2,2,2,2,2,2,2,2,2,2,2,2,2,1,1,1,
35110,576,576,576,576,576,576,576,576,576,576,576,576,576,576,576,576,576,576,576,576,576,576,576,576,576,576,576,576,576,576,576,576,576,576,576,576,576,576,576,576,576,576,576,576,576,576,576,576,576,576,576,576,576,576,576,576,576,576,576,576,576,576,576,576,576,576,576,576,576,576,576,576,576,576,576,576,576,576,576,576,576,576,576,576,576,576,576,576,576,576,576,576,576,576,576,576,576,576,576,576,576,576,576,576,576,576,576,576,576,576,576,576,576,576,576,576,576,576,576,576,576,576,576,576,576,576,576,576,576,576,576,576,576,576,576,576,576,576,576,576,576,576,576,576,576,576,576,576,576,576,576,576,576,576,576,576,576,576,576,576,576,576,576,576,576,576,576,576,576,576,576,576,576,576,576,576,576,576,576,576,576,576,576,576,576,576,576,576,576,576,576,576,576,576,576,576,576,576,576,576,576,576,576,576,576,576,576,576,576,576,576,576,576,576,576,576,576,576,576,576,576,576,576,576,576,576,576,576,576,576,576,576,576,576,576,576,576,576,576,576,576,576,576,576,576,576,576,576,576,576,576,576,576,576,576,576,576,576,576,576,576,576,576,576,576,576,576,576,576,576,576,576,576,576,576,
35111,500,500,500,500,500,500,500,500,500,500,500,500,500,500,500,500,500,500,500,500,500,500,500,500,500,500,500,500,500,500,500,500,500,500,500,500,500,500,500,500,500,500,500,500,500,500,500,500,500,500,500,500,500,500,500,500,500,500,500,500,500,500,500,500,500,500,500,500,500,500,500,500,500,500,500,500,500,500,500,500,500,500,500,500,500,500,500,500,500,500,500,500,500,500,500,500,500,500,500,500,500,500,500,500,500,500,500,500,500,500,500,500,500,500,500,500,500,500,500,500,500,500,500,500,500,500,500,500,500,500,500,500,500,500,500,500,500,500,500,500,500,500,500,500,500,500,500,500,500,500,500,500,500,500,500,500,500,500,500,500,500,500,500,500,500,500,500,250,500,500,500,500,500,500,500,500,500,500,500,500,500,500,500,250,250,250,250,250,250,250,250,250,250,250,250,250,100,100,100,100,100,100,100,100,100,100,250,250,250,250,250,250,250,250,250,250,250,250,250,100,100,100,100,100,100,100,0,250,250,250,250,250,250,250,250,250,250,250,250,100,100,100,100,100,100,100,100,100,100,100,250,250,250,250,250,250,250,250,250,250,250,250,250,100,100,100,100,100,100,100,100,100,0,0,0,
35112,500,500,500,500,500,500,500,500,500,500,500,500,500,500,500,500,500,500,500,500,500,500,500,500,500,500,500,500,500,500,500,500,500,500,500,500,500,500,500,500,500,500,500,500,500,500,500,500,500,500,500,500,500,500,500,500,500,500,500,500,500,500,500,500,500,500,500,500,500,500,500,500,500,500,500,500,500,500,500,500,500,500,500,500,500,500,500,500,500,500,500,500,500,500,500,500,500,500,500,500,500,500,500,500,500,500,500,500,500,500,500,500,500,500,500,500,500,500,500,500,500,500,500,500,500,500,500,500,500,500,500,500,500,500,500,500,500,500,500,500,500,500,500,500,500,500,500,500,500,500,500,500,500,500,500,500,500,500,500,500,500,500,500,500,500,500,500,500,500,500,500,500,500,500,500,500,500,500,500,500,500,500,500,500,500,500,500,500,500,500,500,500,500,500,500,500,500,500,500,500,500,500,500,500,500,500,500,500,500,500,500,500,500,500,500,500,500,500,500,500,500,500,500,500,500,500,500,500,500,500,500,500,500,500,500,500,500,500,500,500,500,500,500,500,500,500,500,500,500,500,500,500,500,500,500,500,500,500,500,500,500,500,500,500,500,500,500,500,500,500,500,500,500,500,500,
36000,0,0,0,0,0,0,0,0,0,0,0,0,0,0,0,0,0,0,0,0,0,0,0,0,0,0,0,0,0,0,0,0,0,0,0,0,0,0,0,0,0,0,0,0,0,0,0,0,0,0,0,0,0,0,0,0,0,0,0,0,0,0,0,0,0,0,0,0,0,0,0,0,0,0,0,0,0,0,0,0,0,0,0,0,0,0,0,0,0,0,0,0,0,0,0,0,0,0,0,0,0,0,0,0,0,0,0,0,0,0,0,0,0,0,0,0,0,0,0,0,0,0,0,0,0,0,0,0,0,0,0,0,0,0,0,0,0,0,0,0,0,0,0,0,0,0,0,0,0,0,0,0,0,0,0,0,0,0,0,0,0,0,0,0,0,0,0,0,0,0,0,0,0,0,0,0,0,0,0,0,0,0,0,0,0,0,0,0,0,0,0,0,0,0,0,0,0,0,0,0,0,0,0,0,0,0,0,0,0,0,0,0,0,0,0,0,0,0,0,0,0,0,0,0,0,0,0,0,0,0,0,0,0,0,0,0,0,0,0,0,0,0,0,0,0,0,0,0,0,0,0,0,0,0,0,0,0,0,0,0,0,0,0,0,0,0,0,0,0,0,0,0,0,0,0,
36001,0,0,0,0,0,0,0,0,0,0,0,0,0,0,0,0,0,0,0,0,0,0,0,0,0,0,0,0,0,0,0,0,0,0,0,0,0,0,0,0,0,0,0,0,0,0,0,0,0,0,0,0,0,0,0,0,0,0,0,0,0,0,0,0,0,0,0,0,0,0,0,0,0,0,0,0,0,0,0,0,0,0,0,0,0,0,0,0,0,0,0,0,0,0,0,0,0,0,0,0,0,0,0,0,0,0,0,0,0,0,0,0,0,0,0,0,0,0,0,0,0,0,0,0,0,0,0,0,0,0,0,0,0,0,0,0,0,0,0,0,0,0,0,0,0,0,0,0,0,0,0,0,0,0,0,0,0,0,0,0,0,0,0,0,0,0,0,0,0,0,0,0,0,0,0,0,0,0,0,0,0,0,0,0,0,0,0,0,0,0,0,0,0,0,0,0,0,0,0,0,0,0,0,0,0,0,0,0,0,0,0,0,0,0,0,0,0,0,0,0,0,0,0,0,0,0,0,0,0,0,0,0,0,0,0,0,0,0,0,0,0,0,0,0,0,0,0,0,0,0,0,0,0,0,0,0,0,0,0,0,0,0,0,0,0,0,0,0,0,0,0,0,0,0,0,
36100,0,0,0,0,0,0,0,0,0,0,0,0,0,0,0,0,0,0,0,0,0,0,0,0,0,0,0,0,0,0,0,0,0,0,0,0,0,0,0,0,0,0,0,0,0,0,0,0,0,0,0,0,0,0,0,0,0,0,0,0,0,0,0,0,0,0,0,0,0,0,0,0,0,0,0,0,0,0,0,0,0,0,0,0,0,0,0,0,0,0,0,0,0,0,0,0,0,0,0,0,0,0,0,0,0,0,0,0,0,0,0,0,0,0,0,0,0,0,0,0,0,0,0,0,0,0,0,0,0,0,0,0,0,0,0,0,0,0,0,0,0,0,0,0,0,0,0,0,0,0,0,0,0,0,0,0,0,0,0,0,0,0,0,0,0,0,0,0,0,0,0,0,0,0,0,0,0,0,0,0,0,0,0,0,0,0,0,0,0,0,0,0,0,0,0,0,0,0,0,0,0,0,0,0,0,0,0,0,0,0,0,0,0,0,0,0,0,0,0,0,0,0,0,0,0,0,0,0,0,0,0,0,0,0,0,0,0,0,0,0,0,0,0,0,0,0,0,0,0,0,0,0,0,0,0,0,0,0,0,0,0,0,0,0,0,0,0,0,0,0,0,0,0,0,0,
36101,0,0,0,0,0,0,0,0,0,0,0,0,0,0,0,0,0,0,0,0,0,0,0,0,0,0,0,0,0,0,0,0,0,0,0,0,0,0,0,0,0,0,0,0,0,0,0,0,0,0,0,0,0,0,0,0,0,0,0,0,0,0,0,0,0,0,0,0,0,0,0,0,0,0,0,0,0,0,0,0,0,0,0,0,0,0,0,0,0,0,0,0,0,0,0,0,0,0,0,0,0,0,0,0,0,0,0,0,0,0,0,0,0,0,0,0,0,0,0,0,0,0,0,0,0,0,0,0,0,0,0,0,0,0,0,0,0,0,0,0,0,0,0,0,0,0,0,0,0,0,0,0,0,0,0,0,0,0,0,0,0,0,0,0,0,0,0,0,0,0,0,0,0,0,0,0,0,0,0,0,0,0,0,0,0,0,0,0,0,0,0,0,0,0,0,0,0,0,0,0,0,0,0,0,0,0,0,0,0,0,0,0,0,0,0,0,0,0,0,0,0,0,0,0,0,0,0,0,0,0,0,0,0,0,0,0,0,0,0,0,0,0,0,0,0,0,0,0,0,0,0,0,0,0,0,0,0,0,0,0,0,0,0,0,0,0,0,0,0,0,0,0,0,0,0,
36102,0,0,0,0,0,0,0,0,0,0,0,0,0,0,0,0,0,0,0,0,0,0,0,0,0,0,0,0,0,0,0,0,0,0,0,0,0,0,0,0,0,0,0,0,0,0,0,0,0,0,0,0,0,0,0,0,0,0,0,0,0,0,0,0,0,0,0,0,0,0,0,0,0,0,0,0,0,0,0,0,0,0,0,0,0,0,0,0,0,0,0,0,0,0,0,0,0,0,0,0,0,0,0,0,0,0,0,0,0,0,0,0,0,0,0,0,0,0,0,0,0,0,0,0,0,0,0,0,0,0,0,0,0,0,0,0,0,0,0,0,0,0,0,0,0,0,0,0,0,0,0,0,0,0,0,0,0,0,0,0,0,0,0,0,0,0,0,0,0,0,0,0,0,0,0,0,0,0,0,0,0,0,0,0,0,0,0,0,0,0,0,0,0,0,0,0,0,0,0,0,0,0,0,0,0,0,0,0,0,0,0,0,0,0,0,0,0,0,0,0,0,0,0,0,0,0,0,0,0,0,0,0,0,0,0,0,0,0,0,0,0,0,0,0,0,0,0,0,0,0,0,0,0,0,0,0,0,0,0,0,0,0,0,0,0,0,0,0,0,0,0,0,0,0,0,
36103,0,0,0,0,0,0,0,0,0,0,0,0,0,0,0,0,0,0,0,0,0,0,0,0,0,0,0,0,0,0,0,0,0,0,0,0,0,0,0,0,0,0,0,0,0,0,0,0,0,0,0,0,0,0,0,0,0,0,0,0,0,0,0,0,0,0,0,0,0,0,0,0,0,0,0,0,0,0,0,0,0,0,0,0,0,0,0,0,0,0,0,0,0,0,0,0,0,0,0,0,0,0,0,0,0,0,0,0,0,0,0,0,0,0,0,0,0,0,0,0,0,0,0,0,0,0,0,0,0,0,0,0,0,0,0,0,0,0,0,0,0,0,0,0,0,0,0,0,0,0,0,0,0,0,0,0,0,0,0,0,0,0,0,0,0,0,0,0,0,0,0,0,0,0,0,0,0,0,0,0,0,0,0,0,0,0,0,0,0,0,0,0,0,0,0,0,0,0,0,0,0,0,0,0,0,0,0,0,0,0,0,0,0,0,0,0,0,0,0,0,0,0,0,0,0,0,0,0,0,0,0,0,0,0,0,0,0,0,0,0,0,0,0,0,0,0,0,0,0,0,0,0,0,0,0,0,0,0,0,0,0,0,0,0,0,0,0,0,0,0,0,0,0,0,0,
37000,1,1,1,1,1,1,1,1,1,1,1,1,1,1,1,1,1,1,1,1,1,1,1,1,1,1,1,1,1,1,1,1,1,1,1,1,1,1,1,1,1,1,1,1,1,1,1,1,1,1,1,1,1,1,1,1,1,1,1,1,1,1,1,1,1,1,1,1,1,1,1,1,1,1,1,1,1,1,1,1,1,1,1,1,1,1,1,1,1,1,1,1,1,1,1,1,1,1,1,1,1,1,1,1,1,1,1,1,1,1,1,1,1,1,1,1,1,1,1,1,1,1,1,1,1,1,1,1,1,1,1,1,1,1,1,1,1,1,1,1,1,1,1,1,1,1,1,1,1,1,1,1,1,1,1,1,1,1,1,1,1,1,1,1,1,1,1,1,1,1,1,1,1,1,1,1,1,1,1,1,1,1,1,1,1,1,1,1,1,1,1,1,1,1,1,1,1,1,1,1,1,1,1,1,1,1,1,1,1,1,1,1,1,1,1,1,1,1,1,1,1,1,1,1,1,1,1,1,1,1,1,1,1,1,1,1,1,1,1,1,1,1,1,1,1,1,1,1,1,1,1,1,1,1,1,1,1,1,1,1,1,1,1,1,1,1,1,1,1,1,1,1,1,1,1,
37001,0,0,0,0,0,0,0,0,0,0,0,0,0,0,0,0,0,0,0,0,0,0,0,0,0,0,0,0,0,0,0,0,0,0,0,0,0,0,0,0,0,0,0,0,0,0,0,0,0,0,0,0,0,0,0,0,0,0,0,0,0,0,0,0,0,0,0,0,0,0,0,0,0,0,0,0,0,0,0,0,0,0,0,0,0,0,0,0,0,0,0,0,0,0,0,0,0,0,0,0,0,0,0,0,0,0,0,0,0,0,0,0,0,0,0,0,0,0,0,0,0,0,0,0,0,0,0,0,0,0,0,0,0,0,0,0,0,0,0,0,0,0,0,0,0,0,0,0,0,0,0,0,0,0,0,0,0,0,0,0,0,0,0,0,0,0,0,0,0,0,0,0,0,0,0,0,0,0,0,0,0,0,0,0,0,0,0,0,0,0,0,0,0,0,0,0,0,0,0,0,0,0,0,0,0,0,0,0,0,0,0,0,0,0,0,0,0,0,0,0,0,0,0,0,0,0,0,0,0,0,0,0,0,0,0,0,0,0,0,0,0,0,0,0,0,0,0,0,0,0,0,0,0,0,0,0,0,0,0,0,0,0,0,0,0,0,0,0,0,0,0,0,0,0,0,
37002,0,0,0,0,0,0,0,0,0,0,0,0,0,0,0,0,0,0,0,0,0,0,0,0,0,0,0,0,0,0,0,0,0,0,0,0,0,0,0,0,0,0,0,0,0,0,0,0,0,0,0,0,0,0,0,0,0,0,0,0,0,0,0,0,0,0,0,0,0,0,0,0,0,0,0,0,0,0,0,0,0,0,0,0,0,0,0,0,0,0,0,0,0,0,0,0,0,0,0,0,0,0,0,0,0,0,0,0,0,0,0,0,0,0,0,0,0,0,0,0,0,0,0,0,0,0,0,0,0,0,0,0,0,0,0,0,0,0,0,0,0,0,0,0,0,0,0,0,0,0,0,0,0,0,0,0,0,0,0,0,0,0,0,0,0,0,0,0,0,0,0,0,0,0,0,0,0,0,0,0,0,0,0,0,0,0,0,0,0,0,0,0,0,0,0,0,0,0,0,0,0,0,0,0,0,0,0,0,0,0,0,0,0,0,0,0,0,0,0,0,0,0,0,0,0,0,0,0,0,0,0,0,0,0,0,0,0,0,0,0,0,0,0,0,0,0,0,0,0,0,0,0,0,0,0,0,0,0,0,0,0,0,0,0,0,0,0,0,0,0,0,0,0,0,0,
37003,0,0,0,0,0,0,0,0,0,0,0,0,0,0,0,0,0,0,0,0,0,0,0,0,0,0,0,0,0,0,0,0,0,0,0,0,0,0,0,0,0,0,0,0,0,0,0,0,0,0,0,0,0,0,0,0,0,0,0,0,0,0,0,0,0,0,0,0,0,0,0,0,0,0,0,0,0,0,0,0,0,0,0,0,0,0,0,0,0,0,0,0,0,0,0,0,0,0,0,0,0,0,0,0,0,0,0,0,0,0,0,0,0,0,0,0,0,0,0,0,0,0,0,0,0,0,0,0,0,0,0,0,0,0,0,0,0,0,0,0,0,0,0,0,0,0,0,0,0,0,0,0,0,0,0,0,0,0,0,0,0,0,0,0,0,0,0,0,0,0,0,0,0,0,0,0,0,0,0,0,0,0,0,0,0,0,0,0,0,0,0,0,0,0,0,0,0,0,0,0,0,0,0,0,0,0,0,0,0,0,0,0,0,0,0,0,0,0,0,0,0,0,0,0,0,0,0,0,0,0,0,0,0,0,0,0,0,0,0,0,0,0,0,0,0,0,0,0,0,0,0,0,0,0,0,0,0,0,0,0,0,0,0,0,0,0,0,0,0,0,0,0,0,0,0,
37004,63363,63363,63363,63363,63363,63363,63363,63364,63363,63364,63364,63363,63363,63363,63364,63364,63364,63364,63363,63363,63363,63363,63364,63363,63364,63364,63364,63364,63364,63364,63364,63364,63364,63364,63364,63364,63364,63364,63363,63364,63364,63364,63364,63364,63364,63364,63364,63364,63364,63364,63364,63364,63364,63364,63364,63364,63363,63363,63363,63363,63363,63363,63364,63364,63364,63363,63364,63364,63363,63364,63363,63363,63364,63363,63363,63363,63364,63364,63364,63363,63364,63363,63364,63364,63363,63363,63363,63363,63364,63363,63363,63364,63364,63363,63363,63363,63363,63364,63363,63363,63364,63364,63364,0,63364,63364,63364,63363,63363,63363,63363,63363,63363,63363,63363,63363,63363,63363,63363,63363,63363,63363,63363,63363,63363,63364,63363,63363,63363,63363,63363,63363,63363,63363,63363,64251,63363,63363,63363,63363,63363,63363,63363,63363,63363,63363,63363,63363,63363,63363,63363,0,63363,63363,63363,63363,63363,63363,63363,63363,63363,63363,63363,63363,63363,63363,63363,0,63364,63364,63363,63363,63363,63363,63363,63363,63363,63363,63363,63363,63364,63363,63363,0,64200,64192,64189,64187,64186,64185,64184,64182,64180,64179,64178,64175,64993,64995,64995,64995,64995,64994,64993,64992,64991,64989,64312,64186,64190,64188,64185,64185,64183,64182,64181,64179,64178,64175,64173,64991,64993,64994,64994,64993,64992,64991,0,64188,64192,64190,64187,64186,64185,64184,64184,64183,64182,64179,64179,64204,64994,64995,64996,64996,64995,64994,64993,64992,64991,64988,0,64179,64182,64184,64186,64184,64183,64181,64180,64179,64178,64176,64172,64990,64992,64993,64993,64992,64991,64990,64988,64985,0,0,0,
37005,65,65,66,67,67,68,69,69,70,70,70,70,70,70,70,70,70,70,70,70,70,70,70,70,70,70,70,70,70,70,70,70,70,70,70,70,70,70,70,70,70,70,70,70,70,70,70,70,70,70,70,70,70,70,70,70,70,71,71,72,72,73,74,74,75,76,76,77,78,78,79,80,80,80,80,80,80,80,80,80,80,80,80,80,80,80,80,80,80,80,80,80,80,80,80,80,80,80,80,80,80,80,80,80,80,80,80,80,80,80,80,80,80,80,80,80,80,80,80,80,80,81,81,82,83,83,84,85,85,86,87,87,88,89,89,90,90,90,90,90,90,90,90,90,90,90,90,90,90,90,90,90,90,90,90,90,90,90,90,90,90,90,90,90,90,90,90,90,90,90,90,90,90,90,90,90,90,90,90,90,90,90,90,90,90,90,91,91,92,92,92,93,93,94,94,94,95,95,95,95,95,95,96,96,96,97,100,100,100,100,100,100,100,100,100,100,100,100,100,100,100,100,100,100,100,100,100,100,100,100,100,100,100,100,100,100,100,100,100,100,100,100,100,100,100,100,100,100,100,100,100,100,100,100,100,100,100,100,100,100,100,100,100,100,100,100,100,100,100,100,100,100,100,100,100,
37006,307,308,309,309,311,311,312,313,312,311,310,310,310,309,309,309,309,309,309,309,309,309,308,309,309,308,308,308,308,309,308,308,308,308,308,308,308,308,308,308,308,308,308,307,308,307,307,307,307,307,307,307,307,307,307,307,308,310,311,313,314,315,316,317,318,319,319,321,321,322,323,324,322,321,321,321,320,320,320,320,320,320,319,320,319,320,319,319,319,319,319,319,319,319,319,319,319,319,319,319,319,318,318,318,318,318,318,318,318,318,318,318,317,318,317,317,317,317,317,317,320,321,323,324,325,326,327,328,328,330,331,332,332,334,335,335,333,333,333,332,332,332,332,332,331,332,332,331,331,331,331,331,330,330,330,330,330,330,330,330,330,329,329,329,330,329,329,329,329,329,329,329,329,329,329,328,328,328,328,328,328,328,328,328,329,330,330,331,331,332,332,332,333,333,334,335,335,334,334,335,335,335,335,335,335,335,335,335,335,335,335,335,335,335,335,334,335,334,334,334,334,334,334,334,334,333,333,333,333,333,333,332,333,333,332,332,332,332,332,332,331,332,332,332,331,331,331,331,331,330,331,331,330,330,330,330,329,329,329,330,329,329,329,329,329,328,329,329,328,328,328,328,328,327,327,
37007,3414,3415,3417,3410,3410,3413,3410,3413,3364,3354,3350,3348,3347,3346,3346,3345,3344,3345,3344,3344,3344,3343,3343,3342,3342,3342,3342,3342,3341,3342,3341,3341,3341,3342,3341,3341,3341,3341,3341,3341,3340,3340,3340,3340,3339,3340,3340,3339,3339,3339,3340,3339,3340,3339,3339,3339,3391,3413,3416,3418,3422,3420,3422,3423,3422,3420,3423,3417,3418,3421,3423,3421,3361,3353,3349,3348,3347,3346,3345,3344,3344,3344,3343,3343,3343,3342,3342,3341,3341,3341,3341,3341,3341,3341,3341,3340,3340,3340,3340,3340,3340,3341,3340,3340,3340,3339,3339,3340,3339,3339,3339,3339,3339,3339,3338,3338,3339,3339,3339,3339,3403,3422,3428,3430,3426,3433,3434,3435,3435,3432,3437,3436,3433,3435,3441,3387,3364,3356,3351,3348,3346,3345,3344,3343,3342,3342,3342,3341,3341,3341,3340,3339,3339,3339,3340,3339,3339,3339,3339,3338,3338,3338,3338,3338,3338,3338,3338,3338,3338,3338,3338,3338,3338,3338,3338,3338,3338,3337,3337,3338,3338,3337,3338,3338,3380,3399,3408,3412,3419,3419,3422,3429,3433,3437,3446,3453,3427,3421,3420,3424,3429,3439,3455,3475,3509,3564,3543,3512,3501,3493,3489,3486,3482,3480,3477,3475,3473,3472,3470,3469,3468,3468,3466,3466,3465,3465,3464,3464,3464,3462,3463,3462,3462,3461,3461,3460,3460,3459,3460,3459,3459,3460,3458,3458,3459,3458,3458,3457,3457,3457,3457,3457,3456,3456,3455,3456,3456,3456,3456,3455,3455,3455,3454,3453,3454,3454,3454,3454,3454,3453,3453,3454,3454,3453,3453,
37008,3408,3409,3409,3405,3404,3406,3404,3408,3361,3352,3348,3346,3345,3345,3343,3343,3343,3342,3342,3342,3341,3341,3341,3340,3340,3340,3340,3339,3340,3339,3339,3339,3338,3339,3339,3339,3338,3338,3338,3338,3338,3338,3338,3338,3338,3338,3338,3338,3338,3338,3338,3337,3338,3338,3338,3337,3385,3407,3410,3413,3417,3414,3415,3418,3414,3413,3417,3411,3414,3416,3419,3414,3359,3351,3347,3345,3345,3343,3343,3342,3342,3341,3341,3341,3340,3340,3340,3340,3339,3339,3339,3339,3339,3338,3338,3338,3338,3338,3338,3338,3338,3338,3337,3338,3338,3338,3337,3337,3338,3337,3337,3337,3337,3337,3337,3337,3337,3337,3336,3337,3398,3417,3423,3425,3421,3427,3428,3428,3429,3426,3432,3431,3427,3427,3434,3384,3362,3353,3348,3346,3344,3342,3341,3340,3340,3339,3339,3339,3338,3338,3338,3338,3337,3337,3337,3337,3336,3336,3336,3336,3336,3336,3336,3336,3336,3336,3336,3336,3336,3335,3335,3335,3335,3335,3335,3336,3335,3335,3335,3335,3334,3335,3335,3335,3376,3395,3405,3407,3415,3413,3416,3421,3424,3428,3433,3437,3410,3402,3398,3398,3400,3402,3406,3410,3416,3423,3406,3394,3386,3381,3377,3374,3372,3369,3368,3365,3364,3363,3361,3361,3360,3359,3358,3358,3358,3357,3356,3356,3356,3355,3355,3354,3353,3354,3353,3353,3352,3353,3353,3352,3351,3351,3351,3350,3351,3351,3350,3350,3350,3349,3349,3348,3349,3350,3349,3349,3349,3349,3349,3348,3347,3348,3348,3348,3348,3347,3347,3347,3348,3347,3347,3347,3347,3348,3346,
37009,0,0,0,0,0,0,0,0,0,0,0,0,0,0,0,0,0,0,0,0,0,0,0,0,0,0,0,0,0,0,0,0,0,0,0,0,0,0,0,0,0,0,0,0,0,0,0,0,0,0,0,0,0,0,0,0,0,0,0,0,0,0,0,0,0,0,0,0,0,0,0,0,0,0,0,0,0,0,0,0,0,0,0,0,0,0,0,0,0,0,0,0,0,0,0,0,0,0,0,0,0,0,0,0,0,0,0,0,0,0,0,0,0,0,0,0,0,0,0,0,0,0,0,0,0,0,0,0,0,0,0,0,0,0,0,0,0,0,0,0,0,0,0,0,0,0,0,0,0,0,0,0,0,0,0,0,0,0,0,0,0,0,0,0,0,0,0,0,0,0,0,0,0,0,0,0,0,0,0,0,0,0,0,0,0,0,0,0,0,0,0,0,0,0,0,0,0,0,0,0,0,0,0,0,0,0,0,0,0,0,0,0,0,0,0,0,0,0,0,0,0,0,0,0,0,0,0,0,0,0,0,0,0,0,0,0,0,0,0,0,0,0,0,0,0,0,0,0,0,0,0,0,0,0,0,0,0,0,0,0,0,0,0,0,0,0,0,0,0,0,0,0,0,0,0,
37010,0,0,0,0,0,0,0,0,0,0,0,0,0,0,0,0,0,0,0,0,0,0,0,0,0,0,0,0,0,0,0,0,0,0,0,0,0,0,0,0,0,0,0,0,0,0,0,0,0,0,0,0,0,0,0,0,0,0,0,0,0,0,0,0,0,0,0,0,0,0,0,0,0,0,0,0,0,0,0,0,0,0,0,0,0,0,0,0,0,0,0,0,0,0,0,0,0,0,0,0,0,0,0,0,0,0,0,0,0,0,0,0,0,0,0,0,0,0,0,0,0,0,0,0,0,0,0,0,0,0,0,0,0,0,0,0,0,0,0,0,0,0,0,0,0,0,0,0,0,0,0,0,0,0,0,0,0,0,0,0,0,0,0,0,0,0,0,0,0,0,0,0,0,0,0,0,0,0,0,0,0,0,0,0,0,0,0,0,0,0,0,0,0,0,0,0,0,0,0,0,0,0,0,0,0,0,0,0,0,0,0,0,0,0,0,0,0,0,0,0,0,0,0,0,0,0,0,0,0,0,0,0,0,0,0,0,0,0,0,0,0,0,0,0,0,0,0,0,0,0,0,0,0,0,0,0,0,0,0,0,0,0,0,0,0,0,0,0,0,0,0,0,0,0,0,
37011,0,0,0,0,0,0,0,0,0,0,0,0,0,0,0,0,0,0,0,0,0,0,0,0,0,0,0,0,0,0,0,0,0,0,0,0,0,0,0,0,0,0,0,0,0,0,0,0,0,0,0,0,0,0,0,0,0,0,0,0,0,0,0,0,0,0,0,0,0,0,0,0,0,0,0,0,0,0,0,0,0,0,0,0,0,0,0,0,0,0,0,0,0,0,0,0,0,0,0,0,0,0,0,0,0,0,0,0,0,0,0,0,0,0,0,0,0,0,0,0,0,0,0,0,0,0,0,0,0,0,0,0,0,0,0,0,0,0,0,0,0,0,0,0,0,0,0,0,0,0,0,0,0,0,0,0,0,0,0,0,0,0,0,0,0,0,0,0,0,0,0,0,0,0,0,0,0,0,0,0,0,0,0,0,0,0,0,0,0,0,0,0,0,0,0,0,0,0,0,0,0,0,0,0,0,0,0,0,0,0,0,0,0,0,0,0,0,0,0,0,0,0,0,0,0,0,0,0,0,0,0,0,0,0,0,0,0,0,0,0,0,0,0,0,0,0,0,0,0,0,0,0,0,0,0,0,0,0,0,0,0,0,0,0,0,0,0,0,0,0,0,0,0,0,0,
37012,116,116,116,116,116,116,116,116,116,116,116,116,116,116,116,116,116,116,116,116,116,116,116,116,116,116,116,116,116,116,116,116,116,116,116,116,116,116,116,116,116,116,116,116,116,116,116,116,116,116,116,116,116,116,116,116,116,116,116,116,116,116,116,116,116,116,116,116,116,116,116,116,116,116,116,116,116,116,116,116,116,116,116,116,116,116,116,116,116,116,116,116,116,116,116,116,116,116,116,116,116,116,116,116,116,116,116,116,116,116,116,116,116,116,116,116,116,116,116,116,116,116,116,116,116,116,116,116,116,116,116,116,116,116,116,116,116,116,116,116,116,116,116,116,116,116,116,116,116,116,116,116,116,116,116,116,116,116,116,116,116,116,116,116,116,116,116,116,116,116,116,116,116,116,116,116,116,116,116,116,116,116,116,116,116,116,116,116,116,116,116,116,116,116,116,116,116,116,116,116,116,116,116,116,116,116,116,116,116,116,116,116,116,116,116,116,116,116,116,116,116,116,116,116,116,116,116,116,116,116,116,116,116,116,116,116,116,116,116,116,116,116,116,116,116,116,116,116,116,116,116,116,116,116,116,116,116,116,116,116,116,116,116,116,116,116,116,116,116,116,116,116,116,116,116,
37013,0,0,0,0,0,0,0,0,0,0,0,0,0,0,0,0,0,0,0,0,0,0,0,0,0,0,0,0,0,0,0,0,0,0,0,0,0,0,0,0,0,0,0,0,0,0,0,0,0,0,0,0,0,0,0,0,0,0,0,0,0,0,0,0,0,0,0,0,0,0,0,0,0,0,0,0,0,0,0,0,0,0,0,0,0,0,0,0,0,0,0,0,0,0,0,0,0,0,0,0,0,0,0,0,0,0,0,0,0,0,0,0,0,0,0,0,0,0,0,0,0,0,0,0,0,0,0,0,0,0,0,0,0,0,0,0,0,0,0,0,0,0,0,0,0,0,0,0,0,0,0,0,0,0,0,0,0,0,0,0,0,0,0,0,0,0,0,0,0,0,0,0,0,0,0,0,0,0,0,0,0,0,0,0,0,0,0,0,0,0,0,0,0,0,0,0,0,0,0,0,0,0,0,0,0,0,0,0,0,0,0,0,0,0,0,0,0,0,0,0,0,0,0,0,0,0,0,0,0,0,0,0,0,0,0,0,0,0,0,0,0,0,0,0,0,0,0,0,0,0,0,0,0,0,0,0,0,0,0,0,0,0,0,0,0,0,0,0,0,0,0,0,0,0,0,
37014,0,0,0,0,0,0,0,0,0,0,0,0,0,0,0,0,0,0,0,0,0,0,0,0,0,0,0,0,0,0,0,0,0,0,0,0,0,0,0,0,0,0,0,0,0,0,0,0,0,0,0,0,0,0,0,0,0,0,0,0,0,0,0,0,0,0,0,0,0,0,0,0,0,0,0,0,0,0,0,0,0,0,0,0,0,0,0,0,0,0,0,0,0,0,0,0,0,0,0,0,0,0,0,0,0,0,0,0,0,0,0,0,0,0,0,0,0,0,0,0,0,0,0,0,0,0,0,0,0,0,0,0,0,0,0,0,0,0,0,0,0,0,0,0,0,0,0,0,0,0,0,0,0,0,0,0,0,0,0,0,0,0,0,0,0,0,0,0,0,0,0,0,0,0,0,0,0,0,0,0,0,0,0,0,0,0,0,0,0,0,0,0,0,0,0,0,0,0,0,0,0,0,0,0,0,0,0,0,0,0,0,0,0,0,0,0,0,0,0,0,0,0,0,0,0,0,0,0,0,0,0,0,0,0,0,0,0,0,0,0,0,0,0,0,0,0,0,0,0,0,0,0,0,0,0,0,0,0,0,0,0,0,0,0,0,0,0,0,0,0,0,0,0,0,0,
37015,0,0,0,0,0,0,0,0,0,0,0,0,0,0,0,0,0,0,0,0,0,0,0,0,0,0,0,0,0,0,0,0,0,0,0,0,0,0,0,0,0,0,0,0,0,0,0,0,0,0,0,0,0,0,0,0,0,0,0,0,0,0,0,0,0,0,0,0,0,0,0,0,0,0,0,0,0,0,0,0,0,0,0,0,0,0,0,0,0,0,0,0,0,0,0,0,0,0,0,0,0,0,0,0,0,0,0,0,0,0,0,0,0,0,0,0,0,0,0,0,0,0,0,0,0,0,0,0,0,0,0,0,0,0,0,0,0,0,0,0,0,0,0,0,0,0,0,0,0,0,0,0,0,0,0,0,0,0,0,0,0,0,0,0,0,0,0,0,0,0,0,0,0,0,0,0,0,0,0,0,0,0,0,0,0,0,0,0,0,0,0,0,0,0,0,0,0,0,0,0,0,0,0,0,0,0,0,0,0,0,0,0,0,0,0,0,0,0,0,0,0,0,0,0,0,0,0,0,0,0,0,0,0,0,0,0,0,0,0,0,0,0,0,0,0,0,0,0,0,0,0,0,0,0,0,0,0,0,0,0,0,0,0,0,0,0,0,0,0,0,0,0,0,0,0,
37016,0,0,0,0,0,0,0,0,0,0,0,0,0,0,0,0,0,0,0,0,0,0,0,0,0,0,0,0,0,0,0,0,0,0,0,0,0,0,0,0,0,0,0,0,0,0,0,0,0,0,0,0,0,0,0,0,0,0,0,0,0,0,0,0,0,0,0,0,0,0,0,0,0,0,0,0,0,0,0,0,0,0,0,0,0,0,0,0,0,0,0,0,0,0,0,0,0,0,0,0,0,0,0,0,0,0,0,0,0,0,0,0,0,0,0,0,0,0,0,0,0,0,0,0,0,0,0,0,0,0,0,0,0,0,0,0,0,0,0,0,0,0,0,0,0,0,0,0,0,0,0,0,0,0,0,0,0,0,0,0,0,0,0,0,0,0,0,0,0,0,0,0,0,0,0,0,0,0,0,0,0,0,0,0,0,0,0,0,0,0,0,0,0,0,0,0,0,0,0,0,0,0,0,0,0,0,0,0,0,0,0,0,0,0,0,0,0,0,0,0,0,0,0,0,0,0,0,0,0,0,0,0,0,0,0,0,0,0,0,0,0,0,0,0,0,0,0,0,0,0,0,0,0,0,0,0,0,0,0,0,0,0,0,0,0,0,0,0,0,0,0,0,0,0,0,
37017,0,0,0,0,0,0,0,0,0,0,0,0,0,0,0,0,0,0,0,0,0,0,0,0,0,0,0,0,0,0,0,0,0,0,0,0,0,0,0,0,0,0,0,0,0,0,0,0,0,0,0,0,0,0,0,0,0,0,0,0,0,0,0,0,0,0,0,0,0,0,0,0,0,0,0,0,0,0,0,0,0,0,0,0,0,0,0,0,0,0,0,0,0,0,0,0,0,0,0,0,0,0,0,0,0,0,0,0,0,0,0,0,0,0,0,0,0,0,0,0,0,0,0,0,0,0,0,0,0,0,0,0,0,0,0,0,0,0,0,0,0,0,0,0,0,0,0,0,0,0,0,0,0,0,0,0,0,0,0,0,0,0,0,0,0,0,0,0,0,0,0,0,0,0,0,0,0,0,0,0,0,0,0,0,0,0,0,0,0,0,0,0,0,0,0,0,0,0,0,0,0,0,0,0,0,0,0,0,0,0,0,0,0,0,0,0,0,0,0,0,0,0,0,0,0,0,0,0,0,0,0,0,0,0,0,0,0,0,0,0,0,0,0,0,0,0,0,0,0,0,0,0,0,0,0,0,0,0,0,0,0,0,0,0,0,0,0,0,0,0,0,0,0,0,0,
37018,0,0,0,0,0,0,0,0,0,0,0,0,0,0,0,0,0,0,0,0,0,0,0,0,0,0,0,0,0,0,0,0,0,0,0,0,0,0,0,0,0,0,0,0,0,0,0,0,0,0,0,0,0,0,0,0,0,0,0,0,0,0,0,0,0,0,0,0,0,0,0,0,0,0,0,0,0,0,0,0,0,0,0,0,0,0,0,0,0,0,0,0,0,0,0,0,0,0,0,0,0,0,0,0,0,0,0,0,0,0,0,0,0,0,0,0,0,0,0,0,0,0,0,0,0,0,0,0,0,0,0,0,0,0,0,0,0,0,0,0,0,0,0,0,0,0,0,0,0,0,0,0,0,0,0,0,0,0,0,0,0,0,0,0,0,0,0,0,0,0,0,0,0,0,0,0,0,0,0,0,0,0,0,0,0,0,0,0,0,0,0,0,0,0,0,0,0,0,0,0,0,0,0,0,0,0,0,0,0,0,0,0,0,0,0,0,0,0,0,0,0,0,0,0,0,0,0,0,0,0,0,0,0,0,0,0,0,0,0,0,0,0,0,0,0,0,0,0,0,0,0,0,0,0,0,0,0,0,0,0,0,0,0,0,0,0,0,0,0,0,0,0,0,0,0,
37019,0,0,0,0,0,0,0,0,0,0,0,0,0,0,0,0,0,0,0,0,0,0,0,0,0,0,0,0,0,0,0,0,0,0,0,0,0,0,0,0,0,0,0,0,0,0,0,0,0,0,0,0,0,0,0,0,0,0,0,0,0,0,0,0,0,0,0,0,0,0,0,0,0,0,0,0,0,0,0,0,0,0,0,0,0,0,0,0,0,0,0,0,0,0,0,0,0,0,0,0,0,0,0,0,0,0,0,0,0,0,0,0,0,0,0,0,0,0,0,0,0,0,0,0,0,0,0,0,0,0,0,0,0,0,0,0,0,0,0,0,0,0,0,0,0,0,0,0,0,0,0,0,0,0,0,0,0,0,0,0,0,0,0,0,0,0,0,0,0,0,0,0,0,0,0,0,0,0,0,0,0,0,0,0,0,0,0,0,0,0,0,0,0,0,0,0,0,0,0,0,0,0,0,0,0,0,0,0,0,0,0,0,0,0,0,0,0,0,0,0,0,0,0,0,0,0,0,0,0,0,0,0,0,0,0,0,0,0,0,0,0,0,0,0,0,0,0,0,0,0,0,0,0,0,0,0,0,0,0,0,0,0,0,0,0,0,0,0,0,0,0,0,0,0,0,
37020,0,0,0,0,0,0,0,0,0,0,0,0,0,0,0,0,0,0,0,0,0,0,0,0,0,0,0,0,0,0,0,0,0,0,0,0,0,0,0,0,0,0,0,0,0,0,0,0,0,0,0,0,0,0,0,0,0,0,0,0,0,0,0,0,0,0,0,0,0,0,0,0,0,0,0,0,0,0,0,0,0,0,0,0,0,0,0,0,0,0,0,0,0,0,0,0,0,0,0,0,0,0,0,0,0,0,0,0,0,0,0,0,0,0,0,0,0,0,0,0,0,0,0,0,0,0,0,0,0,0,0,0,0,0,0,0,0,0,0,0,0,0,0,0,0,0,0,0,0,0,0,0,0,0,0,0,0,0,0,0,0,0,0,0,0,0,0,0,0,0,0,0,0,0,0,0,0,0,0,0,0,0,0,0,0,0,0,0,0,0,0,0,0,0,0,0,0,0,0,0,0,0,0,0,0,0,0,0,0,0,0,0,0,0,0,0,0,0,0,0,0,0,0,0,0,0,0,0,0,0,0,0,0,0,0,0,0,0,0,0,0,0,0,0,0,0,0,0,0,0,0,0,0,0,0,0,0,0,0,0,0,0,0,0,0,0,0,0,0,0,0,0,0,0,0,
37021,0,0,0,0,0,0,0,0,0,0,0,0,0,0,0,0,0,0,0,0,0,0,0,0,0,0,0,0,0,0,0,0,0,0,0,0,0,0,0,0,0,0,0,0,0,0,0,0,0,0,0,0,0,0,0,0,0,0,0,0,0,0,0,0,0,0,0,0,0,0,0,0,0,0,0,0,0,0,0,0,0,0,0,0,0,0,0,0,0,0,0,0,0,0,0,0,0,0,0,0,0,0,0,0,0,0,0,0,0,0,0,0,0,0,0,0,0,0,0,0,0,0,0,0,0,0,0,0,0,0,0,0,0,0,0,0,0,0,0,0,0,0,0,0,0,0,0,0,0,0,0,0,0,0,0,0,0,0,0,0,0,0,0,0,0,0,0,0,0,0,0,0,0,0,0,0,0,0,0,0,0,0,0,0,0,0,0,0,0,0,0,0,0,0,0,0,0,0,0,0,0,0,0,0,0,0,0,0,0,0,0,0,0,0,0,0,0,0,0,0,0,0,0,0,0,0,0,0,0,0,0,0,0,0,0,0,0,0,0,0,0,0,0,0,0,0,0,0,0,0,0,0,0,0,0,0,0,0,0,0,0,0,0,0,0,0,0,0,0,0,0,0,0,0,0,
37022,0,0,0,0,0,0,0,0,0,0,0,0,0,0,0,0,0,0,0,0,0,0,0,0,0,0,0,0,0,0,0,0,0,0,0,0,0,0,0,0,0,0,0,0,0,0,0,0,0,0,0,0,0,0,0,0,0,0,0,0,0,0,0,0,0,0,0,0,0,0,0,0,0,0,0,0,0,0,0,0,0,0,0,0,0,0,0,0,0,0,0,0,0,0,0,0,0,0,0,0,0,0,0,0,0,0,0,0,0,0,0,0,0,0,0,0,0,0,0,0,0,0,0,0,0,0,0,0,0,0,0,0,0,0,0,0,0,0,0,0,0,0,0,0,0,0,0,0,0,0,0,0,0,0,0,0,0,0,0,0,0,0,0,0,0,0,0,0,0,0,0,0,0,0,0,0,0,0,0,0,0,0,0,0,0,0,0,0,0,0,0,0,0,0,0,0,0,0,0,0,0,0,0,0,0,0,0,0,0,0,0,0,0,0,0,0,0,0,0,0,0,0,0,0,0,0,0,0,0,0,0,0,0,0,0,0,0,0,0,0,0,0,0,0,0,0,0,0,0,0,0,0,0,0,0,0,0,0,0,0,0,0,0,0,0,0,0,0,0,0,0,0,0,0,0,
37023,0,0,0,0,0,0,0,0,0,0,0,0,0,0,0,0,0,0,0,0,0,0,0,0,0,0,0,0,0,0,0,0,0,0,0,0,0,0,0,0,0,0,0,0,0,0,0,0,0,0,0,0,0,0,0,0,0,0,0,0,0,0,0,0,0,0,0,0,0,0,0,0,0,0,0,0,0,0,0,0,0,0,0,0,0,0,0,0,0,0,0,0,0,0,0,0,0,0,0,0,0,0,0,0,0,0,0,0,0,0,0,0,0,0,0,0,0,0,0,0,0,0,0,0,0,0,0,0,0,0,0,0,0,0,0,0,0,0,0,0,0,0,0,0,0,0,0,0,0,0,0,0,0,0,0,0,0,0,0,0,0,0,0,0,0,0,0,0,0,0,0,0,0,0,0,0,0,0,0,0,0,0,0,0,0,0,0,0,0,0,0,0,0,0,0,0,0,0,0,0,0,0,0,0,0,0,0,0,0,0,0,0,0,0,0,0,0,0,0,0,0,0,0,0,0,0,0,0,0,0,0,0,0,0,0,0,0,0,0,0,0,0,0,0,0,0,0,0,0,0,0,0,0,0,0,0,0,0,0,0,0,0,0,0,0,0,0,0,0,0,0,0,0,0,0,
37024,0,0,0,0,0,0,0,0,0,0,0,0,0,0,0,0,0,0,0,0,0,0,0,0,0,0,0,0,0,0,0,0,0,0,0,0,0,0,0,0,0,0,0,0,0,0,0,0,0,0,0,0,0,0,0,0,0,0,0,0,0,0,0,0,0,0,0,0,0,0,0,0,0,0,0,0,0,0,0,0,0,0,0,0,0,0,0,0,0,0,0,0,0,0,0,0,0,0,0,0,0,0,0,0,0,0,0,0,0,0,0,0,0,0,0,0,0,0,0,0,0,0,0,0,0,0,0,0,0,0,0,0,0,0,0,0,0,0,0,0,0,0,0,0,0,0,0,0,0,0,0,0,0,0,0,0,0,0,0,0,0,0,0,0,0,0,0,0,0,0,0,0,0,0,0,0,0,0,0,0,0,0,0,0,0,0,0,0,0,0,0,0,0,0,0,0,0,0,0,0,0,0,0,0,0,0,0,0,0,0,0,0,0,0,0,0,0,0,0,0,0,0,0,0,0,0,0,0,0,0,0,0,0,0,0,0,0,0,0,0,0,0,0,0,0,0,0,0,0,0,0,0,0,0,0,0,0,0,0,0,0,0,0,0,0,0,0,0,0,0,0,0,0,0,0,
41000,0,0,0,0,0,0,0,0,0,0,0,0,0,0,0,0,0,0,0,0,0,0,0,0,0,0,0,0,0,0,0,0,0,0,0,0,0,0,0,0,0,0,0,0,0,0,0,0,0,0,0,0,0,0,0,0,0,0,0,0,0,0,0,0,0,0,0,0,0,0,0,0,0,0,0,0,0,0,0,0,0,0,0,0,0,0,0,0,0,0,0,0,0,0,0,0,0,0,0,0,0,0,0,0,0,0,0,0,0,0,0,0,0,0,0,0,0,0,0,0,0,0,0,0,0,0,0,0,0,0,0,0,0,0,0,0,0,0,0,0,0,0,0,0,0,0,0,0,0,0,0,0,0,0,0,0,0,0,0,0,0,0,0,0,0,0,0,0,0,0,0,0,0,0,0,0,0,0,0,0,0,0,0,0,0,0,0,0,0,0,0,0,0,0,0,0,0,0,0,0,0,0,0,0,0,0,0,0,0,0,0,0,0,0,0,0,0,0,0,0,0,0,0,0,0,0,0,0,0,0,0,0,0,0,0,0,0,0,0,0,0,0,0,0,0,0,0,0,0,0,0,0,0,0,0,0,0,0,0,0,0,0,0,0,0,0,0,0,0,0,0,0,0,0,0,
41100,1,1,1,1,1,1,1,1,1,1,1,1,1,1,1,1,1,1,1,1,1,1,1,1,1,1,1,1,1,1,1,1,1,1,1,1,1,1,1,1,1,1,1,1,1,1,1,1,1,1,1,1,1,1,1,1,1,1,1,1,1,1,1,1,1,1,1,1,1,1,1,1,1,1,1,1,1,1,1,1,1,1,1,1,1,1,1,1,1,1,1,1,1,1,1,1,1,1,1,1,1,1,1,1,1,1,1,1,1,1,1,1,1,1,1,1,1,1,1,1,1,1,1,1,1,1,1,1,1,1,1,1,1,1,1,1,1,1,1,1,1,1,1,1,1,1,1,1,1,1,1,1,1,1,1,1,1,1,1,1,1,1,1,1,1,1,1,1,1,1,1,1,1,1,1,1,1,1,1,1,1,1,1,1,1,1,1,1,1,1,1,1,1,1,1,1,1,1,1,1,1,1,1,1,1,1,1,1,1,1,1,1,1,1,1,1,1,1,1,1,1,1,1,1,1,1,1,1,1,1,1,1,1,1,1,1,1,1,1,1,1,1,1,1,1,1,1,1,1,1,1,1,1,1,1,1,1,1,1,1,1,1,1,1,1,1,1,1,1,1,1,1,1,1,1,
41200,1,1,1,1,1,1,1,1,1,1,1,1,1,1,1,1,1,1,1,1,1,1,1,1,1,1,1,1,1,1,1,1,1,1,1,1,1,1,1,1,1,1,1,1,1,1,1,1,1,1,1,1,1,1,1,1,1,1,1,1,1,1,1,1,1,1,1,1,1,1,1,1,1,1,1,1,1,1,1,1,1,1,1,1,1,1,1,1,1,1,1,1,1,1,1,1,1,1,1,1,1,1,1,1,1,1,1,1,1,1,1,1,1,1,1,1,1,1,1,1,1,1,1,1,1,1,1,1,1,1,1,1,1,1,1,1,1,1,1,1,1,1,1,1,1,1,1,1,1,1,1,1,1,1,1,1,1,1,1,1,1,1,1,1,1,1,1,1,1,1,1,1,1,1,1,1,1,1,1,1,1,1,1,1,1,1,1,1,1,1,1,1,1,1,1,1,1,1,1,1,1,1,1,1,1,1,1,1,1,1,1,1,1,1,1,1,1,1,1,1,1,1,1,1,1,1,1,1,1,1,1,1,1,1,1,1,1,1,1,1,1,1,1,1,1,1,1,1,1,1,1,1,1,1,1,1,1,1,1,1,1,1,1,1,1,1,1,1,1,1,1,1,1,1,1,
42000,21930,21930,21930,21930,21930,21930,21930,21930,21930,21930,21930,21930,21930,21930,21930,21930,21930,21930,21930,21930,21930,21930,21930,21930,21930,21930,21930,21930,21930,21930,21930,21930,21930,21930,21930,21930,21930,21930,21930,21930,21930,21930,21930,21930,21930,21930,21930,21930,21930,21930,21930,21930,21930,21930,21930,21930,21930,21930,21930,21930,21930,21930,21930,21930,21930,21930,21930,21930,21930,21930,21930,21930,21930,21930,21930,21930,21930,21930,21930,21930,21930,21930,21930,21930,21930,21930,21930,21930,21930,21930,21930,21930,21930,21930,21930,21930,21930,21930,21930,21930,21930,21930,21930,21930,21930,21930,21930,21930,21930,21930,21930,21930,21930,21930,21930,21930,21930,21930,21930,21930,21930,21930,21930,21930,21930,21930,21930,21930,21930,21930,21930,21930,21930,21930,21930,21930,21930,21930,21930,21930,21930,21930,21930,21930,21930,21930,21930,21930,21930,21930,21930,21930,21930,21930,21930,21930,21930,21930,21930,21930,21930,21930,21930,21930,21930,21930,21930,21930,21930,21930,21930,21930,21930,21930,21930,21930,21930,21930,21930,21930,21930,21930,21930,21930,21930,21930,21930,21930,21930,21930,21930,21930,21930,21930,21930,21930,21930,21930,21930,21930,21930,21930,21930,21930,21930,21930,21930,21930,21930,21930,21930,21930,21930,21930,21930,21930,21930,21930,21930,21930,21930,21930,21930,21930,21930,21930,21930,21930,21930,21930,21930,21930,21930,21930,21930,21930,21930,21930,21930,21930,21930,21930,21930,21930,21930,21930,21930,21930,21930,21930,21930,21930,21930,21930,21930,21930,21930,21930,21930,21930,21930,21930,21930,21930,21930,21930,21930,21930,21930,21930,21930,21930,21930,21930,21930,
42010,1,1,1,1,1,1,1,1,1,1,1,1,1,1,1,1,1,1,1,1,1,1,1,1,1,1,1,1,1,1,1,1,1,1,1,1,1,1,1,1,1,1,1,1,1,1,1,1,1,1,1,1,1,1,1,1,1,1,1,1,1,1,1,1,1,1,1,1,1,1,1,1,1,1,1,1,1,1,1,1,1,1,1,1,1,1,1,1,1,1,1,1,1,1,1,1,1,1,1,1,1,1,1,1,1,1,1,1,1,1,1,1,1,1,1,1,1,1,1,1,1,1,1,1,1,1,1,1,1,1,1,1,1,1,1,1,1,1,1,1,1,1,1,1,1,1,1,1,1,1,1,1,1,1,1,1,1,1,1,1,1,1,1,1,1,1,1,1,1,1,1,1,1,1,1,1,1,1,1,1,1,1,1,1,1,1,1,1,1,1,1,1,1,1,1,1,1,1,1,1,1,1,1,1,1,1,1,1,1,1,1,1,1,1,1,1,1,1,1,1,1,1,1,1,1,1,1,1,1,1,1,1,1,1,1,1,1,1,1,1,1,1,1,1,1,1,1,1,1,1,1,1,1,1,1,1,1,1,1,1,1,1,1,1,1,1,1,1,1,1,1,1,1,1,1,
42011,0,0,0,0,0,0,0,0,0,0,0,0,0,0,0,0,0,0,0,0,0,0,0,0,0,0,0,0,0,0,0,0,0,0,0,0,0,0,0,0,0,0,0,0,0,0,0,0,0,0,0,0,0,0,0,0,0,0,0,0,0,0,0,0,0,0,0,0,0,0,0,0,0,0,0,0,0,0,0,0,0,0,0,0,0,0,0,0,0,0,0,0,0,0,0,0,0,0,0,0,0,0,0,0,0,0,0,0,0,0,0,0,0,0,0,0,0,0,0,0,0,0,0,0,0,0,0,0,0,0,0,0,0,0,0,0,0,0,0,0,0,0,0,0,0,0,0,0,0,0,0,0,0,0,0,0,0,0,0,0,0,0,0,0,0,0,0,0,0,0,0,0,0,0,0,0,0,0,0,0,0,0,0,0,0,0,0,0,0,0,0,0,0,0,0,0,0,0,0,0,0,0,0,0,0,0,0,0,0,0,0,0,0,0,0,0,0,0,0,0,0,0,0,0,0,0,0,0,0,0,0,0,0,0,0,0,0,0,0,0,0,0,0,0,0,0,0,0,0,0,0,0,0,0,0,0,0,0,0,0,0,0,0,0,0,0,0,0,0,0,0,0,0,0,0,
42020,2200,2200,2200,2200,2200,2200,2200,2200,2200,2200,2200,2200,2200,2200,2200,2200,2200,2200,2200,2200,2200,2200,2200,2200,2200,2200,2200,2200,2200,2200,2200,2200,2200,2200,2200,2200,2200,2200,2200,2200,2200,2200,2200,2200,2200,2200,2200,2200,2200,2200,2200,2200,2200,2200,2200,2200,2200,2200,2200,2200,2200,2200,2200,2200,2200,2200,2200,2200,2200,2200,2200,2200,2200,2200,2200,2200,2200,2200,2200,2200,2200,2200,2200,2200,2200,2200,2200,2200,2200,2200,2200,2200,2200,2200,2200,2200,2200,2200,2200,2200,2200,2200,2200,2200,2200,2200,2200,2200,2200,2200,2200,2200,2200,2200,2200,2200,2200,2200,2200,2200,2200,2200,2200,2200,2200,2200,2200,2200,2200,2200,2200,2200,2200,2200,2200,2200,2200,2200,2200,2200,2200,2200,2200,2200,2200,2200,2200,2200,2200,2200,2200,2200,2200,2200,2200,2200,2200,2200,2200,2200,2200,2200,2200,2200,2200,2200,2200,2200,2200,2200,2200,2200,2200,2200,2200,2200,2200,2200,2200,2200,2200,2200,2200,2200,2200,2200,2200,2200,2200,2200,2200,2200,2200,2200,2200,2200,2200,2200,2200,2200,2200,2200,2200,2200,2200,2200,2200,2200,2200,2200,2200,2200,2200,2200,2200,2200,2200,2200,2200,2200,2200,2200,2200,2200,2200,2200,2200,2200,2200,2200,2200,2200,2200,2200,2200,2200,2200,2200,2200,2200,2200,2200,2200,2200,2200,2200,2200,2200,2200,2200,2200,2200,2200,2200,2200,2200,2200,2200,2200,2200,2200,2200,2200,2200,2200,2200,2200,2200,2200,2200,2200,2200,2200,2200,2200,
42021,0,0,0,0,0,0,0,0,0,0,0,0,0,0,0,0,0,0,0,0,0,0,0,0,0,0,0,0,0,0,0,0,0,0,0,0,0,0,0,0,0,0,0,0,0,0,0,0,0,0,0,0,0,0,0,0,0,0,0,0,0,0,0,0,0,0,0,0,0,0,0,0,0,0,0,0,0,0,0,0,0,0,0,0,0,0,0,0,0,0,0,0,0,0,0,0,0,0,0,0,0,0,0,0,0,0,0,0,0,0,0,0,0,0,0,0,0,0,0,0,0,0,0,0,0,0,0,0,0,0,0,0,0,0,0,0,0,0,0,0,0,0,0,0,0,0,0,0,0,0,0,0,0,0,0,0,0,0,0,0,0,0,0,0,0,0,0,0,0,0,0,0,0,0,0,0,0,0,0,0,0,0,0,0,0,0,0,0,0,0,0,0,0,0,0,0,0,0,0,0,0,0,0,0,0,0,0,0,0,0,0,0,0,0,0,0,0,0,0,0,0,0,0,0,0,0,0,0,0,0,0,0,0,0,0,0,0,0,0,0,0,0,0,0,0,0,0,0,0,0,0,0,0,0,0,0,0,0,0,0,0,0,0,0,0,0,0,0,0,0,0,0,0,0,0,
43000,1,1,1,1,1,1,1,1,1,1,1,1,1,1,1,1,1,1,1,1,1,1,1,1,1,1,1,1,1,1,1,1,1,1,1,1,1,1,1,1,1,1,1,1,1,1,1,1,1,1,1,1,1,1,1,1,1,1,1,1,1,1,1,1,1,1,1,1,1,1,1,1,1,1,1,1,1,1,1,1,1,1,1,1,1,1,1,1,1,1,1,1,1,1,1,1,1,1,1,1,1,1,1,1,1,1,1,1,1,1,1,1,1,1,1,1,1,1,1,1,1,1,1,1,1,1,1,1,1,1,1,1,1,1,1,1,1,1,1,1,1,1,1,1,1,1,1,1,1,1,1,1,1,1,1,1,1,1,1,1,1,1,1,1,1,1,1,1,1,1,1,1,1,1,1,1,1,1,1,1,1,1,1,1,1,1,1,1,1,1,1,1,1,1,1,1,1,1,1,1,1,1,1,1,1,1,1,1,1,1,1,1,1,1,1,1,1,1,1,1,1,1,1,1,1,1,1,1,1,1,1,1,1,1,1,1,1,1,1,1,1,1,1,1,1,1,1,1,1,1,1,1,1,1,1,1,1,1,1,1,1,1,1,1,1,1,1,1,1,1,1,1,1,1,1,
43100,0,0,0,0,0,0,0,0,0,0,0,0,0,0,0,0,0,0,0,0,0,0,0,0,0,0,0,0,0,0,0,0,0,0,0,0,0,0,0,0,0,0,0,0,0,0,0,0,0,0,0,0,0,0,0,0,0,0,0,0,0,0,0,0,0,0,0,0,0,0,0,0,0,0,0,0,0,0,0,0,0,0,0,0,0,0,0,0,0,0,0,0,0,0,0,0,0,0,0,0,0,0,0,0,0,0,0,0,0,0,0,0,0,0,0,0,0,0,0,0,0,0,0,0,0,0,0,0,0,0,0,0,0,0,0,0,0,0,0,0,0,0,0,0,0,0,0,0,0,0,0,0,0,0,0,0,0,0,0,0,0,0,0,0,0,0,0,0,0,0,0,0,0,0,0,0,0,0,0,0,0,0,0,0,0,0,0,0,0,0,0,0,0,0,0,0,0,0,0,0,0,0,0,0,0,0,0,0,0,0,0,0,0,0,0,0,0,0,0,0,0,0,0,0,0,0,0,0,0,0,0,0,0,0,0,0,0,0,0,0,0,0,0,0,0,0,0,0,0,0,0,0,0,0,0,0,0,0,0,0,0,0,0,0,0,0,0,0,0,0,0,0,0,0,0,
43101,0,0,0,0,0,0,0,0,0,0,0,0,0,0,0,0,0,0,0,0,0,0,0,0,0,0,0,0,0,0,0,0,0,0,0,0,0,0,0,0,0,0,0,0,0,0,0,0,0,0,0,0,0,0,0,0,0,0,0,0,0,0,0,0,0,0,0,0,0,0,0,0,0,0,0,0,0,0,0,0,0,0,0,0,0,0,0,0,0,0,0,0,0,0,0,0,0,0,0,0,0,0,0,0,0,0,0,0,0,0,0,0,0,0,0,0,0,0,0,0,0,0,0,0,0,0,0,0,0,0,0,0,0,0,0,0,0,0,0,0,0,0,0,0,0,0,0,0,0,0,0,0,0,0,0,0,0,0,0,0,0,0,0,0,0,0,0,0,0,0,0,0,0,0,0,0,0,0,0,0,0,0,0,0,0,0,0,0,0,0,0,0,0,0,0,0,0,0,0,0,0,0,0,0,0,0,0,0,0,0,0,0,0,0,0,0,0,0,0,0,0,0,0,0,0,0,0,0,0,0,0,0,0,0,0,0,0,0,0,0,0,0,0,0,0,0,0,0,0,0,0,0,0,0,0,0,0,0,0,0,0,0,0,0,0,0,0,0,0,0,0,0,0,0,0,
43102,0,0,0,0,0,0,0,0,0,0,0,0,0,0,0,0,0,0,0,0,0,0,0,0,0,0,0,0,0,0,0,0,0,0,0,0,0,0,0,0,0,0,0,0,0,0,0,0,0,0,0,0,0,0,0,0,0,0,0,0,0,0,0,0,0,0,0,0,0,0,0,0,0,0,0,0,0,0,0,0,0,0,0,0,0,0,0,0,0,0,0,0,0,0,0,0,0,0,0,0,0,0,0,0,0,0,0,0,0,0,0,0,0,0,0,0,0,0,0,0,0,0,0,0,0,0,0,0,0,0,0,0,0,0,0,0,0,0,0,0,0,0,0,0,0,0,0,0,0,0,0,0,0,0,0,0,0,0,0,0,0,0,0,0,0,0,0,0,0,0,0,0,0,0,0,0,0,0,0,0,0,0,0,0,0,0,0,0,0,0,0,0,0,0,0,0,0,0,0,0,0,0,0,0,0,0,0,0,0,0,0,0,0,0,0,0,0,0,0,0,0,0,0,0,0,0,0,0,0,0,0,0,0,0,0,0,0,0,0,0,0,0,0,0,0,0,0,0,0,0,0,0,0,0,0,0,0,0,0,0,0,0,0,0,0,0,0,0,0,0,0,0,0,0,0,
43103,0,0,0,0,0,0,0,0,0,0,0,0,0,0,0,0,0,0,0,0,0,0,0,0,0,0,0,0,0,0,0,0,0,0,0,0,0,0,0,0,0,0,0,0,0,0,0,0,0,0,0,0,0,0,0,0,0,0,0,0,0,0,0,0,0,0,0,0,0,0,0,0,0,0,0,0,0,0,0,0,0,0,0,0,0,0,0,0,0,0,0,0,0,0,0,0,0,0,0,0,0,0,0,0,0,0,0,0,0,0,0,0,0,0,0,0,0,0,0,0,0,0,0,0,0,0,0,0,0,0,0,0,0,0,0,0,0,0,0,0,0,0,0,0,0,0,0,0,0,0,0,0,0,0,0,0,0,0,0,0,0,0,0,0,0,0,0,0,0,0,0,0,0,0,0,0,0,0,0,0,0,0,0,0,0,0,0,0,0,0,0,0,0,0,0,0,0,0,0,0,0,0,0,0,0,0,0,0,0,0,0,0,0,0,0,0,0,0,0,0,0,0,0,0,0,0,0,0,0,0,0,0,0,0,0,0,0,0,0,0,0,0,0,0,0,0,0,0,0,0,0,0,0,0,0,0,0,0,0,0,0,0,0,0,0,0,0,0,0,0,0,0,0,0,0,
43104,0,0,0,0,0,0,0,0,0,0,0,0,0,0,0,0,0,0,0,0,0,0,0,0,0,0,0,0,0,0,0,0,0,0,0,0,0,0,0,0,0,0,0,0,0,0,0,0,0,0,0,0,0,0,0,0,0,0,0,0,0,0,0,0,0,0,0,0,0,0,0,0,0,0,0,0,0,0,0,0,0,0,0,0,0,0,0,0,0,0,0,0,0,0,0,0,0,0,0,0,0,0,0,0,0,0,0,0,0,0,0,0,0,0,0,0,0,0,0,0,0,0,0,0,0,0,0,0,0,0,0,0,0,0,0,0,0,0,0,0,0,0,0,0,0,0,0,0,0,0,0,0,0,0,0,0,0,0,0,0,0,0,0,0,0,0,0,0,0,0,0,0,0,0,0,0,0,0,0,0,0,0,0,0,0,0,0,0,0,0,0,0,0,0,0,0,0,0,0,0,0,0,0,0,0,0,0,0,0,0,0,0,0,0,0,0,0,0,0,0,0,0,0,0,0,0,0,0,0,0,0,0,0,0,0,0,0,0,0,0,0,0,0,0,0,0,0,0,0,0,0,0,0,0,0,0,0,0,0,0,0,0,0,0,0,0,0,0,0,0,0,0,0,0,0,
43105,0,0,0,0,0,0,0,0,0,0,0,0,0,0,0,0,0,0,0,0,0,0,0,0,0,0,0,0,0,0,0,0,0,0,0,0,0,0,0,0,0,0,0,0,0,0,0,0,0,0,0,0,0,0,0,0,0,0,0,0,0,0,0,0,0,0,0,0,0,0,0,0,0,0,0,0,0,0,0,0,0,0,0,0,0,0,0,0,0,0,0,0,0,0,0,0,0,0,0,0,0,0,0,0,0,0,0,0,0,0,0,0,0,0,0,0,0,0,0,0,0,0,0,0,0,0,0,0,0,0,0,0,0,0,0,0,0,0,0,0,0,0,0,0,0,0,0,0,0,0,0,0,0,0,0,0,0,0,0,0,0,0,0,0,0,0,0,0,0,0,0,0,0,0,0,0,0,0,0,0,0,0,0,0,0,0,0,0,0,0,0,0,0,0,0,0,0,0,0,0,0,0,0,0,0,0,0,0,0,0,0,0,0,0,0,0,0,0,0,0,0,0,0,0,0,0,0,0,0,0,0,0,0,0,0,0,0,0,0,0,0,0,0,0,0,0,0,0,0,0,0,0,0,0,0,0,0,0,0,0,0,0,0,0,0,0,0,0,0,0,0,0,0,0,0,
43106,0,0,0,0,0,0,0,0,0,0,0,0,0,0,0,0,0,0,0,0,0,0,0,0,0,0,0,0,0,0,0,0,0,0,0,0,0,0,0,0,0,0,0,0,0,0,0,0,0,0,0,0,0,0,0,0,0,0,0,0,0,0,0,0,0,0,0,0,0,0,0,0,0,0,0,0,0,0,0,0,0,0,0,0,0,0,0,0,0,0,0,0,0,0,0,0,0,0,0,0,0,0,0,0,0,0,0,0,0,0,0,0,0,0,0,0,0,0,0,0,0,0,0,0,0,0,0,0,0,0,0,0,0,0,0,0,0,0,0,0,0,0,0,0,0,0,0,0,0,0,0,0,0,0,0,0,0,0,0,0,0,0,0,0,0,0,0,0,0,0,0,0,0,0,0,0,0,0,0,0,0,0,0,0,0,0,0,0,0,0,0,0,0,0,0,0,0,0,0,0,0,0,0,0,0,0,0,0,0,0,0,0,0,0,0,0,0,0,0,0,0,0,0,0,0,0,0,0,0,0,0,0,0,0,0,0,0,0,0,0,0,0,0,0,0,0,0,0,0,0,0,0,0,0,0,0,0,0,0,0,0,0,0,0,0,0,0,0,0,0,0,0,0,0,0,
43107,0,0,0,0,0,0,0,0,0,0,0,0,0,0,0,0,0,0,0,0,0,0,0,0,0,0,0,0,0,0,0,0,0,0,0,0,0,0,0,0,0,0,0,0,0,0,0,0,0,0,0,0,0,0,0,0,0,0,0,0,0,0,0,0,0,0,0,0,0,0,0,0,0,0,0,0,0,0,0,0,0,0,0,0,0,0,0,0,0,0,0,0,0,0,0,0,0,0,0,0,0,0,0,0,0,0,0,0,0,0,0,0,0,0,0,0,0,0,0,0,0,0,0,0,0,0,0,0,0,0,0,0,0,0,0,0,0,0,0,0,0,0,0,0,0,0,0,0,0,0,0,0,0,0,0,0,0,0,0,0,0,0,0,0,0,0,0,0,0,0,0,0,0,0,0,0,0,0,0,0,0,0,0,0,0,0,0,0,0,0,0,0,0,0,0,0,0,0,0,0,0,0,0,0,0,0,0,0,0,0,0,0,0,0,0,0,0,0,0,0,0,0,0,0,0,0,0,0,0,0,0,0,0,0,0,0,0,0,0,0,0,0,0,0,0,0,0,0,0,0,0,0,0,0,0,0,0,0,0,0,0,0,0,0,0,0,0,0,0,0,0,0,0,0,0,
43108,0,0,0,0,0,0,0,0,0,0,0,0,0,0,0,0,0,0,0,0,0,0,0,0,0,0,0,0,0,0,0,0,0,0,0,0,0,0,0,0,0,0,0,0,0,0,0,0,0,0,0,0,0,0,0,0,0,0,0,0,0,0,0,0,0,0,0,0,0,0,0,0,0,0,0,0,0,0,0,0,0,0,0,0,0,0,0,0,0,0,0,0,0,0,0,0,0,0,0,0,0,0,0,0,0,0,0,0,0,0,0,0,0,0,0,0,0,0,0,0,0,0,0,0,0,0,0,0,0,0,0,0,0,0,0,0,0,0,0,0,0,0,0,0,0,0,0,0,0,0,0,0,0,0,0,0,0,0,0,0,0,0,0,0,0,0,0,0,0,0,0,0,0,0,0,0,0,0,0,0,0,0,0,0,0,0,0,0,0,0,0,0,0,0,0,0,0,0,0,0,0,0,0,0,0,0,0,0,0,0,0,0,0,0,0,0,0,0,0,0,0,0,0,0,0,0,0,0,0,0,0,0,0,0,0,0,0,0,0,0,0,0,0,0,0,0,0,0,0,0,0,0,0,0,0,0,0,0,0,0,0,0,0,0,0,0,0,0,0,0,0,0,0,0,0,
43109,0,0,0,0,0,0,0,0,0,0,0,0,0,0,0,0,0,0,0,0,0,0,0,0,0,0,0,0,0,0,0,0,0,0,0,0,0,0,0,0,0,0,0,0,0,0,0,0,0,0,0,0,0,0,0,0,0,0,0,0,0,0,0,0,0,0,0,0,0,0,0,0,0,0,0,0,0,0,0,0,0,0,0,0,0,0,0,0,0,0,0,0,0,0,0,0,0,0,0,0,0,0,0,0,0,0,0,0,0,0,0,0,0,0,0,0,0,0,0,0,0,0,0,0,0,0,0,0,0,0,0,0,0,0,0,0,0,0,0,0,0,0,0,0,0,0,0,0,0,0,0,0,0,0,0,0,0,0,0,0,0,0,0,0,0,0,0,0,0,0,0,0,0,0,0,0,0,0,0,0,0,0,0,0,0,0,0,0,0,0,0,0,0,0,0,0,0,0,0,0,0,0,0,0,0,0,0,0,0,0,0,0,0,0,0,0,0,0,0,0,0,0,0,0,0,0,0,0,0,0,0,0,0,0,0,0,0,0,0,0,0,0,0,0,0,0,0,0,0,0,0,0,0,0,0,0,0,0,0,0,0,0,0,0,0,0,0,0,0,0,0,0,0,0,0,
43110,0,0,0,0,0,0,0,0,0,0,0,0,0,0,0,0,0,0,0,0,0,0,0,0,0,0,0,0,0,0,0,0,0,0,0,0,0,0,0,0,0,0,0,0,0,0,0,0,0,0,0,0,0,0,0,0,0,0,0,0,0,0,0,0,0,0,0,0,0,0,0,0,0,0,0,0,0,0,0,0,0,0,0,0,0,0,0,0,0,0,0,0,0,0,0,0,0,0,0,0,0,0,0,0,0,0,0,0,0,0,0,0,0,0,0,0,0,0,0,0,0,0,0,0,0,0,0,0,0,0,0,0,0,0,0,0,0,0,0,0,0,0,0,0,0,0,0,0,0,0,0,0,0,0,0,0,0,0,0,0,0,0,0,0,0,0,0,0,0,0,0,0,0,0,0,0,0,0,0,0,0,0,0,0,0,0,0,0,0,0,0,0,0,0,0,0,0,0,0,0,0,0,0,0,0,0,0,0,0,0,0,0,0,0,0,0,0,0,0,0,0,0,0,0,0,0,0,0,0,0,0,0,0,0,0,0,0,0,0,0,0,0,0,0,0,0,0,0,0,0,0,0,0,0,0,0,0,0,0,0,0,0,0,0,0,0,0,0,0,0,0,0,0,0,0,
43111,0,0,0,0,0,0,0,0,0,0,0,0,0,0,0,0,0,0,0,0,0,0,0,0,0,0,0,0,0,0,0,0,0,0,0,0,0,0,0,0,0,0,0,0,0,0,0,0,0,0,0,0,0,0,0,0,0,0,0,0,0,0,0,0,0,0,0,0,0,0,0,0,0,0,0,0,0,0,0,0,0,0,0,0,0,0,0,0,0,0,0,0,0,0,0,0,0,0,0,0,0,0,0,0,0,0,0,0,0,0,0,0,0,0,0,0,0,0,0,0,0,0,0,0,0,0,0,0,0,0,0,0,0,0,0,0,0,0,0,0,0,0,0,0,0,0,0,0,0,0,0,0,0,0,0,0,0,0,0,0,0,0,0,0,0,0,0,0,0,0,0,0,0,0,0,0,0,0,0,0,0,0,0,0,0,0,0,0,0,0,0,0,0,0,0,0,0,0,0,0,0,0,0,0,0,0,0,0,0,0,0,0,0,0,0,0,0,0,0,0,0,0,0,0,0,0,0,0,0,0,0,0,0,0,0,0,0,0,0,0,0,0,0,0,0,0,0,0,0,0,0,0,0,0,0,0,0,0,0,0,0,0,0,0,0,0,0,0,0,0,0,0,0,0,0,
43112,0,0,0,0,0,0,0,0,0,0,0,0,0,0,0,0,0,0,0,0,0,0,0,0,0,0,0,0,0,0,0,0,0,0,0,0,0,0,0,0,0,0,0,0,0,0,0,0,0,0,0,0,0,0,0,0,0,0,0,0,0,0,0,0,0,0,0,0,0,0,0,0,0,0,0,0,0,0,0,0,0,0,0,0,0,0,0,0,0,0,0,0,0,0,0,0,0,0,0,0,0,0,0,0,0,0,0,0,0,0,0,0,0,0,0,0,0,0,0,0,0,0,0,0,0,0,0,0,0,0,0,0,0,0,0,0,0,0,0,0,0,0,0,0,0,0,0,0,0,0,0,0,0,0,0,0,0,0,0,0,0,0,0,0,0,0,0,0,0,0,0,0,0,0,0,0,0,0,0,0,0,0,0,0,0,0,0,0,0,0,0,0,0,0,0,0,0,0,0,0,0,0,0,0,0,0,0,0,0,0,0,0,0,0,0,0,0,0,0,0,0,0,0,0,0,0,0,0,0,0,0,0,0,0,0,0,0,0,0,0,0,0,0,0,0,0,0,0,0,0,0,0,0,0,0,0,0,0,0,0,0,0,0,0,0,0,0,0,0,0,0,0,0,0,0,
43113,0,0,0,0,0,0,0,0,0,0,0,0,0,0,0,0,0,0,0,0,0,0,0,0,0,0,0,0,0,0,0,0,0,0,0,0,0,0,0,0,0,0,0,0,0,0,0,0,0,0,0,0,0,0,0,0,0,0,0,0,0,0,0,0,0,0,0,0,0,0,0,0,0,0,0,0,0,0,0,0,0,0,0,0,0,0,0,0,0,0,0,0,0,0,0,0,0,0,0,0,0,0,0,0,0,0,0,0,0,0,0,0,0,0,0,0,0,0,0,0,0,0,0,0,0,0,0,0,0,0,0,0,0,0,0,0,0,0,0,0,0,0,0,0,0,0,0,0,0,0,0,0,0,0,0,0,0,0,0,0,0,0,0,0,0,0,0,0,0,0,0,0,0,0,0,0,0,0,0,0,0,0,0,0,0,0,0,0,0,0,0,0,0,0,0,0,0,0,0,0,0,0,0,0,0,0,0,0,0,0,0,0,0,0,0,0,0,0,0,0,0,0,0,0,0,0,0,0,0,0,0,0,0,0,0,0,0,0,0,0,0,0,0,0,0,0,0,0,0,0,0,0,0,0,0,0,0,0,0,0,0,0,0,0,0,0,0,0,0,0,0,0,0,0,0,
43114,0,0,0,0,0,0,0,0,0,0,0,0,0,0,0,0,0,0,0,0,0,0,0,0,0,0,0,0,0,0,0,0,0,0,0,0,0,0,0,0,0,0,0,0,0,0,0,0,0,0,0,0,0,0,0,0,0,0,0,0,0,0,0,0,0,0,0,0,0,0,0,0,0,0,0,0,0,0,0,0,0,0,0,0,0,0,0,0,0,0,0,0,0,0,0,0,0,0,0,0,0,0,0,0,0,0,0,0,0,0,0,0,0,0,0,0,0,0,0,0,0,0,0,0,0,0,0,0,0,0,0,0,0,0,0,0,0,0,0,0,0,0,0,0,0,0,0,0,0,0,0,0,0,0,0,0,0,0,0,0,0,0,0,0,0,0,0,0,0,0,0,0,0,0,0,0,0,0,0,0,0,0,0,0,0,0,0,0,0,0,0,0,0,0,0,0,0,0,0,0,0,0,0,0,0,0,0,0,0,0,0,0,0,0,0,0,0,0,0,0,0,0,0,0,0,0,0,0,0,0,0,0,0,0,0,0,0,0,0,0,0,0,0,0,0,0,0,0,0,0,0,0,0,0,0,0,0,0,0,0,0,0,0,0,0,0,0,0,0,0,0,0,0,0,0,
43115,0,0,0,0,0,0,0,0,0,0,0,0,0,0,0,0,0,0,0,0,0,0,0,0,0,0,0,0,0,0,0,0,0,0,0,0,0,0,0,0,0,0,0,0,0,0,0,0,0,0,0,0,0,0,0,0,0,0,0,0,0,0,0,0,0,0,0,0,0,0,0,0,0,0,0,0,0,0,0,0,0,0,0,0,0,0,0,0,0,0,0,0,0,0,0,0,0,0,0,0,0,0,0,0,0,0,0,0,0,0,0,0,0,0,0,0,0,0,0,0,0,0,0,0,0,0,0,0,0,0,0,0,0,0,0,0,0,0,0,0,0,0,0,0,0,0,0,0,0,0,0,0,0,0,0,0,0,0,0,0,0,0,0,0,0,0,0,0,0,0,0,0,0,0,0,0,0,0,0,0,0,0,0,0,0,0,0,0,0,0,0,0,0,0,0,0,0,0,0,0,0,0,0,0,0,0,0,0,0,0,0,0,0,0,0,0,0,0,0,0,0,0,0,0,0,0,0,0,0,0,0,0,0,0,0,0,0,0,0,0,0,0,0,0,0,0,0,0,0,0,0,0,0,0,0,0,0,0,0,0,0,0,0,0,0,0,0,0,0,0,0,0,0,0,0,
43116,0,0,0,0,0,0,0,0,0,0,0,0,0,0,0,0,0,0,0,0,0,0,0,0,0,0,0,0,0,0,0,0,0,0,0,0,0,0,0,0,0,0,0,0,0,0,0,0,0,0,0,0,0,0,0,0,0,0,0,0,0,0,0,0,0,0,0,0,0,0,0,0,0,0,0,0,0,0,0,0,0,0,0,0,0,0,0,0,0,0,0,0,0,0,0,0,0,0,0,0,0,0,0,0,0,0,0,0,0,0,0,0,0,0,0,0,0,0,0,0,0,0,0,0,0,0,0,0,0,0,0,0,0,0,0,0,0,0,0,0,0,0,0,0,0,0,0,0,0,0,0,0,0,0,0,0,0,0,0,0,0,0,0,0,0,0,0,0,0,0,0,0,0,0,0,0,0,0,0,0,0,0,0,0,0,0,0,0,0,0,0,0,0,0,0,0,0,0,0,0,0,0,0,0,0,0,0,0,0,0,0,0,0,0,0,0,0,0,0,0,0,0,0,0,0,0,0,0,0,0,0,0,0,0,0,0,0,0,0,0,0,0,0,0,0,0,0,0,0,0,0,0,0,0,0,0,0,0,0,0,0,0,0,0,0,0,0,0,0,0,0,0,0,0,0,
43117,0,0,0,0,0,0,0,0,0,0,0,0,0,0,0,0,0,0,0,0,0,0,0,0,0,0,0,0,0,0,0,0,0,0,0,0,0,0,0,0,0,0,0,0,0,0,0,0,0,0,0,0,0,0,0,0,0,0,0,0,0,0,0,0,0,0,0,0,0,0,0,0,0,0,0,0,0,0,0,0,0,0,0,0,0,0,0,0,0,0,0,0,0,0,0,0,0,0,0,0,0,0,0,0,0,0,0,0,0,0,0,0,0,0,0,0,0,0,0,0,0,0,0,0,0,0,0,0,0,0,0,0,0,0,0,0,0,0,0,0,0,0,0,0,0,0,0,0,0,0,0,0,0,0,0,0,0,0,0,0,0,0,0,0,0,0,0,0,0,0,0,0,0,0,0,0,0,0,0,0,0,0,0,0,0,0,0,0,0,0,0,0,0,0,0,0,0,0,0,0,0,0,0,0,0,0,0,0,0,0,0,0,0,0,0,0,0,0,0,0,0,0,0,0,0,0,0,0,0,0,0,0,0,0,0,0,0,0,0,0,0,0,0,0,0,0,0,0,0,0,0,0,0,0,0,0,0,0,0,0,0,0,0,0,0,0,0,0,0,0,0,0,0,0,0,
43118,0,0,0,0,0,0,0,0,0,0,0,0,0,0,0,0,0,0,0,0,0,0,0,0,0,0,0,0,0,0,0,0,0,0,0,0,0,0,0,0,0,0,0,0,0,0,0,0,0,0,0,0,0,0,0,0,0,0,0,0,0,0,0,0,0,0,0,0,0,0,0,0,0,0,0,0,0,0,0,0,0,0,0,0,0,0,0,0,0,0,0,0,0,0,0,0,0,0,0,0,0,0,0,0,0,0,0,0,0,0,0,0,0,0,0,0,0,0,0,0,0,0,0,0,0,0,0,0,0,0,0,0,0,0,0,0,0,0,0,0,0,0,0,0,0,0,0,0,0,0,0,0,0,0,0,0,0,0,0,0,0,0,0,0,0,0,0,0,0,0,0,0,0,0,0,0,0,0,0,0,0,0,0,0,0,0,0,0,0,0,0,0,0,0,0,0,0,0,0,0,0,0,0,0,0,0,0,0,0,0,0,0,0,0,0,0,0,0,0,0,0,0,0,0,0,0,0,0,0,0,0,0,0,0,0,0,0,0,0,0,0,0,0,0,0,0,0,0,0,0,0,0,0,0,0,0,0,0,0,0,0,0,0,0,0,0,0,0,0,0,0,0,0,0,0,
43119,0,0,0,0,0,0,0,0,0,0,0,0,0,0,0,0,0,0,0,0,0,0,0,0,0,0,0,0,0,0,0,0,0,0,0,0,0,0,0,0,0,0,0,0,0,0,0,0,0,0,0,0,0,0,0,0,0,0,0,0,0,0,0,0,0,0,0,0,0,0,0,0,0,0,0,0,0,0,0,0,0,0,0,0,0,0,0,0,0,0,0,0,0,0,0,0,0,0,0,0,0,0,0,0,0,0,0,0,0,0,0,0,0,0,0,0,0,0,0,0,0,0,0,0,0,0,0,0,0,0,0,0,0,0,0,0,0,0,0,0,0,0,0,0,0,0,0,0,0,0,0,0,0,0,0,0,0,0,0,0,0,0,0,0,0,0,0,0,0,0,0,0,0,0,0,0,0,0,0,0,0,0,0,0,0,0,0,0,0,0,0,0,0,0,0,0,0,0,0,0,0,0,0,0,0,0,0,0,0,0,0,0,0,0,0,0,0,0,0,0,0,0,0,0,0,0,0,0,0,0,0,0,0,0,0,0,0,0,0,0,0,0,0,0,0,0,0,0,0,0,0,0,0,0,0,0,0,0,0,0,0,0,0,0,0,0,0,0,0,0,0,0,0,0,0,
43120,0,0,0,0,0,0,0,0,0,0,0,0,0,0,0,0,0,0,0,0,0,0,0,0,0,0,0,0,0,0,0,0,0,0,0,0,0,0,0,0,0,0,0,0,0,0,0,0,0,0,0,0,0,0,0,0,0,0,0,0,0,0,0,0,0,0,0,0,0,0,0,0,0,0,0,0,0,0,0,0,0,0,0,0,0,0,0,0,0,0,0,0,0,0,0,0,0,0,0,0,0,0,0,0,0,0,0,0,0,0,0,0,0,0,0,0,0,0,0,0,0,0,0,0,0,0,0,0,0,0,0,0,0,0,0,0,0,0,0,0,0,0,0,0,0,0,0,0,0,0,0,0,0,0,0,0,0,0,0,0,0,0,0,0,0,0,0,0,0,0,0,0,0,0,0,0,0,0,0,0,0,0,0,0,0,0,0,0,0,0,0,0,0,0,0,0,0,0,0,0,0,0,0,0,0,0,0,0,0,0,0,0,0,0,0,0,0,0,0,0,0,0,0,0,0,0,0,0,0,0,0,0,0,0,0,0,0,0,0,0,0,0,0,0,0,0,0,0,0,0,0,0,0,0,0,0,0,0,0,0,0,0,0,0,0,0,0,0,0,0,0,0,0,0,0,
43121,0,0,0,0,0,0,0,0,0,0,0,0,0,0,0,0,0,0,0,0,0,0,0,0,0,0,0,0,0,0,0,0,0,0,0,0,0,0,0,0,0,0,0,0,0,0,0,0,0,0,0,0,0,0,0,0,0,0,0,0,0,0,0,0,0,0,0,0,0,0,0,0,0,0,0,0,0,0,0,0,0,0,0,0,0,0,0,0,0,0,0,0,0,0,0,0,0,0,0,0,0,0,0,0,0,0,0,0,0,0,0,0,0,0,0,0,0,0,0,0,0,0,0,0,0,0,0,0,0,0,0,0,0,0,0,0,0,0,0,0,0,0,0,0,0,0,0,0,0,0,0,0,0,0,0,0,0,0,0,0,0,0,0,0,0,0,0,0,0,0,0,0,0,0,0,0,0,0,0,0,0,0,0,0,0,0,0,0,0,0,0,0,0,0,0,0,0,0,0,0,0,0,0,0,0,0,0,0,0,0,0,0,0,0,0,0,0,0,0,0,0,0,0,0,0,0,0,0,0,0,0,0,0,0,0,0,0,0,0,0,0,0,0,0,0,0,0,0,0,0,0,0,0,0,0,0,0,0,0,0,0,0,0,0,0,0,0,0,0,0,0,0,0,0,0,
43122,0,0,0,0,0,0,0,0,0,0,0,0,0,0,0,0,0,0,0,0,0,0,0,0,0,0,0,0,0,0,0,0,0,0,0,0,0,0,0,0,0,0,0,0,0,0,0,0,0,0,0,0,0,0,0,0,0,0,0,0,0,0,0,0,0,0,0,0,0,0,0,0,0,0,0,0,0,0,0,0,0,0,0,0,0,0,0,0,0,0,0,0,0,0,0,0,0,0,0,0,0,0,0,0,0,0,0,0,0,0,0,0,0,0,0,0,0,0,0,0,0,0,0,0,0,0,0,0,0,0,0,0,0,0,0,0,0,0,0,0,0,0,0,0,0,0,0,0,0,0,0,0,0,0,0,0,0,0,0,0,0,0,0,0,0,0,0,0,0,0,0,0,0,0,0,0,0,0,0,0,0,0,0,0,0,0,0,0,0,0,0,0,0,0,0,0,0,0,0,0,0,0,0,0,0,0,0,0,0,0,0,0,0,0,0,0,0,0,0,0,0,0,0,0,0,0,0,0,0,0,0,0,0,0,0,0,0,0,0,0,0,0,0,0,0,0,0,0,0,0,0,0,0,0,0,0,0,0,0,0,0,0,0,0,0,0,0,0,0,0,0,0,0,0,0,
43123,0,0,0,0,0,0,0,0,0,0,0,0,0,0,0,0,0,0,0,0,0,0,0,0,0,0,0,0,0,0,0,0,0,0,0,0,0,0,0,0,0,0,0,0,0,0,0,0,0,0,0,0,0,0,0,0,0,0,0,0,0,0,0,0,0,0,0,0,0,0,0,0,0,0,0,0,0,0,0,0,0,0,0,0,0,0,0,0,0,0,0,0,0,0,0,0,0,0,0,0,0,0,0,0,0,0,0,0,0,0,0,0,0,0,0,0,0,0,0,0,0,0,0,0,0,0,0,0,0,0,0,0,0,0,0,0,0,0,0,0,0,0,0,0,0,0,0,0,0,0,0,0,0,0,0,0,0,0,0,0,0,0,0,0,0,0,0,0,0,0,0,0,0,0,0,0,0,0,0,0,0,0,0,0,0,0,0,0,0,0,0,0,0,0,0,0,0,0,0,0,0,0,0,0,0,0,0,0,0,0,0,0,0,0,0,0,0,0,0,0,0,0,0,0,0,0,0,0,0,0,0,0,0,0,0,0,0,0,0,0,0,0,0,0,0,0,0,0,0,0,0,0,0,0,0,0,0,0,0,0,0,0,0,0,0,0,0,0,0,0,0,0,0,0,0,
43124,0,0,0,0,0,0,0,0,0,0,0,0,0,0,0,0,0,0,0,0,0,0,0,0,0,0,0,0,0,0,0,0,0,0,0,0,0,0,0,0,0,0,0,0,0,0,0,0,0,0,0,0,0,0,0,0,0,0,0,0,0,0,0,0,0,0,0,0,0,0,0,0,0,0,0,0,0,0,0,0,0,0,0,0,0,0,0,0,0,0,0,0,0,0,0,0,0,0,0,0,0,0,0,0,0,0,0,0,0,0,0,0,0,0,0,0,0,0,0,0,0,0,0,0,0,0,0,0,0,0,0,0,0,0,0,0,0,0,0,0,0,0,0,0,0,0,0,0,0,0,0,0,0,0,0,0,0,0,0,0,0,0,0,0,0,0,0,0,0,0,0,0,0,0,0,0,0,0,0,0,0,0,0,0,0,0,0,0,0,0,0,0,0,0,0,0,0,0,0,0,0,0,0,0,0,0,0,0,0,0,0,0,0,0,0,0,0,0,0,0,0,0,0,0,0,0,0,0,0,0,0,0,0,0,0,0,0,0,0,0,0,0,0,0,0,0,0,0,0,0,0,0,0,0,0,0,0,0,0,0,0,0,0,0,0,0,0,0,0,0,0,0,0,0,0,
43125,0,0,0,0,0,0,0,0,0,0,0,0,0,0,0,0,0,0,0,0,0,0,0,0,0,0,0,0,0,0,0,0,0,0,0,0,0,0,0,0,0,0,0,0,0,0,0,0,0,0,0,0,0,0,0,0,0,0,0,0,0,0,0,0,0,0,0,0,0,0,0,0,0,0,0,0,0,0,0,0,0,0,0,0,0,0,0,0,0,0,0,0,0,0,0,0,0,0,0,0,0,0,0,0,0,0,0,0,0,0,0,0,0,0,0,0,0,0,0,0,0,0,0,0,0,0,0,0,0,0,0,0,0,0,0,0,0,0,0,0,0,0,0,0,0,0,0,0,0,0,0,0,0,0,0,0,0,0,0,0,0,0,0,0,0,0,0,0,0,0,0,0,0,0,0,0,0,0,0,0,0,0,0,0,0,0,0,0,0,0,0,0,0,0,0,0,0,0,0,0,0,0,0,0,0,0,0,0,0,0,0,0,0,0,0,0,0,0,0,0,0,0,0,0,0,0,0,0,0,0,0,0,0,0,0,0,0,0,0,0,0,0,0,0,0,0,0,0,0,0,0,0,0,0,0,0,0,0,0,0,0,0,0,0,0,0,0,0,0,0,0,0,0,0,0,
43126,0,0,0,0,0,0,0,0,0,0,0,0,0,0,0,0,0,0,0,0,0,0,0,0,0,0,0,0,0,0,0,0,0,0,0,0,0,0,0,0,0,0,0,0,0,0,0,0,0,0,0,0,0,0,0,0,0,0,0,0,0,0,0,0,0,0,0,0,0,0,0,0,0,0,0,0,0,0,0,0,0,0,0,0,0,0,0,0,0,0,0,0,0,0,0,0,0,0,0,0,0,0,0,0,0,0,0,0,0,0,0,0,0,0,0,0,0,0,0,0,0,0,0,0,0,0,0,0,0,0,0,0,0,0,0,0,0,0,0,0,0,0,0,0,0,0,0,0,0,0,0,0,0,0,0,0,0,0,0,0,0,0,0,0,0,0,0,0,0,0,0,0,0,0,0,0,0,0,0,0,0,0,0,0,0,0,0,0,0,0,0,0,0,0,0,0,0,0,0,0,0,0,0,0,0,0,0,0,0,0,0,0,0,0,0,0,0,0,0,0,0,0,0,0,0,0,0,0,0,0,0,0,0,0,0,0,0,0,0,0,0,0,0,0,0,0,0,0,0,0,0,0,0,0,0,0,0,0,0,0,0,0,0,0,0,0,0,0,0,0,0,0,0,0,0,
43127,0,0,0,0,0,0,0,0,0,0,0,0,0,0,0,0,0,0,0,0,0,0,0,0,0,0,0,0,0,0,0,0,0,0,0,0,0,0,0,0,0,0,0,0,0,0,0,0,0,0,0,0,0,0,0,0,0,0,0,0,0,0,0,0,0,0,0,0,0,0,0,0,0,0,0,0,0,0,0,0,0,0,0,0,0,0,0,0,0,0,0,0,0,0,0,0,0,0,0,0,0,0,0,0,0,0,0,0,0,0,0,0,0,0,0,0,0,0,0,0,0,0,0,0,0,0,0,0,0,0,0,0,0,0,0,0,0,0,0,0,0,0,0,0,0,0,0,0,0,0,0,0,0,0,0,0,0,0,0,0,0,0,0,0,0,0,0,0,0,0,0,0,0,0,0,0,0,0,0,0,0,0,0,0,0,0,0,0,0,0,0,0,0,0,0,0,0,0,0,0,0,0,0,0,0,0,0,0,0,0,0,0,0,0,0,0,0,0,0,0,0,0,0,0,0,0,0,0,0,0,0,0,0,0,0,0,0,0,0,0,0,0,0,0,0,0,0,0,0,0,0,0,0,0,0,0,0,0,0,0,0,0,0,0,0,0,0,0,0,0,0,0,0,0,0,
43128,0,0,0,0,0,0,0,0,0,0,0,0,0,0,0,0,0,0,0,0,0,0,0,0,0,0,0,0,0,0,0,0,0,0,0,0,0,0,0,0,0,0,0,0,0,0,0,0,0,0,0,0,0,0,0,0,0,0,0,0,0,0,0,0,0,0,0,0,0,0,0,0,0,0,0,0,0,0,0,0,0,0,0,0,0,0,0,0,0,0,0,0,0,0,0,0,0,0,0,0,0,0,0,0,0,0,0,0,0,0,0,0,0,0,0,0,0,0,0,0,0,0,0,0,0,0,0,0,0,0,0,0,0,0,0,0,0,0,0,0,0,0,0,0,0,0,0,0,0,0,0,0,0,0,0,0,0,0,0,0,0,0,0,0,0,0,0,0,0,0,0,0,0,0,0,0,0,0,0,0,0,0,0,0,0,0,0,0,0,0,0,0,0,0,0,0,0,0,0,0,0,0,0,0,0,0,0,0,0,0,0,0,0,0,0,0,0,0,0,0,0,0,0,0,0,0,0,0,0,0,0,0,0,0,0,0,0,0,0,0,0,0,0,0,0,0,0,0,0,0,0,0,0,0,0,0,0,0,0,0,0,0,0,0,0,0,0,0,0,0,0,0,0,0,0,
43129,0,0,0,0,0,0,0,0,0,0,0,0,0,0,0,0,0,0,0,0,0,0,0,0,0,0,0,0,0,0,0,0,0,0,0,0,0,0,0,0,0,0,0,0,0,0,0,0,0,0,0,0,0,0,0,0,0,0,0,0,0,0,0,0,0,0,0,0,0,0,0,0,0,0,0,0,0,0,0,0,0,0,0,0,0,0,0,0,0,0,0,0,0,0,0,0,0,0,0,0,0,0,0,0,0,0,0,0,0,0,0,0,0,0,0,0,0,0,0,0,0,0,0,0,0,0,0,0,0,0,0,0,0,0,0,0,0,0,0,0,0,0,0,0,0,0,0,0,0,0,0,0,0,0,0,0,0,0,0,0,0,0,0,0,0,0,0,0,0,0,0,0,0,0,0,0,0,0,0,0,0,0,0,0,0,0,0,0,0,0,0,0,0,0,0,0,0,0,0,0,0,0,0,0,0,0,0,0,0,0,0,0,0,0,0,0,0,0,0,0,0,0,0,0,0,0,0,0,0,0,0,0,0,0,0,0,0,0,0,0,0,0,0,0,0,0,0,0,0,0,0,0,0,0,0,0,0,0,0,0,0,0,0,0,0,0,0,0,0,0,0,0,0,0,0,
44002,0,0,0,0,0,0,0,0,0,0,0,0,0,0,0,0,0,0,0,0,0,0,0,0,0,0,0,0,0,0,0,0,0,0,0,0,0,0,0,0,0,0,0,0,0,0,0,0,0,0,0,0,0,0,0,0,0,0,0,0,0,0,0,0,0,0,0,0,0,0,0,0,0,0,0,0,0,0,0,0,0,0,0,0,0,0,0,0,0,0,0,0,0,0,0,0,0,0,0,0,0,0,0,0,0,0,0,0,0,0,0,0,0,0,0,0,0,0,0,0,0,0,0,0,0,0,0,0,0,0,0,0,0,0,0,0,0,0,0,0,0,0,0,0,0,0,0,0,0,0,0,0,0,0,0,0,0,0,0,0,0,0,0,0,0,0,0,0,0,0,0,0,0,0,0,0,0,0,0,0,0,0,0,0,0,0,0,0,0,0,0,0,0,0,0,0,0,0,0,0,0,0,0,0,0,0,0,0,0,0,0,0,0,0,0,0,0,0,0,0,0,0,0,0,0,0,0,0,0,0,0,0,0,0,0,0,0,0,0,0,0,0,0,0,0,0,0,0,0,0,0,0,0,0,0,0,0,0,0,0,0,0,0,0,0,0,0,0,0,0,0,0,0,0,0,
44003,0,0,0,0,0,0,0,0,0,0,0,0,0,0,0,0,0,0,0,0,0,0,0,0,0,0,0,0,0,0,0,0,0,0,0,0,0,0,0,0,0,0,0,0,0,0,0,0,0,0,0,0,0,0,0,0,0,0,0,0,0,0,0,0,0,0,0,0,0,0,0,0,0,0,0,0,0,0,0,0,0,0,0,0,0,0,0,0,0,0,0,0,0,0,0,0,0,0,0,0,0,0,0,0,0,0,0,0,0,0,0,0,0,0,0,0,0,0,0,0,0,0,0,0,0,0,0,0,0,0,0,0,0,0,0,0,0,0,0,0,0,0,0,0,0,0,0,0,0,0,0,0,0,0,0,0,0,0,0,0,0,0,0,0,0,0,0,0,0,0,0,0,0,0,0,0,0,0,0,0,0,0,0,0,0,0,0,0,0,0,0,0,0,0,0,0,0,0,0,0,0,0,0,0,0,0,0,0,0,0,0,0,0,0,0,0,0,0,0,0,0,0,0,0,0,0,0,0,0,0,0,0,0,0,0,0,0,0,0,0,0,0,0,0,0,0,0,0,0,0,0,0,0,0,0,0,0,0,0,0,0,0,0,0,0,0,0,0,0,0,0,0,0,0,0,
