timestamp,Register,raw_uint16,raw_int16,hex,tier,name,interpreted,bin16,u8_hi,u8_lo,i8_hi,i8_lo,ascii_be,ascii_le,bcd,div10,div100,div1000,u32_next_be,u32_next_le,i32_next_be,i32_next_le,f32_next_be,f32_next_le
2026-08-21 16:05:37,30001,65524,-12,0xFFF4,OK,bat_sample_power,-12 W,1111111111110100,255,244,-1,-12,··,··,-,6552.4,655.24,65.524,,,,,,
2026-08-21 16:05:38,30005,4,4,0x0004,OK,off_grid_volt,0.400 V,0000000000000100,0,4,0,4,··,··,0004,0.4,0.04,0.004,,,,,,
2026-08-21 16:05:38,30007,0,0,0x0000,OK,off_grid_power,0 W,0000000000000000,0,0,0,0,··,··,0000,0.0,0.00,0.000,,,,,,
2026-08-21 16:05:38,30200,150,150,0x0096,OK,ems_ver,150,0000000010010110,0,150,0,-106,··,··,0096,15.0,1.50,0.150,9830418,1179798,9830418,1179798,-,-
2026-08-21 16:05:38,30201,18,18,0x0012,OK,ems_boot_ver,,0000000000010010,0,18,0,18,··,··,0012,1.8,0.18,0.018,1179764,7602194,1179764,7602194,-,-
2026-08-21 16:05:38,30202,116,116,0x0074,OK,vns_ver,116,0000000001110100,0,116,0,116,·t,t·,0074,11.6,1.16,0.116,,,,,,
2026-08-21 16:05:38,30204,117,117,0x0075,OK,bms_ver,117,0000000001110101,0,117,0,117,·u,u·,0075,11.7,1.17,0.117,7667816,6815861,7667816,6815861,-,-
2026-08-21 16:05:38,30205,104,104,0x0068,OK,mppt_ver,104,0000000001101000,0,104,0,104,·h,h·,0068,10.4,1.04,0.104,,,,,,
2026-08-21 16:05:38,30350,12848,12848,0x3230,OK,comm_module_firmware,,0011001000110000,50,48,50,48,20,02,3230,1284.8,128.48,12.848,842019380,842281520,842019380,842281520,-,-
2026-08-21 16:05:38,30351,12852,12852,0x3234,OK,comm_module_firmware[2],,0011001000110100,50,52,50,52,24,42,3234,1285.2,128.52,12.852,842281017,809054772,842281017,809054772,-,-
2026-08-21 16:05:38,30352,12345,12345,0x3039,OK,comm_module_firmware[3],,0011000000111001,48,57,48,57,09,90,3039,1234.5,123.45,12.345,809054265,809054265,809054265,809054265,-,-
2026-08-21 16:05:38,30353,12345,12345,0x3039,OK,comm_module_firmware[4],,0011000000111001,48,57,48,57,09,90,3039,1234.5,123.45,12.345,809054257,808529977,809054257,808529977,-,-
2026-08-21 16:05:38,30354,12337,12337,0x3031,OK,comm_module_firmware[5],,0011000000110001,48,49,48,49,01,10,3031,1233.7,123.37,12.337,808531257,892940337,808531257,892940337,-,-
2026-08-21 16:05:38,30355,13625,13625,0x3539,OK,comm_module_firmware[6],,0011010100111001,53,57,53,57,59,95,3539,1362.5,136.25,13.625,,,,,,
2026-08-21 16:05:38,32100,5336,5336,0x14D8,OK,bms_battery_voltage,53.360 V,0001010011011000,20,216,20,-40,··,··,-,533.6,53.36,5.336,,,,,,
2026-08-21 16:05:39,32104,67,67,0x0043,OK,bms_soc,67 %,0000000001000011,0,67,0,67,·C,C·,0043,6.7,0.67,0.067,,,,,,
2026-08-21 16:05:39,34000,5256,5256,0x1488,OK,pack1_bat_volt,52.560 V,0001010010001000,20,136,20,-120,··,··,1488,525.6,52.56,5.256,,,,,,
2026-08-21 16:05:39,34002,477,477,0x01DD,OK,pack1_soc,47.700 %,0000000111011101,1,221,1,-35,··,··,-,47.7,4.77,0.477,31260672,477,31260672,477,-,-
2026-08-21 16:05:39,34003,0,0,0x0000,OK,pack1_cycle_count,0,0000000000000000,0,0,0,0,··,··,0000,0.0,0.00,0.000,3,196608,3,196608,-,-
2026-08-21 16:05:39,34004,3,3,0x0003,VERM,Verm: pack1_mos_status,3,0000000000000011,0,3,0,3,··,··,0003,0.3,0.03,0.003,,,,,,
2026-08-21 16:05:39,34007,0,0,0x0000,OK,pack1_protect1,,0000000000000000,0,0,0,0,··,··,0000,0.0,0.00,0.000,16384,1073741824,16384,1073741824,-,2
2026-08-21 16:05:39,34008,16384,16384,0x4000,OK,pack1_protect2,0x4000,0100000000000000,64,0,64,0,@·,·@,4000,1638.4,163.84,16.384,,,,,,
2026-08-21 16:05:39,34010,117,117,0x0075,OK,pack1_bms_version,117,0000000001110101,0,117,0,117,·u,u·,0075,11.7,1.17,0.117,,,,,,
2026-08-21 16:05:39,34100,5329,5329,0x14D1,OK,pack2_bat_volt,53.290 V,0001010011010001,20,209,20,-47,··,··,-,532.9,53.29,5.329,,,,,,
2026-08-21 16:05:40,34102,702,702,0x02BE,VERM,Verm: pack2_soc,70.200 %,0000001010111110,2,190,2,-66,··,··,-,70.2,7.02,0.702,46006285,852670,46006285,852670,-,-
2026-08-21 16:05:40,34103,13,13,0x000D,OK,pack2_cycle_count,13,0000000000001101,0,13,0,13,··,··,-,1.3,0.13,0.013,851968,13,851968,13,-,-
2026-08-21 16:05:40,34104,0,0,0x0000,VERM,Verm: pack2_mos_status,0,0000000000000000,0,0,0,0,··,··,0000,0.0,0.00,0.000,,,,,,
2026-08-21 16:05:40,34107,0,0,0x0000,OK,pack2_protect1,,0000000000000000,0,0,0,0,··,··,0000,0.0,0.00,0.000,0,0,0,0,0,0
2026-08-21 16:05:40,34108,0,0,0x0000,OK,pack2_protect2,0x0000,0000000000000000,0,0,0,0,··,··,0000,0.0,0.00,0.000,,,,,,
2026-08-21 16:05:40,34110,118,118,0x0076,OK,pack2_bms_version,118,0000000001110110,0,118,0,118,·v,v·,0076,11.8,1.18,0.118,,,,,,
2026-08-21 16:05:40,34200,5334,5334,0x14D6,OK,pack3_bat_volt,53.340 V,0001010011010110,20,214,20,-42,··,··,-,533.4,53.34,5.334,,,,,,
2026-08-21 16:05:40,34202,796,796,0x031C,VERM,Verm: pack3_soc,79.600 %,0000001100011100,3,28,3,28,··,··,-,79.6,7.96,0.796,52166675,1245980,52166675,1245980,-,-
2026-08-21 16:05:40,34203,19,19,0x0013,OK,pack3_cycle_count,19,0000000000010011,0,19,0,19,··,··,0013,1.9,0.19,0.019,1245184,19,1245184,19,-,-
2026-08-21 16:05:40,34204,0,0,0x0000,VERM,Verm: pack3_mos_status,0,0000000000000000,0,0,0,0,··,··,0000,0.0,0.00,0.000,,,,,,
2026-08-21 16:05:40,34207,0,0,0x0000,OK,pack3_protect1,,0000000000000000,0,0,0,0,··,··,0000,0.0,0.00,0.000,0,0,0,0,0,0
2026-08-21 16:05:40,34208,0,0,0x0000,OK,pack3_protect2,0x0000,0000000000000000,0,0,0,0,··,··,0000,0.0,0.00,0.000,,,,,,
2026-08-21 16:05:41,34210,118,118,0x0076,OK,pack3_bms_version,118,0000000001110110,0,118,0,118,·v,v·,0076,11.8,1.18,0.118,,,,,,
2026-08-21 16:05:41,34300,5278,5278,0x149E,OK,pack4_bat_volt,52.780 V,0001010010011110,20,158,20,-98,··,··,-,527.8,52.78,5.278,,,,,,
2026-08-21 16:05:41,34302,694,694,0x02B6,VERM,Verm: pack4_soc,69.400 %,0000001010110110,2,182,2,-74,··,··,-,69.4,6.94,0.694,45482003,1245878,45482003,1245878,-,-
2026-08-21 16:05:41,34303,19,19,0x0013,OK,pack4_cycle_count,19,0000000000010011,0,19,0,19,··,··,0013,1.9,0.19,0.019,1245184,19,1245184,19,-,-
2026-08-21 16:05:41,34304,0,0,0x0000,VERM,Verm: pack4_mos_status,0,0000000000000000,0,0,0,0,··,··,0000,0.0,0.00,0.000,,,,,,
2026-08-21 16:05:41,34307,0,0,0x0000,OK,pack4_protect1,,0000000000000000,0,0,0,0,··,··,0000,0.0,0.00,0.000,0,0,0,0,0,0
2026-08-21 16:05:41,34308,0,0,0x0000,OK,pack4_protect2,0x0000,0000000000000000,0,0,0,0,··,··,0000,0.0,0.00,0.000,,,,,,
2026-08-21 16:05:41,34310,118,118,0x0076,OK,pack4_bms_version,118,0000000001110110,0,118,0,118,·v,v·,0076,11.8,1.18,0.118,,,,,,
2026-08-21 16:05:41,34400,5336,5336,0x14D8,OK,pack5_bat_volt,53.360 V,0001010011011000,20,216,20,-40,··,··,-,533.6,53.36,5.336,,,,,,
2026-08-21 16:05:41,34402,695,695,0x02B7,VERM,Verm: pack5_soc,69.500 %,0000001010110111,2,183,2,-73,··,··,-,69.5,6.95,0.695,45547582,4063927,45547582,4063927,-,-
2026-08-21 16:05:41,34403,62,62,0x003E,OK,pack5_cycle_count,62,0000000000111110,0,62,0,62,·>,>·,-,6.2,0.62,0.062,4063232,62,4063232,62,-,-
2026-08-21 16:05:41,34404,0,0,0x0000,VERM,Verm: pack5_mos_status,0,0000000000000000,0,0,0,0,··,··,0000,0.0,0.00,0.000,,,,,,
2026-08-21 16:05:42,34407,0,0,0x0000,OK,pack5_protect1,,0000000000000000,0,0,0,0,··,··,0000,0.0,0.00,0.000,0,0,0,0,0,0
2026-08-21 16:05:42,34408,0,0,0x0000,OK,pack5_protect2,0x0000,0000000000000000,0,0,0,0,··,··,0000,0.0,0.00,0.000,,,,,,
2026-08-21 16:05:42,34410,118,118,0x0076,OK,pack5_bms_version,118,0000000001110110,0,118,0,118,·v,v·,0076,11.8,1.18,0.118,,,,,,
2026-08-21 16:05:42,34500,5335,5335,0x14D7,OK,pack6_bat_volt,53.350 V,0001010011010111,20,215,20,-41,··,··,-,533.5,53.35,5.335,,,,,,
2026-08-21 16:05:42,34502,695,695,0x02B7,VERM,Verm: pack6_soc,69.500 %,0000001010110111,2,183,2,-73,··,··,-,69.5,6.95,0.695,45547576,3670711,45547576,3670711,-,-
2026-08-21 16:05:42,34503,56,56,0x0038,OK,pack6_cycle_count,56,0000000000111000,0,56,0,56,·8,8·,0038,5.6,0.56,0.056,3670016,56,3670016,56,-,-
2026-08-21 16:05:42,34504,0,0,0x0000,VERM,Verm: pack6_mos_status,0,0000000000000000,0,0,0,0,··,··,0000,0.0,0.00,0.000,,,,,,
2026-08-21 16:05:42,34507,0,0,0x0000,OK,pack6_protect1,,0000000000000000,0,0,0,0,··,··,0000,0.0,0.00,0.000,0,0,0,0,0,0
2026-08-21 16:05:42,34508,0,0,0x0000,OK,pack6_protect2,0x0000,0000000000000000,0,0,0,0,··,··,0000,0.0,0.00,0.000,,,,,,
2026-08-21 16:05:42,34510,118,118,0x0076,OK,pack6_bms_version,118,0000000001110110,0,118,0,118,·v,v·,0076,11.8,1.18,0.118,,,,,,
2026-08-21 16:05:43,36000,0,0,0x0000,OK,warn_code,0x0000,0000000000000000,0,0,0,0,··,··,0000,0.0,0.00,0.000,0,0,0,0,0,0
2026-08-21 16:05:43,36001,0,0,0x0000,OK,warn_code_w2,0x0000,0000000000000000,0,0,0,0,··,··,0000,0.0,0.00,0.000,,,,,,
2026-08-21 16:05:43,36100,32,32,0x0020,OK,error_code1,0x0020,0000000000100000,0,32,0,32,· , ·,0020,3.2,0.32,0.032,2097152,32,2097152,32,-,-
2026-08-21 16:05:43,36101,0,0,0x0000,OK,error_code1_w2,0x0000,0000000000000000,0,0,0,0,··,··,0000,0.0,0.00,0.000,0,0,0,0,0,0
2026-08-21 16:05:43,36102,0,0,0x0000,OK,error_code2,0x0000,0000000000000000,0,0,0,0,··,··,0000,0.0,0.00,0.000,0,0,0,0,0,0
2026-08-21 16:05:43,36103,0,0,0x0000,OK,error_code2_w2,0x0000,0000000000000000,0,0,0,0,··,··,0000,0.0,0.00,0.000,,,,,,
2026-08-21 16:05:43,37023,0,0,0x0000,OK,mppt_error,,0000000000000000,0,0,0,0,··,··,0000,0.0,0.00,0.000,0,0,0,0,0,0
2026-08-21 16:05:43,37024,0,0,0x0000,OK,mppt_warning,,0000000000000000,0,0,0,0,··,··,0000,0.0,0.00,0.000,,,,,,
2026-08-21 16:05:43,41200,0,0,0x0000,OK,backup_ups_enable,,0000000000000000,0,0,0,0,··,··,0000,0.0,0.00,0.000,,,,,,
2026-08-21 16:05:43,42000,21947,21947,0x55BB,OK,update_mode_status,0x55BB,0101010110111011,85,187,85,-69,U·,·U,-,2194.7,219.47,21.947,,,,,,
2026-08-21 16:06:43,30001,65524,-12,0xFFF4,OK,bat_sample_power,-12 W,1111111111110100,255,244,-1,-12,··,··,-,6552.4,655.24,65.524,,,,,,
2026-08-21 16:06:44,30005,5,5,0x0005,OK,off_grid_volt,0.500 V,0000000000000101,0,5,0,5,··,··,0005,0.5,0.05,0.005,,,,,,
2026-08-21 16:06:44,30007,0,0,0x0000,OK,off_grid_power,0 W,0000000000000000,0,0,0,0,··,··,0000,0.0,0.00,0.000,,,,,,
2026-08-21 16:06:44,30200,150,150,0x0096,OK,ems_ver,150,0000000010010110,0,150,0,-106,··,··,0096,15.0,1.50,0.150,9830418,1179798,9830418,1179798,-,-
2026-08-21 16:06:44,30201,18,18,0x0012,OK,ems_boot_ver,,0000000000010010,0,18,0,18,··,··,0012,1.8,0.18,0.018,1179764,7602194,1179764,7602194,-,-
2026-08-21 16:06:44,30202,116,116,0x0074,OK,vns_ver,116,0000000001110100,0,116,0,116,·t,t·,0074,11.6,1.16,0.116,,,,,,
2026-08-21 16:06:44,30204,117,117,0x0075,OK,bms_ver,117,0000000001110101,0,117,0,117,·u,u·,0075,11.7,1.17,0.117,7667816,6815861,7667816,6815861,-,-
2026-08-21 16:06:44,30205,104,104,0x0068,OK,mppt_ver,104,0000000001101000,0,104,0,104,·h,h·,0068,10.4,1.04,0.104,,,,,,
2026-08-21 16:06:44,30350,12848,12848,0x3230,OK,comm_module_firmware,,0011001000110000,50,48,50,48,20,02,3230,1284.8,128.48,12.848,842019380,842281520,842019380,842281520,-,-
2026-08-21 16:06:44,30351,12852,12852,0x3234,OK,comm_module_firmware[2],,0011001000110100,50,52,50,52,24,42,3234,1285.2,128.52,12.852,842281017,809054772,842281017,809054772,-,-
2026-08-21 16:06:44,30352,12345,12345,0x3039,OK,comm_module_firmware[3],,0011000000111001,48,57,48,57,09,90,3039,1234.5,123.45,12.345,809054265,809054265,809054265,809054265,-,-
2026-08-21 16:06:44,30353,12345,12345,0x3039,OK,comm_module_firmware[4],,0011000000111001,48,57,48,57,09,90,3039,1234.5,123.45,12.345,809054257,808529977,809054257,808529977,-,-
2026-08-21 16:06:44,30354,12337,12337,0x3031,OK,comm_module_firmware[5],,0011000000110001,48,49,48,49,01,10,3031,1233.7,123.37,12.337,808531257,892940337,808531257,892940337,-,-
2026-08-21 16:06:44,30355,13625,13625,0x3539,OK,comm_module_firmware[6],,0011010100111001,53,57,53,57,59,95,3539,1362.5,136.25,13.625,,,,,,
2026-08-21 16:06:44,32100,5336,5336,0x14D8,OK,bms_battery_voltage,53.360 V,0001010011011000,20,216,20,-40,··,··,-,533.6,53.36,5.336,,,,,,
2026-08-21 16:06:45,32104,67,67,0x0043,OK,bms_soc,67 %,0000000001000011,0,67,0,67,·C,C·,0043,6.7,0.67,0.067,,,,,,
2026-08-21 16:06:45,34000,5256,5256,0x1488,OK,pack1_bat_volt,52.560 V,0001010010001000,20,136,20,-120,··,··,1488,525.6,52.56,5.256,,,,,,
2026-08-21 16:06:45,34002,477,477,0x01DD,OK,pack1_soc,47.700 %,0000000111011101,1,221,1,-35,··,··,-,47.7,4.77,0.477,31260672,477,31260672,477,-,-
2026-08-21 16:06:45,34003,0,0,0x0000,OK,pack1_cycle_count,0,0000000000000000,0,0,0,0,··,··,0000,0.0,0.00,0.000,3,196608,3,196608,-,-
2026-08-21 16:06:45,34004,3,3,0x0003,VERM,Verm: pack1_mos_status,3,0000000000000011,0,3,0,3,··,··,0003,0.3,0.03,0.003,,,,,,
2026-08-21 16:06:45,34007,0,0,0x0000,OK,pack1_protect1,,0000000000000000,0,0,0,0,··,··,0000,0.0,0.00,0.000,16384,1073741824,16384,1073741824,-,2
2026-08-21 16:06:45,34008,16384,16384,0x4000,OK,pack1_protect2,0x4000,0100000000000000,64,0,64,0,@·,·@,4000,1638.4,163.84,16.384,,,,,,
2026-08-21 16:06:45,34010,117,117,0x0075,OK,pack1_bms_version,117,0000000001110101,0,117,0,117,·u,u·,0075,11.7,1.17,0.117,,,,,,
2026-08-21 16:06:45,34100,5328,5328,0x14D0,OK,pack2_bat_volt,53.280 V,0001010011010000,20,208,20,-48,··,··,-,532.8,53.28,5.328,,,,,,
2026-08-21 16:06:45,34102,702,702,0x02BE,VERM,Verm: pack2_soc,70.200 %,0000001010111110,2,190,2,-66,··,··,-,70.2,7.02,0.702,46006285,852670,46006285,852670,-,-
2026-08-21 16:06:45,34103,13,13,0x000D,OK,pack2_cycle_count,13,0000000000001101,0,13,0,13,··,··,-,1.3,0.13,0.013,851968,13,851968,13,-,-
2026-08-21 16:06:45,34104,0,0,0x0000,VERM,Verm: pack2_mos_status,0,0000000000000000,0,0,0,0,··,··,0000,0.0,0.00,0.000,,,,,,
2026-08-21 16:06:46,34107,0,0,0x0000,OK,pack2_protect1,,0000000000000000,0,0,0,0,··,··,0000,0.0,0.00,0.000,0,0,0,0,0,0
2026-08-21 16:06:46,34108,0,0,0x0000,OK,pack2_protect2,0x0000,0000000000000000,0,0,0,0,··,··,0000,0.0,0.00,0.000,,,,,,
2026-08-21 16:06:46,34110,118,118,0x0076,OK,pack2_bms_version,118,0000000001110110,0,118,0,118,·v,v·,0076,11.8,1.18,0.118,,,,,,
2026-08-21 16:06:46,34200,5333,5333,0x14D5,OK,pack3_bat_volt,53.330 V,0001010011010101,20,213,20,-43,··,··,-,533.3,53.33,5.333,,,,,,
2026-08-21 16:06:46,34202,796,796,0x031C,VERM,Verm: pack3_soc,79.600 %,0000001100011100,3,28,3,28,··,··,-,79.6,7.96,0.796,52166675,1245980,52166675,1245980,-,-
2026-08-21 16:06:46,34203,19,19,0x0013,OK,pack3_cycle_count,19,0000000000010011,0,19,0,19,··,··,0013,1.9,0.19,0.019,1245184,19,1245184,19,-,-
2026-08-21 16:06:46,34204,0,0,0x0000,VERM,Verm: pack3_mos_status,0,0000000000000000,0,0,0,0,··,··,0000,0.0,0.00,0.000,,,,,,
2026-08-21 16:06:46,34207,0,0,0x0000,OK,pack3_protect1,,0000000000000000,0,0,0,0,··,··,0000,0.0,0.00,0.000,0,0,0,0,0,0
2026-08-21 16:06:46,34208,0,0,0x0000,OK,pack3_protect2,0x0000,0000000000000000,0,0,0,0,··,··,0000,0.0,0.00,0.000,,,,,,
2026-08-21 16:06:46,34210,118,118,0x0076,OK,pack3_bms_version,118,0000000001110110,0,118,0,118,·v,v·,0076,11.8,1.18,0.118,,,,,,
2026-08-21 16:06:47,34300,5277,5277,0x149D,OK,pack4_bat_volt,52.770 V,0001010010011101,20,157,20,-99,··,··,-,527.7,52.77,5.277,,,,,,
2026-08-21 16:06:47,34302,694,694,0x02B6,VERM,Verm: pack4_soc,69.400 %,0000001010110110,2,182,2,-74,··,··,-,69.4,6.94,0.694,45482003,1245878,45482003,1245878,-,-
2026-08-21 16:06:47,34303,19,19,0x0013,OK,pack4_cycle_count,19,0000000000010011,0,19,0,19,··,··,0013,1.9,0.19,0.019,1245184,19,1245184,19,-,-
2026-08-21 16:06:47,34304,0,0,0x0000,VERM,Verm: pack4_mos_status,0,0000000000000000,0,0,0,0,··,··,0000,0.0,0.00,0.000,,,,,,
2026-08-21 16:06:47,34307,0,0,0x0000,OK,pack4_protect1,,0000000000000000,0,0,0,0,··,··,0000,0.0,0.00,0.000,0,0,0,0,0,0
2026-08-21 16:06:47,34308,0,0,0x0000,OK,pack4_protect2,0x0000,0000000000000000,0,0,0,0,··,··,0000,0.0,0.00,0.000,,,,,,
2026-08-21 16:06:47,34310,118,118,0x0076,OK,pack4_bms_version,118,0000000001110110,0,118,0,118,·v,v·,0076,11.8,1.18,0.118,,,,,,
2026-08-21 16:06:47,34400,5336,5336,0x14D8,OK,pack5_bat_volt,53.360 V,0001010011011000,20,216,20,-40,··,··,-,533.6,53.36,5.336,,,,,,
2026-08-21 16:06:47,34402,695,695,0x02B7,VERM,Verm: pack5_soc,69.500 %,0000001010110111,2,183,2,-73,··,··,-,69.5,6.95,0.695,45547582,4063927,45547582,4063927,-,-
2026-08-21 16:06:47,34403,62,62,0x003E,OK,pack5_cycle_count,62,0000000000111110,0,62,0,62,·>,>·,-,6.2,0.62,0.062,4063232,62,4063232,62,-,-
2026-08-21 16:06:47,34404,0,0,0x0000,VERM,Verm: pack5_mos_status,0,0000000000000000,0,0,0,0,··,··,0000,0.0,0.00,0.000,,,,,,
2026-08-21 16:06:48,34407,0,0,0x0000,OK,pack5_protect1,,0000000000000000,0,0,0,0,··,··,0000,0.0,0.00,0.000,0,0,0,0,0,0
2026-08-21 16:06:48,34408,0,0,0x0000,OK,pack5_protect2,0x0000,0000000000000000,0,0,0,0,··,··,0000,0.0,0.00,0.000,,,,,,
2026-08-21 16:06:48,34410,118,118,0x0076,OK,pack5_bms_version,118,0000000001110110,0,118,0,118,·v,v·,0076,11.8,1.18,0.118,,,,,,
2026-08-21 16:06:48,34500,5335,5335,0x14D7,OK,pack6_bat_volt,53.350 V,0001010011010111,20,215,20,-41,··,··,-,533.5,53.35,5.335,,,,,,
2026-08-21 16:06:48,34502,695,695,0x02B7,VERM,Verm: pack6_soc,69.500 %,0000001010110111,2,183,2,-73,··,··,-,69.5,6.95,0.695,45547576,3670711,45547576,3670711,-,-
2026-08-21 16:06:48,34503,56,56,0x0038,OK,pack6_cycle_count,56,0000000000111000,0,56,0,56,·8,8·,0038,5.6,0.56,0.056,3670016,56,3670016,56,-,-
2026-08-21 16:06:48,34504,0,0,0x0000,VERM,Verm: pack6_mos_status,0,0000000000000000,0,0,0,0,··,··,0000,0.0,0.00,0.000,,,,,,
2026-08-21 16:06:48,34507,0,0,0x0000,OK,pack6_protect1,,0000000000000000,0,0,0,0,··,··,0000,0.0,0.00,0.000,0,0,0,0,0,0
2026-08-21 16:06:48,34508,0,0,0x0000,OK,pack6_protect2,0x0000,0000000000000000,0,0,0,0,··,··,0000,0.0,0.00,0.000,,,,,,
2026-08-21 16:06:48,34510,118,118,0x0076,OK,pack6_bms_version,118,0000000001110110,0,118,0,118,·v,v·,0076,11.8,1.18,0.118,,,,,,
2026-08-21 16:06:49,36000,0,0,0x0000,OK,warn_code,0x0000,0000000000000000,0,0,0,0,··,··,0000,0.0,0.00,0.000,0,0,0,0,0,0
2026-08-21 16:06:49,36001,0,0,0x0000,OK,warn_code_w2,0x0000,0000000000000000,0,0,0,0,··,··,0000,0.0,0.00,0.000,,,,,,
2026-08-21 16:06:49,36100,32,32,0x0020,OK,error_code1,0x0020,0000000000100000,0,32,0,32,· , ·,0020,3.2,0.32,0.032,2097152,32,2097152,32,-,-
2026-08-21 16:06:49,36101,0,0,0x0000,OK,error_code1_w2,0x0000,0000000000000000,0,0,0,0,··,··,0000,0.0,0.00,0.000,0,0,0,0,0,0
2026-08-21 16:06:49,36102,0,0,0x0000,OK,error_code2,0x0000,0000000000000000,0,0,0,0,··,··,0000,0.0,0.00,0.000,0,0,0,0,0,0
2026-08-21 16:06:49,36103,0,0,0x0000,OK,error_code2_w2,0x0000,0000000000000000,0,0,0,0,··,··,0000,0.0,0.00,0.000,,,,,,
2026-08-21 16:06:49,37023,0,0,0x0000,OK,mppt_error,,0000000000000000,0,0,0,0,··,··,0000,0.0,0.00,0.000,0,0,0,0,0,0
2026-08-21 16:06:49,37024,0,0,0x0000,OK,mppt_warning,,0000000000000000,0,0,0,0,··,··,0000,0.0,0.00,0.000,,,,,,
2026-08-21 16:06:49,41200,0,0,0x0000,OK,backup_ups_enable,,0000000000000000,0,0,0,0,··,··,0000,0.0,0.00,0.000,,,,,,
2026-08-21 16:06:49,42000,21947,21947,0x55BB,OK,update_mode_status,0x55BB,0101010110111011,85,187,85,-69,U·,·U,-,2194.7,219.47,21.947,,,,,,
2026-08-21 16:07:49,30001,65524,-12,0xFFF4,OK,bat_sample_power,-12 W,1111111111110100,255,244,-1,-12,··,··,-,6552.4,655.24,65.524,,,,,,
2026-08-21 16:07:50,30005,4,4,0x0004,OK,off_grid_volt,0.400 V,0000000000000100,0,4,0,4,··,··,0004,0.4,0.04,0.004,,,,,,
2026-08-21 16:07:50,30007,0,0,0x0000,OK,off_grid_power,0 W,0000000000000000,0,0,0,0,··,··,0000,0.0,0.00,0.000,,,,,,
2026-08-21 16:07:50,30200,150,150,0x0096,OK,ems_ver,150,0000000010010110,0,150,0,-106,··,··,0096,15.0,1.50,0.150,9830418,1179798,9830418,1179798,-,-
2026-08-21 16:07:50,30201,18,18,0x0012,OK,ems_boot_ver,,0000000000010010,0,18,0,18,··,··,0012,1.8,0.18,0.018,1179764,7602194,1179764,7602194,-,-
2026-08-21 16:07:50,30202,116,116,0x0074,OK,vns_ver,116,0000000001110100,0,116,0,116,·t,t·,0074,11.6,1.16,0.116,,,,,,
2026-08-21 16:07:50,30204,117,117,0x0075,OK,bms_ver,117,0000000001110101,0,117,0,117,·u,u·,0075,11.7,1.17,0.117,7667816,6815861,7667816,6815861,-,-
2026-08-21 16:07:50,30205,104,104,0x0068,OK,mppt_ver,104,0000000001101000,0,104,0,104,·h,h·,0068,10.4,1.04,0.104,,,,,,
2026-08-21 16:07:50,30350,12848,12848,0x3230,OK,comm_module_firmware,,0011001000110000,50,48,50,48,20,02,3230,1284.8,128.48,12.848,842019380,842281520,842019380,842281520,-,-
2026-08-21 16:07:50,30351,12852,12852,0x3234,OK,comm_module_firmware[2],,0011001000110100,50,52,50,52,24,42,3234,1285.2,128.52,12.852,842281017,809054772,842281017,809054772,-,-
2026-08-21 16:07:50,30352,12345,12345,0x3039,OK,comm_module_firmware[3],,0011000000111001,48,57,48,57,09,90,3039,1234.5,123.45,12.345,809054265,809054265,809054265,809054265,-,-
2026-08-21 16:07:50,30353,12345,12345,0x3039,OK,comm_module_firmware[4],,0011000000111001,48,57,48,57,09,90,3039,1234.5,123.45,12.345,809054257,808529977,809054257,808529977,-,-
2026-08-21 16:07:50,30354,12337,12337,0x3031,OK,comm_module_firmware[5],,0011000000110001,48,49,48,49,01,10,3031,1233.7,123.37,12.337,808531257,892940337,808531257,892940337,-,-
2026-08-21 16:07:50,30355,13625,13625,0x3539,OK,comm_module_firmware[6],,0011010100111001,53,57,53,57,59,95,3539,1362.5,136.25,13.625,,,,,,
2026-08-21 16:07:50,32100,5336,5336,0x14D8,OK,bms_battery_voltage,53.360 V,0001010011011000,20,216,20,-40,··,··,-,533.6,53.36,5.336,,,,,,
2026-08-21 16:07:50,32104,67,67,0x0043,OK,bms_soc,67 %,0000000001000011,0,67,0,67,·C,C·,0043,6.7,0.67,0.067,,,,,,
2026-08-21 16:07:51,34000,5256,5256,0x1488,OK,pack1_bat_volt,52.560 V,0001010010001000,20,136,20,-120,··,··,1488,525.6,52.56,5.256,,,,,,
2026-08-21 16:07:51,34002,477,477,0x01DD,OK,pack1_soc,47.700 %,0000000111011101,1,221,1,-35,··,··,-,47.7,4.77,0.477,31260672,477,31260672,477,-,-
2026-08-21 16:07:51,34003,0,0,0x0000,OK,pack1_cycle_count,0,0000000000000000,0,0,0,0,··,··,0000,0.0,0.00,0.000,3,196608,3,196608,-,-
2026-08-21 16:07:51,34004,3,3,0x0003,VERM,Verm: pack1_mos_status,3,0000000000000011,0,3,0,3,··,··,0003,0.3,0.03,0.003,,,,,,
2026-08-21 16:07:51,34007,0,0,0x0000,OK,pack1_protect1,,0000000000000000,0,0,0,0,··,··,0000,0.0,0.00,0.000,16384,1073741824,16384,1073741824,-,2
2026-08-21 16:07:51,34008,16384,16384,0x4000,OK,pack1_protect2,0x4000,0100000000000000,64,0,64,0,@·,·@,4000,1638.4,163.84,16.384,,,,,,
2026-08-21 16:07:51,34010,117,117,0x0075,OK,pack1_bms_version,117,0000000001110101,0,117,0,117,·u,u·,0075,11.7,1.17,0.117,,,,,,
2026-08-21 16:07:51,34100,5329,5329,0x14D1,OK,pack2_bat_volt,53.290 V,0001010011010001,20,209,20,-47,··,··,-,532.9,53.29,5.329,,,,,,
2026-08-21 16:07:51,34102,702,702,0x02BE,VERM,Verm: pack2_soc,70.200 %,0000001010111110,2,190,2,-66,··,··,-,70.2,7.02,0.702,46006285,852670,46006285,852670,-,-
2026-08-21 16:07:51,34103,13,13,0x000D,OK,pack2_cycle_count,13,0000000000001101,0,13,0,13,··,··,-,1.3,0.13,0.013,851968,13,851968,13,-,-
2026-08-21 16:07:51,34104,0,0,0x0000,VERM,Verm: pack2_mos_status,0,0000000000000000,0,0,0,0,··,··,0000,0.0,0.00,0.000,,,,,,
2026-08-21 16:07:52,34107,0,0,0x0000,OK,pack2_protect1,,0000000000000000,0,0,0,0,··,··,0000,0.0,0.00,0.000,0,0,0,0,0,0
2026-08-21 16:07:52,34108,0,0,0x0000,OK,pack2_protect2,0x0000,0000000000000000,0,0,0,0,··,··,0000,0.0,0.00,0.000,,,,,,
2026-08-21 16:07:52,34110,118,118,0x0076,OK,pack2_bms_version,118,0000000001110110,0,118,0,118,·v,v·,0076,11.8,1.18,0.118,,,,,,
2026-08-21 16:07:52,34200,5333,5333,0x14D5,OK,pack3_bat_volt,53.330 V,0001010011010101,20,213,20,-43,··,··,-,533.3,53.33,5.333,,,,,,
2026-08-21 16:07:52,34202,796,796,0x031C,VERM,Verm: pack3_soc,79.600 %,0000001100011100,3,28,3,28,··,··,-,79.6,7.96,0.796,52166675,1245980,52166675,1245980,-,-
2026-08-21 16:07:52,34203,19,19,0x0013,OK,pack3_cycle_count,19,0000000000010011,0,19,0,19,··,··,0013,1.9,0.19,0.019,1245184,19,1245184,19,-,-
2026-08-21 16:07:52,34204,0,0,0x0000,VERM,Verm: pack3_mos_status,0,0000000000000000,0,0,0,0,··,··,0000,0.0,0.00,0.000,,,,,,
2026-08-21 16:07:52,34207,0,0,0x0000,OK,pack3_protect1,,0000000000000000,0,0,0,0,··,··,0000,0.0,0.00,0.000,0,0,0,0,0,0
2026-08-21 16:07:52,34208,0,0,0x0000,OK,pack3_protect2,0x0000,0000000000000000,0,0,0,0,··,··,0000,0.0,0.00,0.000,,,,,,
2026-08-21 16:07:52,34210,118,118,0x0076,OK,pack3_bms_version,118,0000000001110110,0,118,0,118,·v,v·,0076,11.8,1.18,0.118,,,,,,
2026-08-21 16:07:53,34300,5277,5277,0x149D,OK,pack4_bat_volt,52.770 V,0001010010011101,20,157,20,-99,··,··,-,527.7,52.77,5.277,,,,,,
2026-08-21 16:07:53,34302,694,694,0x02B6,VERM,Verm: pack4_soc,69.400 %,0000001010110110,2,182,2,-74,··,··,-,69.4,6.94,0.694,45482003,1245878,45482003,1245878,-,-
2026-08-21 16:07:53,34303,19,19,0x0013,OK,pack4_cycle_count,19,0000000000010011,0,19,0,19,··,··,0013,1.9,0.19,0.019,1245184,19,1245184,19,-,-
2026-08-21 16:07:53,34304,0,0,0x0000,VERM,Verm: pack4_mos_status,0,0000000000000000,0,0,0,0,··,··,0000,0.0,0.00,0.000,,,,,,
2026-08-21 16:07:53,34307,0,0,0x0000,OK,pack4_protect1,,0000000000000000,0,0,0,0,··,··,0000,0.0,0.00,0.000,0,0,0,0,0,0
2026-08-21 16:07:53,34308,0,0,0x0000,OK,pack4_protect2,0x0000,0000000000000000,0,0,0,0,··,··,0000,0.0,0.00,0.000,,,,,,
2026-08-21 16:07:53,34310,118,118,0x0076,OK,pack4_bms_version,118,0000000001110110,0,118,0,118,·v,v·,0076,11.8,1.18,0.118,,,,,,
2026-08-21 16:07:53,34400,5336,5336,0x14D8,OK,pack5_bat_volt,53.360 V,0001010011011000,20,216,20,-40,··,··,-,533.6,53.36,5.336,,,,,,
2026-08-21 16:07:53,34402,695,695,0x02B7,VERM,Verm: pack5_soc,69.500 %,0000001010110111,2,183,2,-73,··,··,-,69.5,6.95,0.695,45547582,4063927,45547582,4063927,-,-
2026-08-21 16:07:53,34403,62,62,0x003E,OK,pack5_cycle_count,62,0000000000111110,0,62,0,62,·>,>·,-,6.2,0.62,0.062,4063232,62,4063232,62,-,-
2026-08-21 16:07:53,34404,0,0,0x0000,VERM,Verm: pack5_mos_status,0,0000000000000000,0,0,0,0,··,··,0000,0.0,0.00,0.000,,,,,,
2026-08-21 16:07:54,34407,0,0,0x0000,OK,pack5_protect1,,0000000000000000,0,0,0,0,··,··,0000,0.0,0.00,0.000,0,0,0,0,0,0
2026-08-21 16:07:54,34408,0,0,0x0000,OK,pack5_protect2,0x0000,0000000000000000,0,0,0,0,··,··,0000,0.0,0.00,0.000,,,,,,
2026-08-21 16:07:54,34410,118,118,0x0076,OK,pack5_bms_version,118,0000000001110110,0,118,0,118,·v,v·,0076,11.8,1.18,0.118,,,,,,
2026-08-21 16:07:54,34500,5336,5336,0x14D8,OK,pack6_bat_volt,53.360 V,0001010011011000,20,216,20,-40,··,··,-,533.6,53.36,5.336,,,,,,
2026-08-21 16:07:54,34502,695,695,0x02B7,VERM,Verm: pack6_soc,69.500 %,0000001010110111,2,183,2,-73,··,··,-,69.5,6.95,0.695,45547576,3670711,45547576,3670711,-,-
2026-08-21 16:07:54,34503,56,56,0x0038,OK,pack6_cycle_count,56,0000000000111000,0,56,0,56,·8,8·,0038,5.6,0.56,0.056,3670016,56,3670016,56,-,-
2026-08-21 16:07:54,34504,0,0,0x0000,VERM,Verm: pack6_mos_status,0,0000000000000000,0,0,0,0,··,··,0000,0.0,0.00,0.000,,,,,,
2026-08-21 16:07:54,34507,0,0,0x0000,OK,pack6_protect1,,0000000000000000,0,0,0,0,··,··,0000,0.0,0.00,0.000,0,0,0,0,0,0
2026-08-21 16:07:54,34508,0,0,0x0000,OK,pack6_protect2,0x0000,0000000000000000,0,0,0,0,··,··,0000,0.0,0.00,0.000,,,,,,
2026-08-21 16:07:54,34510,118,118,0x0076,OK,pack6_bms_version,118,0000000001110110,0,118,0,118,·v,v·,0076,11.8,1.18,0.118,,,,,,
2026-08-21 16:07:54,36000,0,0,0x0000,OK,warn_code,0x0000,0000000000000000,0,0,0,0,··,··,0000,0.0,0.00,0.000,0,0,0,0,0,0
2026-08-21 16:07:54,36001,0,0,0x0000,OK,warn_code_w2,0x0000,0000000000000000,0,0,0,0,··,··,0000,0.0,0.00,0.000,,,,,,
2026-08-21 16:07:55,36100,32,32,0x0020,OK,error_code1,0x0020,0000000000100000,0,32,0,32,· , ·,0020,3.2,0.32,0.032,2097152,32,2097152,32,-,-
2026-08-21 16:07:55,36101,0,0,0x0000,OK,error_code1_w2,0x0000,0000000000000000,0,0,0,0,··,··,0000,0.0,0.00,0.000,0,0,0,0,0,0
2026-08-21 16:07:55,36102,0,0,0x0000,OK,error_code2,0x0000,0000000000000000,0,0,0,0,··,··,0000,0.0,0.00,0.000,0,0,0,0,0,0
2026-08-21 16:07:55,36103,0,0,0x0000,OK,error_code2_w2,0x0000,0000000000000000,0,0,0,0,··,··,0000,0.0,0.00,0.000,,,,,,
2026-08-21 16:07:55,37023,0,0,0x0000,OK,mppt_error,,0000000000000000,0,0,0,0,··,··,0000,0.0,0.00,0.000,0,0,0,0,0,0
2026-08-21 16:07:55,37024,0,0,0x0000,OK,mppt_warning,,0000000000000000,0,0,0,0,··,··,0000,0.0,0.00,0.000,,,,,,
2026-08-21 16:07:55,41200,0,0,0x0000,OK,backup_ups_enable,,0000000000000000,0,0,0,0,··,··,0000,0.0,0.00,0.000,,,,,,
2026-08-21 16:07:55,42000,21947,21947,0x55BB,OK,update_mode_status,0x55BB,0101010110111011,85,187,85,-69,U·,·U,-,2194.7,219.47,21.947,,,,,,
2026-08-21 16:08:55,30001,65524,-12,0xFFF4,OK,bat_sample_power,-12 W,1111111111110100,255,244,-1,-12,··,··,-,6552.4,655.24,65.524,,,,,,
2026-08-21 16:08:55,30005,3,3,0x0003,OK,off_grid_volt,0.300 V,0000000000000011,0,3,0,3,··,··,0003,0.3,0.03,0.003,,,,,,
2026-08-21 16:08:56,30007,0,0,0x0000,OK,off_grid_power,0 W,0000000000000000,0,0,0,0,··,··,0000,0.0,0.00,0.000,,,,,,
2026-08-21 16:08:56,30200,150,150,0x0096,OK,ems_ver,150,0000000010010110,0,150,0,-106,··,··,0096,15.0,1.50,0.150,9830418,1179798,9830418,1179798,-,-
2026-08-21 16:08:56,30201,18,18,0x0012,OK,ems_boot_ver,,0000000000010010,0,18,0,18,··,··,0012,1.8,0.18,0.018,1179764,7602194,1179764,7602194,-,-
2026-08-21 16:08:56,30202,116,116,0x0074,OK,vns_ver,116,0000000001110100,0,116,0,116,·t,t·,0074,11.6,1.16,0.116,,,,,,
2026-08-21 16:08:56,30204,117,117,0x0075,OK,bms_ver,117,0000000001110101,0,117,0,117,·u,u·,0075,11.7,1.17,0.117,7667816,6815861,7667816,6815861,-,-
2026-08-21 16:08:56,30205,104,104,0x0068,OK,mppt_ver,104,0000000001101000,0,104,0,104,·h,h·,0068,10.4,1.04,0.104,,,,,,
2026-08-21 16:08:56,30350,12848,12848,0x3230,OK,comm_module_firmware,,0011001000110000,50,48,50,48,20,02,3230,1284.8,128.48,12.848,842019380,842281520,842019380,842281520,-,-
2026-08-21 16:08:56,30351,12852,12852,0x3234,OK,comm_module_firmware[2],,0011001000110100,50,52,50,52,24,42,3234,1285.2,128.52,12.852,842281017,809054772,842281017,809054772,-,-
2026-08-21 16:08:56,30352,12345,12345,0x3039,OK,comm_module_firmware[3],,0011000000111001,48,57,48,57,09,90,3039,1234.5,123.45,12.345,809054265,809054265,809054265,809054265,-,-
2026-08-21 16:08:56,30353,12345,12345,0x3039,OK,comm_module_firmware[4],,0011000000111001,48,57,48,57,09,90,3039,1234.5,123.45,12.345,809054257,808529977,809054257,808529977,-,-
2026-08-21 16:08:56,30354,12337,12337,0x3031,OK,comm_module_firmware[5],,0011000000110001,48,49,48,49,01,10,3031,1233.7,123.37,12.337,808531257,892940337,808531257,892940337,-,-
2026-08-21 16:08:56,30355,13625,13625,0x3539,OK,comm_module_firmware[6],,0011010100111001,53,57,53,57,59,95,3539,1362.5,136.25,13.625,,,,,,
2026-08-21 16:08:56,32100,5336,5336,0x14D8,OK,bms_battery_voltage,53.360 V,0001010011011000,20,216,20,-40,··,··,-,533.6,53.36,5.336,,,,,,
2026-08-21 16:08:56,32104,67,67,0x0043,OK,bms_soc,67 %,0000000001000011,0,67,0,67,·C,C·,0043,6.7,0.67,0.067,,,,,,
2026-08-21 16:08:57,34000,5256,5256,0x1488,OK,pack1_bat_volt,52.560 V,0001010010001000,20,136,20,-120,··,··,1488,525.6,52.56,5.256,,,,,,
2026-08-21 16:08:57,34002,477,477,0x01DD,OK,pack1_soc,47.700 %,0000000111011101,1,221,1,-35,··,··,-,47.7,4.77,0.477,31260672,477,31260672,477,-,-
2026-08-21 16:08:57,34003,0,0,0x0000,OK,pack1_cycle_count,0,0000000000000000,0,0,0,0,··,··,0000,0.0,0.00,0.000,3,196608,3,196608,-,-
2026-08-21 16:08:57,34004,3,3,0x0003,VERM,Verm: pack1_mos_status,3,0000000000000011,0,3,0,3,··,··,0003,0.3,0.03,0.003,,,,,,
2026-08-21 16:08:57,34007,0,0,0x0000,OK,pack1_protect1,,0000000000000000,0,0,0,0,··,··,0000,0.0,0.00,0.000,16384,1073741824,16384,1073741824,-,2
2026-08-21 16:08:57,34008,16384,16384,0x4000,OK,pack1_protect2,0x4000,0100000000000000,64,0,64,0,@·,·@,4000,1638.4,163.84,16.384,,,,,,
2026-08-21 16:08:57,34010,117,117,0x0075,OK,pack1_bms_version,117,0000000001110101,0,117,0,117,·u,u·,0075,11.7,1.17,0.117,,,,,,
2026-08-21 16:08:57,34100,5328,5328,0x14D0,OK,pack2_bat_volt,53.280 V,0001010011010000,20,208,20,-48,··,··,-,532.8,53.28,5.328,,,,,,
2026-08-21 16:08:57,34102,702,702,0x02BE,VERM,Verm: pack2_soc,70.200 %,0000001010111110,2,190,2,-66,··,··,-,70.2,7.02,0.702,46006285,852670,46006285,852670,-,-
2026-08-21 16:08:57,34103,13,13,0x000D,OK,pack2_cycle_count,13,0000000000001101,0,13,0,13,··,··,-,1.3,0.13,0.013,851968,13,851968,13,-,-
2026-08-21 16:08:57,34104,0,0,0x0000,VERM,Verm: pack2_mos_status,0,0000000000000000,0,0,0,0,··,··,0000,0.0,0.00,0.000,,,,,,
2026-08-21 16:08:58,34107,0,0,0x0000,OK,pack2_protect1,,0000000000000000,0,0,0,0,··,··,0000,0.0,0.00,0.000,0,0,0,0,0,0
2026-08-21 16:08:58,34108,0,0,0x0000,OK,pack2_protect2,0x0000,0000000000000000,0,0,0,0,··,··,0000,0.0,0.00,0.000,,,,,,
2026-08-21 16:08:58,34110,118,118,0x0076,OK,pack2_bms_version,118,0000000001110110,0,118,0,118,·v,v·,0076,11.8,1.18,0.118,,,,,,
2026-08-21 16:08:58,34200,5334,5334,0x14D6,OK,pack3_bat_volt,53.340 V,0001010011010110,20,214,20,-42,··,··,-,533.4,53.34,5.334,,,,,,
2026-08-21 16:08:58,34202,796,796,0x031C,VERM,Verm: pack3_soc,79.600 %,0000001100011100,3,28,3,28,··,··,-,79.6,7.96,0.796,52166675,1245980,52166675,1245980,-,-
2026-08-21 16:08:58,34203,19,19,0x0013,OK,pack3_cycle_count,19,0000000000010011,0,19,0,19,··,··,0013,1.9,0.19,0.019,1245184,19,1245184,19,-,-
2026-08-21 16:08:58,34204,0,0,0x0000,VERM,Verm: pack3_mos_status,0,0000000000000000,0,0,0,0,··,··,0000,0.0,0.00,0.000,,,,,,
2026-08-21 16:08:58,34207,0,0,0x0000,OK,pack3_protect1,,0000000000000000,0,0,0,0,··,··,0000,0.0,0.00,0.000,0,0,0,0,0,0
2026-08-21 16:08:58,34208,0,0,0x0000,OK,pack3_protect2,0x0000,0000000000000000,0,0,0,0,··,··,0000,0.0,0.00,0.000,,,,,,
2026-08-21 16:08:58,34210,118,118,0x0076,OK,pack3_bms_version,118,0000000001110110,0,118,0,118,·v,v·,0076,11.8,1.18,0.118,,,,,,
2026-08-21 16:08:58,34300,5277,5277,0x149D,OK,pack4_bat_volt,52.770 V,0001010010011101,20,157,20,-99,··,··,-,527.7,52.77,5.277,,,,,,
2026-08-21 16:08:59,34302,694,694,0x02B6,VERM,Verm: pack4_soc,69.400 %,0000001010110110,2,182,2,-74,··,··,-,69.4,6.94,0.694,45482003,1245878,45482003,1245878,-,-
2026-08-21 16:08:59,34303,19,19,0x0013,OK,pack4_cycle_count,19,0000000000010011,0,19,0,19,··,··,0013,1.9,0.19,0.019,1245184,19,1245184,19,-,-
2026-08-21 16:08:59,34304,0,0,0x0000,VERM,Verm: pack4_mos_status,0,0000000000000000,0,0,0,0,··,··,0000,0.0,0.00,0.000,,,,,,
2026-08-21 16:08:59,34307,0,0,0x0000,OK,pack4_protect1,,0000000000000000,0,0,0,0,··,··,0000,0.0,0.00,0.000,0,0,0,0,0,0
2026-08-21 16:08:59,34308,0,0,0x0000,OK,pack4_protect2,0x0000,0000000000000000,0,0,0,0,··,··,0000,0.0,0.00,0.000,,,,,,
2026-08-21 16:08:59,34310,118,118,0x0076,OK,pack4_bms_version,118,0000000001110110,0,118,0,118,·v,v·,0076,11.8,1.18,0.118,,,,,,
2026-08-21 16:08:59,34400,5335,5335,0x14D7,OK,pack5_bat_volt,53.350 V,0001010011010111,20,215,20,-41,··,··,-,533.5,53.35,5.335,,,,,,
2026-08-21 16:08:59,34402,695,695,0x02B7,VERM,Verm: pack5_soc,69.500 %,0000001010110111,2,183,2,-73,··,··,-,69.5,6.95,0.695,45547582,4063927,45547582,4063927,-,-
2026-08-21 16:08:59,34403,62,62,0x003E,OK,pack5_cycle_count,62,0000000000111110,0,62,0,62,·>,>·,-,6.2,0.62,0.062,4063232,62,4063232,62,-,-
2026-08-21 16:08:59,34404,0,0,0x0000,VERM,Verm: pack5_mos_status,0,0000000000000000,0,0,0,0,··,··,0000,0.0,0.00,0.000,,,,,,
2026-08-21 16:08:59,34407,0,0,0x0000,OK,pack5_protect1,,0000000000000000,0,0,0,0,··,··,0000,0.0,0.00,0.000,0,0,0,0,0,0
2026-08-21 16:08:59,34408,0,0,0x0000,OK,pack5_protect2,0x0000,0000000000000000,0,0,0,0,··,··,0000,0.0,0.00,0.000,,,,,,
2026-08-21 16:09:00,34410,118,118,0x0076,OK,pack5_bms_version,118,0000000001110110,0,118,0,118,·v,v·,0076,11.8,1.18,0.118,,,,,,
2026-08-21 16:09:00,34500,5336,5336,0x14D8,OK,pack6_bat_volt,53.360 V,0001010011011000,20,216,20,-40,··,··,-,533.6,53.36,5.336,,,,,,
2026-08-21 16:09:00,34502,695,695,0x02B7,VERM,Verm: pack6_soc,69.500 %,0000001010110111,2,183,2,-73,··,··,-,69.5,6.95,0.695,45547576,3670711,45547576,3670711,-,-
2026-08-21 16:09:00,34503,56,56,0x0038,OK,pack6_cycle_count,56,0000000000111000,0,56,0,56,·8,8·,0038,5.6,0.56,0.056,3670016,56,3670016,56,-,-
2026-08-21 16:09:00,34504,0,0,0x0000,VERM,Verm: pack6_mos_status,0,0000000000000000,0,0,0,0,··,··,0000,0.0,0.00,0.000,,,,,,
2026-08-21 16:09:00,34507,0,0,0x0000,OK,pack6_protect1,,0000000000000000,0,0,0,0,··,··,0000,0.0,0.00,0.000,0,0,0,0,0,0
2026-08-21 16:09:00,34508,0,0,0x0000,OK,pack6_protect2,0x0000,0000000000000000,0,0,0,0,··,··,0000,0.0,0.00,0.000,,,,,,
2026-08-21 16:09:00,34510,118,118,0x0076,OK,pack6_bms_version,118,0000000001110110,0,118,0,118,·v,v·,0076,11.8,1.18,0.118,,,,,,
2026-08-21 16:09:00,36000,0,0,0x0000,OK,warn_code,0x0000,0000000000000000,0,0,0,0,··,··,0000,0.0,0.00,0.000,0,0,0,0,0,0
2026-08-21 16:09:00,36001,0,0,0x0000,OK,warn_code_w2,0x0000,0000000000000000,0,0,0,0,··,··,0000,0.0,0.00,0.000,,,,,,
2026-08-21 16:09:01,36100,32,32,0x0020,OK,error_code1,0x0020,0000000000100000,0,32,0,32,· , ·,0020,3.2,0.32,0.032,2097152,32,2097152,32,-,-
2026-08-21 16:09:01,36101,0,0,0x0000,OK,error_code1_w2,0x0000,0000000000000000,0,0,0,0,··,··,0000,0.0,0.00,0.000,0,0,0,0,0,0
2026-08-21 16:09:01,36102,0,0,0x0000,OK,error_code2,0x0000,0000000000000000,0,0,0,0,··,··,0000,0.0,0.00,0.000,0,0,0,0,0,0
2026-08-21 16:09:01,36103,0,0,0x0000,OK,error_code2_w2,0x0000,0000000000000000,0,0,0,0,··,··,0000,0.0,0.00,0.000,,,,,,
2026-08-21 16:09:01,37023,0,0,0x0000,OK,mppt_error,,0000000000000000,0,0,0,0,··,··,0000,0.0,0.00,0.000,0,0,0,0,0,0
2026-08-21 16:09:01,37024,0,0,0x0000,OK,mppt_warning,,0000000000000000,0,0,0,0,··,··,0000,0.0,0.00,0.000,,,,,,
2026-08-21 16:09:01,41200,0,0,0x0000,OK,backup_ups_enable,,0000000000000000,0,0,0,0,··,··,0000,0.0,0.00,0.000,,,,,,
2026-08-21 16:09:01,42000,21947,21947,0x55BB,OK,update_mode_status,0x55BB,0101010110111011,85,187,85,-69,U·,·U,-,2194.7,219.47,21.947,,,,,,
2026-08-21 16:10:01,30001,65524,-12,0xFFF4,OK,bat_sample_power,-12 W,1111111111110100,255,244,-1,-12,··,··,-,6552.4,655.24,65.524,,,,,,
2026-08-21 16:10:01,30005,5,5,0x0005,OK,off_grid_volt,0.500 V,0000000000000101,0,5,0,5,··,··,0005,0.5,0.05,0.005,,,,,,
2026-08-21 16:10:02,30007,0,0,0x0000,OK,off_grid_power,0 W,0000000000000000,0,0,0,0,··,··,0000,0.0,0.00,0.000,,,,,,
2026-08-21 16:10:02,30200,150,150,0x0096,OK,ems_ver,150,0000000010010110,0,150,0,-106,··,··,0096,15.0,1.50,0.150,9830418,1179798,9830418,1179798,-,-
2026-08-21 16:10:02,30201,18,18,0x0012,OK,ems_boot_ver,,0000000000010010,0,18,0,18,··,··,0012,1.8,0.18,0.018,1179764,7602194,1179764,7602194,-,-
2026-08-21 16:10:02,30202,116,116,0x0074,OK,vns_ver,116,0000000001110100,0,116,0,116,·t,t·,0074,11.6,1.16,0.116,,,,,,
2026-08-21 16:10:02,30204,117,117,0x0075,OK,bms_ver,117,0000000001110101,0,117,0,117,·u,u·,0075,11.7,1.17,0.117,7667816,6815861,7667816,6815861,-,-
2026-08-21 16:10:02,30205,104,104,0x0068,OK,mppt_ver,104,0000000001101000,0,104,0,104,·h,h·,0068,10.4,1.04,0.104,,,,,,
2026-08-21 16:10:02,30350,12848,12848,0x3230,OK,comm_module_firmware,,0011001000110000,50,48,50,48,20,02,3230,1284.8,128.48,12.848,842019380,842281520,842019380,842281520,-,-
2026-08-21 16:10:02,30351,12852,12852,0x3234,OK,comm_module_firmware[2],,0011001000110100,50,52,50,52,24,42,3234,1285.2,128.52,12.852,842281017,809054772,842281017,809054772,-,-
2026-08-21 16:10:02,30352,12345,12345,0x3039,OK,comm_module_firmware[3],,0011000000111001,48,57,48,57,09,90,3039,1234.5,123.45,12.345,809054265,809054265,809054265,809054265,-,-
2026-08-21 16:10:02,30353,12345,12345,0x3039,OK,comm_module_firmware[4],,0011000000111001,48,57,48,57,09,90,3039,1234.5,123.45,12.345,809054257,808529977,809054257,808529977,-,-
2026-08-21 16:10:02,30354,12337,12337,0x3031,OK,comm_module_firmware[5],,0011000000110001,48,49,48,49,01,10,3031,1233.7,123.37,12.337,808531257,892940337,808531257,892940337,-,-
2026-08-21 16:10:02,30355,13625,13625,0x3539,OK,comm_module_firmware[6],,0011010100111001,53,57,53,57,59,95,3539,1362.5,136.25,13.625,,,,,,
2026-08-21 16:10:02,32100,5336,5336,0x14D8,OK,bms_battery_voltage,53.360 V,0001010011011000,20,216,20,-40,··,··,-,533.6,53.36,5.336,,,,,,
2026-08-21 16:10:02,32104,67,67,0x0043,OK,bms_soc,67 %,0000000001000011,0,67,0,67,·C,C·,0043,6.7,0.67,0.067,,,,,,
2026-08-21 16:10:02,34000,5256,5256,0x1488,OK,pack1_bat_volt,52.560 V,0001010010001000,20,136,20,-120,··,··,1488,525.6,52.56,5.256,,,,,,
2026-08-21 16:10:03,34002,477,477,0x01DD,OK,pack1_soc,47.700 %,0000000111011101,1,221,1,-35,··,··,-,47.7,4.77,0.477,31260672,477,31260672,477,-,-
2026-08-21 16:10:03,34003,0,0,0x0000,OK,pack1_cycle_count,0,0000000000000000,0,0,0,0,··,··,0000,0.0,0.00,0.000,3,196608,3,196608,-,-
2026-08-21 16:10:03,34004,3,3,0x0003,VERM,Verm: pack1_mos_status,3,0000000000000011,0,3,0,3,··,··,0003,0.3,0.03,0.003,,,,,,
2026-08-21 16:10:03,34007,0,0,0x0000,OK,pack1_protect1,,0000000000000000,0,0,0,0,··,··,0000,0.0,0.00,0.000,16384,1073741824,16384,1073741824,-,2
2026-08-21 16:10:03,34008,16384,16384,0x4000,OK,pack1_protect2,0x4000,0100000000000000,64,0,64,0,@·,·@,4000,1638.4,163.84,16.384,,,,,,
2026-08-21 16:10:03,34010,117,117,0x0075,OK,pack1_bms_version,117,0000000001110101,0,117,0,117,·u,u·,0075,11.7,1.17,0.117,,,,,,
2026-08-21 16:10:03,34100,5328,5328,0x14D0,OK,pack2_bat_volt,53.280 V,0001010011010000,20,208,20,-48,··,··,-,532.8,53.28,5.328,,,,,,
2026-08-21 16:10:03,34102,702,702,0x02BE,VERM,Verm: pack2_soc,70.200 %,0000001010111110,2,190,2,-66,··,··,-,70.2,7.02,0.702,46006285,852670,46006285,852670,-,-
2026-08-21 16:10:03,34103,13,13,0x000D,OK,pack2_cycle_count,13,0000000000001101,0,13,0,13,··,··,-,1.3,0.13,0.013,851968,13,851968,13,-,-
2026-08-21 16:10:03,34104,0,0,0x0000,VERM,Verm: pack2_mos_status,0,0000000000000000,0,0,0,0,··,··,0000,0.0,0.00,0.000,,,,,,
2026-08-21 16:10:03,34107,0,0,0x0000,OK,pack2_protect1,,0000000000000000,0,0,0,0,··,··,0000,0.0,0.00,0.000,0,0,0,0,0,0
2026-08-21 16:10:03,34108,0,0,0x0000,OK,pack2_protect2,0x0000,0000000000000000,0,0,0,0,··,··,0000,0.0,0.00,0.000,,,,,,
2026-08-21 16:10:04,34110,118,118,0x0076,OK,pack2_bms_version,118,0000000001110110,0,118,0,118,·v,v·,0076,11.8,1.18,0.118,,,,,,
2026-08-21 16:10:04,34200,5334,5334,0x14D6,OK,pack3_bat_volt,53.340 V,0001010011010110,20,214,20,-42,··,··,-,533.4,53.34,5.334,,,,,,
2026-08-21 16:10:04,34202,796,796,0x031C,VERM,Verm: pack3_soc,79.600 %,0000001100011100,3,28,3,28,··,··,-,79.6,7.96,0.796,52166675,1245980,52166675,1245980,-,-
2026-08-21 16:10:04,34203,19,19,0x0013,OK,pack3_cycle_count,19,0000000000010011,0,19,0,19,··,··,0013,1.9,0.19,0.019,1245184,19,1245184,19,-,-
2026-08-21 16:10:04,34204,0,0,0x0000,VERM,Verm: pack3_mos_status,0,0000000000000000,0,0,0,0,··,··,0000,0.0,0.00,0.000,,,,,,
2026-08-21 16:10:04,34207,0,0,0x0000,OK,pack3_protect1,,0000000000000000,0,0,0,0,··,··,0000,0.0,0.00,0.000,0,0,0,0,0,0
2026-08-21 16:10:04,34208,0,0,0x0000,OK,pack3_protect2,0x0000,0000000000000000,0,0,0,0,··,··,0000,0.0,0.00,0.000,,,,,,
2026-08-21 16:10:04,34210,118,118,0x0076,OK,pack3_bms_version,118,0000000001110110,0,118,0,118,·v,v·,0076,11.8,1.18,0.118,,,,,,
2026-08-21 16:10:04,34300,5277,5277,0x149D,OK,pack4_bat_volt,52.770 V,0001010010011101,20,157,20,-99,··,··,-,527.7,52.77,5.277,,,,,,
2026-08-21 16:10:05,34302,694,694,0x02B6,VERM,Verm: pack4_soc,69.400 %,0000001010110110,2,182,2,-74,··,··,-,69.4,6.94,0.694,45482003,1245878,45482003,1245878,-,-
2026-08-21 16:10:05,34303,19,19,0x0013,OK,pack4_cycle_count,19,0000000000010011,0,19,0,19,··,··,0013,1.9,0.19,0.019,1245184,19,1245184,19,-,-
2026-08-21 16:10:05,34304,0,0,0x0000,VERM,Verm: pack4_mos_status,0,0000000000000000,0,0,0,0,··,··,0000,0.0,0.00,0.000,,,,,,
2026-08-21 16:10:05,34307,0,0,0x0000,OK,pack4_protect1,,0000000000000000,0,0,0,0,··,··,0000,0.0,0.00,0.000,0,0,0,0,0,0
2026-08-21 16:10:05,34308,0,0,0x0000,OK,pack4_protect2,0x0000,0000000000000000,0,0,0,0,··,··,0000,0.0,0.00,0.000,,,,,,
2026-08-21 16:10:05,34310,118,118,0x0076,OK,pack4_bms_version,118,0000000001110110,0,118,0,118,·v,v·,0076,11.8,1.18,0.118,,,,,,
2026-08-21 16:10:05,34400,5336,5336,0x14D8,OK,pack5_bat_volt,53.360 V,0001010011011000,20,216,20,-40,··,··,-,533.6,53.36,5.336,,,,,,
2026-08-21 16:10:05,34402,695,695,0x02B7,VERM,Verm: pack5_soc,69.500 %,0000001010110111,2,183,2,-73,··,··,-,69.5,6.95,0.695,45547582,4063927,45547582,4063927,-,-
2026-08-21 16:10:05,34403,62,62,0x003E,OK,pack5_cycle_count,62,0000000000111110,0,62,0,62,·>,>·,-,6.2,0.62,0.062,4063232,62,4063232,62,-,-
2026-08-21 16:10:05,34404,0,0,0x0000,VERM,Verm: pack5_mos_status,0,0000000000000000,0,0,0,0,··,··,0000,0.0,0.00,0.000,,,,,,
2026-08-21 16:10:05,34407,0,0,0x0000,OK,pack5_protect1,,0000000000000000,0,0,0,0,··,··,0000,0.0,0.00,0.000,0,0,0,0,0,0
2026-08-21 16:10:05,34408,0,0,0x0000,OK,pack5_protect2,0x0000,0000000000000000,0,0,0,0,··,··,0000,0.0,0.00,0.000,,,,,,
2026-08-21 16:10:06,34410,118,118,0x0076,OK,pack5_bms_version,118,0000000001110110,0,118,0,118,·v,v·,0076,11.8,1.18,0.118,,,,,,
2026-08-21 16:10:06,34500,5336,5336,0x14D8,OK,pack6_bat_volt,53.360 V,0001010011011000,20,216,20,-40,··,··,-,533.6,53.36,5.336,,,,,,
2026-08-21 16:10:06,34502,695,695,0x02B7,VERM,Verm: pack6_soc,69.500 %,0000001010110111,2,183,2,-73,··,··,-,69.5,6.95,0.695,45547576,3670711,45547576,3670711,-,-
2026-08-21 16:10:06,34503,56,56,0x0038,OK,pack6_cycle_count,56,0000000000111000,0,56,0,56,·8,8·,0038,5.6,0.56,0.056,3670016,56,3670016,56,-,-
2026-08-21 16:10:06,34504,0,0,0x0000,VERM,Verm: pack6_mos_status,0,0000000000000000,0,0,0,0,··,··,0000,0.0,0.00,0.000,,,,,,
2026-08-21 16:10:06,34507,0,0,0x0000,OK,pack6_protect1,,0000000000000000,0,0,0,0,··,··,0000,0.0,0.00,0.000,0,0,0,0,0,0
2026-08-21 16:10:06,34508,0,0,0x0000,OK,pack6_protect2,0x0000,0000000000000000,0,0,0,0,··,··,0000,0.0,0.00,0.000,,,,,,
2026-08-21 16:10:06,34510,118,118,0x0076,OK,pack6_bms_version,118,0000000001110110,0,118,0,118,·v,v·,0076,11.8,1.18,0.118,,,,,,
2026-08-21 16:10:06,36000,0,0,0x0000,OK,warn_code,0x0000,0000000000000000,0,0,0,0,··,··,0000,0.0,0.00,0.000,0,0,0,0,0,0
2026-08-21 16:10:06,36001,0,0,0x0000,OK,warn_code_w2,0x0000,0000000000000000,0,0,0,0,··,··,0000,0.0,0.00,0.000,,,,,,
2026-08-21 16:10:07,36100,32,32,0x0020,OK,error_code1,0x0020,0000000000100000,0,32,0,32,· , ·,0020,3.2,0.32,0.032,2097152,32,2097152,32,-,-
2026-08-21 16:10:07,36101,0,0,0x0000,OK,error_code1_w2,0x0000,0000000000000000,0,0,0,0,··,··,0000,0.0,0.00,0.000,0,0,0,0,0,0
2026-08-21 16:10:07,36102,0,0,0x0000,OK,error_code2,0x0000,0000000000000000,0,0,0,0,··,··,0000,0.0,0.00,0.000,0,0,0,0,0,0
2026-08-21 16:10:07,36103,0,0,0x0000,OK,error_code2_w2,0x0000,0000000000000000,0,0,0,0,··,··,0000,0.0,0.00,0.000,,,,,,
2026-08-21 16:10:07,37023,0,0,0x0000,OK,mppt_error,,0000000000000000,0,0,0,0,··,··,0000,0.0,0.00,0.000,0,0,0,0,0,0
2026-08-21 16:10:07,37024,0,0,0x0000,OK,mppt_warning,,0000000000000000,0,0,0,0,··,··,0000,0.0,0.00,0.000,,,,,,
2026-08-21 16:10:07,41200,0,0,0x0000,OK,backup_ups_enable,,0000000000000000,0,0,0,0,··,··,0000,0.0,0.00,0.000,,,,,,
2026-08-21 16:10:07,42000,21947,21947,0x55BB,OK,update_mode_status,0x55BB,0101010110111011,85,187,85,-69,U·,·U,-,2194.7,219.47,21.947,,,,,,
2026-08-21 16:11:07,30001,65524,-12,0xFFF4,OK,bat_sample_power,-12 W,1111111111110100,255,244,-1,-12,··,··,-,6552.4,655.24,65.524,,,,,,
2026-08-21 16:11:07,30005,6,6,0x0006,OK,off_grid_volt,0.600 V,0000000000000110,0,6,0,6,··,··,0006,0.6,0.06,0.006,,,,,,
2026-08-21 16:11:07,30007,0,0,0x0000,OK,off_grid_power,0 W,0000000000000000,0,0,0,0,··,··,0000,0.0,0.00,0.000,,,,,,
2026-08-21 16:11:08,30200,150,150,0x0096,OK,ems_ver,150,0000000010010110,0,150,0,-106,··,··,0096,15.0,1.50,0.150,9830418,1179798,9830418,1179798,-,-
2026-08-21 16:11:08,30201,18,18,0x0012,OK,ems_boot_ver,,0000000000010010,0,18,0,18,··,··,0012,1.8,0.18,0.018,1179764,7602194,1179764,7602194,-,-
2026-08-21 16:11:08,30202,116,116,0x0074,OK,vns_ver,116,0000000001110100,0,116,0,116,·t,t·,0074,11.6,1.16,0.116,,,,,,
2026-08-21 16:11:08,30204,117,117,0x0075,OK,bms_ver,117,0000000001110101,0,117,0,117,·u,u·,0075,11.7,1.17,0.117,7667816,6815861,7667816,6815861,-,-
2026-08-21 16:11:08,30205,104,104,0x0068,OK,mppt_ver,104,0000000001101000,0,104,0,104,·h,h·,0068,10.4,1.04,0.104,,,,,,
2026-08-21 16:11:08,30350,12848,12848,0x3230,OK,comm_module_firmware,,0011001000110000,50,48,50,48,20,02,3230,1284.8,128.48,12.848,842019380,842281520,842019380,842281520,-,-
2026-08-21 16:11:08,30351,12852,12852,0x3234,OK,comm_module_firmware[2],,0011001000110100,50,52,50,52,24,42,3234,1285.2,128.52,12.852,842281017,809054772,842281017,809054772,-,-
2026-08-21 16:11:08,30352,12345,12345,0x3039,OK,comm_module_firmware[3],,0011000000111001,48,57,48,57,09,90,3039,1234.5,123.45,12.345,809054265,809054265,809054265,809054265,-,-
2026-08-21 16:11:08,30353,12345,12345,0x3039,OK,comm_module_firmware[4],,0011000000111001,48,57,48,57,09,90,3039,1234.5,123.45,12.345,809054257,808529977,809054257,808529977,-,-
2026-08-21 16:11:08,30354,12337,12337,0x3031,OK,comm_module_firmware[5],,0011000000110001,48,49,48,49,01,10,3031,1233.7,123.37,12.337,808531257,892940337,808531257,892940337,-,-
2026-08-21 16:11:08,30355,13625,13625,0x3539,OK,comm_module_firmware[6],,0011010100111001,53,57,53,57,59,95,3539,1362.5,136.25,13.625,,,,,,
2026-08-21 16:11:08,32100,5336,5336,0x14D8,OK,bms_battery_voltage,53.360 V,0001010011011000,20,216,20,-40,··,··,-,533.6,53.36,5.336,,,,,,
2026-08-21 16:11:08,32104,67,67,0x0043,OK,bms_soc,67 %,0000000001000011,0,67,0,67,·C,C·,0043,6.7,0.67,0.067,,,,,,
2026-08-21 16:11:08,34000,5256,5256,0x1488,OK,pack1_bat_volt,52.560 V,0001010010001000,20,136,20,-120,··,··,1488,525.6,52.56,5.256,,,,,,
2026-08-21 16:11:09,34002,477,477,0x01DD,OK,pack1_soc,47.700 %,0000000111011101,1,221,1,-35,··,··,-,47.7,4.77,0.477,31260672,477,31260672,477,-,-
2026-08-21 16:11:09,34003,0,0,0x0000,OK,pack1_cycle_count,0,0000000000000000,0,0,0,0,··,··,0000,0.0,0.00,0.000,3,196608,3,196608,-,-
2026-08-21 16:11:09,34004,3,3,0x0003,VERM,Verm: pack1_mos_status,3,0000000000000011,0,3,0,3,··,··,0003,0.3,0.03,0.003,,,,,,
2026-08-21 16:11:09,34007,0,0,0x0000,OK,pack1_protect1,,0000000000000000,0,0,0,0,··,··,0000,0.0,0.00,0.000,16384,1073741824,16384,1073741824,-,2
2026-08-21 16:11:09,34008,16384,16384,0x4000,OK,pack1_protect2,0x4000,0100000000000000,64,0,64,0,@·,·@,4000,1638.4,163.84,16.384,,,,,,
2026-08-21 16:11:09,34010,117,117,0x0075,OK,pack1_bms_version,117,0000000001110101,0,117,0,117,·u,u·,0075,11.7,1.17,0.117,,,,,,
2026-08-21 16:11:09,34100,5328,5328,0x14D0,OK,pack2_bat_volt,53.280 V,0001010011010000,20,208,20,-48,··,··,-,532.8,53.28,5.328,,,,,,
2026-08-21 16:11:09,34102,702,702,0x02BE,VERM,Verm: pack2_soc,70.200 %,0000001010111110,2,190,2,-66,··,··,-,70.2,7.02,0.702,46006285,852670,46006285,852670,-,-
2026-08-21 16:11:09,34103,13,13,0x000D,OK,pack2_cycle_count,13,0000000000001101,0,13,0,13,··,··,-,1.3,0.13,0.013,851968,13,851968,13,-,-
2026-08-21 16:11:09,34104,0,0,0x0000,VERM,Verm: pack2_mos_status,0,0000000000000000,0,0,0,0,··,··,0000,0.0,0.00,0.000,,,,,,
2026-08-21 16:11:09,34107,0,0,0x0000,OK,pack2_protect1,,0000000000000000,0,0,0,0,··,··,0000,0.0,0.00,0.000,0,0,0,0,0,0
2026-08-21 16:11:09,34108,0,0,0x0000,OK,pack2_protect2,0x0000,0000000000000000,0,0,0,0,··,··,0000,0.0,0.00,0.000,,,,,,
2026-08-21 16:11:10,34110,118,118,0x0076,OK,pack2_bms_version,118,0000000001110110,0,118,0,118,·v,v·,0076,11.8,1.18,0.118,,,,,,
2026-08-21 16:11:10,34200,5334,5334,0x14D6,OK,pack3_bat_volt,53.340 V,0001010011010110,20,214,20,-42,··,··,-,533.4,53.34,5.334,,,,,,
2026-08-21 16:11:10,34202,796,796,0x031C,VERM,Verm: pack3_soc,79.600 %,0000001100011100,3,28,3,28,··,··,-,79.6,7.96,0.796,52166675,1245980,52166675,1245980,-,-
2026-08-21 16:11:10,34203,19,19,0x0013,OK,pack3_cycle_count,19,0000000000010011,0,19,0,19,··,··,0013,1.9,0.19,0.019,1245184,19,1245184,19,-,-
2026-08-21 16:11:10,34204,0,0,0x0000,VERM,Verm: pack3_mos_status,0,0000000000000000,0,0,0,0,··,··,0000,0.0,0.00,0.000,,,,,,
2026-08-21 16:11:10,34207,0,0,0x0000,OK,pack3_protect1,,0000000000000000,0,0,0,0,··,··,0000,0.0,0.00,0.000,0,0,0,0,0,0
2026-08-21 16:11:10,34208,0,0,0x0000,OK,pack3_protect2,0x0000,0000000000000000,0,0,0,0,··,··,0000,0.0,0.00,0.000,,,,,,
2026-08-21 16:11:10,34210,118,118,0x0076,OK,pack3_bms_version,118,0000000001110110,0,118,0,118,·v,v·,0076,11.8,1.18,0.118,,,,,,
2026-08-21 16:11:10,34300,5277,5277,0x149D,OK,pack4_bat_volt,52.770 V,0001010010011101,20,157,20,-99,··,··,-,527.7,52.77,5.277,,,,,,
2026-08-21 16:11:11,34302,694,694,0x02B6,VERM,Verm: pack4_soc,69.400 %,0000001010110110,2,182,2,-74,··,··,-,69.4,6.94,0.694,45482003,1245878,45482003,1245878,-,-
2026-08-21 16:11:11,34303,19,19,0x0013,OK,pack4_cycle_count,19,0000000000010011,0,19,0,19,··,··,0013,1.9,0.19,0.019,1245184,19,1245184,19,-,-
2026-08-21 16:11:11,34304,0,0,0x0000,VERM,Verm: pack4_mos_status,0,0000000000000000,0,0,0,0,··,··,0000,0.0,0.00,0.000,,,,,,
2026-08-21 16:11:11,34307,0,0,0x0000,OK,pack4_protect1,,0000000000000000,0,0,0,0,··,··,0000,0.0,0.00,0.000,0,0,0,0,0,0
2026-08-21 16:11:11,34308,0,0,0x0000,OK,pack4_protect2,0x0000,0000000000000000,0,0,0,0,··,··,0000,0.0,0.00,0.000,,,,,,
2026-08-21 16:11:11,34310,118,118,0x0076,OK,pack4_bms_version,118,0000000001110110,0,118,0,118,·v,v·,0076,11.8,1.18,0.118,,,,,,
2026-08-21 16:11:11,34400,5336,5336,0x14D8,OK,pack5_bat_volt,53.360 V,0001010011011000,20,216,20,-40,··,··,-,533.6,53.36,5.336,,,,,,
2026-08-21 16:11:11,34402,695,695,0x02B7,VERM,Verm: pack5_soc,69.500 %,0000001010110111,2,183,2,-73,··,··,-,69.5,6.95,0.695,45547582,4063927,45547582,4063927,-,-
2026-08-21 16:11:11,34403,62,62,0x003E,OK,pack5_cycle_count,62,0000000000111110,0,62,0,62,·>,>·,-,6.2,0.62,0.062,4063232,62,4063232,62,-,-
2026-08-21 16:11:11,34404,0,0,0x0000,VERM,Verm: pack5_mos_status,0,0000000000000000,0,0,0,0,··,··,0000,0.0,0.00,0.000,,,,,,
2026-08-21 16:11:11,34407,0,0,0x0000,OK,pack5_protect1,,0000000000000000,0,0,0,0,··,··,0000,0.0,0.00,0.000,0,0,0,0,0,0
2026-08-21 16:11:11,34408,0,0,0x0000,OK,pack5_protect2,0x0000,0000000000000000,0,0,0,0,··,··,0000,0.0,0.00,0.000,,,,,,
2026-08-21 16:11:11,34410,118,118,0x0076,OK,pack5_bms_version,118,0000000001110110,0,118,0,118,·v,v·,0076,11.8,1.18,0.118,,,,,,
2026-08-21 16:11:12,34500,5336,5336,0x14D8,OK,pack6_bat_volt,53.360 V,0001010011011000,20,216,20,-40,··,··,-,533.6,53.36,5.336,,,,,,
2026-08-21 16:11:12,34502,695,695,0x02B7,VERM,Verm: pack6_soc,69.500 %,0000001010110111,2,183,2,-73,··,··,-,69.5,6.95,0.695,45547576,3670711,45547576,3670711,-,-
2026-08-21 16:11:12,34503,56,56,0x0038,OK,pack6_cycle_count,56,0000000000111000,0,56,0,56,·8,8·,0038,5.6,0.56,0.056,3670016,56,3670016,56,-,-
2026-08-21 16:11:12,34504,0,0,0x0000,VERM,Verm: pack6_mos_status,0,0000000000000000,0,0,0,0,··,··,0000,0.0,0.00,0.000,,,,,,
2026-08-21 16:11:12,34507,0,0,0x0000,OK,pack6_protect1,,0000000000000000,0,0,0,0,··,··,0000,0.0,0.00,0.000,0,0,0,0,0,0
2026-08-21 16:11:12,34508,0,0,0x0000,OK,pack6_protect2,0x0000,0000000000000000,0,0,0,0,··,··,0000,0.0,0.00,0.000,,,,,,
2026-08-21 16:11:12,34510,118,118,0x0076,OK,pack6_bms_version,118,0000000001110110,0,118,0,118,·v,v·,0076,11.8,1.18,0.118,,,,,,
2026-08-21 16:11:12,36000,0,0,0x0000,OK,warn_code,0x0000,0000000000000000,0,0,0,0,··,··,0000,0.0,0.00,0.000,0,0,0,0,0,0
2026-08-21 16:11:12,36001,0,0,0x0000,OK,warn_code_w2,0x0000,0000000000000000,0,0,0,0,··,··,0000,0.0,0.00,0.000,,,,,,
2026-08-21 16:11:12,36100,32,32,0x0020,OK,error_code1,0x0020,0000000000100000,0,32,0,32,· , ·,0020,3.2,0.32,0.032,2097152,32,2097152,32,-,-
2026-08-21 16:11:12,36101,0,0,0x0000,OK,error_code1_w2,0x0000,0000000000000000,0,0,0,0,··,··,0000,0.0,0.00,0.000,0,0,0,0,0,0
2026-08-21 16:11:12,36102,0,0,0x0000,OK,error_code2,0x0000,0000000000000000,0,0,0,0,··,··,0000,0.0,0.00,0.000,0,0,0,0,0,0
2026-08-21 16:11:12,36103,0,0,0x0000,OK,error_code2_w2,0x0000,0000000000000000,0,0,0,0,··,··,0000,0.0,0.00,0.000,,,,,,
2026-08-21 16:11:13,37023,0,0,0x0000,OK,mppt_error,,0000000000000000,0,0,0,0,··,··,0000,0.0,0.00,0.000,0,0,0,0,0,0
2026-08-21 16:11:13,37024,0,0,0x0000,OK,mppt_warning,,0000000000000000,0,0,0,0,··,··,0000,0.0,0.00,0.000,,,,,,
2026-08-21 16:11:13,41200,0,0,0x0000,OK,backup_ups_enable,,0000000000000000,0,0,0,0,··,··,0000,0.0,0.00,0.000,,,,,,
2026-08-21 16:11:13,42000,21947,21947,0x55BB,OK,update_mode_status,0x55BB,0101010110111011,85,187,85,-69,U·,·U,-,2194.7,219.47,21.947,,,,,,
2026-08-21 16:12:13,30001,65524,-12,0xFFF4,OK,bat_sample_power,-12 W,1111111111110100,255,244,-1,-12,··,··,-,6552.4,655.24,65.524,,,,,,
2026-08-21 16:12:13,30005,6,6,0x0006,OK,off_grid_volt,0.600 V,0000000000000110,0,6,0,6,··,··,0006,0.6,0.06,0.006,,,,,,
2026-08-21 16:12:13,30007,0,0,0x0000,OK,off_grid_power,0 W,0000000000000000,0,0,0,0,··,··,0000,0.0,0.00,0.000,,,,,,
2026-08-21 16:12:14,30200,150,150,0x0096,OK,ems_ver,150,0000000010010110,0,150,0,-106,··,··,0096,15.0,1.50,0.150,9830418,1179798,9830418,1179798,-,-
2026-08-21 16:12:14,30201,18,18,0x0012,OK,ems_boot_ver,,0000000000010010,0,18,0,18,··,··,0012,1.8,0.18,0.018,1179764,7602194,1179764,7602194,-,-
2026-08-21 16:12:14,30202,116,116,0x0074,OK,vns_ver,116,0000000001110100,0,116,0,116,·t,t·,0074,11.6,1.16,0.116,,,,,,
2026-08-21 16:12:14,30204,117,117,0x0075,OK,bms_ver,117,0000000001110101,0,117,0,117,·u,u·,0075,11.7,1.17,0.117,7667816,6815861,7667816,6815861,-,-
2026-08-21 16:12:14,30205,104,104,0x0068,OK,mppt_ver,104,0000000001101000,0,104,0,104,·h,h·,0068,10.4,1.04,0.104,,,,,,
2026-08-21 16:12:14,30350,12848,12848,0x3230,OK,comm_module_firmware,,0011001000110000,50,48,50,48,20,02,3230,1284.8,128.48,12.848,842019380,842281520,842019380,842281520,-,-
2026-08-21 16:12:14,30351,12852,12852,0x3234,OK,comm_module_firmware[2],,0011001000110100,50,52,50,52,24,42,3234,1285.2,128.52,12.852,842281017,809054772,842281017,809054772,-,-
2026-08-21 16:12:14,30352,12345,12345,0x3039,OK,comm_module_firmware[3],,0011000000111001,48,57,48,57,09,90,3039,1234.5,123.45,12.345,809054265,809054265,809054265,809054265,-,-
2026-08-21 16:12:14,30353,12345,12345,0x3039,OK,comm_module_firmware[4],,0011000000111001,48,57,48,57,09,90,3039,1234.5,123.45,12.345,809054257,808529977,809054257,808529977,-,-
2026-08-21 16:12:14,30354,12337,12337,0x3031,OK,comm_module_firmware[5],,0011000000110001,48,49,48,49,01,10,3031,1233.7,123.37,12.337,808531257,892940337,808531257,892940337,-,-
2026-08-21 16:12:14,30355,13625,13625,0x3539,OK,comm_module_firmware[6],,0011010100111001,53,57,53,57,59,95,3539,1362.5,136.25,13.625,,,,,,
2026-08-21 16:12:14,32100,5336,5336,0x14D8,OK,bms_battery_voltage,53.360 V,0001010011011000,20,216,20,-40,··,··,-,533.6,53.36,5.336,,,,,,
2026-08-21 16:12:14,32104,67,67,0x0043,OK,bms_soc,67 %,0000000001000011,0,67,0,67,·C,C·,0043,6.7,0.67,0.067,,,,,,
2026-08-21 16:12:14,34000,5256,5256,0x1488,OK,pack1_bat_volt,52.560 V,0001010010001000,20,136,20,-120,··,··,1488,525.6,52.56,5.256,,,,,,
2026-08-21 16:12:15,34002,477,477,0x01DD,OK,pack1_soc,47.700 %,0000000111011101,1,221,1,-35,··,··,-,47.7,4.77,0.477,31260672,477,31260672,477,-,-
2026-08-21 16:12:15,34003,0,0,0x0000,OK,pack1_cycle_count,0,0000000000000000,0,0,0,0,··,··,0000,0.0,0.00,0.000,3,196608,3,196608,-,-
2026-08-21 16:12:15,34004,3,3,0x0003,VERM,Verm: pack1_mos_status,3,0000000000000011,0,3,0,3,··,··,0003,0.3,0.03,0.003,,,,,,
2026-08-21 16:12:15,34007,0,0,0x0000,OK,pack1_protect1,,0000000000000000,0,0,0,0,··,··,0000,0.0,0.00,0.000,16384,1073741824,16384,1073741824,-,2
2026-08-21 16:12:15,34008,16384,16384,0x4000,OK,pack1_protect2,0x4000,0100000000000000,64,0,64,0,@·,·@,4000,1638.4,163.84,16.384,,,,,,
2026-08-21 16:12:15,34010,117,117,0x0075,OK,pack1_bms_version,117,0000000001110101,0,117,0,117,·u,u·,0075,11.7,1.17,0.117,,,,,,
2026-08-21 16:12:15,34100,5328,5328,0x14D0,OK,pack2_bat_volt,53.280 V,0001010011010000,20,208,20,-48,··,··,-,532.8,53.28,5.328,,,,,,
2026-08-21 16:12:15,34102,702,702,0x02BE,VERM,Verm: pack2_soc,70.200 %,0000001010111110,2,190,2,-66,··,··,-,70.2,7.02,0.702,46006285,852670,46006285,852670,-,-
2026-08-21 16:12:15,34103,13,13,0x000D,OK,pack2_cycle_count,13,0000000000001101,0,13,0,13,··,··,-,1.3,0.13,0.013,851968,13,851968,13,-,-
2026-08-21 16:12:15,34104,0,0,0x0000,VERM,Verm: pack2_mos_status,0,0000000000000000,0,0,0,0,··,··,0000,0.0,0.00,0.000,,,,,,
2026-08-21 16:12:15,34107,0,0,0x0000,OK,pack2_protect1,,0000000000000000,0,0,0,0,··,··,0000,0.0,0.00,0.000,0,0,0,0,0,0
2026-08-21 16:12:15,34108,0,0,0x0000,OK,pack2_protect2,0x0000,0000000000000000,0,0,0,0,··,··,0000,0.0,0.00,0.000,,,,,,
2026-08-21 16:12:15,34110,118,118,0x0076,OK,pack2_bms_version,118,0000000001110110,0,118,0,118,·v,v·,0076,11.8,1.18,0.118,,,,,,
2026-08-21 16:12:16,34200,5334,5334,0x14D6,OK,pack3_bat_volt,53.340 V,0001010011010110,20,214,20,-42,··,··,-,533.4,53.34,5.334,,,,,,
2026-08-21 16:12:16,34202,796,796,0x031C,VERM,Verm: pack3_soc,79.600 %,0000001100011100,3,28,3,28,··,··,-,79.6,7.96,0.796,52166675,1245980,52166675,1245980,-,-
2026-08-21 16:12:16,34203,19,19,0x0013,OK,pack3_cycle_count,19,0000000000010011,0,19,0,19,··,··,0013,1.9,0.19,0.019,1245184,19,1245184,19,-,-
2026-08-21 16:12:16,34204,0,0,0x0000,VERM,Verm: pack3_mos_status,0,0000000000000000,0,0,0,0,··,··,0000,0.0,0.00,0.000,,,,,,
2026-08-21 16:12:16,34207,0,0,0x0000,OK,pack3_protect1,,0000000000000000,0,0,0,0,··,··,0000,0.0,0.00,0.000,0,0,0,0,0,0
2026-08-21 16:12:16,34208,0,0,0x0000,OK,pack3_protect2,0x0000,0000000000000000,0,0,0,0,··,··,0000,0.0,0.00,0.000,,,,,,
2026-08-21 16:12:16,34210,118,118,0x0076,OK,pack3_bms_version,118,0000000001110110,0,118,0,118,·v,v·,0076,11.8,1.18,0.118,,,,,,
2026-08-21 16:12:16,34300,5277,5277,0x149D,OK,pack4_bat_volt,52.770 V,0001010010011101,20,157,20,-99,··,··,-,527.7,52.77,5.277,,,,,,
2026-08-21 16:12:16,34302,694,694,0x02B6,VERM,Verm: pack4_soc,69.400 %,0000001010110110,2,182,2,-74,··,··,-,69.4,6.94,0.694,45482003,1245878,45482003,1245878,-,-
2026-08-21 16:12:16,34303,19,19,0x0013,OK,pack4_cycle_count,19,0000000000010011,0,19,0,19,··,··,0013,1.9,0.19,0.019,1245184,19,1245184,19,-,-
2026-08-21 16:12:16,34304,0,0,0x0000,VERM,Verm: pack4_mos_status,0,0000000000000000,0,0,0,0,··,··,0000,0.0,0.00,0.000,,,,,,
2026-08-21 16:12:17,34307,0,0,0x0000,OK,pack4_protect1,,0000000000000000,0,0,0,0,··,··,0000,0.0,0.00,0.000,0,0,0,0,0,0
2026-08-21 16:12:17,34308,0,0,0x0000,OK,pack4_protect2,0x0000,0000000000000000,0,0,0,0,··,··,0000,0.0,0.00,0.000,,,,,,
2026-08-21 16:12:17,34310,118,118,0x0076,OK,pack4_bms_version,118,0000000001110110,0,118,0,118,·v,v·,0076,11.8,1.18,0.118,,,,,,
2026-08-21 16:12:17,34400,5335,5335,0x14D7,OK,pack5_bat_volt,53.350 V,0001010011010111,20,215,20,-41,··,··,-,533.5,53.35,5.335,,,,,,
2026-08-21 16:12:17,34402,695,695,0x02B7,VERM,Verm: pack5_soc,69.500 %,0000001010110111,2,183,2,-73,··,··,-,69.5,6.95,0.695,45547582,4063927,45547582,4063927,-,-
2026-08-21 16:12:17,34403,62,62,0x003E,OK,pack5_cycle_count,62,0000000000111110,0,62,0,62,·>,>·,-,6.2,0.62,0.062,4063232,62,4063232,62,-,-
2026-08-21 16:12:17,34404,0,0,0x0000,VERM,Verm: pack5_mos_status,0,0000000000000000,0,0,0,0,··,··,0000,0.0,0.00,0.000,,,,,,
2026-08-21 16:12:17,34407,0,0,0x0000,OK,pack5_protect1,,0000000000000000,0,0,0,0,··,··,0000,0.0,0.00,0.000,0,0,0,0,0,0
2026-08-21 16:12:17,34408,0,0,0x0000,OK,pack5_protect2,0x0000,0000000000000000,0,0,0,0,··,··,0000,0.0,0.00,0.000,,,,,,
2026-08-21 16:12:17,34410,118,118,0x0076,OK,pack5_bms_version,118,0000000001110110,0,118,0,118,·v,v·,0076,11.8,1.18,0.118,,,,,,
2026-08-21 16:12:18,34500,5336,5336,0x14D8,OK,pack6_bat_volt,53.360 V,0001010011011000,20,216,20,-40,··,··,-,533.6,53.36,5.336,,,,,,
2026-08-21 16:12:18,34502,695,695,0x02B7,VERM,Verm: pack6_soc,69.500 %,0000001010110111,2,183,2,-73,··,··,-,69.5,6.95,0.695,45547576,3670711,45547576,3670711,-,-
2026-08-21 16:12:18,34503,56,56,0x0038,OK,pack6_cycle_count,56,0000000000111000,0,56,0,56,·8,8·,0038,5.6,0.56,0.056,3670016,56,3670016,56,-,-
2026-08-21 16:12:18,34504,0,0,0x0000,VERM,Verm: pack6_mos_status,0,0000000000000000,0,0,0,0,··,··,0000,0.0,0.00,0.000,,,,,,
2026-08-21 16:12:18,34507,0,0,0x0000,OK,pack6_protect1,,0000000000000000,0,0,0,0,··,··,0000,0.0,0.00,0.000,0,0,0,0,0,0
2026-08-21 16:12:18,34508,0,0,0x0000,OK,pack6_protect2,0x0000,0000000000000000,0,0,0,0,··,··,0000,0.0,0.00,0.000,,,,,,
2026-08-21 16:12:18,34510,118,118,0x0076,OK,pack6_bms_version,118,0000000001110110,0,118,0,118,·v,v·,0076,11.8,1.18,0.118,,,,,,
2026-08-21 16:12:18,36000,0,0,0x0000,OK,warn_code,0x0000,0000000000000000,0,0,0,0,··,··,0000,0.0,0.00,0.000,0,0,0,0,0,0
2026-08-21 16:12:18,36001,0,0,0x0000,OK,warn_code_w2,0x0000,0000000000000000,0,0,0,0,··,··,0000,0.0,0.00,0.000,,,,,,
2026-08-21 16:12:18,36100,32,32,0x0020,OK,error_code1,0x0020,0000000000100000,0,32,0,32,· , ·,0020,3.2,0.32,0.032,2097152,32,2097152,32,-,-
2026-08-21 16:12:18,36101,0,0,0x0000,OK,error_code1_w2,0x0000,0000000000000000,0,0,0,0,··,··,0000,0.0,0.00,0.000,0,0,0,0,0,0
2026-08-21 16:12:18,36102,0,0,0x0000,OK,error_code2,0x0000,0000000000000000,0,0,0,0,··,··,0000,0.0,0.00,0.000,0,0,0,0,0,0
2026-08-21 16:12:18,36103,0,0,0x0000,OK,error_code2_w2,0x0000,0000000000000000,0,0,0,0,··,··,0000,0.0,0.00,0.000,,,,,,
2026-08-21 16:12:19,37023,0,0,0x0000,OK,mppt_error,,0000000000000000,0,0,0,0,··,··,0000,0.0,0.00,0.000,0,0,0,0,0,0
2026-08-21 16:12:19,37024,0,0,0x0000,OK,mppt_warning,,0000000000000000,0,0,0,0,··,··,0000,0.0,0.00,0.000,,,,,,
2026-08-21 16:12:19,41200,0,0,0x0000,OK,backup_ups_enable,,0000000000000000,0,0,0,0,··,··,0000,0.0,0.00,0.000,,,,,,
2026-08-21 16:12:19,42000,21947,21947,0x55BB,OK,update_mode_status,0x55BB,0101010110111011,85,187,85,-69,U·,·U,-,2194.7,219.47,21.947,,,,,,
2026-08-21 16:13:19,30001,65524,-12,0xFFF4,OK,bat_sample_power,-12 W,1111111111110100,255,244,-1,-12,··,··,-,6552.4,655.24,65.524,,,,,,
2026-08-21 16:13:19,30005,4,4,0x0004,OK,off_grid_volt,0.400 V,0000000000000100,0,4,0,4,··,··,0004,0.4,0.04,0.004,,,,,,
2026-08-21 16:13:20,30007,0,0,0x0000,OK,off_grid_power,0 W,0000000000000000,0,0,0,0,··,··,0000,0.0,0.00,0.000,,,,,,
2026-08-21 16:13:20,30200,150,150,0x0096,OK,ems_ver,150,0000000010010110,0,150,0,-106,··,··,0096,15.0,1.50,0.150,9830418,1179798,9830418,1179798,-,-
2026-08-21 16:13:20,30201,18,18,0x0012,OK,ems_boot_ver,,0000000000010010,0,18,0,18,··,··,0012,1.8,0.18,0.018,1179764,7602194,1179764,7602194,-,-
2026-08-21 16:13:20,30202,116,116,0x0074,OK,vns_ver,116,0000000001110100,0,116,0,116,·t,t·,0074,11.6,1.16,0.116,,,,,,
2026-08-21 16:13:20,30204,117,117,0x0075,OK,bms_ver,117,0000000001110101,0,117,0,117,·u,u·,0075,11.7,1.17,0.117,7667816,6815861,7667816,6815861,-,-
2026-08-21 16:13:20,30205,104,104,0x0068,OK,mppt_ver,104,0000000001101000,0,104,0,104,·h,h·,0068,10.4,1.04,0.104,,,,,,
2026-08-21 16:13:20,30350,12848,12848,0x3230,OK,comm_module_firmware,,0011001000110000,50,48,50,48,20,02,3230,1284.8,128.48,12.848,842019380,842281520,842019380,842281520,-,-
2026-08-21 16:13:20,30351,12852,12852,0x3234,OK,comm_module_firmware[2],,0011001000110100,50,52,50,52,24,42,3234,1285.2,128.52,12.852,842281017,809054772,842281017,809054772,-,-
2026-08-21 16:13:20,30352,12345,12345,0x3039,OK,comm_module_firmware[3],,0011000000111001,48,57,48,57,09,90,3039,1234.5,123.45,12.345,809054265,809054265,809054265,809054265,-,-
2026-08-21 16:13:20,30353,12345,12345,0x3039,OK,comm_module_firmware[4],,0011000000111001,48,57,48,57,09,90,3039,1234.5,123.45,12.345,809054257,808529977,809054257,808529977,-,-
2026-08-21 16:13:20,30354,12337,12337,0x3031,OK,comm_module_firmware[5],,0011000000110001,48,49,48,49,01,10,3031,1233.7,123.37,12.337,808531257,892940337,808531257,892940337,-,-
2026-08-21 16:13:20,30355,13625,13625,0x3539,OK,comm_module_firmware[6],,0011010100111001,53,57,53,57,59,95,3539,1362.5,136.25,13.625,,,,,,
2026-08-21 16:13:20,32100,5336,5336,0x14D8,OK,bms_battery_voltage,53.360 V,0001010011011000,20,216,20,-40,··,··,-,533.6,53.36,5.336,,,,,,
2026-08-21 16:13:20,32104,67,67,0x0043,OK,bms_soc,67 %,0000000001000011,0,67,0,67,·C,C·,0043,6.7,0.67,0.067,,,,,,
2026-08-21 16:13:20,34000,5256,5256,0x1488,OK,pack1_bat_volt,52.560 V,0001010010001000,20,136,20,-120,··,··,1488,525.6,52.56,5.256,,,,,,
2026-08-21 16:13:21,34002,477,477,0x01DD,OK,pack1_soc,47.700 %,0000000111011101,1,221,1,-35,··,··,-,47.7,4.77,0.477,31260672,477,31260672,477,-,-
2026-08-21 16:13:21,34003,0,0,0x0000,OK,pack1_cycle_count,0,0000000000000000,0,0,0,0,··,··,0000,0.0,0.00,0.000,3,196608,3,196608,-,-
2026-08-21 16:13:21,34004,3,3,0x0003,VERM,Verm: pack1_mos_status,3,0000000000000011,0,3,0,3,··,··,0003,0.3,0.03,0.003,,,,,,
2026-08-21 16:13:21,34007,0,0,0x0000,OK,pack1_protect1,,0000000000000000,0,0,0,0,··,··,0000,0.0,0.00,0.000,16384,1073741824,16384,1073741824,-,2
2026-08-21 16:13:21,34008,16384,16384,0x4000,OK,pack1_protect2,0x4000,0100000000000000,64,0,64,0,@·,·@,4000,1638.4,163.84,16.384,,,,,,
2026-08-21 16:13:21,34010,117,117,0x0075,OK,pack1_bms_version,117,0000000001110101,0,117,0,117,·u,u·,0075,11.7,1.17,0.117,,,,,,
2026-08-21 16:13:21,34100,5328,5328,0x14D0,OK,pack2_bat_volt,53.280 V,0001010011010000,20,208,20,-48,··,··,-,532.8,53.28,5.328,,,,,,
2026-08-21 16:13:21,34102,702,702,0x02BE,VERM,Verm: pack2_soc,70.200 %,0000001010111110,2,190,2,-66,··,··,-,70.2,7.02,0.702,46006285,852670,46006285,852670,-,-
2026-08-21 16:13:21,34103,13,13,0x000D,OK,pack2_cycle_count,13,0000000000001101,0,13,0,13,··,··,-,1.3,0.13,0.013,851968,13,851968,13,-,-
2026-08-21 16:13:21,34104,0,0,0x0000,VERM,Verm: pack2_mos_status,0,0000000000000000,0,0,0,0,··,··,0000,0.0,0.00,0.000,,,,,,
2026-08-21 16:13:21,34107,0,0,0x0000,OK,pack2_protect1,,0000000000000000,0,0,0,0,··,··,0000,0.0,0.00,0.000,0,0,0,0,0,0
2026-08-21 16:13:21,34108,0,0,0x0000,OK,pack2_protect2,0x0000,0000000000000000,0,0,0,0,··,··,0000,0.0,0.00,0.000,,,,,,
2026-08-21 16:13:22,34110,118,118,0x0076,OK,pack2_bms_version,118,0000000001110110,0,118,0,118,·v,v·,0076,11.8,1.18,0.118,,,,,,
2026-08-21 16:13:22,34200,5333,5333,0x14D5,OK,pack3_bat_volt,53.330 V,0001010011010101,20,213,20,-43,··,··,-,533.3,53.33,5.333,,,,,,
2026-08-21 16:13:22,34202,796,796,0x031C,VERM,Verm: pack3_soc,79.600 %,0000001100011100,3,28,3,28,··,··,-,79.6,7.96,0.796,52166675,1245980,52166675,1245980,-,-
2026-08-21 16:13:22,34203,19,19,0x0013,OK,pack3_cycle_count,19,0000000000010011,0,19,0,19,··,··,0013,1.9,0.19,0.019,1245184,19,1245184,19,-,-
2026-08-21 16:13:22,34204,0,0,0x0000,VERM,Verm: pack3_mos_status,0,0000000000000000,0,0,0,0,··,··,0000,0.0,0.00,0.000,,,,,,
2026-08-21 16:13:22,34207,0,0,0x0000,OK,pack3_protect1,,0000000000000000,0,0,0,0,··,··,0000,0.0,0.00,0.000,0,0,0,0,0,0
2026-08-21 16:13:22,34208,0,0,0x0000,OK,pack3_protect2,0x0000,0000000000000000,0,0,0,0,··,··,0000,0.0,0.00,0.000,,,,,,
2026-08-21 16:13:22,34210,118,118,0x0076,OK,pack3_bms_version,118,0000000001110110,0,118,0,118,·v,v·,0076,11.8,1.18,0.118,,,,,,
2026-08-21 16:13:22,34300,5277,5277,0x149D,OK,pack4_bat_volt,52.770 V,0001010010011101,20,157,20,-99,··,··,-,527.7,52.77,5.277,,,,,,
2026-08-21 16:13:23,34302,694,694,0x02B6,VERM,Verm: pack4_soc,69.400 %,0000001010110110,2,182,2,-74,··,··,-,69.4,6.94,0.694,45482003,1245878,45482003,1245878,-,-
2026-08-21 16:13:23,34303,19,19,0x0013,OK,pack4_cycle_count,19,0000000000010011,0,19,0,19,··,··,0013,1.9,0.19,0.019,1245184,19,1245184,19,-,-
2026-08-21 16:13:23,34304,0,0,0x0000,VERM,Verm: pack4_mos_status,0,0000000000000000,0,0,0,0,··,··,0000,0.0,0.00,0.000,,,,,,
2026-08-21 16:13:23,34307,0,0,0x0000,OK,pack4_protect1,,0000000000000000,0,0,0,0,··,··,0000,0.0,0.00,0.000,0,0,0,0,0,0
2026-08-21 16:13:23,34308,0,0,0x0000,OK,pack4_protect2,0x0000,0000000000000000,0,0,0,0,··,··,0000,0.0,0.00,0.000,,,,,,
2026-08-21 16:13:23,34310,118,118,0x0076,OK,pack4_bms_version,118,0000000001110110,0,118,0,118,·v,v·,0076,11.8,1.18,0.118,,,,,,
2026-08-21 16:13:23,34400,5335,5335,0x14D7,OK,pack5_bat_volt,53.350 V,0001010011010111,20,215,20,-41,··,··,-,533.5,53.35,5.335,,,,,,
2026-08-21 16:13:23,34402,695,695,0x02B7,VERM,Verm: pack5_soc,69.500 %,0000001010110111,2,183,2,-73,··,··,-,69.5,6.95,0.695,45547582,4063927,45547582,4063927,-,-
2026-08-21 16:13:23,34403,62,62,0x003E,OK,pack5_cycle_count,62,0000000000111110,0,62,0,62,·>,>·,-,6.2,0.62,0.062,4063232,62,4063232,62,-,-
2026-08-21 16:13:23,34404,0,0,0x0000,VERM,Verm: pack5_mos_status,0,0000000000000000,0,0,0,0,··,··,0000,0.0,0.00,0.000,,,,,,
2026-08-21 16:13:23,34407,0,0,0x0000,OK,pack5_protect1,,0000000000000000,0,0,0,0,··,··,0000,0.0,0.00,0.000,0,0,0,0,0,0
2026-08-21 16:13:23,34408,0,0,0x0000,OK,pack5_protect2,0x0000,0000000000000000,0,0,0,0,··,··,0000,0.0,0.00,0.000,,,,,,
2026-08-21 16:13:24,34410,118,118,0x0076,OK,pack5_bms_version,118,0000000001110110,0,118,0,118,·v,v·,0076,11.8,1.18,0.118,,,,,,
2026-08-21 16:13:24,34500,5335,5335,0x14D7,OK,pack6_bat_volt,53.350 V,0001010011010111,20,215,20,-41,··,··,-,533.5,53.35,5.335,,,,,,
2026-08-21 16:13:24,34502,695,695,0x02B7,VERM,Verm: pack6_soc,69.500 %,0000001010110111,2,183,2,-73,··,··,-,69.5,6.95,0.695,45547576,3670711,45547576,3670711,-,-
2026-08-21 16:13:24,34503,56,56,0x0038,OK,pack6_cycle_count,56,0000000000111000,0,56,0,56,·8,8·,0038,5.6,0.56,0.056,3670016,56,3670016,56,-,-
2026-08-21 16:13:24,34504,0,0,0x0000,VERM,Verm: pack6_mos_status,0,0000000000000000,0,0,0,0,··,··,0000,0.0,0.00,0.000,,,,,,
2026-08-21 16:13:24,34507,0,0,0x0000,OK,pack6_protect1,,0000000000000000,0,0,0,0,··,··,0000,0.0,0.00,0.000,0,0,0,0,0,0
2026-08-21 16:13:24,34508,0,0,0x0000,OK,pack6_protect2,0x0000,0000000000000000,0,0,0,0,··,··,0000,0.0,0.00,0.000,,,,,,
2026-08-21 16:13:24,34510,118,118,0x0076,OK,pack6_bms_version,118,0000000001110110,0,118,0,118,·v,v·,0076,11.8,1.18,0.118,,,,,,
2026-08-21 16:13:24,36000,0,0,0x0000,OK,warn_code,0x0000,0000000000000000,0,0,0,0,··,··,0000,0.0,0.00,0.000,0,0,0,0,0,0
2026-08-21 16:13:24,36001,0,0,0x0000,OK,warn_code_w2,0x0000,0000000000000000,0,0,0,0,··,··,0000,0.0,0.00,0.000,,,,,,
2026-08-21 16:13:24,36100,32,32,0x0020,OK,error_code1,0x0020,0000000000100000,0,32,0,32,· , ·,0020,3.2,0.32,0.032,2097152,32,2097152,32,-,-
2026-08-21 16:13:24,36101,0,0,0x0000,OK,error_code1_w2,0x0000,0000000000000000,0,0,0,0,··,··,0000,0.0,0.00,0.000,0,0,0,0,0,0
2026-08-21 16:13:24,36102,0,0,0x0000,OK,error_code2,0x0000,0000000000000000,0,0,0,0,··,··,0000,0.0,0.00,0.000,0,0,0,0,0,0
2026-08-21 16:13:24,36103,0,0,0x0000,OK,error_code2_w2,0x0000,0000000000000000,0,0,0,0,··,··,0000,0.0,0.00,0.000,,,,,,
2026-08-21 16:13:25,37023,0,0,0x0000,OK,mppt_error,,0000000000000000,0,0,0,0,··,··,0000,0.0,0.00,0.000,0,0,0,0,0,0
2026-08-21 16:13:25,37024,0,0,0x0000,OK,mppt_warning,,0000000000000000,0,0,0,0,··,··,0000,0.0,0.00,0.000,,,,,,
2026-08-21 16:13:25,41200,0,0,0x0000,OK,backup_ups_enable,,0000000000000000,0,0,0,0,··,··,0000,0.0,0.00,0.000,,,,,,
2026-08-21 16:13:25,42000,21947,21947,0x55BB,OK,update_mode_status,0x55BB,0101010110111011,85,187,85,-69,U·,·U,-,2194.7,219.47,21.947,,,,,,
2026-08-21 16:14:35,30007,65524,-12,0xFFF4,OK,off_grid_power,-12 W,1111111111110100,255,244,-1,-12,··,··,-,6552.4,655.24,65.524,,,,,,
2026-08-21 16:14:35,30200,65524,-12,0xFFF4,OK,ems_ver,65524,1111111111110100,255,244,-1,-12,··,··,-,6552.4,655.24,65.524,,,,,,
2026-08-21 16:14:37,34010,67,67,0x0043,OK,pack1_bms_version,67,0000000001000011,0,67,0,67,·C,C·,0043,6.7,0.67,0.067,,,,,,
2026-08-21 16:14:37,34100,5256,5256,0x1488,OK,pack2_bat_volt,52.560 V,0001010010001000,20,136,20,-120,··,··,1488,525.6,52.56,5.256,,,,,,
2026-08-21 16:14:37,34102,477,477,0x01DD,VERM,Verm: pack2_soc,47.700 %,0000000111011101,1,221,1,-35,··,··,-,47.7,4.77,0.477,31260672,477,31260672,477,-,-
2026-08-21 16:14:37,34103,0,0,0x0000,OK,pack2_cycle_count,0,0000000000000000,0,0,0,0,··,··,0000,0.0,0.00,0.000,3,196608,3,196608,-,-
2026-08-21 16:14:37,34104,3,3,0x0003,VERM,Verm: pack2_mos_status,3,0000000000000011,0,3,0,3,··,··,0003,0.3,0.03,0.003,,,,,,
2026-08-21 16:14:37,34107,0,0,0x0000,OK,pack2_protect1,,0000000000000000,0,0,0,0,··,··,0000,0.0,0.00,0.000,16384,1073741824,16384,1073741824,-,2
2026-08-21 16:14:37,34108,16384,16384,0x4000,OK,pack2_protect2,0x4000,0100000000000000,64,0,64,0,@·,·@,4000,1638.4,163.84,16.384,,,,,,
2026-08-21 16:14:37,34110,117,117,0x0075,OK,pack2_bms_version,117,0000000001110101,0,117,0,117,·u,u·,0075,11.7,1.17,0.117,,,,,,
2026-08-21 16:14:37,34200,5328,5328,0x14D0,OK,pack3_bat_volt,53.280 V,0001010011010000,20,208,20,-48,··,··,-,532.8,53.28,5.328,,,,,,
2026-08-21 16:14:38,34202,702,702,0x02BE,VERM,Verm: pack3_soc,70.200 %,0000001010111110,2,190,2,-66,··,··,-,70.2,7.02,0.702,46006285,852670,46006285,852670,-,-
2026-08-21 16:14:38,34203,13,13,0x000D,OK,pack3_cycle_count,13,0000000000001101,0,13,0,13,··,··,-,1.3,0.13,0.013,851968,13,851968,13,-,-
2026-08-21 16:14:38,34204,0,0,0x0000,VERM,Verm: pack3_mos_status,0,0000000000000000,0,0,0,0,··,··,0000,0.0,0.00,0.000,,,,,,
2026-08-21 16:14:38,34207,0,0,0x0000,OK,pack3_protect1,,0000000000000000,0,0,0,0,··,··,0000,0.0,0.00,0.000,0,0,0,0,0,0
2026-08-21 16:14:38,34208,0,0,0x0000,OK,pack3_protect2,0x0000,0000000000000000,0,0,0,0,··,··,0000,0.0,0.00,0.000,,,,,,
2026-08-21 16:14:38,34210,118,118,0x0076,OK,pack3_bms_version,118,0000000001110110,0,118,0,118,·v,v·,0076,11.8,1.18,0.118,,,,,,
2026-08-21 16:14:38,34300,5334,5334,0x14D6,OK,pack4_bat_volt,53.340 V,0001010011010110,20,214,20,-42,··,··,-,533.4,53.34,5.334,,,,,,
2026-08-21 16:14:38,34302,796,796,0x031C,VERM,Verm: pack4_soc,79.600 %,0000001100011100,3,28,3,28,··,··,-,79.6,7.96,0.796,52166675,1245980,52166675,1245980,-,-
2026-08-21 16:14:38,34303,19,19,0x0013,OK,pack4_cycle_count,19,0000000000010011,0,19,0,19,··,··,0013,1.9,0.19,0.019,1245184,19,1245184,19,-,-
2026-08-21 16:14:38,34304,0,0,0x0000,VERM,Verm: pack4_mos_status,0,0000000000000000,0,0,0,0,··,··,0000,0.0,0.00,0.000,,,,,,
2026-08-21 16:14:38,34307,0,0,0x0000,OK,pack4_protect1,,0000000000000000,0,0,0,0,··,··,0000,0.0,0.00,0.000,0,0,0,0,0,0
2026-08-21 16:14:38,34308,0,0,0x0000,OK,pack4_protect2,0x0000,0000000000000000,0,0,0,0,··,··,0000,0.0,0.00,0.000,,,,,,
2026-08-21 16:14:40,34507,0,0,0x0000,OK,pack6_protect1,,0000000000000000,0,0,0,0,··,··,0000,0.0,0.00,0.000,0,0,0,0,0,0
2026-08-21 16:14:40,34508,0,0,0x0000,OK,pack6_protect2,0x0000,0000000000000000,0,0,0,0,··,··,0000,0.0,0.00,0.000,,,,,,
2026-08-21 16:14:40,34510,118,118,0x0076,OK,pack6_bms_version,118,0000000001110110,0,118,0,118,·v,v·,0076,11.8,1.18,0.118,,,,,,
2026-08-21 16:14:40,36000,5336,5336,0x14D8,OK,warn_code,0x14D8,0001010011011000,20,216,20,-40,··,··,-,533.6,53.36,5.336,,,,,,
2026-08-21 16:14:40,36100,695,695,0x02B7,OK,error_code1,0x02B7,0000001010110111,2,183,2,-73,··,··,-,69.5,6.95,0.695,45547576,3670711,45547576,3670711,-,-
2026-08-21 16:14:40,36101,56,56,0x0038,OK,error_code1_w2,0x0038,0000000000111000,0,56,0,56,·8,8·,0038,5.6,0.56,0.056,3670016,56,3670016,56,-,-
2026-08-21 16:14:40,36102,0,0,0x0000,OK,error_code2,0x0000,0000000000000000,0,0,0,0,··,··,0000,0.0,0.00,0.000,,,,,,
2026-08-21 16:14:40,37023,0,0,0x0000,OK,mppt_error,,0000000000000000,0,0,0,0,··,··,0000,0.0,0.00,0.000,0,0,0,0,0,0
2026-08-21 16:14:40,37024,0,0,0x0000,OK,mppt_warning,,0000000000000000,0,0,0,0,··,··,0000,0.0,0.00,0.000,,,,,,
2026-08-21 16:14:40,41200,118,118,0x0076,OK,backup_ups_enable,,0000000001110110,0,118,0,118,·v,v·,0076,11.8,1.18,0.118,,,,,,
2026-08-21 16:14:44,42000,0,0,0x0000,OK,update_mode_status,0x0000,0000000000000000,0,0,0,0,··,··,0000,0.0,0.00,0.000,,,,,,
2026-08-21 16:15:45,30001,65524,-12,0xFFF4,OK,bat_sample_power,-12 W,1111111111110100,255,244,-1,-12,··,··,-,6552.4,655.24,65.524,,,,,,
2026-08-21 16:15:45,30005,6,6,0x0006,OK,off_grid_volt,0.600 V,0000000000000110,0,6,0,6,··,··,0006,0.6,0.06,0.006,,,,,,
2026-08-21 16:15:45,30007,0,0,0x0000,OK,off_grid_power,0 W,0000000000000000,0,0,0,0,··,··,0000,0.0,0.00,0.000,,,,,,
2026-08-21 16:15:45,30200,150,150,0x0096,OK,ems_ver,150,0000000010010110,0,150,0,-106,··,··,0096,15.0,1.50,0.150,9830418,1179798,9830418,1179798,-,-
2026-08-21 16:15:45,30201,18,18,0x0012,OK,ems_boot_ver,,0000000000010010,0,18,0,18,··,··,0012,1.8,0.18,0.018,1179764,7602194,1179764,7602194,-,-
2026-08-21 16:15:45,30202,116,116,0x0074,OK,vns_ver,116,0000000001110100,0,116,0,116,·t,t·,0074,11.6,1.16,0.116,,,,,,
2026-08-21 16:15:45,30204,117,117,0x0075,OK,bms_ver,117,0000000001110101,0,117,0,117,·u,u·,0075,11.7,1.17,0.117,7667816,6815861,7667816,6815861,-,-
2026-08-21 16:15:45,30205,104,104,0x0068,OK,mppt_ver,104,0000000001101000,0,104,0,104,·h,h·,0068,10.4,1.04,0.104,,,,,,
2026-08-21 16:15:45,30350,12848,12848,0x3230,OK,comm_module_firmware,,0011001000110000,50,48,50,48,20,02,3230,1284.8,128.48,12.848,842019380,842281520,842019380,842281520,-,-
2026-08-21 16:15:45,30351,12852,12852,0x3234,OK,comm_module_firmware[2],,0011001000110100,50,52,50,52,24,42,3234,1285.2,128.52,12.852,842281017,809054772,842281017,809054772,-,-
2026-08-21 16:15:45,30352,12345,12345,0x3039,OK,comm_module_firmware[3],,0011000000111001,48,57,48,57,09,90,3039,1234.5,123.45,12.345,809054265,809054265,809054265,809054265,-,-
2026-08-21 16:15:45,30353,12345,12345,0x3039,OK,comm_module_firmware[4],,0011000000111001,48,57,48,57,09,90,3039,1234.5,123.45,12.345,809054257,808529977,809054257,808529977,-,-
2026-08-21 16:15:45,30354,12337,12337,0x3031,OK,comm_module_firmware[5],,0011000000110001,48,49,48,49,01,10,3031,1233.7,123.37,12.337,808531257,892940337,808531257,892940337,-,-
2026-08-21 16:15:45,30355,13625,13625,0x3539,OK,comm_module_firmware[6],,0011010100111001,53,57,53,57,59,95,3539,1362.5,136.25,13.625,,,,,,
2026-08-21 16:15:46,32100,5335,5335,0x14D7,OK,bms_battery_voltage,53.350 V,0001010011010111,20,215,20,-41,··,··,-,533.5,53.35,5.335,,,,,,
2026-08-21 16:15:46,32104,67,67,0x0043,OK,bms_soc,67 %,0000000001000011,0,67,0,67,·C,C·,0043,6.7,0.67,0.067,,,,,,
2026-08-21 16:15:46,34000,5256,5256,0x1488,OK,pack1_bat_volt,52.560 V,0001010010001000,20,136,20,-120,··,··,1488,525.6,52.56,5.256,,,,,,
2026-08-21 16:15:46,34002,477,477,0x01DD,OK,pack1_soc,47.700 %,0000000111011101,1,221,1,-35,··,··,-,47.7,4.77,0.477,31260672,477,31260672,477,-,-
2026-08-21 16:15:46,34003,0,0,0x0000,OK,pack1_cycle_count,0,0000000000000000,0,0,0,0,··,··,0000,0.0,0.00,0.000,3,196608,3,196608,-,-
2026-08-21 16:15:46,34004,3,3,0x0003,VERM,Verm: pack1_mos_status,3,0000000000000011,0,3,0,3,··,··,0003,0.3,0.03,0.003,,,,,,
2026-08-21 16:15:46,34007,0,0,0x0000,OK,pack1_protect1,,0000000000000000,0,0,0,0,··,··,0000,0.0,0.00,0.000,16384,1073741824,16384,1073741824,-,2
2026-08-21 16:15:46,34008,16384,16384,0x4000,OK,pack1_protect2,0x4000,0100000000000000,64,0,64,0,@·,·@,4000,1638.4,163.84,16.384,,,,,,
2026-08-21 16:15:46,34010,117,117,0x0075,OK,pack1_bms_version,117,0000000001110101,0,117,0,117,·u,u·,0075,11.7,1.17,0.117,,,,,,
2026-08-21 16:15:47,34100,5329,5329,0x14D1,OK,pack2_bat_volt,53.290 V,0001010011010001,20,209,20,-47,··,··,-,532.9,53.29,5.329,,,,,,
2026-08-21 16:15:47,34102,702,702,0x02BE,VERM,Verm: pack2_soc,70.200 %,0000001010111110,2,190,2,-66,··,··,-,70.2,7.02,0.702,46006285,852670,46006285,852670,-,-
2026-08-21 16:15:47,34103,13,13,0x000D,OK,pack2_cycle_count,13,0000000000001101,0,13,0,13,··,··,-,1.3,0.13,0.013,851968,13,851968,13,-,-
2026-08-21 16:15:47,34104,0,0,0x0000,VERM,Verm: pack2_mos_status,0,0000000000000000,0,0,0,0,··,··,0000,0.0,0.00,0.000,,,,,,
2026-08-21 16:15:47,34107,0,0,0x0000,OK,pack2_protect1,,0000000000000000,0,0,0,0,··,··,0000,0.0,0.00,0.000,0,0,0,0,0,0
2026-08-21 16:15:47,34108,0,0,0x0000,OK,pack2_protect2,0x0000,0000000000000000,0,0,0,0,··,··,0000,0.0,0.00,0.000,,,,,,
2026-08-21 16:15:47,34110,118,118,0x0076,OK,pack2_bms_version,118,0000000001110110,0,118,0,118,·v,v·,0076,11.8,1.18,0.118,,,,,,
2026-08-21 16:15:47,34200,5333,5333,0x14D5,OK,pack3_bat_volt,53.330 V,0001010011010101,20,213,20,-43,··,··,-,533.3,53.33,5.333,,,,,,
2026-08-21 16:15:47,34202,796,796,0x031C,VERM,Verm: pack3_soc,79.600 %,0000001100011100,3,28,3,28,··,··,-,79.6,7.96,0.796,52166675,1245980,52166675,1245980,-,-
2026-08-21 16:15:47,34203,19,19,0x0013,OK,pack3_cycle_count,19,0000000000010011,0,19,0,19,··,··,0013,1.9,0.19,0.019,1245184,19,1245184,19,-,-
2026-08-21 16:15:47,34204,0,0,0x0000,VERM,Verm: pack3_mos_status,0,0000000000000000,0,0,0,0,··,··,0000,0.0,0.00,0.000,,,,,,
2026-08-21 16:15:48,34207,0,0,0x0000,OK,pack3_protect1,,0000000000000000,0,0,0,0,··,··,0000,0.0,0.00,0.000,0,0,0,0,0,0
2026-08-21 16:15:48,34208,0,0,0x0000,OK,pack3_protect2,0x0000,0000000000000000,0,0,0,0,··,··,0000,0.0,0.00,0.000,,,,,,
2026-08-21 16:15:48,34210,118,118,0x0076,OK,pack3_bms_version,118,0000000001110110,0,118,0,118,·v,v·,0076,11.8,1.18,0.118,,,,,,
2026-08-21 16:15:48,34300,5278,5278,0x149E,OK,pack4_bat_volt,52.780 V,0001010010011110,20,158,20,-98,··,··,-,527.8,52.78,5.278,,,,,,
2026-08-21 16:15:48,34302,694,694,0x02B6,VERM,Verm: pack4_soc,69.400 %,0000001010110110,2,182,2,-74,··,··,-,69.4,6.94,0.694,45482003,1245878,45482003,1245878,-,-
2026-08-21 16:15:48,34303,19,19,0x0013,OK,pack4_cycle_count,19,0000000000010011,0,19,0,19,··,··,0013,1.9,0.19,0.019,1245184,19,1245184,19,-,-
2026-08-21 16:15:48,34304,0,0,0x0000,VERM,Verm: pack4_mos_status,0,0000000000000000,0,0,0,0,··,··,0000,0.0,0.00,0.000,,,,,,
2026-08-21 16:15:48,34307,0,0,0x0000,OK,pack4_protect1,,0000000000000000,0,0,0,0,··,··,0000,0.0,0.00,0.000,0,0,0,0,0,0
2026-08-21 16:15:48,34308,0,0,0x0000,OK,pack4_protect2,0x0000,0000000000000000,0,0,0,0,··,··,0000,0.0,0.00,0.000,,,,,,
2026-08-21 16:15:48,34310,118,118,0x0076,OK,pack4_bms_version,118,0000000001110110,0,118,0,118,·v,v·,0076,11.8,1.18,0.118,,,,,,
2026-08-21 16:15:48,34400,5335,5335,0x14D7,OK,pack5_bat_volt,53.350 V,0001010011010111,20,215,20,-41,··,··,-,533.5,53.35,5.335,,,,,,
2026-08-21 16:15:49,34402,695,695,0x02B7,VERM,Verm: pack5_soc,69.500 %,0000001010110111,2,183,2,-73,··,··,-,69.5,6.95,0.695,45547582,4063927,45547582,4063927,-,-
2026-08-21 16:15:49,34403,62,62,0x003E,OK,pack5_cycle_count,62,0000000000111110,0,62,0,62,·>,>·,-,6.2,0.62,0.062,4063232,62,4063232,62,-,-
2026-08-21 16:15:49,34404,0,0,0x0000,VERM,Verm: pack5_mos_status,0,0000000000000000,0,0,0,0,··,··,0000,0.0,0.00,0.000,,,,,,
2026-08-21 16:15:49,34407,0,0,0x0000,OK,pack5_protect1,,0000000000000000,0,0,0,0,··,··,0000,0.0,0.00,0.000,0,0,0,0,0,0
2026-08-21 16:15:49,34408,0,0,0x0000,OK,pack5_protect2,0x0000,0000000000000000,0,0,0,0,··,··,0000,0.0,0.00,0.000,,,,,,
2026-08-21 16:15:49,34410,118,118,0x0076,OK,pack5_bms_version,118,0000000001110110,0,118,0,118,·v,v·,0076,11.8,1.18,0.118,,,,,,
2026-08-21 16:15:49,34500,5335,5335,0x14D7,OK,pack6_bat_volt,53.350 V,0001010011010111,20,215,20,-41,··,··,-,533.5,53.35,5.335,,,,,,
2026-08-21 16:15:49,34502,695,695,0x02B7,VERM,Verm: pack6_soc,69.500 %,0000001010110111,2,183,2,-73,··,··,-,69.5,6.95,0.695,45547576,3670711,45547576,3670711,-,-
2026-08-21 16:15:49,34503,56,56,0x0038,OK,pack6_cycle_count,56,0000000000111000,0,56,0,56,·8,8·,0038,5.6,0.56,0.056,3670016,56,3670016,56,-,-
2026-08-21 16:15:49,34504,0,0,0x0000,VERM,Verm: pack6_mos_status,0,0000000000000000,0,0,0,0,··,··,0000,0.0,0.00,0.000,,,,,,
2026-08-21 16:15:49,34507,0,0,0x0000,OK,pack6_protect1,,0000000000000000,0,0,0,0,··,··,0000,0.0,0.00,0.000,0,0,0,0,0,0
2026-08-21 16:15:49,34508,0,0,0x0000,OK,pack6_protect2,0x0000,0000000000000000,0,0,0,0,··,··,0000,0.0,0.00,0.000,,,,,,
2026-08-21 16:15:50,34510,118,118,0x0076,OK,pack6_bms_version,118,0000000001110110,0,118,0,118,·v,v·,0076,11.8,1.18,0.118,,,,,,
2026-08-21 16:15:50,36000,0,0,0x0000,OK,warn_code,0x0000,0000000000000000,0,0,0,0,··,··,0000,0.0,0.00,0.000,0,0,0,0,0,0
2026-08-21 16:15:50,36001,0,0,0x0000,OK,warn_code_w2,0x0000,0000000000000000,0,0,0,0,··,··,0000,0.0,0.00,0.000,,,,,,
2026-08-21 16:15:50,36100,32,32,0x0020,OK,error_code1,0x0020,0000000000100000,0,32,0,32,· , ·,0020,3.2,0.32,0.032,2097152,32,2097152,32,-,-
2026-08-21 16:15:50,36101,0,0,0x0000,OK,error_code1_w2,0x0000,0000000000000000,0,0,0,0,··,··,0000,0.0,0.00,0.000,0,0,0,0,0,0
2026-08-21 16:15:50,36102,0,0,0x0000,OK,error_code2,0x0000,0000000000000000,0,0,0,0,··,··,0000,0.0,0.00,0.000,0,0,0,0,0,0
2026-08-21 16:15:50,36103,0,0,0x0000,OK,error_code2_w2,0x0000,0000000000000000,0,0,0,0,··,··,0000,0.0,0.00,0.000,,,,,,
2026-08-21 16:15:50,37023,0,0,0x0000,OK,mppt_error,,0000000000000000,0,0,0,0,··,··,0000,0.0,0.00,0.000,0,0,0,0,0,0
2026-08-21 16:15:50,37024,0,0,0x0000,OK,mppt_warning,,0000000000000000,0,0,0,0,··,··,0000,0.0,0.00,0.000,,,,,,
2026-08-21 16:15:50,41200,0,0,0x0000,OK,backup_ups_enable,,0000000000000000,0,0,0,0,··,··,0000,0.0,0.00,0.000,,,,,,
2026-08-21 16:15:50,42000,21947,21947,0x55BB,OK,update_mode_status,0x55BB,0101010110111011,85,187,85,-69,U·,·U,-,2194.7,219.47,21.947,,,,,,
2026-08-21 16:16:51,30001,65524,-12,0xFFF4,OK,bat_sample_power,-12 W,1111111111110100,255,244,-1,-12,··,··,-,6552.4,655.24,65.524,,,,,,
2026-08-21 16:16:51,30005,4,4,0x0004,OK,off_grid_volt,0.400 V,0000000000000100,0,4,0,4,··,··,0004,0.4,0.04,0.004,,,,,,
2026-08-21 16:16:51,30007,0,0,0x0000,OK,off_grid_power,0 W,0000000000000000,0,0,0,0,··,··,0000,0.0,0.00,0.000,,,,,,
2026-08-21 16:16:51,30200,150,150,0x0096,OK,ems_ver,150,0000000010010110,0,150,0,-106,··,··,0096,15.0,1.50,0.150,9830418,1179798,9830418,1179798,-,-
2026-08-21 16:16:51,30201,18,18,0x0012,OK,ems_boot_ver,,0000000000010010,0,18,0,18,··,··,0012,1.8,0.18,0.018,1179764,7602194,1179764,7602194,-,-
2026-08-21 16:16:51,30202,116,116,0x0074,OK,vns_ver,116,0000000001110100,0,116,0,116,·t,t·,0074,11.6,1.16,0.116,,,,,,
2026-08-21 16:16:51,30204,117,117,0x0075,OK,bms_ver,117,0000000001110101,0,117,0,117,·u,u·,0075,11.7,1.17,0.117,7667816,6815861,7667816,6815861,-,-
2026-08-21 16:16:51,30205,104,104,0x0068,OK,mppt_ver,104,0000000001101000,0,104,0,104,·h,h·,0068,10.4,1.04,0.104,,,,,,
2026-08-21 16:16:51,30350,12848,12848,0x3230,OK,comm_module_firmware,,0011001000110000,50,48,50,48,20,02,3230,1284.8,128.48,12.848,842019380,842281520,842019380,842281520,-,-
2026-08-21 16:16:51,30351,12852,12852,0x3234,OK,comm_module_firmware[2],,0011001000110100,50,52,50,52,24,42,3234,1285.2,128.52,12.852,842281017,809054772,842281017,809054772,-,-
2026-08-21 16:16:51,30352,12345,12345,0x3039,OK,comm_module_firmware[3],,0011000000111001,48,57,48,57,09,90,3039,1234.5,123.45,12.345,809054265,809054265,809054265,809054265,-,-
2026-08-21 16:16:51,30353,12345,12345,0x3039,OK,comm_module_firmware[4],,0011000000111001,48,57,48,57,09,90,3039,1234.5,123.45,12.345,809054257,808529977,809054257,808529977,-,-
2026-08-21 16:16:51,30354,12337,12337,0x3031,OK,comm_module_firmware[5],,0011000000110001,48,49,48,49,01,10,3031,1233.7,123.37,12.337,808531257,892940337,808531257,892940337,-,-
2026-08-21 16:16:51,30355,13625,13625,0x3539,OK,comm_module_firmware[6],,0011010100111001,53,57,53,57,59,95,3539,1362.5,136.25,13.625,,,,,,
2026-08-21 16:16:52,32100,5336,5336,0x14D8,OK,bms_battery_voltage,53.360 V,0001010011011000,20,216,20,-40,··,··,-,533.6,53.36,5.336,,,,,,
2026-08-21 16:16:52,32104,67,67,0x0043,OK,bms_soc,67 %,0000000001000011,0,67,0,67,·C,C·,0043,6.7,0.67,0.067,,,,,,
2026-08-21 16:16:52,34000,5256,5256,0x1488,OK,pack1_bat_volt,52.560 V,0001010010001000,20,136,20,-120,··,··,1488,525.6,52.56,5.256,,,,,,
2026-08-21 16:16:52,34002,477,477,0x01DD,OK,pack1_soc,47.700 %,0000000111011101,1,221,1,-35,··,··,-,47.7,4.77,0.477,31260672,477,31260672,477,-,-
2026-08-21 16:16:52,34003,0,0,0x0000,OK,pack1_cycle_count,0,0000000000000000,0,0,0,0,··,··,0000,0.0,0.00,0.000,3,196608,3,196608,-,-
2026-08-21 16:16:52,34004,3,3,0x0003,VERM,Verm: pack1_mos_status,3,0000000000000011,0,3,0,3,··,··,0003,0.3,0.03,0.003,,,,,,
2026-08-21 16:16:52,34007,0,0,0x0000,OK,pack1_protect1,,0000000000000000,0,0,0,0,··,··,0000,0.0,0.00,0.000,16384,1073741824,16384,1073741824,-,2
2026-08-21 16:16:52,34008,16384,16384,0x4000,OK,pack1_protect2,0x4000,0100000000000000,64,0,64,0,@·,·@,4000,1638.4,163.84,16.384,,,,,,
2026-08-21 16:16:52,34010,117,117,0x0075,OK,pack1_bms_version,117,0000000001110101,0,117,0,117,·u,u·,0075,11.7,1.17,0.117,,,,,,
2026-08-21 16:16:52,34100,5328,5328,0x14D0,OK,pack2_bat_volt,53.280 V,0001010011010000,20,208,20,-48,··,··,-,532.8,53.28,5.328,,,,,,
2026-08-21 16:16:53,34102,702,702,0x02BE,VERM,Verm: pack2_soc,70.200 %,0000001010111110,2,190,2,-66,··,··,-,70.2,7.02,0.702,46006285,852670,46006285,852670,-,-
2026-08-21 16:16:53,34103,13,13,0x000D,OK,pack2_cycle_count,13,0000000000001101,0,13,0,13,··,··,-,1.3,0.13,0.013,851968,13,851968,13,-,-
2026-08-21 16:16:53,34104,0,0,0x0000,VERM,Verm: pack2_mos_status,0,0000000000000000,0,0,0,0,··,··,0000,0.0,0.00,0.000,,,,,,
2026-08-21 16:16:53,34107,0,0,0x0000,OK,pack2_protect1,,0000000000000000,0,0,0,0,··,··,0000,0.0,0.00,0.000,0,0,0,0,0,0
2026-08-21 16:16:53,34108,0,0,0x0000,OK,pack2_protect2,0x0000,0000000000000000,0,0,0,0,··,··,0000,0.0,0.00,0.000,,,,,,
2026-08-21 16:16:53,34110,118,118,0x0076,OK,pack2_bms_version,118,0000000001110110,0,118,0,118,·v,v·,0076,11.8,1.18,0.118,,,,,,
2026-08-21 16:16:53,34200,5333,5333,0x14D5,OK,pack3_bat_volt,53.330 V,0001010011010101,20,213,20,-43,··,··,-,533.3,53.33,5.333,,,,,,
2026-08-21 16:16:53,34202,796,796,0x031C,VERM,Verm: pack3_soc,79.600 %,0000001100011100,3,28,3,28,··,··,-,79.6,7.96,0.796,52166675,1245980,52166675,1245980,-,-
2026-08-21 16:16:53,34203,19,19,0x0013,OK,pack3_cycle_count,19,0000000000010011,0,19,0,19,··,··,0013,1.9,0.19,0.019,1245184,19,1245184,19,-,-
2026-08-21 16:16:53,34204,0,0,0x0000,VERM,Verm: pack3_mos_status,0,0000000000000000,0,0,0,0,··,··,0000,0.0,0.00,0.000,,,,,,
2026-08-21 16:16:53,34207,0,0,0x0000,OK,pack3_protect1,,0000000000000000,0,0,0,0,··,··,0000,0.0,0.00,0.000,0,0,0,0,0,0
2026-08-21 16:16:53,34208,0,0,0x0000,OK,pack3_protect2,0x0000,0000000000000000,0,0,0,0,··,··,0000,0.0,0.00,0.000,,,,,,
2026-08-21 16:16:54,34210,118,118,0x0076,OK,pack3_bms_version,118,0000000001110110,0,118,0,118,·v,v·,0076,11.8,1.18,0.118,,,,,,
2026-08-21 16:16:54,34300,5277,5277,0x149D,OK,pack4_bat_volt,52.770 V,0001010010011101,20,157,20,-99,··,··,-,527.7,52.77,5.277,,,,,,
2026-08-21 16:16:54,34302,694,694,0x02B6,VERM,Verm: pack4_soc,69.400 %,0000001010110110,2,182,2,-74,··,··,-,69.4,6.94,0.694,45482003,1245878,45482003,1245878,-,-
2026-08-21 16:16:54,34303,19,19,0x0013,OK,pack4_cycle_count,19,0000000000010011,0,19,0,19,··,··,0013,1.9,0.19,0.019,1245184,19,1245184,19,-,-
2026-08-21 16:16:54,34304,0,0,0x0000,VERM,Verm: pack4_mos_status,0,0000000000000000,0,0,0,0,··,··,0000,0.0,0.00,0.000,,,,,,
2026-08-21 16:16:54,34307,0,0,0x0000,OK,pack4_protect1,,0000000000000000,0,0,0,0,··,··,0000,0.0,0.00,0.000,0,0,0,0,0,0
2026-08-21 16:16:54,34308,0,0,0x0000,OK,pack4_protect2,0x0000,0000000000000000,0,0,0,0,··,··,0000,0.0,0.00,0.000,,,,,,
2026-08-21 16:16:54,34310,118,118,0x0076,OK,pack4_bms_version,118,0000000001110110,0,118,0,118,·v,v·,0076,11.8,1.18,0.118,,,,,,
2026-08-21 16:16:54,34400,5335,5335,0x14D7,OK,pack5_bat_volt,53.350 V,0001010011010111,20,215,20,-41,··,··,-,533.5,53.35,5.335,,,,,,
2026-08-21 16:16:55,34402,695,695,0x02B7,VERM,Verm: pack5_soc,69.500 %,0000001010110111,2,183,2,-73,··,··,-,69.5,6.95,0.695,45547582,4063927,45547582,4063927,-,-
2026-08-21 16:16:55,34403,62,62,0x003E,OK,pack5_cycle_count,62,0000000000111110,0,62,0,62,·>,>·,-,6.2,0.62,0.062,4063232,62,4063232,62,-,-
2026-08-21 16:16:55,34404,0,0,0x0000,VERM,Verm: pack5_mos_status,0,0000000000000000,0,0,0,0,··,··,0000,0.0,0.00,0.000,,,,,,
2026-08-21 16:16:55,34407,0,0,0x0000,OK,pack5_protect1,,0000000000000000,0,0,0,0,··,··,0000,0.0,0.00,0.000,0,0,0,0,0,0
2026-08-21 16:16:55,34408,0,0,0x0000,OK,pack5_protect2,0x0000,0000000000000000,0,0,0,0,··,··,0000,0.0,0.00,0.000,,,,,,
2026-08-21 16:16:55,34410,118,118,0x0076,OK,pack5_bms_version,118,0000000001110110,0,118,0,118,·v,v·,0076,11.8,1.18,0.118,,,,,,
2026-08-21 16:16:55,34500,5335,5335,0x14D7,OK,pack6_bat_volt,53.350 V,0001010011010111,20,215,20,-41,··,··,-,533.5,53.35,5.335,,,,,,
2026-08-21 16:16:55,34502,695,695,0x02B7,VERM,Verm: pack6_soc,69.500 %,0000001010110111,2,183,2,-73,··,··,-,69.5,6.95,0.695,45547576,3670711,45547576,3670711,-,-
2026-08-21 16:16:55,34503,56,56,0x0038,OK,pack6_cycle_count,56,0000000000111000,0,56,0,56,·8,8·,0038,5.6,0.56,0.056,3670016,56,3670016,56,-,-
2026-08-21 16:16:55,34504,0,0,0x0000,VERM,Verm: pack6_mos_status,0,0000000000000000,0,0,0,0,··,··,0000,0.0,0.00,0.000,,,,,,
2026-08-21 16:16:55,34507,0,0,0x0000,OK,pack6_protect1,,0000000000000000,0,0,0,0,··,··,0000,0.0,0.00,0.000,0,0,0,0,0,0
2026-08-21 16:16:55,34508,0,0,0x0000,OK,pack6_protect2,0x0000,0000000000000000,0,0,0,0,··,··,0000,0.0,0.00,0.000,,,,,,
2026-08-21 16:16:56,34510,118,118,0x0076,OK,pack6_bms_version,118,0000000001110110,0,118,0,118,·v,v·,0076,11.8,1.18,0.118,,,,,,
2026-08-21 16:16:56,36000,0,0,0x0000,OK,warn_code,0x0000,0000000000000000,0,0,0,0,··,··,0000,0.0,0.00,0.000,0,0,0,0,0,0
2026-08-21 16:16:56,36001,0,0,0x0000,OK,warn_code_w2,0x0000,0000000000000000,0,0,0,0,··,··,0000,0.0,0.00,0.000,,,,,,
2026-08-21 16:16:56,36100,32,32,0x0020,OK,error_code1,0x0020,0000000000100000,0,32,0,32,· , ·,0020,3.2,0.32,0.032,2097152,32,2097152,32,-,-
2026-08-21 16:16:56,36101,0,0,0x0000,OK,error_code1_w2,0x0000,0000000000000000,0,0,0,0,··,··,0000,0.0,0.00,0.000,0,0,0,0,0,0
2026-08-21 16:16:56,36102,0,0,0x0000,OK,error_code2,0x0000,0000000000000000,0,0,0,0,··,··,0000,0.0,0.00,0.000,0,0,0,0,0,0
2026-08-21 16:16:56,36103,0,0,0x0000,OK,error_code2_w2,0x0000,0000000000000000,0,0,0,0,··,··,0000,0.0,0.00,0.000,,,,,,
2026-08-21 16:16:56,37023,0,0,0x0000,OK,mppt_error,,0000000000000000,0,0,0,0,··,··,0000,0.0,0.00,0.000,0,0,0,0,0,0
2026-08-21 16:16:56,37024,0,0,0x0000,OK,mppt_warning,,0000000000000000,0,0,0,0,··,··,0000,0.0,0.00,0.000,,,,,,
2026-08-21 16:16:56,41200,0,0,0x0000,OK,backup_ups_enable,,0000000000000000,0,0,0,0,··,··,0000,0.0,0.00,0.000,,,,,,
2026-08-21 16:16:56,42000,21947,21947,0x55BB,OK,update_mode_status,0x55BB,0101010110111011,85,187,85,-69,U·,·U,-,2194.7,219.47,21.947,,,,,,
2026-08-21 16:17:57,30001,65524,-12,0xFFF4,OK,bat_sample_power,-12 W,1111111111110100,255,244,-1,-12,··,··,-,6552.4,655.24,65.524,,,,,,
2026-08-21 16:17:57,30005,4,4,0x0004,OK,off_grid_volt,0.400 V,0000000000000100,0,4,0,4,··,··,0004,0.4,0.04,0.004,,,,,,
2026-08-21 16:17:57,30007,0,0,0x0000,OK,off_grid_power,0 W,0000000000000000,0,0,0,0,··,··,0000,0.0,0.00,0.000,,,,,,
2026-08-21 16:17:57,30200,150,150,0x0096,OK,ems_ver,150,0000000010010110,0,150,0,-106,··,··,0096,15.0,1.50,0.150,9830418,1179798,9830418,1179798,-,-
2026-08-21 16:17:57,30201,18,18,0x0012,OK,ems_boot_ver,,0000000000010010,0,18,0,18,··,··,0012,1.8,0.18,0.018,1179764,7602194,1179764,7602194,-,-
2026-08-21 16:17:57,30202,116,116,0x0074,OK,vns_ver,116,0000000001110100,0,116,0,116,·t,t·,0074,11.6,1.16,0.116,,,,,,
2026-08-21 16:17:57,30204,117,117,0x0075,OK,bms_ver,117,0000000001110101,0,117,0,117,·u,u·,0075,11.7,1.17,0.117,7667816,6815861,7667816,6815861,-,-
2026-08-21 16:17:57,30205,104,104,0x0068,OK,mppt_ver,104,0000000001101000,0,104,0,104,·h,h·,0068,10.4,1.04,0.104,,,,,,
2026-08-21 16:17:57,30350,12848,12848,0x3230,OK,comm_module_firmware,,0011001000110000,50,48,50,48,20,02,3230,1284.8,128.48,12.848,842019380,842281520,842019380,842281520,-,-
2026-08-21 16:17:57,30351,12852,12852,0x3234,OK,comm_module_firmware[2],,0011001000110100,50,52,50,52,24,42,3234,1285.2,128.52,12.852,842281017,809054772,842281017,809054772,-,-
2026-08-21 16:17:57,30352,12345,12345,0x3039,OK,comm_module_firmware[3],,0011000000111001,48,57,48,57,09,90,3039,1234.5,123.45,12.345,809054265,809054265,809054265,809054265,-,-
2026-08-21 16:17:57,30353,12345,12345,0x3039,OK,comm_module_firmware[4],,0011000000111001,48,57,48,57,09,90,3039,1234.5,123.45,12.345,809054257,808529977,809054257,808529977,-,-
2026-08-21 16:17:57,30354,12337,12337,0x3031,OK,comm_module_firmware[5],,0011000000110001,48,49,48,49,01,10,3031,1233.7,123.37,12.337,808531257,892940337,808531257,892940337,-,-
2026-08-21 16:17:57,30355,13625,13625,0x3539,OK,comm_module_firmware[6],,0011010100111001,53,57,53,57,59,95,3539,1362.5,136.25,13.625,,,,,,
2026-08-21 16:17:57,32100,5336,5336,0x14D8,OK,bms_battery_voltage,53.360 V,0001010011011000,20,216,20,-40,··,··,-,533.6,53.36,5.336,,,,,,
2026-08-21 16:17:58,32104,67,67,0x0043,OK,bms_soc,67 %,0000000001000011,0,67,0,67,·C,C·,0043,6.7,0.67,0.067,,,,,,
2026-08-21 16:17:58,34000,5256,5256,0x1488,OK,pack1_bat_volt,52.560 V,0001010010001000,20,136,20,-120,··,··,1488,525.6,52.56,5.256,,,,,,
2026-08-21 16:17:58,34002,477,477,0x01DD,OK,pack1_soc,47.700 %,0000000111011101,1,221,1,-35,··,··,-,47.7,4.77,0.477,31260672,477,31260672,477,-,-
2026-08-21 16:17:58,34003,0,0,0x0000,OK,pack1_cycle_count,0,0000000000000000,0,0,0,0,··,··,0000,0.0,0.00,0.000,3,196608,3,196608,-,-
2026-08-21 16:17:58,34004,3,3,0x0003,VERM,Verm: pack1_mos_status,3,0000000000000011,0,3,0,3,··,··,0003,0.3,0.03,0.003,,,,,,
2026-08-21 16:17:58,34007,0,0,0x0000,OK,pack1_protect1,,0000000000000000,0,0,0,0,··,··,0000,0.0,0.00,0.000,16384,1073741824,16384,1073741824,-,2
2026-08-21 16:17:58,34008,16384,16384,0x4000,OK,pack1_protect2,0x4000,0100000000000000,64,0,64,0,@·,·@,4000,1638.4,163.84,16.384,,,,,,
2026-08-21 16:17:58,34010,117,117,0x0075,OK,pack1_bms_version,117,0000000001110101,0,117,0,117,·u,u·,0075,11.7,1.17,0.117,,,,,,
2026-08-21 16:17:58,34100,5328,5328,0x14D0,OK,pack2_bat_volt,53.280 V,0001010011010000,20,208,20,-48,··,··,-,532.8,53.28,5.328,,,,,,
2026-08-21 16:17:59,34102,702,702,0x02BE,VERM,Verm: pack2_soc,70.200 %,0000001010111110,2,190,2,-66,··,··,-,70.2,7.02,0.702,46006285,852670,46006285,852670,-,-
2026-08-21 16:17:59,34103,13,13,0x000D,OK,pack2_cycle_count,13,0000000000001101,0,13,0,13,··,··,-,1.3,0.13,0.013,851968,13,851968,13,-,-
2026-08-21 16:17:59,34104,0,0,0x0000,VERM,Verm: pack2_mos_status,0,0000000000000000,0,0,0,0,··,··,0000,0.0,0.00,0.000,,,,,,
2026-08-21 16:17:59,34107,0,0,0x0000,OK,pack2_protect1,,0000000000000000,0,0,0,0,··,··,0000,0.0,0.00,0.000,0,0,0,0,0,0
2026-08-21 16:17:59,34108,0,0,0x0000,OK,pack2_protect2,0x0000,0000000000000000,0,0,0,0,··,··,0000,0.0,0.00,0.000,,,,,,
2026-08-21 16:17:59,34110,118,118,0x0076,OK,pack2_bms_version,118,0000000001110110,0,118,0,118,·v,v·,0076,11.8,1.18,0.118,,,,,,
2026-08-21 16:17:59,34200,5333,5333,0x14D5,OK,pack3_bat_volt,53.330 V,0001010011010101,20,213,20,-43,··,··,-,533.3,53.33,5.333,,,,,,
2026-08-21 16:17:59,34202,796,796,0x031C,VERM,Verm: pack3_soc,79.600 %,0000001100011100,3,28,3,28,··,··,-,79.6,7.96,0.796,52166675,1245980,52166675,1245980,-,-
2026-08-21 16:17:59,34203,19,19,0x0013,OK,pack3_cycle_count,19,0000000000010011,0,19,0,19,··,··,0013,1.9,0.19,0.019,1245184,19,1245184,19,-,-
2026-08-21 16:17:59,34204,0,0,0x0000,VERM,Verm: pack3_mos_status,0,0000000000000000,0,0,0,0,··,··,0000,0.0,0.00,0.000,,,,,,
2026-08-21 16:17:59,34207,0,0,0x0000,OK,pack3_protect1,,0000000000000000,0,0,0,0,··,··,0000,0.0,0.00,0.000,0,0,0,0,0,0
2026-08-21 16:17:59,34208,0,0,0x0000,OK,pack3_protect2,0x0000,0000000000000000,0,0,0,0,··,··,0000,0.0,0.00,0.000,,,,,,
2026-08-21 16:18:00,34210,118,118,0x0076,OK,pack3_bms_version,118,0000000001110110,0,118,0,118,·v,v·,0076,11.8,1.18,0.118,,,,,,
2026-08-21 16:18:00,34300,5277,5277,0x149D,OK,pack4_bat_volt,52.770 V,0001010010011101,20,157,20,-99,··,··,-,527.7,52.77,5.277,,,,,,
2026-08-21 16:18:00,34302,694,694,0x02B6,VERM,Verm: pack4_soc,69.400 %,0000001010110110,2,182,2,-74,··,··,-,69.4,6.94,0.694,45482003,1245878,45482003,1245878,-,-
2026-08-21 16:18:00,34303,19,19,0x0013,OK,pack4_cycle_count,19,0000000000010011,0,19,0,19,··,··,0013,1.9,0.19,0.019,1245184,19,1245184,19,-,-
2026-08-21 16:18:00,34304,0,0,0x0000,VERM,Verm: pack4_mos_status,0,0000000000000000,0,0,0,0,··,··,0000,0.0,0.00,0.000,,,,,,
2026-08-21 16:18:00,34307,0,0,0x0000,OK,pack4_protect1,,0000000000000000,0,0,0,0,··,··,0000,0.0,0.00,0.000,0,0,0,0,0,0
2026-08-21 16:18:00,34308,0,0,0x0000,OK,pack4_protect2,0x0000,0000000000000000,0,0,0,0,··,··,0000,0.0,0.00,0.000,,,,,,
2026-08-21 16:18:00,34310,118,118,0x0076,OK,pack4_bms_version,118,0000000001110110,0,118,0,118,·v,v·,0076,11.8,1.18,0.118,,,,,,
2026-08-21 16:18:00,34400,5335,5335,0x14D7,OK,pack5_bat_volt,53.350 V,0001010011010111,20,215,20,-41,··,··,-,533.5,53.35,5.335,,,,,,
2026-08-21 16:18:01,34402,695,695,0x02B7,VERM,Verm: pack5_soc,69.500 %,0000001010110111,2,183,2,-73,··,··,-,69.5,6.95,0.695,45547582,4063927,45547582,4063927,-,-
2026-08-21 16:18:01,34403,62,62,0x003E,OK,pack5_cycle_count,62,0000000000111110,0,62,0,62,·>,>·,-,6.2,0.62,0.062,4063232,62,4063232,62,-,-
2026-08-21 16:18:01,34404,0,0,0x0000,VERM,Verm: pack5_mos_status,0,0000000000000000,0,0,0,0,··,··,0000,0.0,0.00,0.000,,,,,,
2026-08-21 16:18:01,34407,0,0,0x0000,OK,pack5_protect1,,0000000000000000,0,0,0,0,··,··,0000,0.0,0.00,0.000,0,0,0,0,0,0
2026-08-21 16:18:01,34408,0,0,0x0000,OK,pack5_protect2,0x0000,0000000000000000,0,0,0,0,··,··,0000,0.0,0.00,0.000,,,,,,
2026-08-21 16:18:01,34410,118,118,0x0076,OK,pack5_bms_version,118,0000000001110110,0,118,0,118,·v,v·,0076,11.8,1.18,0.118,,,,,,
2026-08-21 16:18:01,34500,5335,5335,0x14D7,OK,pack6_bat_volt,53.350 V,0001010011010111,20,215,20,-41,··,··,-,533.5,53.35,5.335,,,,,,
2026-08-21 16:18:01,34502,695,695,0x02B7,VERM,Verm: pack6_soc,69.500 %,0000001010110111,2,183,2,-73,··,··,-,69.5,6.95,0.695,45547576,3670711,45547576,3670711,-,-
2026-08-21 16:18:01,34503,56,56,0x0038,OK,pack6_cycle_count,56,0000000000111000,0,56,0,56,·8,8·,0038,5.6,0.56,0.056,3670016,56,3670016,56,-,-
2026-08-21 16:18:01,34504,0,0,0x0000,VERM,Verm: pack6_mos_status,0,0000000000000000,0,0,0,0,··,··,0000,0.0,0.00,0.000,,,,,,
2026-08-21 16:18:01,34507,0,0,0x0000,OK,pack6_protect1,,0000000000000000,0,0,0,0,··,··,0000,0.0,0.00,0.000,0,0,0,0,0,0
2026-08-21 16:18:01,34508,0,0,0x0000,OK,pack6_protect2,0x0000,0000000000000000,0,0,0,0,··,··,0000,0.0,0.00,0.000,,,,,,
2026-08-21 16:18:01,34510,118,118,0x0076,OK,pack6_bms_version,118,0000000001110110,0,118,0,118,·v,v·,0076,11.8,1.18,0.118,,,,,,
2026-08-21 16:18:02,36000,0,0,0x0000,OK,warn_code,0x0000,0000000000000000,0,0,0,0,··,··,0000,0.0,0.00,0.000,0,0,0,0,0,0
2026-08-21 16:18:02,36001,0,0,0x0000,OK,warn_code_w2,0x0000,0000000000000000,0,0,0,0,··,··,0000,0.0,0.00,0.000,,,,,,
2026-08-21 16:18:02,36100,32,32,0x0020,OK,error_code1,0x0020,0000000000100000,0,32,0,32,· , ·,0020,3.2,0.32,0.032,2097152,32,2097152,32,-,-
2026-08-21 16:18:02,36101,0,0,0x0000,OK,error_code1_w2,0x0000,0000000000000000,0,0,0,0,··,··,0000,0.0,0.00,0.000,0,0,0,0,0,0
2026-08-21 16:18:02,36102,0,0,0x0000,OK,error_code2,0x0000,0000000000000000,0,0,0,0,··,··,0000,0.0,0.00,0.000,0,0,0,0,0,0
2026-08-21 16:18:02,36103,0,0,0x0000,OK,error_code2_w2,0x0000,0000000000000000,0,0,0,0,··,··,0000,0.0,0.00,0.000,,,,,,
2026-08-21 16:18:02,37023,0,0,0x0000,OK,mppt_error,,0000000000000000,0,0,0,0,··,··,0000,0.0,0.00,0.000,0,0,0,0,0,0
2026-08-21 16:18:02,37024,0,0,0x0000,OK,mppt_warning,,0000000000000000,0,0,0,0,··,··,0000,0.0,0.00,0.000,,,,,,
2026-08-21 16:18:02,41200,0,0,0x0000,OK,backup_ups_enable,,0000000000000000,0,0,0,0,··,··,0000,0.0,0.00,0.000,,,,,,
2026-08-21 16:18:02,42000,21947,21947,0x55BB,OK,update_mode_status,0x55BB,0101010110111011,85,187,85,-69,U·,·U,-,2194.7,219.47,21.947,,,,,,
2026-08-21 16:19:02,30001,65524,-12,0xFFF4,OK,bat_sample_power,-12 W,1111111111110100,255,244,-1,-12,··,··,-,6552.4,655.24,65.524,,,,,,
2026-08-21 16:19:03,30005,4,4,0x0004,OK,off_grid_volt,0.400 V,0000000000000100,0,4,0,4,··,··,0004,0.4,0.04,0.004,,,,,,
2026-08-21 16:19:03,30007,0,0,0x0000,OK,off_grid_power,0 W,0000000000000000,0,0,0,0,··,··,0000,0.0,0.00,0.000,,,,,,
2026-08-21 16:19:03,30200,150,150,0x0096,OK,ems_ver,150,0000000010010110,0,150,0,-106,··,··,0096,15.0,1.50,0.150,9830418,1179798,9830418,1179798,-,-
2026-08-21 16:19:03,30201,18,18,0x0012,OK,ems_boot_ver,,0000000000010010,0,18,0,18,··,··,0012,1.8,0.18,0.018,1179764,7602194,1179764,7602194,-,-
2026-08-21 16:19:03,30202,116,116,0x0074,OK,vns_ver,116,0000000001110100,0,116,0,116,·t,t·,0074,11.6,1.16,0.116,,,,,,
2026-08-21 16:19:03,30204,117,117,0x0075,OK,bms_ver,117,0000000001110101,0,117,0,117,·u,u·,0075,11.7,1.17,0.117,7667816,6815861,7667816,6815861,-,-
2026-08-21 16:19:03,30205,104,104,0x0068,OK,mppt_ver,104,0000000001101000,0,104,0,104,·h,h·,0068,10.4,1.04,0.104,,,,,,
2026-08-21 16:19:03,30350,12848,12848,0x3230,OK,comm_module_firmware,,0011001000110000,50,48,50,48,20,02,3230,1284.8,128.48,12.848,842019380,842281520,842019380,842281520,-,-
2026-08-21 16:19:03,30351,12852,12852,0x3234,OK,comm_module_firmware[2],,0011001000110100,50,52,50,52,24,42,3234,1285.2,128.52,12.852,842281017,809054772,842281017,809054772,-,-
2026-08-21 16:19:03,30352,12345,12345,0x3039,OK,comm_module_firmware[3],,0011000000111001,48,57,48,57,09,90,3039,1234.5,123.45,12.345,809054265,809054265,809054265,809054265,-,-
2026-08-21 16:19:03,30353,12345,12345,0x3039,OK,comm_module_firmware[4],,0011000000111001,48,57,48,57,09,90,3039,1234.5,123.45,12.345,809054257,808529977,809054257,808529977,-,-
2026-08-21 16:19:03,30354,12337,12337,0x3031,OK,comm_module_firmware[5],,0011000000110001,48,49,48,49,01,10,3031,1233.7,123.37,12.337,808531257,892940337,808531257,892940337,-,-
2026-08-21 16:19:03,30355,13625,13625,0x3539,OK,comm_module_firmware[6],,0011010100111001,53,57,53,57,59,95,3539,1362.5,136.25,13.625,,,,,,
2026-08-21 16:19:03,32100,5335,5335,0x14D7,OK,bms_battery_voltage,53.350 V,0001010011010111,20,215,20,-41,··,··,-,533.5,53.35,5.335,,,,,,
2026-08-21 16:19:04,32104,67,67,0x0043,OK,bms_soc,67 %,0000000001000011,0,67,0,67,·C,C·,0043,6.7,0.67,0.067,,,,,,
2026-08-21 16:19:04,34000,5256,5256,0x1488,OK,pack1_bat_volt,52.560 V,0001010010001000,20,136,20,-120,··,··,1488,525.6,52.56,5.256,,,,,,
2026-08-21 16:19:04,34002,477,477,0x01DD,OK,pack1_soc,47.700 %,0000000111011101,1,221,1,-35,··,··,-,47.7,4.77,0.477,31260672,477,31260672,477,-,-
2026-08-21 16:19:04,34003,0,0,0x0000,OK,pack1_cycle_count,0,0000000000000000,0,0,0,0,··,··,0000,0.0,0.00,0.000,3,196608,3,196608,-,-
2026-08-21 16:19:04,34004,3,3,0x0003,VERM,Verm: pack1_mos_status,3,0000000000000011,0,3,0,3,··,··,0003,0.3,0.03,0.003,,,,,,
2026-08-21 16:19:04,34007,0,0,0x0000,OK,pack1_protect1,,0000000000000000,0,0,0,0,··,··,0000,0.0,0.00,0.000,16384,1073741824,16384,1073741824,-,2
2026-08-21 16:19:04,34008,16384,16384,0x4000,OK,pack1_protect2,0x4000,0100000000000000,64,0,64,0,@·,·@,4000,1638.4,163.84,16.384,,,,,,
2026-08-21 16:19:04,34010,117,117,0x0075,OK,pack1_bms_version,117,0000000001110101,0,117,0,117,·u,u·,0075,11.7,1.17,0.117,,,,,,
2026-08-21 16:19:04,34100,5329,5329,0x14D1,OK,pack2_bat_volt,53.290 V,0001010011010001,20,209,20,-47,··,··,-,532.9,53.29,5.329,,,,,,
2026-08-21 16:19:05,34102,702,702,0x02BE,VERM,Verm: pack2_soc,70.200 %,0000001010111110,2,190,2,-66,··,··,-,70.2,7.02,0.702,46006285,852670,46006285,852670,-,-
2026-08-21 16:19:05,34103,13,13,0x000D,OK,pack2_cycle_count,13,0000000000001101,0,13,0,13,··,··,-,1.3,0.13,0.013,851968,13,851968,13,-,-
2026-08-21 16:19:05,34104,0,0,0x0000,VERM,Verm: pack2_mos_status,0,0000000000000000,0,0,0,0,··,··,0000,0.0,0.00,0.000,,,,,,
2026-08-21 16:19:05,34107,0,0,0x0000,OK,pack2_protect1,,0000000000000000,0,0,0,0,··,··,0000,0.0,0.00,0.000,0,0,0,0,0,0
2026-08-21 16:19:05,34108,0,0,0x0000,OK,pack2_protect2,0x0000,0000000000000000,0,0,0,0,··,··,0000,0.0,0.00,0.000,,,,,,
2026-08-21 16:19:05,34110,118,118,0x0076,OK,pack2_bms_version,118,0000000001110110,0,118,0,118,·v,v·,0076,11.8,1.18,0.118,,,,,,
2026-08-21 16:19:05,34200,5334,5334,0x14D6,OK,pack3_bat_volt,53.340 V,0001010011010110,20,214,20,-42,··,··,-,533.4,53.34,5.334,,,,,,
2026-08-21 16:19:05,34202,796,796,0x031C,VERM,Verm: pack3_soc,79.600 %,0000001100011100,3,28,3,28,··,··,-,79.6,7.96,0.796,52166675,1245980,52166675,1245980,-,-
2026-08-21 16:19:05,34203,19,19,0x0013,OK,pack3_cycle_count,19,0000000000010011,0,19,0,19,··,··,0013,1.9,0.19,0.019,1245184,19,1245184,19,-,-
2026-08-21 16:19:05,34204,0,0,0x0000,VERM,Verm: pack3_mos_status,0,0000000000000000,0,0,0,0,··,··,0000,0.0,0.00,0.000,,,,,,
2026-08-21 16:19:05,34207,0,0,0x0000,OK,pack3_protect1,,0000000000000000,0,0,0,0,··,··,0000,0.0,0.00,0.000,0,0,0,0,0,0
2026-08-21 16:19:05,34208,0,0,0x0000,OK,pack3_protect2,0x0000,0000000000000000,0,0,0,0,··,··,0000,0.0,0.00,0.000,,,,,,
2026-08-21 16:19:05,34210,118,118,0x0076,OK,pack3_bms_version,118,0000000001110110,0,118,0,118,·v,v·,0076,11.8,1.18,0.118,,,,,,
2026-08-21 16:19:06,34300,5277,5277,0x149D,OK,pack4_bat_volt,52.770 V,0001010010011101,20,157,20,-99,··,··,-,527.7,52.77,5.277,,,,,,
2026-08-21 16:19:06,34302,694,694,0x02B6,VERM,Verm: pack4_soc,69.400 %,0000001010110110,2,182,2,-74,··,··,-,69.4,6.94,0.694,45482003,1245878,45482003,1245878,-,-
2026-08-21 16:19:06,34303,19,19,0x0013,OK,pack4_cycle_count,19,0000000000010011,0,19,0,19,··,··,0013,1.9,0.19,0.019,1245184,19,1245184,19,-,-
2026-08-21 16:19:06,34304,0,0,0x0000,VERM,Verm: pack4_mos_status,0,0000000000000000,0,0,0,0,··,··,0000,0.0,0.00,0.000,,,,,,
2026-08-21 16:19:06,34307,0,0,0x0000,OK,pack4_protect1,,0000000000000000,0,0,0,0,··,··,0000,0.0,0.00,0.000,0,0,0,0,0,0
2026-08-21 16:19:06,34308,0,0,0x0000,OK,pack4_protect2,0x0000,0000000000000000,0,0,0,0,··,··,0000,0.0,0.00,0.000,,,,,,
2026-08-21 16:19:06,34310,118,118,0x0076,OK,pack4_bms_version,118,0000000001110110,0,118,0,118,·v,v·,0076,11.8,1.18,0.118,,,,,,
2026-08-21 16:19:06,34400,5335,5335,0x14D7,OK,pack5_bat_volt,53.350 V,0001010011010111,20,215,20,-41,··,··,-,533.5,53.35,5.335,,,,,,
2026-08-21 16:19:06,34402,695,695,0x02B7,VERM,Verm: pack5_soc,69.500 %,0000001010110111,2,183,2,-73,··,··,-,69.5,6.95,0.695,45547582,4063927,45547582,4063927,-,-
2026-08-21 16:19:06,34403,62,62,0x003E,OK,pack5_cycle_count,62,0000000000111110,0,62,0,62,·>,>·,-,6.2,0.62,0.062,4063232,62,4063232,62,-,-
2026-08-21 16:19:06,34404,0,0,0x0000,VERM,Verm: pack5_mos_status,0,0000000000000000,0,0,0,0,··,··,0000,0.0,0.00,0.000,,,,,,
2026-08-21 16:19:07,34407,0,0,0x0000,OK,pack5_protect1,,0000000000000000,0,0,0,0,··,··,0000,0.0,0.00,0.000,0,0,0,0,0,0
2026-08-21 16:19:07,34408,0,0,0x0000,OK,pack5_protect2,0x0000,0000000000000000,0,0,0,0,··,··,0000,0.0,0.00,0.000,,,,,,
2026-08-21 16:19:07,34410,118,118,0x0076,OK,pack5_bms_version,118,0000000001110110,0,118,0,118,·v,v·,0076,11.8,1.18,0.118,,,,,,
2026-08-21 16:19:07,34500,5335,5335,0x14D7,OK,pack6_bat_volt,53.350 V,0001010011010111,20,215,20,-41,··,··,-,533.5,53.35,5.335,,,,,,
2026-08-21 16:19:07,34502,695,695,0x02B7,VERM,Verm: pack6_soc,69.500 %,0000001010110111,2,183,2,-73,··,··,-,69.5,6.95,0.695,45547576,3670711,45547576,3670711,-,-
2026-08-21 16:19:07,34503,56,56,0x0038,OK,pack6_cycle_count,56,0000000000111000,0,56,0,56,·8,8·,0038,5.6,0.56,0.056,3670016,56,3670016,56,-,-
2026-08-21 16:19:07,34504,0,0,0x0000,VERM,Verm: pack6_mos_status,0,0000000000000000,0,0,0,0,··,··,0000,0.0,0.00,0.000,,,,,,
2026-08-21 16:19:07,34507,0,0,0x0000,OK,pack6_protect1,,0000000000000000,0,0,0,0,··,··,0000,0.0,0.00,0.000,0,0,0,0,0,0
2026-08-21 16:19:07,34508,0,0,0x0000,OK,pack6_protect2,0x0000,0000000000000000,0,0,0,0,··,··,0000,0.0,0.00,0.000,,,,,,
2026-08-21 16:19:07,34510,118,118,0x0076,OK,pack6_bms_version,118,0000000001110110,0,118,0,118,·v,v·,0076,11.8,1.18,0.118,,,,,,
2026-08-21 16:19:08,36000,0,0,0x0000,OK,warn_code,0x0000,0000000000000000,0,0,0,0,··,··,0000,0.0,0.00,0.000,0,0,0,0,0,0
2026-08-21 16:19:08,36001,0,0,0x0000,OK,warn_code_w2,0x0000,0000000000000000,0,0,0,0,··,··,0000,0.0,0.00,0.000,,,,,,
2026-08-21 16:19:08,36100,32,32,0x0020,OK,error_code1,0x0020,0000000000100000,0,32,0,32,· , ·,0020,3.2,0.32,0.032,2097152,32,2097152,32,-,-
2026-08-21 16:19:08,36101,0,0,0x0000,OK,error_code1_w2,0x0000,0000000000000000,0,0,0,0,··,··,0000,0.0,0.00,0.000,0,0,0,0,0,0
2026-08-21 16:19:08,36102,0,0,0x0000,OK,error_code2,0x0000,0000000000000000,0,0,0,0,··,··,0000,0.0,0.00,0.000,0,0,0,0,0,0
2026-08-21 16:19:08,36103,0,0,0x0000,OK,error_code2_w2,0x0000,0000000000000000,0,0,0,0,··,··,0000,0.0,0.00,0.000,,,,,,
2026-08-21 16:19:08,37023,0,0,0x0000,OK,mppt_error,,0000000000000000,0,0,0,0,··,··,0000,0.0,0.00,0.000,0,0,0,0,0,0
2026-08-21 16:19:08,37024,0,0,0x0000,OK,mppt_warning,,0000000000000000,0,0,0,0,··,··,0000,0.0,0.00,0.000,,,,,,
2026-08-21 16:19:08,41200,0,0,0x0000,OK,backup_ups_enable,,0000000000000000,0,0,0,0,··,··,0000,0.0,0.00,0.000,,,,,,
2026-08-21 16:19:08,42000,21947,21947,0x55BB,OK,update_mode_status,0x55BB,0101010110111011,85,187,85,-69,U·,·U,-,2194.7,219.47,21.947,,,,,,
2026-08-21 16:20:08,30001,65524,-12,0xFFF4,OK,bat_sample_power,-12 W,1111111111110100,255,244,-1,-12,··,··,-,6552.4,655.24,65.524,,,,,,
2026-08-21 16:20:09,30005,4,4,0x0004,OK,off_grid_volt,0.400 V,0000000000000100,0,4,0,4,··,··,0004,0.4,0.04,0.004,,,,,,
2026-08-21 16:20:09,30007,0,0,0x0000,OK,off_grid_power,0 W,0000000000000000,0,0,0,0,··,··,0000,0.0,0.00,0.000,,,,,,
2026-08-21 16:20:09,30200,150,150,0x0096,OK,ems_ver,150,0000000010010110,0,150,0,-106,··,··,0096,15.0,1.50,0.150,9830418,1179798,9830418,1179798,-,-
2026-08-21 16:20:09,30201,18,18,0x0012,OK,ems_boot_ver,,0000000000010010,0,18,0,18,··,··,0012,1.8,0.18,0.018,1179764,7602194,1179764,7602194,-,-
2026-08-21 16:20:09,30202,116,116,0x0074,OK,vns_ver,116,0000000001110100,0,116,0,116,·t,t·,0074,11.6,1.16,0.116,,,,,,
2026-08-21 16:20:09,30204,117,117,0x0075,OK,bms_ver,117,0000000001110101,0,117,0,117,·u,u·,0075,11.7,1.17,0.117,7667816,6815861,7667816,6815861,-,-
2026-08-21 16:20:09,30205,104,104,0x0068,OK,mppt_ver,104,0000000001101000,0,104,0,104,·h,h·,0068,10.4,1.04,0.104,,,,,,
2026-08-21 16:20:09,30350,12848,12848,0x3230,OK,comm_module_firmware,,0011001000110000,50,48,50,48,20,02,3230,1284.8,128.48,12.848,842019380,842281520,842019380,842281520,-,-
2026-08-21 16:20:09,30351,12852,12852,0x3234,OK,comm_module_firmware[2],,0011001000110100,50,52,50,52,24,42,3234,1285.2,128.52,12.852,842281017,809054772,842281017,809054772,-,-
2026-08-21 16:20:09,30352,12345,12345,0x3039,OK,comm_module_firmware[3],,0011000000111001,48,57,48,57,09,90,3039,1234.5,123.45,12.345,809054265,809054265,809054265,809054265,-,-
2026-08-21 16:20:09,30353,12345,12345,0x3039,OK,comm_module_firmware[4],,0011000000111001,48,57,48,57,09,90,3039,1234.5,123.45,12.345,809054257,808529977,809054257,808529977,-,-
2026-08-21 16:20:09,30354,12337,12337,0x3031,OK,comm_module_firmware[5],,0011000000110001,48,49,48,49,01,10,3031,1233.7,123.37,12.337,808531257,892940337,808531257,892940337,-,-
2026-08-21 16:20:09,30355,13625,13625,0x3539,OK,comm_module_firmware[6],,0011010100111001,53,57,53,57,59,95,3539,1362.5,136.25,13.625,,,,,,
2026-08-21 16:20:09,32100,5335,5335,0x14D7,OK,bms_battery_voltage,53.350 V,0001010011010111,20,215,20,-41,··,··,-,533.5,53.35,5.335,,,,,,
2026-08-21 16:20:09,32104,67,67,0x0043,OK,bms_soc,67 %,0000000001000011,0,67,0,67,·C,C·,0043,6.7,0.67,0.067,,,,,,
2026-08-21 16:20:10,34000,5256,5256,0x1488,OK,pack1_bat_volt,52.560 V,0001010010001000,20,136,20,-120,··,··,1488,525.6,52.56,5.256,,,,,,
2026-08-21 16:20:10,34002,477,477,0x01DD,OK,pack1_soc,47.700 %,0000000111011101,1,221,1,-35,··,··,-,47.7,4.77,0.477,31260672,477,31260672,477,-,-
2026-08-21 16:20:10,34003,0,0,0x0000,OK,pack1_cycle_count,0,0000000000000000,0,0,0,0,··,··,0000,0.0,0.00,0.000,3,196608,3,196608,-,-
2026-08-21 16:20:10,34004,3,3,0x0003,VERM,Verm: pack1_mos_status,3,0000000000000011,0,3,0,3,··,··,0003,0.3,0.03,0.003,,,,,,
2026-08-21 16:20:10,34007,0,0,0x0000,OK,pack1_protect1,,0000000000000000,0,0,0,0,··,··,0000,0.0,0.00,0.000,16384,1073741824,16384,1073741824,-,2
2026-08-21 16:20:10,34008,16384,16384,0x4000,OK,pack1_protect2,0x4000,0100000000000000,64,0,64,0,@·,·@,4000,1638.4,163.84,16.384,,,,,,
2026-08-21 16:20:10,34010,117,117,0x0075,OK,pack1_bms_version,117,0000000001110101,0,117,0,117,·u,u·,0075,11.7,1.17,0.117,,,,,,
2026-08-21 16:20:10,34100,5328,5328,0x14D0,OK,pack2_bat_volt,53.280 V,0001010011010000,20,208,20,-48,··,··,-,532.8,53.28,5.328,,,,,,
2026-08-21 16:20:10,34102,702,702,0x02BE,VERM,Verm: pack2_soc,70.200 %,0000001010111110,2,190,2,-66,··,··,-,70.2,7.02,0.702,46006285,852670,46006285,852670,-,-
2026-08-21 16:20:10,34103,13,13,0x000D,OK,pack2_cycle_count,13,0000000000001101,0,13,0,13,··,··,-,1.3,0.13,0.013,851968,13,851968,13,-,-
2026-08-21 16:20:10,34104,0,0,0x0000,VERM,Verm: pack2_mos_status,0,0000000000000000,0,0,0,0,··,··,0000,0.0,0.00,0.000,,,,,,
2026-08-21 16:20:11,34107,0,0,0x0000,OK,pack2_protect1,,0000000000000000,0,0,0,0,··,··,0000,0.0,0.00,0.000,0,0,0,0,0,0
2026-08-21 16:20:11,34108,0,0,0x0000,OK,pack2_protect2,0x0000,0000000000000000,0,0,0,0,··,··,0000,0.0,0.00,0.000,,,,,,
2026-08-21 16:20:11,34110,118,118,0x0076,OK,pack2_bms_version,118,0000000001110110,0,118,0,118,·v,v·,0076,11.8,1.18,0.118,,,,,,
2026-08-21 16:20:11,34200,5334,5334,0x14D6,OK,pack3_bat_volt,53.340 V,0001010011010110,20,214,20,-42,··,··,-,533.4,53.34,5.334,,,,,,
2026-08-21 16:20:11,34202,796,796,0x031C,VERM,Verm: pack3_soc,79.600 %,0000001100011100,3,28,3,28,··,··,-,79.6,7.96,0.796,52166675,1245980,52166675,1245980,-,-
2026-08-21 16:20:11,34203,19,19,0x0013,OK,pack3_cycle_count,19,0000000000010011,0,19,0,19,··,··,0013,1.9,0.19,0.019,1245184,19,1245184,19,-,-
2026-08-21 16:20:11,34204,0,0,0x0000,VERM,Verm: pack3_mos_status,0,0000000000000000,0,0,0,0,··,··,0000,0.0,0.00,0.000,,,,,,
2026-08-21 16:20:11,34207,0,0,0x0000,OK,pack3_protect1,,0000000000000000,0,0,0,0,··,··,0000,0.0,0.00,0.000,0,0,0,0,0,0
2026-08-21 16:20:11,34208,0,0,0x0000,OK,pack3_protect2,0x0000,0000000000000000,0,0,0,0,··,··,0000,0.0,0.00,0.000,,,,,,
2026-08-21 16:20:11,34210,118,118,0x0076,OK,pack3_bms_version,118,0000000001110110,0,118,0,118,·v,v·,0076,11.8,1.18,0.118,,,,,,
2026-08-21 16:20:12,34300,5277,5277,0x149D,OK,pack4_bat_volt,52.770 V,0001010010011101,20,157,20,-99,··,··,-,527.7,52.77,5.277,,,,,,
2026-08-21 16:20:12,34302,694,694,0x02B6,VERM,Verm: pack4_soc,69.400 %,0000001010110110,2,182,2,-74,··,··,-,69.4,6.94,0.694,45482003,1245878,45482003,1245878,-,-
2026-08-21 16:20:12,34303,19,19,0x0013,OK,pack4_cycle_count,19,0000000000010011,0,19,0,19,··,··,0013,1.9,0.19,0.019,1245184,19,1245184,19,-,-
2026-08-21 16:20:12,34304,0,0,0x0000,VERM,Verm: pack4_mos_status,0,0000000000000000,0,0,0,0,··,··,0000,0.0,0.00,0.000,,,,,,
2026-08-21 16:20:12,34307,0,0,0x0000,OK,pack4_protect1,,0000000000000000,0,0,0,0,··,··,0000,0.0,0.00,0.000,0,0,0,0,0,0
2026-08-21 16:20:12,34308,0,0,0x0000,OK,pack4_protect2,0x0000,0000000000000000,0,0,0,0,··,··,0000,0.0,0.00,0.000,,,,,,
2026-08-21 16:20:12,34310,118,118,0x0076,OK,pack4_bms_version,118,0000000001110110,0,118,0,118,·v,v·,0076,11.8,1.18,0.118,,,,,,
2026-08-21 16:20:12,34400,5335,5335,0x14D7,OK,pack5_bat_volt,53.350 V,0001010011010111,20,215,20,-41,··,··,-,533.5,53.35,5.335,,,,,,
2026-08-21 16:20:12,34402,695,695,0x02B7,VERM,Verm: pack5_soc,69.500 %,0000001010110111,2,183,2,-73,··,··,-,69.5,6.95,0.695,45547582,4063927,45547582,4063927,-,-
2026-08-21 16:20:12,34403,62,62,0x003E,OK,pack5_cycle_count,62,0000000000111110,0,62,0,62,·>,>·,-,6.2,0.62,0.062,4063232,62,4063232,62,-,-
2026-08-21 16:20:12,34404,0,0,0x0000,VERM,Verm: pack5_mos_status,0,0000000000000000,0,0,0,0,··,··,0000,0.0,0.00,0.000,,,,,,
2026-08-21 16:20:13,34407,0,0,0x0000,OK,pack5_protect1,,0000000000000000,0,0,0,0,··,··,0000,0.0,0.00,0.000,0,0,0,0,0,0
2026-08-21 16:20:13,34408,0,0,0x0000,OK,pack5_protect2,0x0000,0000000000000000,0,0,0,0,··,··,0000,0.0,0.00,0.000,,,,,,
2026-08-21 16:20:13,34410,118,118,0x0076,OK,pack5_bms_version,118,0000000001110110,0,118,0,118,·v,v·,0076,11.8,1.18,0.118,,,,,,
2026-08-21 16:20:13,34500,5335,5335,0x14D7,OK,pack6_bat_volt,53.350 V,0001010011010111,20,215,20,-41,··,··,-,533.5,53.35,5.335,,,,,,
2026-08-21 16:20:13,34502,695,695,0x02B7,VERM,Verm: pack6_soc,69.500 %,0000001010110111,2,183,2,-73,··,··,-,69.5,6.95,0.695,45547576,3670711,45547576,3670711,-,-
2026-08-21 16:20:13,34503,56,56,0x0038,OK,pack6_cycle_count,56,0000000000111000,0,56,0,56,·8,8·,0038,5.6,0.56,0.056,3670016,56,3670016,56,-,-
2026-08-21 16:20:13,34504,0,0,0x0000,VERM,Verm: pack6_mos_status,0,0000000000000000,0,0,0,0,··,··,0000,0.0,0.00,0.000,,,,,,
2026-08-21 16:20:13,34507,0,0,0x0000,OK,pack6_protect1,,0000000000000000,0,0,0,0,··,··,0000,0.0,0.00,0.000,0,0,0,0,0,0
2026-08-21 16:20:13,34508,0,0,0x0000,OK,pack6_protect2,0x0000,0000000000000000,0,0,0,0,··,··,0000,0.0,0.00,0.000,,,,,,
2026-08-21 16:20:13,34510,118,118,0x0076,OK,pack6_bms_version,118,0000000001110110,0,118,0,118,·v,v·,0076,11.8,1.18,0.118,,,,,,
2026-08-21 16:20:13,36000,0,0,0x0000,OK,warn_code,0x0000,0000000000000000,0,0,0,0,··,··,0000,0.0,0.00,0.000,0,0,0,0,0,0
2026-08-21 16:20:13,36001,0,0,0x0000,OK,warn_code_w2,0x0000,0000000000000000,0,0,0,0,··,··,0000,0.0,0.00,0.000,,,,,,
2026-08-21 16:20:14,36100,32,32,0x0020,OK,error_code1,0x0020,0000000000100000,0,32,0,32,· , ·,0020,3.2,0.32,0.032,2097152,32,2097152,32,-,-
2026-08-21 16:20:14,36101,0,0,0x0000,OK,error_code1_w2,0x0000,0000000000000000,0,0,0,0,··,··,0000,0.0,0.00,0.000,0,0,0,0,0,0
2026-08-21 16:20:14,36102,0,0,0x0000,OK,error_code2,0x0000,0000000000000000,0,0,0,0,··,··,0000,0.0,0.00,0.000,0,0,0,0,0,0
2026-08-21 16:20:14,36103,0,0,0x0000,OK,error_code2_w2,0x0000,0000000000000000,0,0,0,0,··,··,0000,0.0,0.00,0.000,,,,,,
2026-08-21 16:20:14,37023,0,0,0x0000,OK,mppt_error,,0000000000000000,0,0,0,0,··,··,0000,0.0,0.00,0.000,0,0,0,0,0,0
2026-08-21 16:20:14,37024,0,0,0x0000,OK,mppt_warning,,0000000000000000,0,0,0,0,··,··,0000,0.0,0.00,0.000,,,,,,
2026-08-21 16:20:14,41200,0,0,0x0000,OK,backup_ups_enable,,0000000000000000,0,0,0,0,··,··,0000,0.0,0.00,0.000,,,,,,
2026-08-21 16:20:14,42000,21947,21947,0x55BB,OK,update_mode_status,0x55BB,0101010110111011,85,187,85,-69,U·,·U,-,2194.7,219.47,21.947,,,,,,
2026-08-21 16:21:14,30001,65524,-12,0xFFF4,OK,bat_sample_power,-12 W,1111111111110100,255,244,-1,-12,··,··,-,6552.4,655.24,65.524,,,,,,
2026-08-21 16:21:14,30005,3,3,0x0003,OK,off_grid_volt,0.300 V,0000000000000011,0,3,0,3,··,··,0003,0.3,0.03,0.003,,,,,,
2026-08-21 16:21:15,30007,0,0,0x0000,OK,off_grid_power,0 W,0000000000000000,0,0,0,0,··,··,0000,0.0,0.00,0.000,,,,,,
2026-08-21 16:21:15,30200,150,150,0x0096,OK,ems_ver,150,0000000010010110,0,150,0,-106,··,··,0096,15.0,1.50,0.150,9830418,1179798,9830418,1179798,-,-
2026-08-21 16:21:15,30201,18,18,0x0012,OK,ems_boot_ver,,0000000000010010,0,18,0,18,··,··,0012,1.8,0.18,0.018,1179764,7602194,1179764,7602194,-,-
2026-08-21 16:21:15,30202,116,116,0x0074,OK,vns_ver,116,0000000001110100,0,116,0,116,·t,t·,0074,11.6,1.16,0.116,,,,,,
2026-08-21 16:21:15,30204,117,117,0x0075,OK,bms_ver,117,0000000001110101,0,117,0,117,·u,u·,0075,11.7,1.17,0.117,7667816,6815861,7667816,6815861,-,-
2026-08-21 16:21:15,30205,104,104,0x0068,OK,mppt_ver,104,0000000001101000,0,104,0,104,·h,h·,0068,10.4,1.04,0.104,,,,,,
2026-08-21 16:21:15,30350,12848,12848,0x3230,OK,comm_module_firmware,,0011001000110000,50,48,50,48,20,02,3230,1284.8,128.48,12.848,842019380,842281520,842019380,842281520,-,-
2026-08-21 16:21:15,30351,12852,12852,0x3234,OK,comm_module_firmware[2],,0011001000110100,50,52,50,52,24,42,3234,1285.2,128.52,12.852,842281017,809054772,842281017,809054772,-,-
2026-08-21 16:21:15,30352,12345,12345,0x3039,OK,comm_module_firmware[3],,0011000000111001,48,57,48,57,09,90,3039,1234.5,123.45,12.345,809054265,809054265,809054265,809054265,-,-
2026-08-21 16:21:15,30353,12345,12345,0x3039,OK,comm_module_firmware[4],,0011000000111001,48,57,48,57,09,90,3039,1234.5,123.45,12.345,809054257,808529977,809054257,808529977,-,-
2026-08-21 16:21:15,30354,12337,12337,0x3031,OK,comm_module_firmware[5],,0011000000110001,48,49,48,49,01,10,3031,1233.7,123.37,12.337,808531257,892940337,808531257,892940337,-,-
2026-08-21 16:21:15,30355,13625,13625,0x3539,OK,comm_module_firmware[6],,0011010100111001,53,57,53,57,59,95,3539,1362.5,136.25,13.625,,,,,,
2026-08-21 16:21:15,32100,5336,5336,0x14D8,OK,bms_battery_voltage,53.360 V,0001010011011000,20,216,20,-40,··,··,-,533.6,53.36,5.336,,,,,,
2026-08-21 16:21:15,32104,67,67,0x0043,OK,bms_soc,67 %,0000000001000011,0,67,0,67,·C,C·,0043,6.7,0.67,0.067,,,,,,
2026-08-21 16:21:16,34000,5256,5256,0x1488,OK,pack1_bat_volt,52.560 V,0001010010001000,20,136,20,-120,··,··,1488,525.6,52.56,5.256,,,,,,
2026-08-21 16:21:16,34002,477,477,0x01DD,OK,pack1_soc,47.700 %,0000000111011101,1,221,1,-35,··,··,-,47.7,4.77,0.477,31260672,477,31260672,477,-,-
2026-08-21 16:21:16,34003,0,0,0x0000,OK,pack1_cycle_count,0,0000000000000000,0,0,0,0,··,··,0000,0.0,0.00,0.000,3,196608,3,196608,-,-
2026-08-21 16:21:16,34004,3,3,0x0003,VERM,Verm: pack1_mos_status,3,0000000000000011,0,3,0,3,··,··,0003,0.3,0.03,0.003,,,,,,
2026-08-21 16:21:16,34007,0,0,0x0000,OK,pack1_protect1,,0000000000000000,0,0,0,0,··,··,0000,0.0,0.00,0.000,16384,1073741824,16384,1073741824,-,2
2026-08-21 16:21:16,34008,16384,16384,0x4000,OK,pack1_protect2,0x4000,0100000000000000,64,0,64,0,@·,·@,4000,1638.4,163.84,16.384,,,,,,
2026-08-21 16:21:16,34010,117,117,0x0075,OK,pack1_bms_version,117,0000000001110101,0,117,0,117,·u,u·,0075,11.7,1.17,0.117,,,,,,
2026-08-21 16:21:16,34100,5328,5328,0x14D0,OK,pack2_bat_volt,53.280 V,0001010011010000,20,208,20,-48,··,··,-,532.8,53.28,5.328,,,,,,
2026-08-21 16:21:16,34102,702,702,0x02BE,VERM,Verm: pack2_soc,70.200 %,0000001010111110,2,190,2,-66,··,··,-,70.2,7.02,0.702,46006285,852670,46006285,852670,-,-
2026-08-21 16:21:16,34103,13,13,0x000D,OK,pack2_cycle_count,13,0000000000001101,0,13,0,13,··,··,-,1.3,0.13,0.013,851968,13,851968,13,-,-
2026-08-21 16:21:16,34104,0,0,0x0000,VERM,Verm: pack2_mos_status,0,0000000000000000,0,0,0,0,··,··,0000,0.0,0.00,0.000,,,,,,
2026-08-21 16:21:17,34107,0,0,0x0000,OK,pack2_protect1,,0000000000000000,0,0,0,0,··,··,0000,0.0,0.00,0.000,0,0,0,0,0,0
2026-08-21 16:21:17,34108,0,0,0x0000,OK,pack2_protect2,0x0000,0000000000000000,0,0,0,0,··,··,0000,0.0,0.00,0.000,,,,,,
2026-08-21 16:21:17,34110,118,118,0x0076,OK,pack2_bms_version,118,0000000001110110,0,118,0,118,·v,v·,0076,11.8,1.18,0.118,,,,,,
2026-08-21 16:21:17,34200,5334,5334,0x14D6,OK,pack3_bat_volt,53.340 V,0001010011010110,20,214,20,-42,··,··,-,533.4,53.34,5.334,,,,,,
2026-08-21 16:21:17,34202,796,796,0x031C,VERM,Verm: pack3_soc,79.600 %,0000001100011100,3,28,3,28,··,··,-,79.6,7.96,0.796,52166675,1245980,52166675,1245980,-,-
2026-08-21 16:21:17,34203,19,19,0x0013,OK,pack3_cycle_count,19,0000000000010011,0,19,0,19,··,··,0013,1.9,0.19,0.019,1245184,19,1245184,19,-,-
2026-08-21 16:21:17,34204,0,0,0x0000,VERM,Verm: pack3_mos_status,0,0000000000000000,0,0,0,0,··,··,0000,0.0,0.00,0.000,,,,,,
2026-08-21 16:21:17,34207,0,0,0x0000,OK,pack3_protect1,,0000000000000000,0,0,0,0,··,··,0000,0.0,0.00,0.000,0,0,0,0,0,0
2026-08-21 16:21:17,34208,0,0,0x0000,OK,pack3_protect2,0x0000,0000000000000000,0,0,0,0,··,··,0000,0.0,0.00,0.000,,,,,,
2026-08-21 16:21:17,34210,118,118,0x0076,OK,pack3_bms_version,118,0000000001110110,0,118,0,118,·v,v·,0076,11.8,1.18,0.118,,,,,,
2026-08-21 16:21:17,34300,5277,5277,0x149D,OK,pack4_bat_volt,52.770 V,0001010010011101,20,157,20,-99,··,··,-,527.7,52.77,5.277,,,,,,
2026-08-21 16:21:18,34302,694,694,0x02B6,VERM,Verm: pack4_soc,69.400 %,0000001010110110,2,182,2,-74,··,··,-,69.4,6.94,0.694,45482003,1245878,45482003,1245878,-,-
2026-08-21 16:21:18,34303,19,19,0x0013,OK,pack4_cycle_count,19,0000000000010011,0,19,0,19,··,··,0013,1.9,0.19,0.019,1245184,19,1245184,19,-,-
2026-08-21 16:21:18,34304,0,0,0x0000,VERM,Verm: pack4_mos_status,0,0000000000000000,0,0,0,0,··,··,0000,0.0,0.00,0.000,,,,,,
2026-08-21 16:21:18,34307,0,0,0x0000,OK,pack4_protect1,,0000000000000000,0,0,0,0,··,··,0000,0.0,0.00,0.000,0,0,0,0,0,0
2026-08-21 16:21:18,34308,0,0,0x0000,OK,pack4_protect2,0x0000,0000000000000000,0,0,0,0,··,··,0000,0.0,0.00,0.000,,,,,,
2026-08-21 16:21:18,34310,118,118,0x0076,OK,pack4_bms_version,118,0000000001110110,0,118,0,118,·v,v·,0076,11.8,1.18,0.118,,,,,,
2026-08-21 16:21:18,34400,5336,5336,0x14D8,OK,pack5_bat_volt,53.360 V,0001010011011000,20,216,20,-40,··,··,-,533.6,53.36,5.336,,,,,,
2026-08-21 16:21:18,34402,695,695,0x02B7,VERM,Verm: pack5_soc,69.500 %,0000001010110111,2,183,2,-73,··,··,-,69.5,6.95,0.695,45547582,4063927,45547582,4063927,-,-
2026-08-21 16:21:18,34403,62,62,0x003E,OK,pack5_cycle_count,62,0000000000111110,0,62,0,62,·>,>·,-,6.2,0.62,0.062,4063232,62,4063232,62,-,-
2026-08-21 16:21:18,34404,0,0,0x0000,VERM,Verm: pack5_mos_status,0,0000000000000000,0,0,0,0,··,··,0000,0.0,0.00,0.000,,,,,,
2026-08-21 16:21:18,34407,0,0,0x0000,OK,pack5_protect1,,0000000000000000,0,0,0,0,··,··,0000,0.0,0.00,0.000,0,0,0,0,0,0
2026-08-21 16:21:18,34408,0,0,0x0000,OK,pack5_protect2,0x0000,0000000000000000,0,0,0,0,··,··,0000,0.0,0.00,0.000,,,,,,
2026-08-21 16:21:19,34410,118,118,0x0076,OK,pack5_bms_version,118,0000000001110110,0,118,0,118,·v,v·,0076,11.8,1.18,0.118,,,,,,
2026-08-21 16:21:19,34500,5335,5335,0x14D7,OK,pack6_bat_volt,53.350 V,0001010011010111,20,215,20,-41,··,··,-,533.5,53.35,5.335,,,,,,
2026-08-21 16:21:19,34502,695,695,0x02B7,VERM,Verm: pack6_soc,69.500 %,0000001010110111,2,183,2,-73,··,··,-,69.5,6.95,0.695,45547576,3670711,45547576,3670711,-,-
2026-08-21 16:21:19,34503,56,56,0x0038,OK,pack6_cycle_count,56,0000000000111000,0,56,0,56,·8,8·,0038,5.6,0.56,0.056,3670016,56,3670016,56,-,-
2026-08-21 16:21:19,34504,0,0,0x0000,VERM,Verm: pack6_mos_status,0,0000000000000000,0,0,0,0,··,··,0000,0.0,0.00,0.000,,,,,,
2026-08-21 16:21:19,34507,0,0,0x0000,OK,pack6_protect1,,0000000000000000,0,0,0,0,··,··,0000,0.0,0.00,0.000,0,0,0,0,0,0
2026-08-21 16:21:19,34508,0,0,0x0000,OK,pack6_protect2,0x0000,0000000000000000,0,0,0,0,··,··,0000,0.0,0.00,0.000,,,,,,
2026-08-21 16:21:19,34510,118,118,0x0076,OK,pack6_bms_version,118,0000000001110110,0,118,0,118,·v,v·,0076,11.8,1.18,0.118,,,,,,
2026-08-21 16:21:19,36000,0,0,0x0000,OK,warn_code,0x0000,0000000000000000,0,0,0,0,··,··,0000,0.0,0.00,0.000,0,0,0,0,0,0
2026-08-21 16:21:19,36001,0,0,0x0000,OK,warn_code_w2,0x0000,0000000000000000,0,0,0,0,··,··,0000,0.0,0.00,0.000,,,,,,
2026-08-21 16:21:20,36100,32,32,0x0020,OK,error_code1,0x0020,0000000000100000,0,32,0,32,· , ·,0020,3.2,0.32,0.032,2097152,32,2097152,32,-,-
2026-08-21 16:21:20,36101,0,0,0x0000,OK,error_code1_w2,0x0000,0000000000000000,0,0,0,0,··,··,0000,0.0,0.00,0.000,0,0,0,0,0,0
2026-08-21 16:21:20,36102,0,0,0x0000,OK,error_code2,0x0000,0000000000000000,0,0,0,0,··,··,0000,0.0,0.00,0.000,0,0,0,0,0,0
2026-08-21 16:21:20,36103,0,0,0x0000,OK,error_code2_w2,0x0000,0000000000000000,0,0,0,0,··,··,0000,0.0,0.00,0.000,,,,,,
2026-08-21 16:21:20,37023,0,0,0x0000,OK,mppt_error,,0000000000000000,0,0,0,0,··,··,0000,0.0,0.00,0.000,0,0,0,0,0,0
2026-08-21 16:21:20,37024,0,0,0x0000,OK,mppt_warning,,0000000000000000,0,0,0,0,··,··,0000,0.0,0.00,0.000,,,,,,
2026-08-21 16:21:20,41200,0,0,0x0000,OK,backup_ups_enable,,0000000000000000,0,0,0,0,··,··,0000,0.0,0.00,0.000,,,,,,
2026-08-21 16:21:20,42000,21947,21947,0x55BB,OK,update_mode_status,0x55BB,0101010110111011,85,187,85,-69,U·,·U,-,2194.7,219.47,21.947,,,,,,
2026-08-21 16:22:20,30001,65524,-12,0xFFF4,OK,bat_sample_power,-12 W,1111111111110100,255,244,-1,-12,··,··,-,6552.4,655.24,65.524,,,,,,
2026-08-21 16:22:20,30005,5,5,0x0005,OK,off_grid_volt,0.500 V,0000000000000101,0,5,0,5,··,··,0005,0.5,0.05,0.005,,,,,,
2026-08-21 16:22:21,30007,0,0,0x0000,OK,off_grid_power,0 W,0000000000000000,0,0,0,0,··,··,0000,0.0,0.00,0.000,,,,,,
2026-08-21 16:22:21,30200,150,150,0x0096,OK,ems_ver,150,0000000010010110,0,150,0,-106,··,··,0096,15.0,1.50,0.150,9830418,1179798,9830418,1179798,-,-
2026-08-21 16:22:21,30201,18,18,0x0012,OK,ems_boot_ver,,0000000000010010,0,18,0,18,··,··,0012,1.8,0.18,0.018,1179764,7602194,1179764,7602194,-,-
2026-08-21 16:22:21,30202,116,116,0x0074,OK,vns_ver,116,0000000001110100,0,116,0,116,·t,t·,0074,11.6,1.16,0.116,,,,,,
2026-08-21 16:22:21,30204,117,117,0x0075,OK,bms_ver,117,0000000001110101,0,117,0,117,·u,u·,0075,11.7,1.17,0.117,7667816,6815861,7667816,6815861,-,-
2026-08-21 16:22:21,30205,104,104,0x0068,OK,mppt_ver,104,0000000001101000,0,104,0,104,·h,h·,0068,10.4,1.04,0.104,,,,,,
2026-08-21 16:22:21,30350,12848,12848,0x3230,OK,comm_module_firmware,,0011001000110000,50,48,50,48,20,02,3230,1284.8,128.48,12.848,842019380,842281520,842019380,842281520,-,-
2026-08-21 16:22:21,30351,12852,12852,0x3234,OK,comm_module_firmware[2],,0011001000110100,50,52,50,52,24,42,3234,1285.2,128.52,12.852,842281017,809054772,842281017,809054772,-,-
2026-08-21 16:22:21,30352,12345,12345,0x3039,OK,comm_module_firmware[3],,0011000000111001,48,57,48,57,09,90,3039,1234.5,123.45,12.345,809054265,809054265,809054265,809054265,-,-
2026-08-21 16:22:21,30353,12345,12345,0x3039,OK,comm_module_firmware[4],,0011000000111001,48,57,48,57,09,90,3039,1234.5,123.45,12.345,809054257,808529977,809054257,808529977,-,-
2026-08-21 16:22:21,30354,12337,12337,0x3031,OK,comm_module_firmware[5],,0011000000110001,48,49,48,49,01,10,3031,1233.7,123.37,12.337,808531257,892940337,808531257,892940337,-,-
2026-08-21 16:22:21,30355,13625,13625,0x3539,OK,comm_module_firmware[6],,0011010100111001,53,57,53,57,59,95,3539,1362.5,136.25,13.625,,,,,,
2026-08-21 16:22:21,32100,5335,5335,0x14D7,OK,bms_battery_voltage,53.350 V,0001010011010111,20,215,20,-41,··,··,-,533.5,53.35,5.335,,,,,,
2026-08-21 16:22:21,32104,67,67,0x0043,OK,bms_soc,67 %,0000000001000011,0,67,0,67,·C,C·,0043,6.7,0.67,0.067,,,,,,
2026-08-21 16:22:21,34000,5256,5256,0x1488,OK,pack1_bat_volt,52.560 V,0001010010001000,20,136,20,-120,··,··,1488,525.6,52.56,5.256,,,,,,
2026-08-21 16:22:22,34002,477,477,0x01DD,OK,pack1_soc,47.700 %,0000000111011101,1,221,1,-35,··,··,-,47.7,4.77,0.477,31260672,477,31260672,477,-,-
2026-08-21 16:22:22,34003,0,0,0x0000,OK,pack1_cycle_count,0,0000000000000000,0,0,0,0,··,··,0000,0.0,0.00,0.000,3,196608,3,196608,-,-
2026-08-21 16:22:22,34004,3,3,0x0003,VERM,Verm: pack1_mos_status,3,0000000000000011,0,3,0,3,··,··,0003,0.3,0.03,0.003,,,,,,
2026-08-21 16:22:22,34007,0,0,0x0000,OK,pack1_protect1,,0000000000000000,0,0,0,0,··,··,0000,0.0,0.00,0.000,16384,1073741824,16384,1073741824,-,2
2026-08-21 16:22:22,34008,16384,16384,0x4000,OK,pack1_protect2,0x4000,0100000000000000,64,0,64,0,@·,·@,4000,1638.4,163.84,16.384,,,,,,
2026-08-21 16:22:22,34010,117,117,0x0075,OK,pack1_bms_version,117,0000000001110101,0,117,0,117,·u,u·,0075,11.7,1.17,0.117,,,,,,
2026-08-21 16:22:22,34100,5328,5328,0x14D0,OK,pack2_bat_volt,53.280 V,0001010011010000,20,208,20,-48,··,··,-,532.8,53.28,5.328,,,,,,
2026-08-21 16:22:26,34102,702,702,0x02BE,VERM,Verm: pack2_soc,70.200 %,0000001010111110,2,190,2,-66,··,··,-,70.2,7.02,0.702,46006974,46006974,46006974,46006974,-,-
2026-08-21 16:22:27,34103,702,702,0x02BE,OK,pack2_cycle_count,702,0000001010111110,2,190,2,-66,··,··,-,70.2,7.02,0.702,46006285,852670,46006285,852670,-,-
2026-08-21 16:22:27,34104,13,13,0x000D,VERM,Verm: pack2_mos_status,13,0000000000001101,0,13,0,13,··,··,-,1.3,0.13,0.013,,,,,,
2026-08-21 16:22:27,34107,0,0,0x0000,OK,pack2_protect1,,0000000000000000,0,0,0,0,··,··,0000,0.0,0.00,0.000,,,,,,
2026-08-21 16:22:27,34110,0,0,0x0000,OK,pack2_bms_version,0,0000000000000000,0,0,0,0,··,··,0000,0.0,0.00,0.000,,,,,,
2026-08-21 16:22:27,34200,118,118,0x0076,OK,pack3_bat_volt,1.180 V,0000000001110110,0,118,0,118,·v,v·,0076,11.8,1.18,0.118,,,,,,
2026-08-21 16:22:27,34202,5333,5333,0x14D5,VERM,Verm: pack3_soc,533.300 %,0001010011010101,20,213,20,-43,··,··,-,533.3,53.33,5.333,,,,,,
2026-08-21 16:23:30,30001,65524,-12,0xFFF4,OK,bat_sample_power,-12 W,1111111111110100,255,244,-1,-12,··,··,-,6552.4,655.24,65.524,,,,,,
2026-08-21 16:23:31,30005,3,3,0x0003,OK,off_grid_volt,0.300 V,0000000000000011,0,3,0,3,··,··,0003,0.3,0.03,0.003,,,,,,
2026-08-21 16:23:31,30007,0,0,0x0000,OK,off_grid_power,0 W,0000000000000000,0,0,0,0,··,··,0000,0.0,0.00,0.000,,,,,,
2026-08-21 16:23:31,30200,150,150,0x0096,OK,ems_ver,150,0000000010010110,0,150,0,-106,··,··,0096,15.0,1.50,0.150,9830418,1179798,9830418,1179798,-,-
2026-08-21 16:23:31,30201,18,18,0x0012,OK,ems_boot_ver,,0000000000010010,0,18,0,18,··,··,0012,1.8,0.18,0.018,1179764,7602194,1179764,7602194,-,-
2026-08-21 16:23:31,30202,116,116,0x0074,OK,vns_ver,116,0000000001110100,0,116,0,116,·t,t·,0074,11.6,1.16,0.116,,,,,,
2026-08-21 16:23:31,30204,117,117,0x0075,OK,bms_ver,117,0000000001110101,0,117,0,117,·u,u·,0075,11.7,1.17,0.117,7667816,6815861,7667816,6815861,-,-
2026-08-21 16:23:31,30205,104,104,0x0068,OK,mppt_ver,104,0000000001101000,0,104,0,104,·h,h·,0068,10.4,1.04,0.104,,,,,,
2026-08-21 16:23:31,30350,12848,12848,0x3230,OK,comm_module_firmware,,0011001000110000,50,48,50,48,20,02,3230,1284.8,128.48,12.848,842019380,842281520,842019380,842281520,-,-
2026-08-21 16:23:31,30351,12852,12852,0x3234,OK,comm_module_firmware[2],,0011001000110100,50,52,50,52,24,42,3234,1285.2,128.52,12.852,842281017,809054772,842281017,809054772,-,-
2026-08-21 16:23:31,30352,12345,12345,0x3039,OK,comm_module_firmware[3],,0011000000111001,48,57,48,57,09,90,3039,1234.5,123.45,12.345,809054265,809054265,809054265,809054265,-,-
2026-08-21 16:23:31,30353,12345,12345,0x3039,OK,comm_module_firmware[4],,0011000000111001,48,57,48,57,09,90,3039,1234.5,123.45,12.345,809054257,808529977,809054257,808529977,-,-
2026-08-21 16:23:31,30354,12337,12337,0x3031,OK,comm_module_firmware[5],,0011000000110001,48,49,48,49,01,10,3031,1233.7,123.37,12.337,808531257,892940337,808531257,892940337,-,-
2026-08-21 16:23:31,30355,13625,13625,0x3539,OK,comm_module_firmware[6],,0011010100111001,53,57,53,57,59,95,3539,1362.5,136.25,13.625,,,,,,
2026-08-21 16:23:31,32100,5336,5336,0x14D8,OK,bms_battery_voltage,53.360 V,0001010011011000,20,216,20,-40,··,··,-,533.6,53.36,5.336,,,,,,
2026-08-21 16:23:32,32104,67,67,0x0043,OK,bms_soc,67 %,0000000001000011,0,67,0,67,·C,C·,0043,6.7,0.67,0.067,,,,,,
2026-08-21 16:23:32,34000,5256,5256,0x1488,OK,pack1_bat_volt,52.560 V,0001010010001000,20,136,20,-120,··,··,1488,525.6,52.56,5.256,,,,,,
2026-08-21 16:23:32,34002,477,477,0x01DD,OK,pack1_soc,47.700 %,0000000111011101,1,221,1,-35,··,··,-,47.7,4.77,0.477,31260672,477,31260672,477,-,-
2026-08-21 16:23:32,34003,0,0,0x0000,OK,pack1_cycle_count,0,0000000000000000,0,0,0,0,··,··,0000,0.0,0.00,0.000,3,196608,3,196608,-,-
2026-08-21 16:23:32,34004,3,3,0x0003,VERM,Verm: pack1_mos_status,3,0000000000000011,0,3,0,3,··,··,0003,0.3,0.03,0.003,,,,,,
2026-08-21 16:23:32,34007,0,0,0x0000,OK,pack1_protect1,,0000000000000000,0,0,0,0,··,··,0000,0.0,0.00,0.000,16384,1073741824,16384,1073741824,-,2
2026-08-21 16:23:32,34008,16384,16384,0x4000,OK,pack1_protect2,0x4000,0100000000000000,64,0,64,0,@·,·@,4000,1638.4,163.84,16.384,,,,,,
2026-08-21 16:23:32,34010,117,117,0x0075,OK,pack1_bms_version,117,0000000001110101,0,117,0,117,·u,u·,0075,11.7,1.17,0.117,,,,,,
2026-08-21 16:23:32,34100,5328,5328,0x14D0,OK,pack2_bat_volt,53.280 V,0001010011010000,20,208,20,-48,··,··,-,532.8,53.28,5.328,,,,,,
2026-08-21 16:23:33,34102,702,702,0x02BE,VERM,Verm: pack2_soc,70.200 %,0000001010111110,2,190,2,-66,··,··,-,70.2,7.02,0.702,46006285,852670,46006285,852670,-,-
2026-08-21 16:23:33,34103,13,13,0x000D,OK,pack2_cycle_count,13,0000000000001101,0,13,0,13,··,··,-,1.3,0.13,0.013,851968,13,851968,13,-,-
2026-08-21 16:23:33,34104,0,0,0x0000,VERM,Verm: pack2_mos_status,0,0000000000000000,0,0,0,0,··,··,0000,0.0,0.00,0.000,,,,,,
2026-08-21 16:23:33,34107,0,0,0x0000,OK,pack2_protect1,,0000000000000000,0,0,0,0,··,··,0000,0.0,0.00,0.000,0,0,0,0,0,0
2026-08-21 16:23:33,34108,0,0,0x0000,OK,pack2_protect2,0x0000,0000000000000000,0,0,0,0,··,··,0000,0.0,0.00,0.000,,,,,,
2026-08-21 16:23:33,34110,118,118,0x0076,OK,pack2_bms_version,118,0000000001110110,0,118,0,118,·v,v·,0076,11.8,1.18,0.118,,,,,,
2026-08-21 16:23:33,34200,5334,5334,0x14D6,OK,pack3_bat_volt,53.340 V,0001010011010110,20,214,20,-42,··,··,-,533.4,53.34,5.334,,,,,,
2026-08-21 16:23:33,34202,796,796,0x031C,VERM,Verm: pack3_soc,79.600 %,0000001100011100,3,28,3,28,··,··,-,79.6,7.96,0.796,52166675,1245980,52166675,1245980,-,-
2026-08-21 16:23:33,34203,19,19,0x0013,OK,pack3_cycle_count,19,0000000000010011,0,19,0,19,··,··,0013,1.9,0.19,0.019,1245184,19,1245184,19,-,-
2026-08-21 16:23:33,34204,0,0,0x0000,VERM,Verm: pack3_mos_status,0,0000000000000000,0,0,0,0,··,··,0000,0.0,0.00,0.000,,,,,,
2026-08-21 16:23:33,34207,0,0,0x0000,OK,pack3_protect1,,0000000000000000,0,0,0,0,··,··,0000,0.0,0.00,0.000,0,0,0,0,0,0
2026-08-21 16:23:33,34208,0,0,0x0000,OK,pack3_protect2,0x0000,0000000000000000,0,0,0,0,··,··,0000,0.0,0.00,0.000,,,,,,
2026-08-21 16:23:34,34210,118,118,0x0076,OK,pack3_bms_version,118,0000000001110110,0,118,0,118,·v,v·,0076,11.8,1.18,0.118,,,,,,
2026-08-21 16:23:34,34300,5277,5277,0x149D,OK,pack4_bat_volt,52.770 V,0001010010011101,20,157,20,-99,··,··,-,527.7,52.77,5.277,,,,,,
2026-08-21 16:23:34,34302,694,694,0x02B6,VERM,Verm: pack4_soc,69.400 %,0000001010110110,2,182,2,-74,··,··,-,69.4,6.94,0.694,45482003,1245878,45482003,1245878,-,-
2026-08-21 16:23:34,34303,19,19,0x0013,OK,pack4_cycle_count,19,0000000000010011,0,19,0,19,··,··,0013,1.9,0.19,0.019,1245184,19,1245184,19,-,-
2026-08-21 16:23:34,34304,0,0,0x0000,VERM,Verm: pack4_mos_status,0,0000000000000000,0,0,0,0,··,··,0000,0.0,0.00,0.000,,,,,,
2026-08-21 16:23:34,34307,0,0,0x0000,OK,pack4_protect1,,0000000000000000,0,0,0,0,··,··,0000,0.0,0.00,0.000,0,0,0,0,0,0
2026-08-21 16:23:34,34308,0,0,0x0000,OK,pack4_protect2,0x0000,0000000000000000,0,0,0,0,··,··,0000,0.0,0.00,0.000,,,,,,
2026-08-21 16:23:34,34310,118,118,0x0076,OK,pack4_bms_version,118,0000000001110110,0,118,0,118,·v,v·,0076,11.8,1.18,0.118,,,,,,
2026-08-21 16:23:34,34400,5335,5335,0x14D7,OK,pack5_bat_volt,53.350 V,0001010011010111,20,215,20,-41,··,··,-,533.5,53.35,5.335,,,,,,
2026-08-21 16:23:34,34402,695,695,0x02B7,VERM,Verm: pack5_soc,69.500 %,0000001010110111,2,183,2,-73,··,··,-,69.5,6.95,0.695,45547582,4063927,45547582,4063927,-,-
2026-08-21 16:23:34,34403,62,62,0x003E,OK,pack5_cycle_count,62,0000000000111110,0,62,0,62,·>,>·,-,6.2,0.62,0.062,4063232,62,4063232,62,-,-
2026-08-21 16:23:34,34404,0,0,0x0000,VERM,Verm: pack5_mos_status,0,0000000000000000,0,0,0,0,··,··,0000,0.0,0.00,0.000,,,,,,
2026-08-21 16:23:35,34407,0,0,0x0000,OK,pack5_protect1,,0000000000000000,0,0,0,0,··,··,0000,0.0,0.00,0.000,0,0,0,0,0,0
2026-08-21 16:23:35,34408,0,0,0x0000,OK,pack5_protect2,0x0000,0000000000000000,0,0,0,0,··,··,0000,0.0,0.00,0.000,,,,,,
2026-08-21 16:23:35,34410,118,118,0x0076,OK,pack5_bms_version,118,0000000001110110,0,118,0,118,·v,v·,0076,11.8,1.18,0.118,,,,,,
2026-08-21 16:23:35,34500,5335,5335,0x14D7,OK,pack6_bat_volt,53.350 V,0001010011010111,20,215,20,-41,··,··,-,533.5,53.35,5.335,,,,,,
2026-08-21 16:23:35,34502,695,695,0x02B7,VERM,Verm: pack6_soc,69.500 %,0000001010110111,2,183,2,-73,··,··,-,69.5,6.95,0.695,45547576,3670711,45547576,3670711,-,-
2026-08-21 16:23:35,34503,56,56,0x0038,OK,pack6_cycle_count,56,0000000000111000,0,56,0,56,·8,8·,0038,5.6,0.56,0.056,3670016,56,3670016,56,-,-
2026-08-21 16:23:35,34504,0,0,0x0000,VERM,Verm: pack6_mos_status,0,0000000000000000,0,0,0,0,··,··,0000,0.0,0.00,0.000,,,,,,
2026-08-21 16:23:35,34507,0,0,0x0000,OK,pack6_protect1,,0000000000000000,0,0,0,0,··,··,0000,0.0,0.00,0.000,0,0,0,0,0,0
2026-08-21 16:23:35,34508,0,0,0x0000,OK,pack6_protect2,0x0000,0000000000000000,0,0,0,0,··,··,0000,0.0,0.00,0.000,,,,,,
2026-08-21 16:23:35,34510,118,118,0x0076,OK,pack6_bms_version,118,0000000001110110,0,118,0,118,·v,v·,0076,11.8,1.18,0.118,,,,,,
2026-08-21 16:23:36,36000,0,0,0x0000,OK,warn_code,0x0000,0000000000000000,0,0,0,0,··,··,0000,0.0,0.00,0.000,0,0,0,0,0,0
2026-08-21 16:23:36,36001,0,0,0x0000,OK,warn_code_w2,0x0000,0000000000000000,0,0,0,0,··,··,0000,0.0,0.00,0.000,,,,,,
2026-08-21 16:23:36,36100,32,32,0x0020,OK,error_code1,0x0020,0000000000100000,0,32,0,32,· , ·,0020,3.2,0.32,0.032,2097152,32,2097152,32,-,-
2026-08-21 16:23:36,36101,0,0,0x0000,OK,error_code1_w2,0x0000,0000000000000000,0,0,0,0,··,··,0000,0.0,0.00,0.000,0,0,0,0,0,0
2026-08-21 16:23:36,36102,0,0,0x0000,OK,error_code2,0x0000,0000000000000000,0,0,0,0,··,··,0000,0.0,0.00,0.000,0,0,0,0,0,0
2026-08-21 16:23:36,36103,0,0,0x0000,OK,error_code2_w2,0x0000,0000000000000000,0,0,0,0,··,··,0000,0.0,0.00,0.000,,,,,,
2026-08-21 16:23:36,37023,0,0,0x0000,OK,mppt_error,,0000000000000000,0,0,0,0,··,··,0000,0.0,0.00,0.000,0,0,0,0,0,0
2026-08-21 16:23:36,37024,0,0,0x0000,OK,mppt_warning,,0000000000000000,0,0,0,0,··,··,0000,0.0,0.00,0.000,,,,,,
2026-08-21 16:23:36,41200,0,0,0x0000,OK,backup_ups_enable,,0000000000000000,0,0,0,0,··,··,0000,0.0,0.00,0.000,,,,,,
2026-08-21 16:23:36,42000,21947,21947,0x55BB,OK,update_mode_status,0x55BB,0101010110111011,85,187,85,-69,U·,·U,-,2194.7,219.47,21.947,,,,,,
2026-08-21 16:24:36,30001,65524,-12,0xFFF4,OK,bat_sample_power,-12 W,1111111111110100,255,244,-1,-12,··,··,-,6552.4,655.24,65.524,,,,,,
2026-08-21 16:24:37,30005,3,3,0x0003,OK,off_grid_volt,0.300 V,0000000000000011,0,3,0,3,··,··,0003,0.3,0.03,0.003,,,,,,
2026-08-21 16:24:37,30007,0,0,0x0000,OK,off_grid_power,0 W,0000000000000000,0,0,0,0,··,··,0000,0.0,0.00,0.000,,,,,,
2026-08-21 16:24:37,30200,150,150,0x0096,OK,ems_ver,150,0000000010010110,0,150,0,-106,··,··,0096,15.0,1.50,0.150,9830418,1179798,9830418,1179798,-,-
2026-08-21 16:24:37,30201,18,18,0x0012,OK,ems_boot_ver,,0000000000010010,0,18,0,18,··,··,0012,1.8,0.18,0.018,1179764,7602194,1179764,7602194,-,-
2026-08-21 16:24:37,30202,116,116,0x0074,OK,vns_ver,116,0000000001110100,0,116,0,116,·t,t·,0074,11.6,1.16,0.116,,,,,,
2026-08-21 16:24:37,30204,117,117,0x0075,OK,bms_ver,117,0000000001110101,0,117,0,117,·u,u·,0075,11.7,1.17,0.117,7667816,6815861,7667816,6815861,-,-
2026-08-21 16:24:37,30205,104,104,0x0068,OK,mppt_ver,104,0000000001101000,0,104,0,104,·h,h·,0068,10.4,1.04,0.104,,,,,,
2026-08-21 16:24:37,30350,12848,12848,0x3230,OK,comm_module_firmware,,0011001000110000,50,48,50,48,20,02,3230,1284.8,128.48,12.848,842019380,842281520,842019380,842281520,-,-
2026-08-21 16:24:37,30351,12852,12852,0x3234,OK,comm_module_firmware[2],,0011001000110100,50,52,50,52,24,42,3234,1285.2,128.52,12.852,842281017,809054772,842281017,809054772,-,-
2026-08-21 16:24:37,30352,12345,12345,0x3039,OK,comm_module_firmware[3],,0011000000111001,48,57,48,57,09,90,3039,1234.5,123.45,12.345,809054265,809054265,809054265,809054265,-,-
2026-08-21 16:24:37,30353,12345,12345,0x3039,OK,comm_module_firmware[4],,0011000000111001,48,57,48,57,09,90,3039,1234.5,123.45,12.345,809054257,808529977,809054257,808529977,-,-
2026-08-21 16:24:37,30354,12337,12337,0x3031,OK,comm_module_firmware[5],,0011000000110001,48,49,48,49,01,10,3031,1233.7,123.37,12.337,808531257,892940337,808531257,892940337,-,-
2026-08-21 16:24:37,30355,13625,13625,0x3539,OK,comm_module_firmware[6],,0011010100111001,53,57,53,57,59,95,3539,1362.5,136.25,13.625,,,,,,
2026-08-21 16:24:37,32100,5335,5335,0x14D7,OK,bms_battery_voltage,53.350 V,0001010011010111,20,215,20,-41,··,··,-,533.5,53.35,5.335,,,,,,
2026-08-21 16:24:38,32104,67,67,0x0043,OK,bms_soc,67 %,0000000001000011,0,67,0,67,·C,C·,0043,6.7,0.67,0.067,,,,,,
2026-08-21 16:24:38,34000,5256,5256,0x1488,OK,pack1_bat_volt,52.560 V,0001010010001000,20,136,20,-120,··,··,1488,525.6,52.56,5.256,,,,,,
2026-08-21 16:24:38,34002,477,477,0x01DD,OK,pack1_soc,47.700 %,0000000111011101,1,221,1,-35,··,··,-,47.7,4.77,0.477,31260672,477,31260672,477,-,-
2026-08-21 16:24:38,34003,0,0,0x0000,OK,pack1_cycle_count,0,0000000000000000,0,0,0,0,··,··,0000,0.0,0.00,0.000,3,196608,3,196608,-,-
2026-08-21 16:24:38,34004,3,3,0x0003,VERM,Verm: pack1_mos_status,3,0000000000000011,0,3,0,3,··,··,0003,0.3,0.03,0.003,,,,,,
2026-08-21 16:24:38,34007,0,0,0x0000,OK,pack1_protect1,,0000000000000000,0,0,0,0,··,··,0000,0.0,0.00,0.000,16384,1073741824,16384,1073741824,-,2
2026-08-21 16:24:38,34008,16384,16384,0x4000,OK,pack1_protect2,0x4000,0100000000000000,64,0,64,0,@·,·@,4000,1638.4,163.84,16.384,,,,,,
2026-08-21 16:24:38,34010,117,117,0x0075,OK,pack1_bms_version,117,0000000001110101,0,117,0,117,·u,u·,0075,11.7,1.17,0.117,,,,,,
2026-08-21 16:24:38,34100,5328,5328,0x14D0,OK,pack2_bat_volt,53.280 V,0001010011010000,20,208,20,-48,··,··,-,532.8,53.28,5.328,,,,,,
2026-08-21 16:24:39,34102,702,702,0x02BE,VERM,Verm: pack2_soc,70.200 %,0000001010111110,2,190,2,-66,··,··,-,70.2,7.02,0.702,46006285,852670,46006285,852670,-,-
2026-08-21 16:24:39,34103,13,13,0x000D,OK,pack2_cycle_count,13,0000000000001101,0,13,0,13,··,··,-,1.3,0.13,0.013,851968,13,851968,13,-,-
2026-08-21 16:24:39,34104,0,0,0x0000,VERM,Verm: pack2_mos_status,0,0000000000000000,0,0,0,0,··,··,0000,0.0,0.00,0.000,,,,,,
2026-08-21 16:24:39,34107,0,0,0x0000,OK,pack2_protect1,,0000000000000000,0,0,0,0,··,··,0000,0.0,0.00,0.000,0,0,0,0,0,0
2026-08-21 16:24:39,34108,0,0,0x0000,OK,pack2_protect2,0x0000,0000000000000000,0,0,0,0,··,··,0000,0.0,0.00,0.000,,,,,,
2026-08-21 16:24:39,34110,118,118,0x0076,OK,pack2_bms_version,118,0000000001110110,0,118,0,118,·v,v·,0076,11.8,1.18,0.118,,,,,,
2026-08-21 16:24:39,34200,5334,5334,0x14D6,OK,pack3_bat_volt,53.340 V,0001010011010110,20,214,20,-42,··,··,-,533.4,53.34,5.334,,,,,,
2026-08-21 16:24:39,34202,796,796,0x031C,VERM,Verm: pack3_soc,79.600 %,0000001100011100,3,28,3,28,··,··,-,79.6,7.96,0.796,52166675,1245980,52166675,1245980,-,-
2026-08-21 16:24:39,34203,19,19,0x0013,OK,pack3_cycle_count,19,0000000000010011,0,19,0,19,··,··,0013,1.9,0.19,0.019,1245184,19,1245184,19,-,-
2026-08-21 16:24:39,34204,0,0,0x0000,VERM,Verm: pack3_mos_status,0,0000000000000000,0,0,0,0,··,··,0000,0.0,0.00,0.000,,,,,,
2026-08-21 16:24:39,34207,0,0,0x0000,OK,pack3_protect1,,0000000000000000,0,0,0,0,··,··,0000,0.0,0.00,0.000,0,0,0,0,0,0
2026-08-21 16:24:39,34208,0,0,0x0000,OK,pack3_protect2,0x0000,0000000000000000,0,0,0,0,··,··,0000,0.0,0.00,0.000,,,,,,
2026-08-21 16:24:39,34210,118,118,0x0076,OK,pack3_bms_version,118,0000000001110110,0,118,0,118,·v,v·,0076,11.8,1.18,0.118,,,,,,
2026-08-21 16:24:40,34300,5277,5277,0x149D,OK,pack4_bat_volt,52.770 V,0001010010011101,20,157,20,-99,··,··,-,527.7,52.77,5.277,,,,,,
2026-08-21 16:24:40,34302,694,694,0x02B6,VERM,Verm: pack4_soc,69.400 %,0000001010110110,2,182,2,-74,··,··,-,69.4,6.94,0.694,45482003,1245878,45482003,1245878,-,-
2026-08-21 16:24:40,34303,19,19,0x0013,OK,pack4_cycle_count,19,0000000000010011,0,19,0,19,··,··,0013,1.9,0.19,0.019,1245184,19,1245184,19,-,-
2026-08-21 16:24:40,34304,0,0,0x0000,VERM,Verm: pack4_mos_status,0,0000000000000000,0,0,0,0,··,··,0000,0.0,0.00,0.000,,,,,,
2026-08-21 16:24:40,34307,0,0,0x0000,OK,pack4_protect1,,0000000000000000,0,0,0,0,··,··,0000,0.0,0.00,0.000,0,0,0,0,0,0
2026-08-21 16:24:40,34308,0,0,0x0000,OK,pack4_protect2,0x0000,0000000000000000,0,0,0,0,··,··,0000,0.0,0.00,0.000,,,,,,
2026-08-21 16:24:40,34310,118,118,0x0076,OK,pack4_bms_version,118,0000000001110110,0,118,0,118,·v,v·,0076,11.8,1.18,0.118,,,,,,
2026-08-21 16:24:40,34400,5335,5335,0x14D7,OK,pack5_bat_volt,53.350 V,0001010011010111,20,215,20,-41,··,··,-,533.5,53.35,5.335,,,,,,
2026-08-21 16:24:40,34402,695,695,0x02B7,VERM,Verm: pack5_soc,69.500 %,0000001010110111,2,183,2,-73,··,··,-,69.5,6.95,0.695,45547582,4063927,45547582,4063927,-,-
2026-08-21 16:24:40,34403,62,62,0x003E,OK,pack5_cycle_count,62,0000000000111110,0,62,0,62,·>,>·,-,6.2,0.62,0.062,4063232,62,4063232,62,-,-
2026-08-21 16:24:40,34404,0,0,0x0000,VERM,Verm: pack5_mos_status,0,0000000000000000,0,0,0,0,··,··,0000,0.0,0.00,0.000,,,,,,
2026-08-21 16:24:41,34407,0,0,0x0000,OK,pack5_protect1,,0000000000000000,0,0,0,0,··,··,0000,0.0,0.00,0.000,0,0,0,0,0,0
2026-08-21 16:24:41,34408,0,0,0x0000,OK,pack5_protect2,0x0000,0000000000000000,0,0,0,0,··,··,0000,0.0,0.00,0.000,,,,,,
2026-08-21 16:24:41,34410,118,118,0x0076,OK,pack5_bms_version,118,0000000001110110,0,118,0,118,·v,v·,0076,11.8,1.18,0.118,,,,,,
2026-08-21 16:24:41,34500,5335,5335,0x14D7,OK,pack6_bat_volt,53.350 V,0001010011010111,20,215,20,-41,··,··,-,533.5,53.35,5.335,,,,,,
2026-08-21 16:24:41,34502,695,695,0x02B7,VERM,Verm: pack6_soc,69.500 %,0000001010110111,2,183,2,-73,··,··,-,69.5,6.95,0.695,45547576,3670711,45547576,3670711,-,-
2026-08-21 16:24:41,34503,56,56,0x0038,OK,pack6_cycle_count,56,0000000000111000,0,56,0,56,·8,8·,0038,5.6,0.56,0.056,3670016,56,3670016,56,-,-
2026-08-21 16:24:41,34504,0,0,0x0000,VERM,Verm: pack6_mos_status,0,0000000000000000,0,0,0,0,··,··,0000,0.0,0.00,0.000,,,,,,
2026-08-21 16:24:41,34507,0,0,0x0000,OK,pack6_protect1,,0000000000000000,0,0,0,0,··,··,0000,0.0,0.00,0.000,0,0,0,0,0,0
2026-08-21 16:24:41,34508,0,0,0x0000,OK,pack6_protect2,0x0000,0000000000000000,0,0,0,0,··,··,0000,0.0,0.00,0.000,,,,,,
2026-08-21 16:24:41,34510,118,118,0x0076,OK,pack6_bms_version,118,0000000001110110,0,118,0,118,·v,v·,0076,11.8,1.18,0.118,,,,,,
2026-08-21 16:24:42,36000,0,0,0x0000,OK,warn_code,0x0000,0000000000000000,0,0,0,0,··,··,0000,0.0,0.00,0.000,0,0,0,0,0,0
2026-08-21 16:24:42,36001,0,0,0x0000,OK,warn_code_w2,0x0000,0000000000000000,0,0,0,0,··,··,0000,0.0,0.00,0.000,,,,,,
2026-08-21 16:24:42,36100,32,32,0x0020,OK,error_code1,0x0020,0000000000100000,0,32,0,32,· , ·,0020,3.2,0.32,0.032,2097152,32,2097152,32,-,-
2026-08-21 16:24:42,36101,0,0,0x0000,OK,error_code1_w2,0x0000,0000000000000000,0,0,0,0,··,··,0000,0.0,0.00,0.000,0,0,0,0,0,0
2026-08-21 16:24:42,36102,0,0,0x0000,OK,error_code2,0x0000,0000000000000000,0,0,0,0,··,··,0000,0.0,0.00,0.000,0,0,0,0,0,0
2026-08-21 16:24:42,36103,0,0,0x0000,OK,error_code2_w2,0x0000,0000000000000000,0,0,0,0,··,··,0000,0.0,0.00,0.000,,,,,,
2026-08-21 16:24:42,37023,0,0,0x0000,OK,mppt_error,,0000000000000000,0,0,0,0,··,··,0000,0.0,0.00,0.000,0,0,0,0,0,0
2026-08-21 16:24:42,37024,0,0,0x0000,OK,mppt_warning,,0000000000000000,0,0,0,0,··,··,0000,0.0,0.00,0.000,,,,,,
2026-08-21 16:24:42,41200,0,0,0x0000,OK,backup_ups_enable,,0000000000000000,0,0,0,0,··,··,0000,0.0,0.00,0.000,,,,,,
2026-08-21 16:24:42,42000,21947,21947,0x55BB,OK,update_mode_status,0x55BB,0101010110111011,85,187,85,-69,U·,·U,-,2194.7,219.47,21.947,,,,,,
