register,name,alt_name,einheit,quelle,typ,type_code,fw_scale,fw_scale_code,anzeige_faktor,elem_size,count,belegt_regs,teil_von,source_ptr_v150,konfidenz,beispiel_entladen,beispiel_laden,v_entladen,v_laden,v_ref_v150,v_dc_entladen,v_backup,v_unter_dod,v_laden_6pack,v_bat_ab,v_boot,min_all,max_all,n_werte,n_logs,notiz
30000,bat_sample_volt,dc_bus_voltage_1,V,FC03-Read (Descriptor),u16,0x02,x1,0,0.1,2,1,1,,0x20014EBA,hoch,,,,,527,,500,505,540,,,0,556,1224,15,Struct +0x1e 'bat_sample_volt(0.1V)'
30001,bat_sample_power,battery_power,W,FC03-Read (Descriptor),i16,0x12,x1,0,1,2,1,1,,0x20014EB8,hoch,-2676 W,2310 W,62860,2310,65522,62880,63198,65524,440,65524,,37,65535,1428,26,"Struct +0x1c 'bat_sample_power(1W)', i16, negativ = Entladung. Alias 32102. Lasttest 2026-08-22: -648 bei 600 W Entladung, Bilanz 648 = 601 (30006) + 50 (30007) + 3 W Verlust. Skalierung damit bestaetigt. NICHT identisch mit dem BLE-Feld 'Battery Power' (0x8C), das die Firmware als BMS-Spannung x BMS-Strom rechnet (32100 x 32101) - daher im Leerlauf abweichend. Siehe BLE_vs_Modbus_Leistungswerte_2026-08-22.md"
30002,env_temp,internal_temp_filtered,°C,FC03-Read (Descriptor),i16,0x12,x1,0,0.1,2,1,1,,0x20014EBC,hoch,,,,,282,,312,313,302,,,236,521,1223,15,Struct +0x20 'env_temp(0.1C)'. Alias 35000
30003,radiator_temp,mos_temp_filtered,°C,FC03-Read (Descriptor),i16,0x12,x1,0,0.1,2,1,1,,0x20014EBE,hoch,,,,,288,,336,337,306,,,237,550,1223,15,Struct +0x22 'radiator_temp(0.1C)'. Alias 35001/35002
30004,grid_volt,ac_voltage,V,FC03-Read (Descriptor),u16,0x02,x1,0,0.1,2,1,1,,0x20014EAC,hoch,,,,,2378,,2436,100,2390,,,18,2461,1223,15,Struct +0x10 'grid_volt(0.1V)'. Alias 32200/32201
30005,off_grid_volt,backup_voltage,V,FC03-Read (Descriptor),u16,0x02,x1,0,0.1,2,1,1,,0x20014EB0,hoch,,,,,6,,2416,4,8,,,4,2443,1267,18,Struct +0x14 'off_grid_volt(0.1V)'. Alias 32300/32301
30006,grid_sample_power,ac_power,W,FC03-Read (Descriptor),i16,0x12,x1,0,1,2,1,1,,0x20014EB4,hoch,2511 W,-2468 W,2511,63068,0,2511,2209,0,65039,,,0,65523,1362,23,Struct +0x18 'grid_sample_power(1W)'. Alias 32202/37004. BLE-Payload 0x02 ('AC Power' in VenusControl) ist eine direkte Kopie dieses Feldes (FUN_0800b024). Siehe BLE_vs_Modbus_Leistungswerte_2026-08-22.md
30007,off_grid_power,backup_power,W,FC03-Read (Descriptor),i16,0x12,x1,0,1,2,1,1,,0x20014EB6,hoch,,,,,0,,366,0,0,0,,0,3271,1324,20,Struct +0x1a 'off_grid_power(1W)'. Alias 32302. BLE-Payload 0x00 ('Backup Load' in VenusControl) ist eine direkte Kopie dieses Feldes (FUN_0800b024). Siehe BLE_vs_Modbus_Leistungswerte_2026-08-22.md
30010,work_mode,,,FC03-Read (Descriptor),u8,0x01,x1,0,,2,1,1,,0x20000144,hoch,,,0,0,0,0,0,0,0,0,,0,65520,1424,26,"0x20000144 'work_mode' / +1 sleep_flag, +2 bat_mode (beide nicht serviert)"
30020,mppt1_voltage,mppt1_voltage,V,FC03-Read (Descriptor),u16,0x02,x1,0,0.1,2,1,1,,0x20014F54,hoch,10 V,10 V,100,100,100,100,100,100,100,,,0,65521,1323,21,"MPPT-Struct Stride 6, Feld +0. Firmware-benannt: MPPT_Debug_Print @0x08036884, String 'PV1_Vol(0.1V)=%d|Cur(0.1A)=%d|Pow(0.1W)='"
30021,mppt2_voltage,mppt2_voltage,V,FC03-Read (Descriptor),u16,0x02,x1,0,0.1,2,1,1,,0x20014F5A,hoch,10 V,10 V,100,100,99,99,99,99,99,,,46,100,1320,21,"MPPT-Struct Stride 6, Feld +0. Firmware-benannt: MPPT_Debug_Print @0x08036884, String 'PV2_Vol(0.1V)=%d|Cur(0.1A)=%d|Pow(0.1W)='"
30022,mppt3_voltage,mppt3_voltage,V,FC03-Read (Descriptor),u16,0x02,x1,0,0.1,2,1,1,,0x20014F60,hoch,10 V,10 V,100,100,99,99,99,99,99,,,47,100,1320,21,"MPPT-Struct Stride 6, Feld +0. Firmware-benannt: MPPT_Debug_Print @0x08036884, String 'PV3_Vol(0.1V)=%d|Cur(0.1A)=%d|Pow(0.1W)='"
30023,mppt4_voltage,mppt4_voltage,V,FC03-Read (Descriptor),u16,0x02,x1,0,0.1,2,1,1,,0x20014F66,hoch,9.9 V,9.9 V,99,99,99,99,99,99,99,,,44,100,1320,21,"MPPT-Struct Stride 6, Feld +0. Firmware-benannt: MPPT_Debug_Print @0x08036884, String 'PV4_Vol(0.1V)=%d|Cur(0.1A)=%d|Pow(0.1W)='"
30024,mppt1_current,mppt1_current,A,FC03-Read (Descriptor),u16,0x02,x1,0,0.1,2,1,1,,0x20014F56,hoch,0 A,0 A,0,0,0,0,0,0,0,,,0,0,1320,21,"MPPT-Struct Feld +2 (aus Pointer-Stride abgeleitet). Firmware-benannt: MPPT_Debug_Print @0x08036884, String 'PV1_Vol(0.1V)=%d|Cur(0.1A)=%d|Pow(0.1W)='"
30025,mppt2_current,mppt2_current,A,FC03-Read (Descriptor),u16,0x02,x1,0,0.1,2,1,1,,0x20014F5C,hoch,0 A,0 A,0,0,0,0,0,0,0,,,0,0,1320,21,"MPPT-Struct Feld +2. Firmware-benannt: MPPT_Debug_Print @0x08036884, String 'PV2_Vol(0.1V)=%d|Cur(0.1A)=%d|Pow(0.1W)='"
30026,mppt3_current,mppt3_current,A,FC03-Read (Descriptor),u16,0x02,x1,0,0.1,2,1,1,,0x20014F62,hoch,0 A,0 A,0,0,0,0,0,0,0,,,0,0,1320,21,"MPPT-Struct Feld +2. Firmware-benannt: MPPT_Debug_Print @0x08036884, String 'PV3_Vol(0.1V)=%d|Cur(0.1A)=%d|Pow(0.1W)='"
30027,mppt4_current,mppt4_current,A,FC03-Read (Descriptor),u16,0x02,x1,0,0.1,2,1,1,,0x20014F68,hoch,0 A,0 A,0,0,0,0,0,0,0,,,0,0,1320,21,"MPPT-Struct Feld +2. Firmware-benannt: MPPT_Debug_Print @0x08036884, String 'PV4_Vol(0.1V)=%d|Cur(0.1A)=%d|Pow(0.1W)='"
30028,inv_bat_voltage,dc_bus_voltage_2,V,FC03-Read (Descriptor),u16,0x02,x1,0,0.1,2,1,1,,0x20014F7C,hoch,,,,,533,,503,509,543,,,313,558,1223,15,Inverter-Struct 0x20014F4C+0x30 'bat_vol_0.1V'. Live 533=53.3V
30029,inv_bat_current,battery_power_factor,A,FC03-Read (Descriptor),i16,0x12,x1,0,0.1,2,1,1,,0x20014F7E,hoch,-2.1 A,1.3 A,65515,13,65535,65515,65517,65535,1,,,0,65535,1323,21,Inverter-Struct +0x32 'bat_cur_0.1A'. Live -1 (Idle)
30030,config_word_2000018A,,,FC03-Read (Descriptor),u16,0x02,x1,0,,2,1,1,,0x2000018A,niedrig,,,0,0,0,0,0,0,0,0,,0,99,1421,26,Kern-Global 0x2000018A. Writer Modbus_StoreValue16 (CAN fc 0xfe) -> per CAN/Modbus gesetzter Konfigurationswert
30031,inv_slot8_38,,,FC03-Read (Descriptor),u16,0x02,x1,0,,2,1,1,,0x20014F84,niedrig,,,0,0,0,0,0,0,0,0,,0,99,1421,26,"Inverter-Struct 0x20014F4C+0x38, befuellt via Modbus_StoreRegisterSlot (CAN fc 0x03, Slot 8). Von MPPT_Debug_Print nicht ausgegeben -> kein Klartextname im Image"
30032,inv_slot8_3a,,,FC03-Read (Descriptor),u16,0x02,x1,0,,2,1,1,,0x20014F86,niedrig,,,0,0,0,0,0,0,0,0,,0,99,1422,26,"Inverter-Struct 0x20014F4C+0x3a, befuellt via Modbus_StoreRegisterSlot (CAN fc 0x03, Slot 8). Von MPPT_Debug_Print nicht ausgegeben -> kein Klartextname im Image"
30033,inv_slot8_3c,,,FC03-Read (Descriptor),u16,0x02,x1,0,,2,1,1,,0x20014F88,niedrig,,,0,0,0,0,0,0,0,0,0,0,0,1440,27,"Inverter-Struct 0x20014F4C+0x3c, befuellt via Modbus_StoreRegisterSlot (CAN fc 0x03, Slot 8). Von MPPT_Debug_Print nicht ausgegeben -> kein Klartextname im Image"
30034,inv_slot8_3e,,,FC03-Read (Descriptor),u16,0x02,x1,0,,2,1,1,,0x20014F8A,niedrig,,,0,0,0,0,0,0,0,0,0,0,0,1440,27,"Inverter-Struct 0x20014F4C+0x3e, befuellt via Modbus_StoreRegisterSlot (CAN fc 0x03, Slot 8). Von MPPT_Debug_Print nicht ausgegeben -> kein Klartextname im Image"
30035,inv_boundary_20014F8C,,,FC03-Read (Descriptor),i16,0x12,x1,0,,2,1,1,,0x20014F8C,niedrig,,,0,0,0,0,0,0,0,0,0,0,0,1440,27,"0x20014F8C, Grenze Inverter-Struct/BMS-Aggregat. Befuellt via Modbus_StorePairSlot (CAN fc 0xff, Slot 2)"
30036,inv_base_voltage,hardware_version,V,FC03-Read (Descriptor),u16,0x02,x1,0,0.01,2,1,1,,0x20014F80,mittel,2.19 V,2.19 V,219,219,219,219,219,219,219,,,0,219,1321,21,Inverter-Struct +0x34 'base_vol_0.01V' (interne/PE-Referenz). Live 219=2.19V
30037,mppt1_power,mppt1_power,W,FC03-Read (Descriptor),u16,0x02,x1,0,0.1,2,1,1,,0x20014F58,hoch,0 W,0 W,0,0,0,0,0,0,0,,,0,0,1320,21,"MPPT-Struct Feld +4 / Alias 37017. Firmware-benannt: MPPT_Debug_Print @0x08036884, String 'PV1_Vol(0.1V)=%d|Cur(0.1A)=%d|Pow(0.1W)='"
30038,mppt2_power,mppt2_power,W,FC03-Read (Descriptor),u16,0x02,x1,0,0.1,2,1,1,,0x20014F5E,hoch,0 W,0 W,0,0,0,0,0,0,0,,,0,0,1320,21,"MPPT-Struct Feld +4 / Alias 37018. Firmware-benannt: MPPT_Debug_Print @0x08036884, String 'PV2_Vol(0.1V)=%d|Cur(0.1A)=%d|Pow(0.1W)='"
30039,mppt3_power,mppt3_power,W,FC03-Read (Descriptor),u16,0x02,x1,0,0.1,2,1,1,,0x20014F64,hoch,0 W,0 W,0,0,0,0,0,0,0,,,0,0,1320,21,"MPPT-Struct Feld +4 / Alias 37019. Firmware-benannt: MPPT_Debug_Print @0x08036884, String 'PV3_Vol(0.1V)=%d|Cur(0.1A)=%d|Pow(0.1W)='"
30040,mppt4_power,mppt4_power,W,FC03-Read (Descriptor),u16,0x02,x1,0,0.1,2,1,1,,0x20014F6A,hoch,0 W,0 W,0,0,0,0,0,0,0,,,0,0,1320,21,"MPPT-Struct Feld +4 / Alias 37020. Firmware-benannt: MPPT_Debug_Print @0x08036884, String 'PV4_Vol(0.1V)=%d|Cur(0.1A)=%d|Pow(0.1W)='"
30100,pack1_bat_volt_mirror,battery_voltage,V,FC03-Read (Descriptor),u16,0x02,x1,0,0.01,2,1,1,,0x20014FB4,mittel,52.69 V,53.42 V,5269,5342,5326,5330,5250,5081,5341,,,0,65534,1324,21,identische Quelle wie 34000 (Pack0-Struct +0x00)
30101,pack1_bat_curr_mirror,pack1_current_mirror,A,FC03-Read (Descriptor),i16,0x12,x1,0,0.1,2,1,1,,0x20014FB6,hoch,0 A,0 A,0,0,0,0,0,65535,0,0,0,0,65535,1441,27,"identische Quelle wie 34001 (Pack0-Struct +0x02). KORREKTUR 2026-08-22 (Lasttest 600 W): Register ist NICHT unbelegt. Der Venus D entlaedt immer nur EIN Pack - bms_active_pack_index (32111) stand auf 4. Im Doppelscan Leerlauf/600 W bewegte sich ausschliesslich Pack 4: 34301 -3 -> -122 (= -12,2 A bei 0,1 A), 34300 5250 -> 5195, Zellen -34 mV. Packs 1,2,3,5,6 blieben exakt stehen. Eine 0 in einem Pack-Stromregister bedeutet 'Pack inaktiv', nicht 'Register tot'. Gilt sinngemaess fuer 34x01 aller Packs. Kein Skalencode, daher vom Read_Serializer-Vorzeichenfehler NICHT betroffen - verwendbarer Ersatz fuer 32101 (bms_battery_current). Da immer nur ein Pack entlaedt, liefert die Summe aller 34x01 den Strom, den die Firmware intern nutzt. Siehe FW_Bug_Read_Serializer_Vorzeichen_2026-08-22.md"
30102,pack1_max_cell_voltage_mirror,pack1_cell_v_max_mirror,V,FC03-Read (Descriptor),u16,0x02,x1,0,0.001,2,1,1,,0x20014FC4,mittel,,,,,3330,,3282,3178,3339,,,0,3584,1224,15,"identische Quelle wie 34005/37007 (Pack0-Struct +0x10), Rohwert mV"
30103,pack1_min_cell_voltage_mirror,pack1_cell_v_min_mirror,V,FC03-Read (Descriptor),u16,0x02,x1,0,0.001,2,1,1,,0x20014FC6,mittel,,,,,3328,,3280,3174,3337,,,3016,3436,1224,15,"identische Quelle wie 34006/37008 (Pack0-Struct +0x12), Rohwert mV"
30104,pack1_max_cell_temp,max_cell_temp_hp,°C,FC03-Read (Descriptor),i16,0x12,x10,1,0.01,2,1,1,,0x20014FC8,mittel,,,,,2600,,2520,3060,3230,,,2260,3400,1224,15,"Pack1-Struct +0x14 (direkt nach min_cell_voltage). FW multipliziert x10 -> Anzeige 0.01 degC. Uebereinstimmend: alte Live-Map 'max_cell_temp_hp', Read-Handler-Map, BLE-DevelopMode. Alias 37006"
30105,pack1_min_cell_temp,cell_temp_hp_2,°C,FC03-Read (Descriptor),i16,0x12,x10,1,0.01,2,1,1,,0x20014FCA,mittel,,,,,2580,,2500,2920,3080,,,2210,3270,1224,15,"Pack1-Struct +0x16. FW multipliziert x10 -> Anzeige 0.01 degC. Uebereinstimmend: alte Live-Map 'cell_temp_hp_2', Read-Handler-Map '35011=min_cell_temperature'. Alias 35011"
30106,pack1_temp_3_mirror,,°C,FC03-Read (Descriptor),u16,0x02,x1,0,0.1,2,1,1,,0x20015002,niedrig,0 °C,0 °C,0,0,0,0,0,0,0,0,0,0,5330,1443,27,"Alias 34017 (Pack1-Struct +0x4e), Live meist 0"
30107,pack1_temp_1_mirror,pack1_ntc0_mirror,°C,FC03-Read (Descriptor),i16,0x12,x1,0,0.1,2,1,1,,0x20014FFE,hoch,,,,,324,,333,359,364,,,0,418,1224,15,"Alias 34011 (Pack1-Struct +0x4a), Live bestaetigt"
30108,pack1_temp_2_mirror,pack1_ntc1_mirror,°C,FC03-Read (Descriptor),i16,0x12,x1,0,0.1,2,1,1,,0x20015000,hoch,,,,,268,,311,364,310,,,224,560,1224,15,"Alias 34012 (Pack1-Struct +0x4c), Live bestaetigt"
30109,bms_factory_test,,,FC03-Read (Descriptor),u8,0x01,x1,0,,2,1,1,,0x20014FAC,mittel,,,0,0,0,0,0,0,0,0,0,0,332,1443,27,Alias 32113 (CAN factory_test)
30110,config_setpoint_mirror,,,FC03-Read (Descriptor),u8,0x01,x1,0,,2,1,1,,0x20014FAF,niedrig,,,0,0,0,0,0,0,0,0,0,0,100,1443,27,"Alias 32114 (0x20014FAF): vom Write-Handler beschriebener Config-Setpoint, kein Sensor"
30200,ems_ver,ems_version,,FC03-Read (Descriptor),u16,0x02,x1,0,,2,1,1,,0x08010000,hoch,,,,,150,,147,147,1492,,,0,1492,1223,15,Control-App-Version. Versions-Debug-Print (0x08036F40) gibt Konstante 0x96=150 aus / Register liest FLASH 0x08010000 (App-Header)
30201,ems_boot_ver,unknown_30201,,FC03-Read (Descriptor),u8,0x01,x1,0,,2,1,1,,0x20000038,hoch,,,18,18,18,0,18,18,18,,,0,65534,1322,21,"KORREKTUR: 0x20000038 ist 'boot_ver' des EMS/Control (Bootloader), NICHT ems_sub_version. Beleg: Versions-Debug-Print 0x08036F52"
30202,vns_ver,vns_version,,FC03-Read (Descriptor),u16,0x02,x1,0,,2,1,1,,0x2000015E,hoch,,,,,116,,115,115,115,,,115,116,1222,15,"VNS (Micro-Inverter) Softwareversion. Belege: Versions-Debug-Print 'vns_ver' (0x08036F90) + Inverter_Telemetry_Debug_Print 'soft_ver'. Writer Telemetry_Store_RegCB (CAN 0xCB), Block 0x2000015C"
30203,vns_boot_ver,unknown_30203,,FC03-Read (Descriptor),u16,0x02,x1,0,,2,1,1,,0x20000160,hoch,,,106,106,106,18,106,106,106,,,18,5273,1322,21,"VNS (Micro-Inverter) Bootloader-Version. Block 0x2000015C+4, Writer Telemetry_Store_RegCB (CAN 0xCB). Inverter_Telemetry_Debug_Print 'boot_ver'"
30204,bms_ver,bms_version,,FC03-Read (Descriptor),u16,0x02,x1,0,,2,1,1,,0x20014FD2,hoch,,,,,118,,116,116,116,,,116,1177,1222,15,BMS-Version. Versions-Debug-Print 'bms_ver' liest 0x20014FB0+0x22 = 0x20014FD2 = Pack0-Struct +0x1e. Alias 34010/37012
30205,mppt_ver,mppt_version,,FC03-Read (Descriptor),u16,0x02,x1,0,,2,1,1,,0x20000188,hoch,,,,,104,,104,104,104,,,104,104,1222,15,"KORREKTUR: 0x20000188 ist die MPPT-Firmware-Version, NICHT bms_sub_version. Versions-Debug-Print 0x08036F6A liest 0x20000188|0x20000189<<8 als 'mppt_ver(new)' (u16) / 'mppt_ver(old)' = nur 0x20000188 (u8)"
30210,pack1_mos_status_mirror,active_pack_charge_status,,FC03-Read (Descriptor),u8,0x01,x1,0,,2,1,1,,0x20014FC2,mittel,,,0,0,0,106,0,3,0,,,0,106,1322,21,"Alias 34004, Live 0..3 = 2 MOSFET-Flags"
30211,config_byte_can54,,,FC03-Read (Descriptor),u8,0x01,x1,0,,2,1,1,,0x20000165,niedrig,,,0,0,0,0,0,0,0,0,0,0,0,1438,27,0x20000165. Writer: Config_PostWriteCommit + Telemetry_Store_Reg54 (CAN-ID 0x54) -> per CAN setzbarer Konfigurationswert
30212,pack_config,pack_config,,FC03-Read (Descriptor),u8,0x01,x1,0,,2,1,1,,0x20000138,niedrig,,,5,5,5,5,5,5,5,5,5,0,5,1438,27,Kern-Global 0x20000138. Name aus alter Live-Map ('pack_config') / keine aufgeloesten Writer/Reader in v150
30213,config_byte_canc1,,,FC03-Read (Descriptor),u8,0x01,x1,0,,2,1,1,,0x20000164,niedrig,,,0,0,0,0,0,0,0,0,0,0,0,1436,27,0x20000164. Writer: Config_Counters_Reset + Telemetry_Store_RegC1 (CAN-ID 0xC1) -> per CAN setzbarer Konfigurationswert
30214,bms_self_check,,,FC03-Read (Descriptor),u8,0x01,x1,0,,2,1,1,,0x20014FAE,mittel,,,0,0,0,0,0,0,0,0,0,0,0,1436,27,CAN Status-Byte pgn_1007 'self_check' (+0x20)
30300,wifi_status,wifi_status,,FC03-Read (Descriptor),u8,0x01,x1,0,,2,1,1,,0x20001F4C,mittel,,,1,1,1,0,1,1,1,,,0,1,1323,21,
30301,bluetooth_status,active_inverter_state,,FC03-Read (Descriptor),u8,0x01,x1,0,,2,1,1,,0x20018B5C,mittel,,,1,1,1,0,3,3,3,,,0,3,1366,24,
30302,cloud_status,cloud_status,,FC03-Read (Descriptor),u8,0x01,x1,0,,2,1,1,,0x2001916D,mittel,,,1,1,0,5,0,0,0,,,0,5,1321,21,"MQTT-Verbindungsstatus, nicht HTTP-Upload. Schreiber ausschliesslich MQTT_Connect_And_Subscribe (0x08018698, 2x), Quectel_MQTT_Connect (0x0800E7C8, 2x), Quectel_Modem_HardwareReset_Handler, WiFi_Set_Credentials; keine Upload-Funktion schreibt hier. Feldtest 2026-08-25: bleibt 0, waehrend der HTTP-Telemetrie-Upload an einen lokalen Endpunkt erfolgreich laeuft. Leser u.a. MQTT_Telemetry_Struct_Builder -> Wert steht vermutlich als 'mq' im Upload-Payload (unbestaetigt, beide Werte derzeit 0)."
30303,wifi_signal_strength,wifi_signal_strength,dBm,FC03-Read (Descriptor),u8,0x01,x1,0,,2,1,1,,0x20001F4D,mittel,,,58,54,54,0,52,47,54,,,0,69,1321,21,Wert positiv / Vorzeichen NICHT von FW gesetzt (scale=0)
30304,mac_address,mac_address,,FC03-Read (Descriptor),ascii,0x31,x1,0,,1,12,6,,0x2001894E,hoch,,,,,13880,,13880,13880,13880,,,13880,13880,1223,15,ASCII 12 Byte -> Register 30304-30309
30305,mac_address[2],mac_address_2,,FC03-Read (Descriptor),ascii,0x31,x1,0,,1,12,6,30304,,hoch,,,,,12852,,12852,12852,12852,,,12852,12852,1223,15,Folgeregister 2/6 von 30304
30306,mac_address[3],mac_address_3,,FC03-Read (Descriptor),ascii,0x31,x1,0,,1,12,6,30304,,hoch,,,,,14649,,14649,14649,14649,,,14649,14649,1223,15,Folgeregister 3/6 von 30304
30307,mac_address[4],mac_address_4,,FC03-Read (Descriptor),ascii,0x31,x1,0,,1,12,6,30304,,hoch,,,,,17733,,17733,17733,17733,,,17733,17733,1223,15,Folgeregister 4/6 von 30304
30308,mac_address[5],mac_address_5,,FC03-Read (Descriptor),ascii,0x31,x1,0,,1,12,6,30304,,hoch,,,,,17975,,17975,17975,17975,,,17975,17975,1223,15,Folgeregister 5/6 von 30304
30309,mac_address[6],mac_address_6,,FC03-Read (Descriptor),ascii,0x31,x1,0,,1,12,6,30304,,hoch,,,,,13635,,13635,13635,13635,,,13635,13635,1223,15,Folgeregister 6/6 von 30304
30350,comm_module_firmware,comm_module_firmware,,FC03-Read (Descriptor),u8,0x01,x1,0,,1,12,6,,0x200180F0,hoch,,,,,,,12848,12848,12848,,,12848,12848,1223,15,12 Byte -> Register 30350-30355
30351,comm_module_firmware[2],comm_module_fw_2,,FC03-Read (Descriptor),u8,0x01,x1,0,,1,12,6,30350,,hoch,,,,,,,12852,12852,12852,,,12852,12852,1223,15,Folgeregister 2/6 von 30350
30352,comm_module_firmware[3],comm_module_fw_3,,FC03-Read (Descriptor),u8,0x01,x1,0,,1,12,6,30350,,hoch,,,,,12852,,12345,12345,12345,,,12345,12852,1224,16,Folgeregister 3/6 von 30350
30353,comm_module_firmware[4],comm_module_fw_4,,FC03-Read (Descriptor),u8,0x01,x1,0,,1,12,6,30350,,hoch,,,,,,,12345,12345,12345,,,12345,12345,1223,15,Folgeregister 4/6 von 30350
30354,comm_module_firmware[5],comm_module_fw_5,,FC03-Read (Descriptor),u8,0x01,x1,0,,1,12,6,30350,,hoch,,,,,,,12337,12337,12337,,,12337,12337,1223,15,Folgeregister 5/6 von 30350
30355,comm_module_firmware[6],comm_module_fw_6,,FC03-Read (Descriptor),u8,0x01,x1,0,,1,12,6,30350,,hoch,,,,,,,13625,13625,13625,,,13625,13625,1223,15,Folgeregister 6/6 von 30350
30400,ip_addresses,ip_address,,FC03-Read (Descriptor),u8,0x01,x1,0,,1,8,4,,0x2001ADC5,hoch,,,49320,49320,49320,1,49320,49320,49320,,,1,49320,1323,21,8 Byte -> Register 30400-30403
30401,ip_addresses[2],,,FC03-Read (Descriptor),u8,0x01,x1,0,,1,8,4,30400,,hoch,,,,,46490,,46490,46490,46490,,,46490,46490,1223,15,Folgeregister 2/4 von 30400
30402,ip_addresses[3],,,FC03-Read (Descriptor),u8,0x01,x1,0,,1,8,4,30400,,hoch,,,,,49320,,49320,49320,49320,,,49320,49320,1223,15,Folgeregister 3/4 von 30400
30403,ip_addresses[4],,,FC03-Read (Descriptor),u8,0x01,x1,0,,1,8,4,30400,,hoch,,,,,46337,,46337,46337,46337,,,46337,46337,1223,15,Folgeregister 4/4 von 30400
31000,device_name,device_name,,FC03-Read (Descriptor),u8,0x01,x1,0,,1,20,10,,0x20014CE0,hoch,,,,,22094,,22094,22094,22094,,,22094,22094,1223,15,20 Byte -> Register 31000-31009
31001,device_name[2],device_name_2,,FC03-Read (Descriptor),u8,0x01,x1,0,,1,20,10,31000,,hoch,,,,,21316,,21316,21316,21316,,,21316,21316,1223,15,Folgeregister 2/10 von 31000
31002,device_name[3],device_name_3,,FC03-Read (Descriptor),u8,0x01,x1,0,,1,20,10,31000,,hoch,,,,,11568,,11568,11568,11568,,,11568,11568,1223,15,Folgeregister 3/10 von 31000
31003,device_name[4],pack_dependent_31003,,FC03-Read (Descriptor),u8,0x01,x1,0,,1,20,10,31000,,hoch,,,5,5,0,49320,5,5,5,5,5,0,49320,1441,27,Folgeregister 4/10 von 31000
31004,device_name[5],pack_dependent_31004,,FC03-Read (Descriptor),u8,0x01,x1,0,,1,20,10,31000,,hoch,,,1543,1543,0,1543,1543,1543,1543,1543,1543,0,1543,1437,27,Folgeregister 5/10 von 31000
31005,device_name[6],unknown_31005,,FC03-Read (Descriptor),u8,0x01,x1,0,,1,20,10,31000,,hoch,,,0,0,0,0,0,0,0,0,0,0,0,1437,27,Folgeregister 6/10 von 31000
31006,device_name[7],unknown_31006,,FC03-Read (Descriptor),u8,0x01,x1,0,,1,20,10,31000,,hoch,,,0,0,0,0,0,0,0,0,0,0,0,1437,27,Folgeregister 7/10 von 31000
31007,device_name[8],unknown_31007,,FC03-Read (Descriptor),u8,0x01,x1,0,,1,20,10,31000,,hoch,,,0,0,0,0,0,0,0,0,0,0,0,1438,27,Folgeregister 8/10 von 31000
31008,device_name[9],unknown_31008,,FC03-Read (Descriptor),u8,0x01,x1,0,,1,20,10,31000,,hoch,,,0,0,0,0,0,0,0,0,0,0,0,1438,27,Folgeregister 9/10 von 31000
31009,device_name[10],unknown_31009,,FC03-Read (Descriptor),u8,0x01,x1,0,,1,20,10,31000,,hoch,,,0,0,0,0,0,0,0,0,0,0,0,1438,27,Folgeregister 10/10 von 31000
32100,bms_battery_voltage,dc_voltage,V,FC03-Read (Descriptor),u16,0x02,x1,0,0.01,2,1,1,,0x20014F8E,hoch,53.1 V,54.49 V,5310,5449,5372,5,,,,,,0,5455,119,8,CAN-Aggregat-Struct 0x20014F8E+0x00 pgn_1801 'bat_volt(10mV)'. EINHEIT 10mV (nicht 0.1V). Live 5372=53.72V. Geht als Faktor in das berechnete BLE-Feld 'Battery Power' ein: bms[+0x00] * 0.01 V (FUN_0800b024). Siehe BLE_vs_Modbus_Leistungswerte_2026-08-22.md
32101,bms_battery_current,dc_current,A,FC03-Read (Descriptor),i16,0x12,/10,3,1,2,1,1,,0x20014F90,hoch,-26267 A,42 A,39269,42,0,1543,,,,,,0,39311,119,8,"CAN +0x02 pgn_1801 'bat_curr(100mA)'. Loest dc_current-Raetsel: BMS-Packstrom 100mA, FW /10 / 0x9965 = Entladung. Lasttest 2026-08-22: Rohwert 39321 (Leerlauf, ca. -0,6 A) -> 39309 (600 W, -12,2 A laut Pack 4). Delta -12 bei Stromaenderung -11,6 A => Aufloesung ca. 1 A pro Zaehlschritt mit Offset um 39321, NICHT 100 mA wie dokumentiert und nicht durch fw_scale /10 erklaerbar. Zwei Punkte reichen fuer die Steigung, der Nullpunkt braucht einen dritten (z.B. Laden). Konfidenz 'mittel': Bedeutung belegt, Skala und Offset offen. Firmware-Beleg 2026-08-22: FUN_0800b024 liest bms[+0x02] als i16 und multipliziert mit 0.1 -> Einheit 0,1 A, Vorzeichen i16. Rueckrechnung des BLE-Werts (-651 W / 53,37 V = -12,2 A) verlangt dort -122 - genau den Wert, den gleichzeitig 34301 (Pack-4-Strom) lieferte. Der Modbus-Scan gab aber 39309. Entweder ist der source_ptr fehlzugeordnet oder zwischen SRAM und Modbus-Ausgabe liegt eine unverstandene Umrechnung. Siehe BLE_vs_Modbus_Leistungswerte_2026-08-22.md. FIRMWARE-FEHLER (belegt 2026-08-22): Read_Serializer @0x08050c14 legt die i16 vorzeichenerweitert in ein uint und teilt bei Skalencode 3 VORZEICHENLOS durch 10. Negative Werte werden dadurch zerstoert. Reproduziert: SRAM -3 -> Modbus 39321, SRAM -122 -> Modbus 39309 (beide Messwerte des Doppelscans exakt getroffen). Positive Werte passieren korrekt. Das Register ist als Strommesswert UNBRAUCHBAR - Rueckrechnung nur mit 1-A-Quantisierung und asymmetrisch zwischen Laden/Entladen. Ersatz: Summe der Pack-Stromregister 34x01 (kein Skalencode, unversehrt). Siehe FW_Bug_Read_Serializer_Vorzeichen_2026-08-22.md. Gegenprobe Ladung 2026-08-22: bei +10,3 A (Pack-Summe +103) lieferte 32101 korrekt 10. Der Vorzeichenfehler ist damit als asymmetrisch BELEGT - nur Entladung betroffen. | KONFIDENZ 2026-08-22 auf hoch angehoben: Feld, Skalierung und Aufbau sind vollstaendig geklaert; die verbliebene Abweichung ist kein Deutungsproblem, sondern der belegte FW-Bug im Read-Serializer (vorzeichenbehaftetes i16 wird unsigned dividiert). Siehe FW_Bug_Read_Serializer_Vorzeichen_2026-08-22.md"
32102,bat_sample_power,unknown_32102,W,FC03-Read (Descriptor),float32,0x24,x1,0,1,4,1,2,,0x20014EB8,hoch,0 W,0 W,0,0,0,0,,,,,,0,5,127,9,"KONFLIKT GELOEST: Quelle 0x20014EB8 ist i16 'bat_sample_power(1W)' (Debug-String). Die float32-Typangabe des Descriptors ist die falsche Seite / identisch mit 30001. Lasttest 2026-08-22: liest 0 in beiden Lastzustaenden, obwohl derselbe Quellzeiger wie 30001 (-34 / -648). Descriptor gibt float32/elem_size 4 an - liefert praktisch nichts. Nicht verwenden, 30001 nehmen."
32103,bat_sample_power_w2,,W,FC03-Read (Descriptor),float32,0x24,x1,0,,4,1,2,32102,,hoch,,,0,0,,,,,,,,0,0,106,4,"Folgeregister 2/2 von 32102. Lasttest 2026-08-22: liest 0 in beiden Lastzustaenden (Folgeregister von 32102, das ebenfalls nichts liefert)."
32104,bms_soc,,%,FC03-Read (Descriptor),u16,0x02,/10,3,1,2,1,1,,0x20014F94,hoch,,,,,,,,,,,,,,0,0,CAN +0x06 'bat_soc(0.1)'. FW teilt /10 (=soc_global)
32105,bms_remaining_energy,battery_total_energy,Wh,FC03-Read (Descriptor),u16,0x02,x1,0,1,2,1,1,,0x20014F96,hoch,,,,,,,10240,10240,15360,,,10240,15360,1222,14,CAN +0x08 pgn_1802 'bat_energy_Wh'
32106,bms_charge_current_limit,,A,FC03-Read (Descriptor),u16,0x02,x1,0,0.1,2,1,1,,0x20014FA0,hoch,,,,,,,,,,,,,,0,0,CAN +0x12 pgn_1803 'chrg_curr(100mA)'. Alias 35111
32107,bms_discharge_current_limit,,A,FC03-Read (Descriptor),u16,0x02,x1,0,0.1,2,1,1,,0x20014FA2,hoch,,,,,,,,,,,,,,0,0,CAN +0x14 pgn_1803 'dischrg_curr(100mA)'. Alias 35112
32108,bms_battery_temp,,°C,FC03-Read (Descriptor),i16,0x12,x1,0,0.1,2,1,1,,0x20014F92,hoch,,,,,,,,,,,,,,0,0,CAN +0x04 pgn_1801 'bat_temp(0.1C)'. Alias 35010
32109,bms_pack_count,,,FC03-Read (Descriptor),u8,0x01,x1,0,,2,1,1,,0x20014F98,hoch,,,,,,,,,,,,,,0,0,CAN +0x0a 'bat_total_nb' (Anzahl vorhandener Packs)
32110,bms_online_mask,,,FC03-Read (Descriptor),u16,0x02,x1,0,,2,1,1,,0x20014F99,hoch,,,,,,,,,,,,,,0,0,CAN +0x0b 'bat_online_mask' (u16 Bitmaske: welche Packs online)
32111,bms_work_pack_idx,,,FC03-Read (Descriptor),u8,0x01,x1,0,,2,1,1,,0x20014F9B,hoch,,,,,,,,,,,,,,0,0,"CAN +0x0d 'work_bat_idx' (aktiver Pack-Index). Lasttest 2026-08-22: stand auf 4; im Doppelscan bewegte sich ausschliesslich Pack 4 (34301 -3 -> -122, 34300 5250 -> 5195, Zellen -34 mV). Beleg dafuer, dass der Venus D immer nur EIN Pack entlaedt. Siehe BLE_vs_Modbus_Leistungswerte_2026-08-22.md. Gegenprobe Ladung 2026-08-22: auch beim Laden ist nur ein Pack aktiv (Pack 4 +103, uebrige 0)."
32112,bms_lock_flag,,,FC03-Read (Descriptor),u8,0x01,x1,0,,2,1,1,,0x20014FAD,mittel,,,,,,,,,,,,,,0,0,CAN Status-Byte pgn_1804 'lock_flag' (+0x1f)
32113,bms_factory_test,,,FC03-Read (Descriptor),u8,0x01,x1,0,,2,1,1,,0x20014FAC,mittel,,,,,,,,,,,,,,0,0,CAN Status-Byte pgn_1804 'factory_test' (+0x1e). Alias 30109
32114,config_setpoint_20014FAF,,,FC03-Read (Descriptor),u8,0x01,x1,0,,2,1,1,,0x20014FAF,niedrig,,,,,,,,,,,,,,0,0,"0x20014FAF wird vom Modbus-Write-Handler (0x08052BB0/0x08052BBC) BESCHRIEBEN -> Config-Setpoint, kein Sensor. Alias 30110"
32200,grid_volt,ac_voltage,V,FC03-Read (Descriptor),u16,0x02,x1,0,0.1,2,1,1,,0x20014EAC,hoch,252.1 V,237.2 V,2521,2372,2374,,2436,100,2391,,,1,2522,1303,17,Struct +0x10 'grid_volt(0.1V)'. Alias 30004
32201,grid_volt_dup,ac_voltage_2,V,FC03-Read (Descriptor),u16,0x02,x1,0,0.1,2,1,1,,0x20014EAC,hoch,252.1 V,237.2 V,2521,2372,2376,5330,,,,,,0,5330,101,7,identische Quelle wie 32200 -- kein eigener Messwert
32202,grid_sample_power,ac_power_hi,W,FC03-Read (Descriptor),i16,0x12,x1,0,1,4,1,2,,0x20014EB4,hoch,,,,,0,39269,,,,,,0,65535,13,4,Alias 30006 (Struct +0x18) / elem_size 4 bei i16 bleibt Descriptor-Inkonsistenz
32203,grid_sample_power_w2,ac_power_lo,W,FC03-Read (Descriptor),i16,0x12,x1,0,,4,1,2,32202,,hoch,,,,,0,0,,,,,,0,64262,13,4,Folgeregister 2/2 von 32202
32204,grid_pf,ac_frequency,Hz,FC03-Read (Descriptor),u16,0x02,x1,0,0.1,2,1,1,,0x20014EAE,hoch,50 Hz,50 Hz,500,500,499,,500,10,499,,,10,49320,1303,17,Struct +0x12 'grid_pf(0.1Hz)' = Netzfrequenz. Typ u16
32300,off_grid_volt,ac_offgrid_voltage,V,FC03-Read (Descriptor),u16,0x02,x1,0,0.1,2,1,1,,0x20014EB0,hoch,,,,,5,,2412,8,7,,,3,2443,1223,15,Struct +0x14 'off_grid_volt(0.1V)'. Alias 30005
32301,ac_offgrid_voltage_dup,ac_offgrid_voltage_2,V,FC03-Read (Descriptor),u16,0x02,x1,0,0.1,2,1,1,,0x20014EB0,hoch,,,,,5,,2412,8,7,,,3,2443,1223,15,KORREKTUR: identische Quelle wie 32300 -- NICHT ac_offgrid_current
32302,off_grid_power,ac_offgrid_power,W,FC03-Read (Descriptor),i16,0x12,x1,0,1,2,1,1,,0x20014EB6,hoch,,,,,0,,359,0,0,,,0,3233,1223,15,Struct +0x1a 'off_grid_power(1W)'. Alias 30007. Alias zu 30007; speist ueber die gemeinsame Quelle das BLE-Feld 'Backup Load'. Siehe BLE_vs_Modbus_Leistungswerte_2026-08-22.md
33000,total_charging_energy,total_charging_energy,kWh,FC03-Read (Descriptor),u32,0x04,/10,3,0.01,4,1,2,,0x20014D9C,hoch,,,,,0,,0,0,0,,,0,6,1224,15,u32 = 2 Register / FW teilt durch 10 -> Ergebnis in 0.01 kWh
33001,total_charging_energy_w2,total_charging_energy_lo,kWh,FC03-Read (Descriptor),u32,0x04,/10,3,,4,1,2,33000,,hoch,,,,,85,,30296,30296,31386,,,85,31546,1223,15,Folgeregister 2/2 von 33000
33002,total_discharging_energy,total_discharging_energy,kWh,FC03-Read (Descriptor),u32,0x04,/10,3,0.01,4,1,2,,0x20014DA0,hoch,,,,,0,,0,0,0,,,0,0,1223,15,u32 = 2 Register / FW teilt durch 10
33003,total_discharging_energy_w2,total_discharging_energy_lo,kWh,FC03-Read (Descriptor),u32,0x04,/10,3,,4,1,2,33002,,hoch,,,,,0,,24843,25130,25130,,,0,25819,1223,15,Folgeregister 2/2 von 33002
33004,daily_charging_energy,daily_charging_energy,kWh,FC03-Read (Descriptor),u32,0x04,/10,3,0.01,4,1,2,,0x20014DAC,hoch,,,,,0,,0,0,0,,,0,0,1223,15,u32 = 2 Register / FW teilt durch 10
33005,daily_charging_energy_w2,daily_charging_energy_lo,kWh,FC03-Read (Descriptor),u32,0x04,/10,3,,4,1,2,33004,,hoch,,,,,85,,0,0,1090,,,0,1090,1223,15,Folgeregister 2/2 von 33004
33006,daily_discharging_energy,daily_discharging_energy,kWh,FC03-Read (Descriptor),u32,0x04,/10,3,0.01,4,1,2,,0x20014DB0,hoch,,,,,0,,0,0,0,,,0,0,1223,15,u32 = 2 Register / FW teilt durch 10
33007,daily_discharging_energy_w2,daily_discharging_energy_lo,kWh,FC03-Read (Descriptor),u32,0x04,/10,3,,4,1,2,33006,,hoch,,,,,0,,395,682,682,,,0,682,1223,15,Folgeregister 2/2 von 33006
33008,monthly_charging_energy,monthly_charging_energy,kWh,FC03-Read (Descriptor),u32,0x04,/10,3,0.01,4,1,2,,0x20014DA4,hoch,,,,,0,,0,0,0,,,0,0,1223,15,u32 = 2 Register / FW teilt durch 10
33009,monthly_charging_energy_w2,monthly_charging_energy_lo,kWh,FC03-Read (Descriptor),u32,0x04,/10,3,,4,1,2,33008,,hoch,,,,,85,,1715,1715,2805,,,85,2805,1223,15,Folgeregister 2/2 von 33008
33010,monthly_discharging_energy,monthly_discharging_energy,kWh,FC03-Read (Descriptor),u32,0x04,/10,3,0.01,4,1,2,,0x20014DA8,hoch,,,,,0,,0,0,0,,,0,0,1223,15,u32 = 2 Register / FW teilt durch 10
33011,monthly_discharging_energy_w2,monthly_discharging_energy_lo,kWh,FC03-Read (Descriptor),u32,0x04,/10,3,,4,1,2,33010,,hoch,,,,,0,,1698,1984,1984,,,0,1984,1223,15,Folgeregister 2/2 von 33010
34000,pack1_bat_volt,pack1_bat_volt,V,FC03-Read (Descriptor),u16,0x02,x1,0,0.01,2,1,1,,0x20014FB4,hoch,,,,,5329,,5249,5082,5341,,,6,5500,1224,15,"Pack-Struct Stride 0x60 / Alias 30100 | FW-BELEG 2026-08-16: BMS_Debug_PerPack_Detail_Print bestaetigt Feld 'Bat Volt' (BMS v118, nachtraeglich disassembliert)"
34001,pack1_bat_curr,pack1_bat_curr,A,FC03-Read (Descriptor),i16,0x12,x1,0,0.1,2,1,1,,0x20014FB6,hoch,,,,,0,,0,65535,0,,,0,65535,1237,17,"Pack-Struct Stride 0x60 / Alias 30101 | FW-BELEG 2026-08-16: BMS_Debug_PerPack_Detail_Print bestaetigt Feld 'Bat Curr' (BMS v118, nachtraeglich disassembliert). Kein Skalencode, daher vom Read_Serializer-Vorzeichenfehler NICHT betroffen - verwendbarer Ersatz fuer 32101 (bms_battery_current). Da immer nur ein Pack entlaedt, liefert die Summe aller 34x01 den Strom, den die Firmware intern nutzt. Siehe FW_Bug_Read_Serializer_Vorzeichen_2026-08-22.md"
34002,pack1_soc,pack1_bat_soc,%,FC03-Read (Descriptor),u16,0x02,x1,0,0.1,2,1,1,,0x20014FB8,hoch,57.7 %,70.1 %,577,701,887,,407,79,899,,,0,1000,1304,17,"Rohwert in 0.1% -- FW skaliert NICHT. Alias 37005 liefert denselben Wert bereits /10 | FW-BELEG 2026-08-16: BMS_Debug_PerPack_Detail_Print bestaetigt Feld 'Bat Soc' (BMS v118, nachtraeglich disassembliert)"
34003,pack1_cycle_count,pack1_cycle_count,,FC03-Read (Descriptor),i16,0x12,x1,0,,2,1,1,,0x20014FBA,hoch,,,,,12,,7,7,0,,,0,5148,1224,15,"Pack1-Struct +0x06. BMS-FW 'Cyc Cnt' / BESTAETIGT durch Live-Scans (kleine monotone Werte 0/1/6/7/10/12) und BLE-Offset 0x18 | FW-BELEG 2026-08-16: BMS_Debug_PerPack_Detail_Print bestaetigt Feld 'Cyc Cnt' (BMS v118, nachtraeglich disassembliert)"
34004,pack1_mos_status,pack1_charge_status,,FC03-Read (Descriptor),u8,0x01,x1,0,,2,1,1,,0x20014FC2,mittel,,,0,0,0,2488,0,3,0,,,0,5383,1324,21,"Pack1-Struct +0x0e (u8). BMS-FW 'Chg Mos/Dsg Mos' / BESTAETIGT durch Live-Scans (Wertebereich 0..3 = genau 2 Flags) | FW-BELEG 2026-08-16: BMS_Debug_PerPack_Detail_Print bestaetigt Feld 'Chg/Dsg Mos' (BMS v118, nachtraeglich disassembliert)"
34005,pack1_max_cell_voltage,pack1_cell_v_max,V,FC03-Read (Descriptor),u16,0x02,x1,0,0.001,2,1,1,,0x20014FC4,hoch,,,,,3332,,3283,3178,3339,,,0,3562,1224,15,"Rohwert in mV / Alias 30102/37007 | FW-BELEG 2026-08-16: BMS_Debug_PerPack_Detail_Print bestaetigt Feld 'Max Cell' (BMS v118, nachtraeglich disassembliert)"
34006,pack1_min_cell_voltage,pack1_cell_v_min,V,FC03-Read (Descriptor),u16,0x02,x1,0,0.001,2,1,1,,0x20014FC6,hoch,,,,,3330,,3280,3175,3337,,,111,3435,1224,15,"Rohwert in mV / Alias 30103/37008 | FW-BELEG 2026-08-16: BMS_Debug_PerPack_Detail_Print bestaetigt Feld 'Min Cell' (BMS v118, nachtraeglich disassembliert)"
34007,pack1_protect1,pack1_protect1,,FC03-Read (Descriptor),i16,0x12,x1,0,,2,1,1,,0x20014FCC,hoch,,,,,0,,0,0,0,0,0,0,7,1342,21,"Pack+0x18. KORRIGIERT 2026-08-16: BMS CAN_TX_PerPack_10Msgs Frame 0x23 Byte0-1 = Protect1 (Schutz-Bitmaske 1), NICHT status_flags. Live 0..7 passt. Store-Handler CAN_Store_PerPack_Grp23_Overview3."
34008,pack1_protect2,pack1_protect2,,FC03-Read (Descriptor),u16,0x02,x1,0,,2,1,1,,0x20014FCE,hoch,,,,,0,,0,0,0,0,0,0,0,1342,21,Pack+0x1a. KORRIGIERT 2026-08-16: Frame 0x23 Byte2-3 = Protect2 (Schutz-Bitmaske 2). War faelschlich protect1.
34009,pack1_bms_reserved_5a,pack1_status_5a,,FC03-Read (Descriptor),u16,0x02,x1,0,,2,1,1,,0x20014FD0,mittel,,,,,0,,0,0,0,0,0,0,3219,1342,21,"Pack+0x1c. KORRIGIERT 2026-08-16: Frame 0x23 Byte4-5 = BMS-Struct-Feld @+0x5a (im BMS-Debug-Print NICHT benannt, Live ~0). War faelschlich protect2. | ERSTE LIVE-BEOBACHTUNG 2026-08-25: Das Feld ist NICHT konstant 0. Bei Tiefentladung (2100-2600 W, SoC 15->14 %) sprang es bei Pack 2 um 12:04:21 und bei Pack 3 um 12:08:03 jeweils von 0 auf 2 und war beim naechsten Poll wieder 0. Da der DEV-Pollzyklus rund 70 s betraegt, ist die Dauer nur nach oben begrenzt (<= 78 s bzw. <= 66 s) -- der Impuls kann deutlich kuerzer gewesen sein. Fehlerstatus und Alarmstatus standen durchgehend auf 0, es war also KEINE Stoerung. Kontext: Die Packs tragen die Last reihum (Packstrom-Sensoren zeigen jeweils nur ein aktives Pack mit rund -50 A); die beiden Impulse fielen in den letzten Ablaufabschnitt, dessen Packstrom um 12:09:09 auf 0 ging. Der Standby um 12:10:50 war ein vom Nutzer ausgeloester Neustart und gehoert NICHT zum Geraeteverhalten -- das Ende der Messreihe ist dadurch abgeschnitten, nicht geraeteseitig abgeschlossen. HYPOTHESE (unbestaetigt): Markierung eines Pack-Wechsels oder eine pack-individuelle Tiefentlade-Warnung. Zur Klaerung muesste scan_interval fuer die 34x09-Register waehrend eines Entladetests auf 'high' stehen, sonst faellt der Impuls zwischen zwei Polls."
34010,pack1_bms_version,pack1_bms_version,,FC03-Read (Descriptor),u16,0x02,x1,0,,2,1,1,,0x20014FD2,hoch,,,,,118,,116,116,116,,,116,3216,1224,15,"Pack1-Struct +0x1e. BESTAETIGT durch Live-Scans (Werte 116/118/1177 = BMS-FW-Versionen) | FW-BELEG 2026-08-16: BMS_Debug_PerPack_Detail_Print bestaetigt Feld 'Version' (BMS v118, nachtraeglich disassembliert)"
34011,pack1_temp_1,pack1_env_ntc,°C,FC03-Read (Descriptor),u16,0x02,x1,0,0.1,2,1,1,,0x20014FFE,hoch,,,,,313,,334,360,364,,,0,419,1224,15,Pack+0x4a. KORRIGIERT 2026-08-16: BMS Frame 0x41 Byte2-3 = ENV NTC (Umgebungstemperatur). Store-Handler CAN_Store_PerPack_Grp41_NTC. Faktor 0.1 degC.
34012,pack1_temp_2,pack1_mos_ntc,°C,FC03-Read (Descriptor),u16,0x02,x1,0,0.1,2,1,1,,0x20015000,hoch,,,,,253,,311,363,310,,,0,569,1224,15,Pack+0x4c. KORRIGIERT 2026-08-16: BMS Frame 0x41 Byte4-5 = MOS NTC (MOSFET-Temperatur). Faktor 0.1 degC.
34013,pack1_ntc_block,pack1_cell_ntc_2,°C,FC03-Read (Descriptor),u16,0x02,x1,0,0.1,2,4,4,,0x20014FF4,hoch,,,,,250,,252,306,308,,,0,335,1224,15,"Pack1-Struct +0x40, 4 Elemente -> 34013-34016. BESTAETIGT: BMS CAN-Gruppe 0x40 = 4 NTC / Live 11.6-36.1 degC"
34014,pack1_ntc_block[2],pack1_cell_ntc_3,°C,FC03-Read (Descriptor),u16,0x02,x1,0,0.1,2,4,4,34013,,hoch,,,,,254,,251,295,323,,,116,340,1224,15,Folgeregister 2/4 von 34013
34015,pack1_ntc_block[3],pack1_mos_ntc,°C,FC03-Read (Descriptor),u16,0x02,x1,0,0.1,2,4,4,34013,,hoch,,,,,252,,249,298,319,,,222,361,1224,15,Folgeregister 3/4 von 34013
34016,pack1_ntc_block[4],pack1_env_ntc,°C,FC03-Read (Descriptor),u16,0x02,x1,0,0.1,2,4,4,34013,,hoch,,,,,253,,250,292,321,,,221,338,1224,15,Folgeregister 4/4 von 34013
34017,pack1_ntc_unused,pack1_avg_ntc,°C,FC03-Read (Descriptor),u16,0x02,x1,0,0.1,2,1,1,,0x20015002,hoch,,,,,0,,0,0,0,0,0,0,327,1342,21,Pack+0x4e. GEKLAERT 2026-08-16: BMS Frame 0x41 Byte6-7 werden auf 0 gesetzt -> Register ist konstruktionsbedingt IMMER 0 (erklaert 'Live meist 0'). Kein echtes Messfeld.
34018,pack1_cell_voltage_1_16,pack1_cell_1_voltage,V,FC03-Read (Descriptor),u16,0x02,x1,0,0.001,2,16,16,,0x20014FD4,hoch,,,,,3330,,3282,3177,3338,,,316,3439,1224,15,"Pack1-Struct +0x20, 16 Elemente -> 34018-34033. BESTAETIGT: BMS CAN-Gruppen 0x30-0x33 / Live 3177-3441 mV"
34019,pack1_cell_voltage_1_16[2],pack1_cell_2_voltage,V,FC03-Read (Descriptor),u16,0x02,x1,0,0.001,2,16,16,34018,,hoch,,,,,3331,,3281,3177,3338,,,318,3439,1224,15,Folgeregister 2/16 von 34018
34020,pack1_cell_voltage_1_16[3],pack1_cell_3_voltage,V,FC03-Read (Descriptor),u16,0x02,x1,0,0.001,2,16,16,34018,,hoch,,,,,3330,,3280,3176,3338,,,315,3436,1224,15,Folgeregister 3/16 von 34018
34021,pack1_cell_voltage_1_16[4],pack1_cell_4_voltage,V,FC03-Read (Descriptor),u16,0x02,x1,0,0.001,2,16,16,34018,,hoch,,,,,3332,,3281,3178,3339,,,0,3441,1224,15,Folgeregister 4/16 von 34018
34022,pack1_cell_voltage_1_16[5],pack1_cell_5_voltage,V,FC03-Read (Descriptor),u16,0x02,x1,0,0.001,2,16,16,34018,,hoch,,,,,3331,,3281,3175,3338,,,3023,3562,1224,15,Folgeregister 5/16 von 34018
34023,pack1_cell_voltage_1_16[6],pack1_cell_6_voltage,V,FC03-Read (Descriptor),u16,0x02,x1,0,0.001,2,16,16,34018,,hoch,,,,,3331,,3281,3176,3338,,,3024,3439,1224,15,Folgeregister 6/16 von 34018
34024,pack1_cell_voltage_1_16[7],pack1_cell_7_voltage,V,FC03-Read (Descriptor),u16,0x02,x1,0,0.001,2,16,16,34018,,hoch,,,,,3330,,3281,3177,3338,,,3028,3438,1224,15,Folgeregister 7/16 von 34018
34025,pack1_cell_voltage_1_16[8],pack1_cell_8_voltage,V,FC03-Read (Descriptor),u16,0x02,x1,0,0.001,2,16,16,34018,,hoch,,,,,3331,,3282,3178,3338,,,3036,3437,1224,15,Folgeregister 8/16 von 34018
34026,pack1_cell_voltage_1_16[9],pack1_cell_9_voltage,V,FC03-Read (Descriptor),u16,0x02,x1,0,0.001,2,16,16,34018,,hoch,,,,,3330,,3281,3177,3338,,,3036,3435,1224,15,Folgeregister 9/16 von 34018
34027,pack1_cell_voltage_1_16[10],pack1_cell_10_voltage,V,FC03-Read (Descriptor),u16,0x02,x1,0,0.001,2,16,16,34018,,hoch,,,,,3331,,3283,3177,3338,,,3033,3438,1224,15,Folgeregister 10/16 von 34018
34028,pack1_cell_voltage_1_16[11],pack1_cell_11_voltage,V,FC03-Read (Descriptor),u16,0x02,x1,0,0.001,2,16,16,34018,,hoch,,,,,3331,,3281,3176,3338,,,3026,3437,1224,15,Folgeregister 11/16 von 34018
34029,pack1_cell_voltage_1_16[12],pack1_cell_12_voltage,V,FC03-Read (Descriptor),u16,0x02,x1,0,0.001,2,16,16,34018,,hoch,,,,,3331,,3282,3177,3339,,,3032,3436,1224,15,Folgeregister 12/16 von 34018
34030,pack1_cell_voltage_1_16[13],pack1_cell_13_voltage,V,FC03-Read (Descriptor),u16,0x02,x1,0,0.001,2,16,16,34018,,hoch,,,,,3330,,3281,3175,3338,,,3026,3437,1224,15,Folgeregister 13/16 von 34018
34031,pack1_cell_voltage_1_16[14],pack1_cell_14_voltage,V,FC03-Read (Descriptor),u16,0x02,x1,0,0.001,2,16,16,34018,,hoch,,,,,3332,,3282,3177,3339,,,3028,3437,1224,15,Folgeregister 14/16 von 34018
34032,pack1_cell_voltage_1_16[15],pack1_cell_15_voltage,V,FC03-Read (Descriptor),u16,0x02,x1,0,0.001,2,16,16,34018,,hoch,,,,,3330,,3280,3174,3338,,,3014,3439,1224,15,Folgeregister 15/16 von 34018
34033,pack1_cell_voltage_1_16[16],pack1_cell_16_voltage,V,FC03-Read (Descriptor),u16,0x02,x1,0,0.001,2,16,16,34018,,hoch,,,,,3330,,3280,3174,3337,,,3019,3455,1223,15,Folgeregister 16/16 von 34018
34100,pack2_bat_volt,pack2_bat_volt,V,FC03-Read (Descriptor),u16,0x02,x1,0,0.01,2,1,1,,0x20015014,hoch,,,,,5326,,5241,5112,5339,,,3218,5510,1224,15,"Pack-Struct Stride 0x60 | FW-BELEG 2026-08-16: BMS_Debug_PerPack_Detail_Print bestaetigt Feld 'Bat Volt' (BMS v118, nachtraeglich disassembliert)"
34101,pack2_bat_curr,pack2_bat_curr,A,FC03-Read (Descriptor),u16,0x02,x1,0,0.1,2,1,1,,0x20015016,hoch,,,,,0,,0,0,0,,,0,65533,1236,17,"Pack-Struct Stride 0x60 | FW-BELEG 2026-08-16: BMS_Debug_PerPack_Detail_Print bestaetigt Feld 'Bat Curr' (BMS v118, nachtraeglich disassembliert). Kein Skalencode, daher vom Read_Serializer-Vorzeichenfehler NICHT betroffen - verwendbarer Ersatz fuer 32101 (bms_battery_current). Da immer nur ein Pack entlaedt, liefert die Summe aller 34x01 den Strom, den die Firmware intern nutzt. Siehe FW_Bug_Read_Serializer_Vorzeichen_2026-08-22.md"
34102,pack2_soc,pack2_bat_soc,%,FC03-Read (Descriptor),u16,0x02,x1,0,0.1,2,1,1,,0x20015018,mittel,48.6 %,70.1 %,486,701,897,,406,99,900,,,3,2526,1303,17,"Rohwert in 0.1% | FW-BELEG 2026-08-16: BMS_Debug_PerPack_Detail_Print bestaetigt Feld 'Bat Soc' (BMS v118, nachtraeglich disassembliert)"
34103,pack2_cycle_count,pack2_cycle_count,,FC03-Read (Descriptor),i16,0x12,x1,0,,2,1,1,,0x2001501A,hoch,,,,,10,,6,6,0,,,0,10,1223,15,"Pack2-Struct +0x06. BMS-FW 'Cyc Cnt' / BESTAETIGT durch Live-Scans (kleine monotone Werte 0/1/6/7/10/12) und BLE-Offset 0x18 | FW-BELEG 2026-08-16: BMS_Debug_PerPack_Detail_Print bestaetigt Feld 'Cyc Cnt' (BMS v118, nachtraeglich disassembliert)"
34104,pack2_mos_status,pack2_charge_status,,FC03-Read (Descriptor),u8,0x01,x1,0,,2,1,1,,0x20015022,mittel,,,0,0,0,0,0,0,0,,,0,686,1323,21,"Pack2-Struct +0x0e (u8). BMS-FW 'Chg Mos/Dsg Mos' / BESTAETIGT durch Live-Scans (Wertebereich 0..3 = genau 2 Flags) | FW-BELEG 2026-08-16: BMS_Debug_PerPack_Detail_Print bestaetigt Feld 'Chg/Dsg Mos' (BMS v118, nachtraeglich disassembliert)"
34105,pack2_max_cell_voltage,pack2_cell_v_max,V,FC03-Read (Descriptor),u16,0x02,x1,0,0.001,2,1,1,,0x20015024,hoch,,,,,3330,,3277,3196,3338,,,3075,3587,1223,15,"Rohwert in mV | FW-BELEG 2026-08-16: BMS_Debug_PerPack_Detail_Print bestaetigt Feld 'Max Cell' (BMS v118, nachtraeglich disassembliert)"
34106,pack2_min_cell_voltage,pack2_cell_v_min,V,FC03-Read (Descriptor),u16,0x02,x1,0,0.001,2,1,1,,0x20015026,hoch,,,,,3328,,3274,3194,3336,,,3064,3438,1223,15,"Rohwert in mV | FW-BELEG 2026-08-16: BMS_Debug_PerPack_Detail_Print bestaetigt Feld 'Min Cell' (BMS v118, nachtraeglich disassembliert)"
34107,pack2_protect1,pack2_protect1,,FC03-Read (Descriptor),i16,0x12,x1,0,,2,1,1,,0x2001502C,hoch,,,,,0,,0,0,0,0,0,0,0,1341,21,"Pack+0x18. KORRIGIERT 2026-08-16: BMS CAN_TX_PerPack_10Msgs Frame 0x23 Byte0-1 = Protect1 (Schutz-Bitmaske 1), NICHT status_flags. Live 0..7 passt. Store-Handler CAN_Store_PerPack_Grp23_Overview3."
34108,pack2_protect2,pack2_protect2,,FC03-Read (Descriptor),u16,0x02,x1,0,,2,1,1,,0x2001502E,hoch,,,,,0,,0,0,0,0,0,0,0,1341,21,Pack+0x1a. KORRIGIERT 2026-08-16: Frame 0x23 Byte2-3 = Protect2 (Schutz-Bitmaske 2). War faelschlich protect1.
34109,pack2_bms_reserved_5a,pack2_status_5a,,FC03-Read (Descriptor),u16,0x02,x1,0,,2,1,1,,0x20015030,mittel,,,,,0,,0,0,0,0,0,0,2,1341,21,"Pack+0x1c. KORRIGIERT 2026-08-16: Frame 0x23 Byte4-5 = BMS-Struct-Feld @+0x5a (im BMS-Debug-Print NICHT benannt, Live ~0). War faelschlich protect2. | ERSTE LIVE-BEOBACHTUNG 2026-08-25: Das Feld ist NICHT konstant 0. Bei Tiefentladung (2100-2600 W, SoC 15->14 %) sprang es bei Pack 2 um 12:04:21 und bei Pack 3 um 12:08:03 jeweils von 0 auf 2 und war beim naechsten Poll wieder 0. Da der DEV-Pollzyklus rund 70 s betraegt, ist die Dauer nur nach oben begrenzt (<= 78 s bzw. <= 66 s) -- der Impuls kann deutlich kuerzer gewesen sein. Fehlerstatus und Alarmstatus standen durchgehend auf 0, es war also KEINE Stoerung. Kontext: Die Packs tragen die Last reihum (Packstrom-Sensoren zeigen jeweils nur ein aktives Pack mit rund -50 A); die beiden Impulse fielen in den letzten Ablaufabschnitt, dessen Packstrom um 12:09:09 auf 0 ging. Der Standby um 12:10:50 war ein vom Nutzer ausgeloester Neustart und gehoert NICHT zum Geraeteverhalten -- das Ende der Messreihe ist dadurch abgeschnitten, nicht geraeteseitig abgeschlossen. HYPOTHESE (unbestaetigt): Markierung eines Pack-Wechsels oder eine pack-individuelle Tiefentlade-Warnung. Zur Klaerung muesste scan_interval fuer die 34x09-Register waehrend eines Entladetests auf 'high' stehen, sonst faellt der Impuls zwischen zwei Polls."
34110,pack2_bms_version,pack2_bms_version,,FC03-Read (Descriptor),u16,0x02,x1,0,,2,1,1,,0x20015032,hoch,,,,,118,,116,116,116,,,116,1177,1223,15,"Pack2-Struct +0x1e. BESTAETIGT durch Live-Scans (Werte 116/118/1177 = BMS-FW-Versionen) | FW-BELEG 2026-08-16: BMS_Debug_PerPack_Detail_Print bestaetigt Feld 'Version' (BMS v118, nachtraeglich disassembliert)"
34111,pack2_temp_1,pack2_env_ntc,°C,FC03-Read (Descriptor),u16,0x02,x1,0,0.1,2,1,1,,0x2001505E,hoch,,,,,305,,329,347,352,,,235,385,1223,15,Pack+0x4a. KORRIGIERT 2026-08-16: BMS Frame 0x41 Byte2-3 = ENV NTC (Umgebungstemperatur). Store-Handler CAN_Store_PerPack_Grp41_NTC. Faktor 0.1 degC.
34112,pack2_temp_2,pack2_mos_ntc,°C,FC03-Read (Descriptor),u16,0x02,x1,0,0.1,2,1,1,,0x20015060,hoch,,,,,245,,335,331,301,,,214,452,1223,15,Pack+0x4c. KORRIGIERT 2026-08-16: BMS Frame 0x41 Byte4-5 = MOS NTC (MOSFET-Temperatur). Faktor 0.1 degC.
34113,pack2_ntc_block,pack2_cell_ntc_2,°C,FC03-Read (Descriptor),u16,0x02,x1,0,0.1,2,4,4,,0x20015054,hoch,,,,,247,,241,278,313,,,217,322,1223,15,"Pack2-Struct +0x40, 4 Elemente -> 34113-34116. BESTAETIGT: BMS CAN-Gruppe 0x40 = 4 NTC / Live 11.6-36.1 degC"
34114,pack2_ntc_block[2],pack2_cell_ntc_3,°C,FC03-Read (Descriptor),u16,0x02,x1,0,0.1,2,4,4,34113,,hoch,,,,,246,,245,289,313,,,215,321,1223,15,Folgeregister 2/4 von 34113
34115,pack2_ntc_block[3],pack2_mos_ntc,°C,FC03-Read (Descriptor),u16,0x02,x1,0,0.1,2,4,4,34113,,hoch,,,,,248,,237,270,314,,,217,323,1223,15,Folgeregister 3/4 von 34113
34116,pack2_ntc_block[4],pack2_env_ntc,°C,FC03-Read (Descriptor),u16,0x02,x1,0,0.1,2,4,4,34113,,hoch,,,,,247,,247,291,306,,,219,322,1223,15,Folgeregister 4/4 von 34113
34117,pack2_ntc_unused,pack2_avg_ntc,°C,FC03-Read (Descriptor),u16,0x02,x1,0,0.1,2,1,1,,0x20015062,hoch,,,,,0,,0,0,0,0,0,0,0,1341,21,Pack+0x4e. GEKLAERT 2026-08-16: BMS Frame 0x41 Byte6-7 werden auf 0 gesetzt -> Register ist konstruktionsbedingt IMMER 0 (erklaert 'Live meist 0'). Kein echtes Messfeld.
34118,pack2_cell_voltage_1_16,pack2_cell_1_voltage,V,FC03-Read (Descriptor),u16,0x02,x1,0,0.001,2,16,16,,0x20015034,hoch,,,,,3329,,3275,3194,3337,,,3068,3440,1223,15,"Pack2-Struct +0x20, 16 Elemente -> 34118-34133. BESTAETIGT: BMS CAN-Gruppen 0x30-0x33 / Live 3177-3441 mV"
34119,pack2_cell_voltage_1_16[2],pack2_cell_2_voltage,V,FC03-Read (Descriptor),u16,0x02,x1,0,0.001,2,16,16,34118,,hoch,,,,,3328,,3277,3196,3338,,,3068,3446,1223,15,Folgeregister 2/16 von 34118
34120,pack2_cell_voltage_1_16[3],pack2_cell_3_voltage,V,FC03-Read (Descriptor),u16,0x02,x1,0,0.001,2,16,16,34118,,hoch,,,,,3329,,3276,3195,3337,,,3072,3445,1223,15,Folgeregister 3/16 von 34118
34121,pack2_cell_voltage_1_16[4],pack2_cell_4_voltage,V,FC03-Read (Descriptor),u16,0x02,x1,0,0.001,2,16,16,34118,,hoch,,,,,3329,,3277,3195,3338,,,3070,3442,1223,15,Folgeregister 4/16 von 34118
34122,pack2_cell_voltage_1_16[5],pack2_cell_5_voltage,V,FC03-Read (Descriptor),u16,0x02,x1,0,0.001,2,16,16,34118,,hoch,,,,,3328,,3276,3195,3337,,,3069,3442,1223,15,Folgeregister 5/16 von 34118
34123,pack2_cell_voltage_1_16[6],pack2_cell_6_voltage,V,FC03-Read (Descriptor),u16,0x02,x1,0,0.001,2,16,16,34118,,hoch,,,,,3330,,3277,3196,3337,,,3073,3438,1223,15,Folgeregister 6/16 von 34118
34124,pack2_cell_voltage_1_16[7],pack2_cell_7_voltage,V,FC03-Read (Descriptor),u16,0x02,x1,0,0.001,2,16,16,34118,,hoch,,,,,3329,,3276,3194,3337,,,3070,3439,1223,15,Folgeregister 7/16 von 34118
34125,pack2_cell_voltage_1_16[8],pack2_cell_8_voltage,V,FC03-Read (Descriptor),u16,0x02,x1,0,0.001,2,16,16,34118,,hoch,,,,,3330,,3277,3195,3337,,,3073,3441,1223,15,Folgeregister 8/16 von 34118
34126,pack2_cell_voltage_1_16[9],pack2_cell_9_voltage,V,FC03-Read (Descriptor),u16,0x02,x1,0,0.001,2,16,16,34118,,hoch,,,,,3328,,3276,3195,3336,,,3074,3440,1223,15,Folgeregister 9/16 von 34118
34127,pack2_cell_voltage_1_16[10],pack2_cell_10_voltage,V,FC03-Read (Descriptor),u16,0x02,x1,0,0.001,2,16,16,34118,,hoch,,,,,3330,,3277,3196,3338,,,3071,3440,1223,15,Folgeregister 10/16 von 34118
34128,pack2_cell_voltage_1_16[11],pack2_cell_11_voltage,V,FC03-Read (Descriptor),u16,0x02,x1,0,0.001,2,16,16,34118,,hoch,,,,,3328,,3276,3195,3336,,,3070,3440,1223,15,Folgeregister 11/16 von 34118
34129,pack2_cell_voltage_1_16[12],pack2_cell_12_voltage,V,FC03-Read (Descriptor),u16,0x02,x1,0,0.001,2,16,16,34118,,hoch,,,,,3330,,3276,3196,3337,,,3073,3442,1223,15,Folgeregister 12/16 von 34118
34130,pack2_cell_voltage_1_16[13],pack2_cell_13_voltage,V,FC03-Read (Descriptor),u16,0x02,x1,0,0.001,2,16,16,34118,,hoch,,,,,3328,,3276,3195,3336,,,3070,3448,1223,15,Folgeregister 13/16 von 34118
34131,pack2_cell_voltage_1_16[14],pack2_cell_14_voltage,V,FC03-Read (Descriptor),u16,0x02,x1,0,0.001,2,16,16,34118,,hoch,,,,,3329,,3277,3196,3338,,,3068,3447,1223,15,Folgeregister 14/16 von 34118
34132,pack2_cell_voltage_1_16[15],pack2_cell_15_voltage,V,FC03-Read (Descriptor),u16,0x02,x1,0,0.001,2,16,16,34118,,hoch,,,,,3329,,3274,3194,3337,,,3065,3450,1224,15,Folgeregister 15/16 von 34118
34133,pack2_cell_voltage_1_16[16],pack2_cell_16_voltage,V,FC03-Read (Descriptor),u16,0x02,x1,0,0.001,2,16,16,34118,,hoch,,,,,3328,,3275,3195,3336,,,3071,3587,1223,15,Folgeregister 16/16 von 34118
34200,pack3_bat_volt,pack3_bat_volt,V,FC03-Read (Descriptor),u16,0x02,x1,0,0.01,2,1,1,,0x20015074,hoch,,,,,5327,,5261,5113,5343,,,3219,5524,1224,15,"Pack-Struct Stride 0x60 | FW-BELEG 2026-08-16: BMS_Debug_PerPack_Detail_Print bestaetigt Feld 'Bat Volt' (BMS v118, nachtraeglich disassembliert)"
34201,pack3_bat_curr,pack3_bat_curr,A,FC03-Read (Descriptor),u16,0x02,x1,0,0.1,2,1,1,,0x20015076,hoch,,,,,0,,0,0,0,,,0,65112,1223,15,"Pack-Struct Stride 0x60 | FW-BELEG 2026-08-16: BMS_Debug_PerPack_Detail_Print bestaetigt Feld 'Bat Curr' (BMS v118, nachtraeglich disassembliert). Kein Skalencode, daher vom Read_Serializer-Vorzeichenfehler NICHT betroffen - verwendbarer Ersatz fuer 32101 (bms_battery_current). Da immer nur ein Pack entlaedt, liefert die Summe aller 34x01 den Strom, den die Firmware intern nutzt. Siehe FW_Bug_Read_Serializer_Vorzeichen_2026-08-22.md"
34202,pack3_soc,pack3_bat_soc,%,FC03-Read (Descriptor),u16,0x02,x1,0,0.1,2,1,1,,0x20015078,mittel,48.6 %,63.1 %,486,631,897,,408,98,900,,,0,1000,1303,17,"Rohwert in 0.1% | FW-BELEG 2026-08-16: BMS_Debug_PerPack_Detail_Print bestaetigt Feld 'Bat Soc' (BMS v118, nachtraeglich disassembliert)"
34203,pack3_cycle_count,pack3_cycle_count,,FC03-Read (Descriptor),i16,0x12,x1,0,,2,1,1,,0x2001507A,hoch,,,,,17,,49,49,8,,,7,49,1223,15,"Pack3-Struct +0x06. BMS-FW 'Cyc Cnt' / BESTAETIGT durch Live-Scans (kleine monotone Werte 0/1/6/7/10/12) und BLE-Offset 0x18 | FW-BELEG 2026-08-16: BMS_Debug_PerPack_Detail_Print bestaetigt Feld 'Cyc Cnt' (BMS v118, nachtraeglich disassembliert)"
34204,pack3_mos_status,pack3_charge_status,,FC03-Read (Descriptor),u8,0x01,x1,0,,2,1,1,,0x20015082,mittel,,,0,3,0,0,0,0,0,,,0,686,1323,21,"Pack3-Struct +0x0e (u8). BMS-FW 'Chg Mos/Dsg Mos' / BESTAETIGT durch Live-Scans (Wertebereich 0..3 = genau 2 Flags) | FW-BELEG 2026-08-16: BMS_Debug_PerPack_Detail_Print bestaetigt Feld 'Chg/Dsg Mos' (BMS v118, nachtraeglich disassembliert)"
34205,pack3_max_cell_voltage,pack3_cell_v_max,V,FC03-Read (Descriptor),u16,0x02,x1,0,0.001,2,1,1,,0x20015084,hoch,,,,,3331,,3290,3197,3341,,,3089,3576,1223,15,"Rohwert in mV | FW-BELEG 2026-08-16: BMS_Debug_PerPack_Detail_Print bestaetigt Feld 'Max Cell' (BMS v118, nachtraeglich disassembliert)"
34206,pack3_min_cell_voltage,pack3_cell_v_min,V,FC03-Read (Descriptor),u16,0x02,x1,0,0.001,2,1,1,,0x20015086,hoch,,,,,3329,,3287,3195,3339,,,3083,3432,1223,15,"Rohwert in mV | FW-BELEG 2026-08-16: BMS_Debug_PerPack_Detail_Print bestaetigt Feld 'Min Cell' (BMS v118, nachtraeglich disassembliert)"
34207,pack3_protect1,pack3_protect1,,FC03-Read (Descriptor),i16,0x12,x1,0,,2,1,1,,0x2001508C,hoch,,,,,0,,0,0,0,0,0,0,0,1340,21,"Pack+0x18. KORRIGIERT 2026-08-16: BMS CAN_TX_PerPack_10Msgs Frame 0x23 Byte0-1 = Protect1 (Schutz-Bitmaske 1), NICHT status_flags. Live 0..7 passt. Store-Handler CAN_Store_PerPack_Grp23_Overview3."
34208,pack3_protect2,pack3_protect2,,FC03-Read (Descriptor),u16,0x02,x1,0,,2,1,1,,0x2001508E,hoch,,,,,0,,0,0,0,0,0,0,0,1340,21,Pack+0x1a. KORRIGIERT 2026-08-16: Frame 0x23 Byte2-3 = Protect2 (Schutz-Bitmaske 2). War faelschlich protect1.
34209,pack3_bms_reserved_5a,pack3_status_5a,,FC03-Read (Descriptor),u16,0x02,x1,0,,2,1,1,,0x20015090,mittel,,,,,0,,0,0,0,0,0,0,2,1340,21,"Pack+0x1c. KORRIGIERT 2026-08-16: Frame 0x23 Byte4-5 = BMS-Struct-Feld @+0x5a (im BMS-Debug-Print NICHT benannt, Live ~0). War faelschlich protect2. | ERSTE LIVE-BEOBACHTUNG 2026-08-25: Das Feld ist NICHT konstant 0. Bei Tiefentladung (2100-2600 W, SoC 15->14 %) sprang es bei Pack 2 um 12:04:21 und bei Pack 3 um 12:08:03 jeweils von 0 auf 2 und war beim naechsten Poll wieder 0. Da der DEV-Pollzyklus rund 70 s betraegt, ist die Dauer nur nach oben begrenzt (<= 78 s bzw. <= 66 s) -- der Impuls kann deutlich kuerzer gewesen sein. Fehlerstatus und Alarmstatus standen durchgehend auf 0, es war also KEINE Stoerung. Kontext: Die Packs tragen die Last reihum (Packstrom-Sensoren zeigen jeweils nur ein aktives Pack mit rund -50 A); die beiden Impulse fielen in den letzten Ablaufabschnitt, dessen Packstrom um 12:09:09 auf 0 ging. Der Standby um 12:10:50 war ein vom Nutzer ausgeloester Neustart und gehoert NICHT zum Geraeteverhalten -- das Ende der Messreihe ist dadurch abgeschnitten, nicht geraeteseitig abgeschlossen. HYPOTHESE (unbestaetigt): Markierung eines Pack-Wechsels oder eine pack-individuelle Tiefentlade-Warnung. Zur Klaerung muesste scan_interval fuer die 34x09-Register waehrend eines Entladetests auf 'high' stehen, sonst faellt der Impuls zwischen zwei Polls."
34210,pack3_bms_version,pack3_bms_version,,FC03-Read (Descriptor),u16,0x02,x1,0,,2,1,1,,0x20015092,hoch,,,,,118,,116,116,116,,,116,1177,1223,15,"Pack3-Struct +0x1e. BESTAETIGT durch Live-Scans (Werte 116/118/1177 = BMS-FW-Versionen) | FW-BELEG 2026-08-16: BMS_Debug_PerPack_Detail_Print bestaetigt Feld 'Version' (BMS v118, nachtraeglich disassembliert)"
34211,pack3_temp_1,pack3_env_ntc,°C,FC03-Read (Descriptor),u16,0x02,x1,0,0.1,2,1,1,,0x200150BE,hoch,,,,,305,,302,330,358,,,301,392,1223,15,Pack+0x4a. KORRIGIERT 2026-08-16: BMS Frame 0x41 Byte2-3 = ENV NTC (Umgebungstemperatur). Store-Handler CAN_Store_PerPack_Grp41_NTC. Faktor 0.1 degC.
34212,pack3_temp_2,pack3_mos_ntc,°C,FC03-Read (Descriptor),u16,0x02,x1,0,0.1,2,1,1,,0x200150C0,hoch,,,,,244,,242,284,308,,,237,515,1223,15,Pack+0x4c. KORRIGIERT 2026-08-16: BMS Frame 0x41 Byte4-5 = MOS NTC (MOSFET-Temperatur). Faktor 0.1 degC.
34213,pack3_ntc_block,pack3_cell_ntc_2,°C,FC03-Read (Descriptor),u16,0x02,x1,0,0.1,2,4,4,,0x200150B4,hoch,,,,,244,,228,259,324,,,228,348,1223,15,"Pack3-Struct +0x40, 4 Elemente -> 34213-34216. BESTAETIGT: BMS CAN-Gruppe 0x40 = 4 NTC / Live 11.6-36.1 degC"
34214,pack3_ntc_block[2],pack3_cell_ntc_3,°C,FC03-Read (Descriptor),u16,0x02,x1,0,0.1,2,4,4,34213,,hoch,,,,,243,,229,260,313,,,228,329,1223,15,Folgeregister 2/4 von 34213
34215,pack3_ntc_block[3],pack3_mos_ntc,°C,FC03-Read (Descriptor),u16,0x02,x1,0,0.1,2,4,4,34213,,hoch,,,,,242,,227,259,316,,,226,332,1223,15,Folgeregister 3/4 von 34213
34216,pack3_ntc_block[4],pack3_env_ntc,°C,FC03-Read (Descriptor),u16,0x02,x1,0,0.1,2,4,4,34213,,hoch,,,,,241,,226,257,311,,,226,330,1223,15,Folgeregister 4/4 von 34213
34217,pack3_ntc_unused,pack3_avg_ntc,°C,FC03-Read (Descriptor),u16,0x02,x1,0,0.1,2,1,1,,0x200150C2,hoch,,,,,0,,0,0,0,0,0,0,0,1340,21,Pack+0x4e. GEKLAERT 2026-08-16: BMS Frame 0x41 Byte6-7 werden auf 0 gesetzt -> Register ist konstruktionsbedingt IMMER 0 (erklaert 'Live meist 0'). Kein echtes Messfeld.
34218,pack3_cell_voltage_1_16,pack3_cell_1_voltage,V,FC03-Read (Descriptor),u16,0x02,x1,0,0.001,2,16,16,,0x20015094,hoch,,,,,3330,,3288,3197,3339,,,3083,3449,1223,15,"Pack3-Struct +0x20, 16 Elemente -> 34218-34233. BESTAETIGT: BMS CAN-Gruppen 0x30-0x33 / Live 3177-3441 mV"
34219,pack3_cell_voltage_1_16[2],pack3_cell_2_voltage,V,FC03-Read (Descriptor),u16,0x02,x1,0,0.001,2,16,16,34218,,hoch,,,,,3330,,3289,3196,3339,,,3086,3452,1223,15,Folgeregister 2/16 von 34218
34220,pack3_cell_voltage_1_16[3],pack3_cell_3_voltage,V,FC03-Read (Descriptor),u16,0x02,x1,0,0.001,2,16,16,34218,,hoch,,,,,3329,,3289,3196,3339,,,3086,3441,1223,15,Folgeregister 3/16 von 34218
34221,pack3_cell_voltage_1_16[4],pack3_cell_4_voltage,V,FC03-Read (Descriptor),u16,0x02,x1,0,0.001,2,16,16,34218,,hoch,,,,,3330,,3289,3197,3341,,,3089,3435,1223,15,Folgeregister 4/16 von 34218
34222,pack3_cell_voltage_1_16[5],pack3_cell_5_voltage,V,FC03-Read (Descriptor),u16,0x02,x1,0,0.001,2,16,16,34218,,hoch,,,,,3330,,3289,3195,3339,,,3084,3475,1223,15,Folgeregister 5/16 von 34218
34223,pack3_cell_voltage_1_16[6],pack3_cell_6_voltage,V,FC03-Read (Descriptor),u16,0x02,x1,0,0.001,2,16,16,34218,,hoch,,,,,3331,,3289,3197,3341,,,3086,3437,1223,15,Folgeregister 6/16 von 34218
34224,pack3_cell_voltage_1_16[7],pack3_cell_7_voltage,V,FC03-Read (Descriptor),u16,0x02,x1,0,0.001,2,16,16,34218,,hoch,,,,,3330,,3288,3196,3339,,,3088,3432,1223,15,Folgeregister 7/16 von 34218
34225,pack3_cell_voltage_1_16[8],pack3_cell_8_voltage,V,FC03-Read (Descriptor),u16,0x02,x1,0,0.001,2,16,16,34218,,hoch,,,,,3331,,3289,3197,3340,,,3087,3433,1223,15,Folgeregister 8/16 von 34218
34226,pack3_cell_voltage_1_16[9],pack3_cell_9_voltage,V,FC03-Read (Descriptor),u16,0x02,x1,0,0.001,2,16,16,34218,,hoch,,,,,3330,,3288,3196,3339,,,3086,3432,1223,15,Folgeregister 9/16 von 34218
34227,pack3_cell_voltage_1_16[10],pack3_cell_10_voltage,V,FC03-Read (Descriptor),u16,0x02,x1,0,0.001,2,16,16,34218,,hoch,,,,,3331,,3289,3197,3340,,,3088,3473,1223,15,Folgeregister 10/16 von 34218
34228,pack3_cell_voltage_1_16[11],pack3_cell_11_voltage,V,FC03-Read (Descriptor),u16,0x02,x1,0,0.001,2,16,16,34218,,hoch,,,,,3330,,3288,3195,3340,,,3084,3576,1223,15,Folgeregister 11/16 von 34218
34229,pack3_cell_voltage_1_16[12],pack3_cell_12_voltage,V,FC03-Read (Descriptor),u16,0x02,x1,0,0.001,2,16,16,34218,,hoch,,,,,3330,,3288,3196,3341,,,3085,3433,1223,15,Folgeregister 12/16 von 34218
34230,pack3_cell_voltage_1_16[13],pack3_cell_13_voltage,V,FC03-Read (Descriptor),u16,0x02,x1,0,0.001,2,16,16,34218,,hoch,,,,,3330,,3288,3196,3340,,,3085,3448,1223,15,Folgeregister 13/16 von 34218
34231,pack3_cell_voltage_1_16[14],pack3_cell_14_voltage,V,FC03-Read (Descriptor),u16,0x02,x1,0,0.001,2,16,16,34218,,hoch,,,,,3330,,3290,3196,3340,,,3085,3460,1223,15,Folgeregister 14/16 von 34218
34232,pack3_cell_voltage_1_16[15],pack3_cell_15_voltage,V,FC03-Read (Descriptor),u16,0x02,x1,0,0.001,2,16,16,34218,,hoch,,,,,3330,,3287,3195,3339,,,3084,3438,1224,15,Folgeregister 15/16 von 34218
34233,pack3_cell_voltage_1_16[16],pack3_cell_16_voltage,V,FC03-Read (Descriptor),u16,0x02,x1,0,0.001,2,16,16,34218,,hoch,,,,,3330,,3287,3195,3339,,,3087,3498,1224,15,Folgeregister 16/16 von 34218
34300,pack4_bat_volt,pack4_bat_volt,V,FC03-Read (Descriptor),u16,0x02,x1,0,0.01,2,1,1,,0x200150D4,hoch,,,,,5327,,5088,5109,5340,,,4929,5546,1224,15,"Pack-Struct Stride 0x60 | FW-BELEG 2026-08-16: BMS_Debug_PerPack_Detail_Print bestaetigt Feld 'Bat Volt' (BMS v118, nachtraeglich disassembliert)"
34301,pack4_bat_curr,pack4_bat_curr,A,FC03-Read (Descriptor),u16,0x02,x1,0,0.1,2,1,1,,0x200150D6,hoch,,,,,0,,65073,0,0,,,0,65088,1224,15,"Pack-Struct Stride 0x60 | FW-BELEG 2026-08-16: BMS_Debug_PerPack_Detail_Print bestaetigt Feld 'Bat Curr' (BMS v118, nachtraeglich disassembliert). Lasttest 2026-08-22: -3 -> -122 beim Wechsel Leerlauf/600 W, entspricht -12,2 A bei Anzeigefaktor 0,1 A und deckt sich mit 30001 (-648 W) bei 51,95 V. Pack 4 war laut 32111 der aktive Pack - Beleg fuer die Pack-Stromregister. Kein Skalencode, daher vom Read_Serializer-Vorzeichenfehler NICHT betroffen - verwendbarer Ersatz fuer 32101 (bms_battery_current). Da immer nur ein Pack entlaedt, liefert die Summe aller 34x01 den Strom, den die Firmware intern nutzt. Siehe FW_Bug_Read_Serializer_Vorzeichen_2026-08-22.md"
34302,pack4_soc,pack4_bat_soc,%,FC03-Read (Descriptor),u16,0x02,x1,0,0.1,2,1,1,,0x200150D8,mittel,57.6 %,60.1 %,576,601,895,,365,100,900,,,0,1000,1304,17,"Rohwert in 0.1% | FW-BELEG 2026-08-16: BMS_Debug_PerPack_Detail_Print bestaetigt Feld 'Bat Soc' (BMS v118, nachtraeglich disassembliert)"
34303,pack4_cycle_count,pack4_cycle_count,,FC03-Read (Descriptor),i16,0x12,x1,0,,2,1,1,,0x200150DA,hoch,,,,,16,,44,45,7,,,6,45,1224,15,"Pack4-Struct +0x06. BMS-FW 'Cyc Cnt' / BESTAETIGT durch Live-Scans (kleine monotone Werte 0/1/6/7/10/12) und BLE-Offset 0x18 | FW-BELEG 2026-08-16: BMS_Debug_PerPack_Detail_Print bestaetigt Feld 'Cyc Cnt' (BMS v118, nachtraeglich disassembliert)"
34304,pack4_mos_status,pack4_charge_status,,FC03-Read (Descriptor),u8,0x01,x1,0,,2,1,1,,0x200150E2,mittel,,,0,0,0,0,3,0,0,,,0,776,1324,21,"Pack4-Struct +0x0e (u8). BMS-FW 'Chg Mos/Dsg Mos' / BESTAETIGT durch Live-Scans (Wertebereich 0..3 = genau 2 Flags) | FW-BELEG 2026-08-16: BMS_Debug_PerPack_Detail_Print bestaetigt Feld 'Chg/Dsg Mos' (BMS v118, nachtraeglich disassembliert)"
34305,pack4_max_cell_voltage,pack4_cell_v_max,V,FC03-Read (Descriptor),u16,0x02,x1,0,0.001,2,1,1,,0x200150E4,hoch,,,,,3331,,3184,3194,3339,,,3085,3572,1224,15,"Rohwert in mV | FW-BELEG 2026-08-16: BMS_Debug_PerPack_Detail_Print bestaetigt Feld 'Max Cell' (BMS v118, nachtraeglich disassembliert)"
34306,pack4_min_cell_voltage,pack4_cell_v_min,V,FC03-Read (Descriptor),u16,0x02,x1,0,0.001,2,1,1,,0x200150E6,hoch,,,,,3328,,3178,3193,3336,,,3078,3441,1224,15,"Rohwert in mV | FW-BELEG 2026-08-16: BMS_Debug_PerPack_Detail_Print bestaetigt Feld 'Min Cell' (BMS v118, nachtraeglich disassembliert)"
34307,pack4_protect1,pack4_protect1,,FC03-Read (Descriptor),i16,0x12,x1,0,,2,1,1,,0x200150EC,hoch,,,,,0,,0,0,0,0,0,0,0,1341,21,"Pack+0x18. KORRIGIERT 2026-08-16: BMS CAN_TX_PerPack_10Msgs Frame 0x23 Byte0-1 = Protect1 (Schutz-Bitmaske 1), NICHT status_flags. Live 0..7 passt. Store-Handler CAN_Store_PerPack_Grp23_Overview3."
34308,pack4_protect2,pack4_protect2,,FC03-Read (Descriptor),u16,0x02,x1,0,,2,1,1,,0x200150EE,hoch,,,,,0,,0,0,0,0,0,0,0,1341,21,Pack+0x1a. KORRIGIERT 2026-08-16: Frame 0x23 Byte2-3 = Protect2 (Schutz-Bitmaske 2). War faelschlich protect1.
34309,pack4_bms_reserved_5a,pack4_status_5a,,FC03-Read (Descriptor),u16,0x02,x1,0,,2,1,1,,0x200150F0,mittel,,,,,0,,0,0,0,0,0,0,2,1341,21,"Pack+0x1c. KORRIGIERT 2026-08-16: Frame 0x23 Byte4-5 = BMS-Struct-Feld @+0x5a (im BMS-Debug-Print NICHT benannt, Live ~0). War faelschlich protect2. | ERSTE LIVE-BEOBACHTUNG 2026-08-25: Das Feld ist NICHT konstant 0. Bei Tiefentladung (2100-2600 W, SoC 15->14 %) sprang es bei Pack 2 um 12:04:21 und bei Pack 3 um 12:08:03 jeweils von 0 auf 2 und war beim naechsten Poll wieder 0. Da der DEV-Pollzyklus rund 70 s betraegt, ist die Dauer nur nach oben begrenzt (<= 78 s bzw. <= 66 s) -- der Impuls kann deutlich kuerzer gewesen sein. Fehlerstatus und Alarmstatus standen durchgehend auf 0, es war also KEINE Stoerung. Kontext: Die Packs tragen die Last reihum (Packstrom-Sensoren zeigen jeweils nur ein aktives Pack mit rund -50 A); die beiden Impulse fielen in den letzten Ablaufabschnitt, dessen Packstrom um 12:09:09 auf 0 ging. Der Standby um 12:10:50 war ein vom Nutzer ausgeloester Neustart und gehoert NICHT zum Geraeteverhalten -- das Ende der Messreihe ist dadurch abgeschnitten, nicht geraeteseitig abgeschlossen. HYPOTHESE (unbestaetigt): Markierung eines Pack-Wechsels oder eine pack-individuelle Tiefentlade-Warnung. Zur Klaerung muesste scan_interval fuer die 34x09-Register waehrend eines Entladetests auf 'high' stehen, sonst faellt der Impuls zwischen zwei Polls."
34310,pack4_bms_version,pack4_bms_version,,FC03-Read (Descriptor),u16,0x02,x1,0,,2,1,1,,0x200150F2,hoch,,,,,118,,116,116,116,,,116,1177,1224,15,"Pack4-Struct +0x1e. BESTAETIGT durch Live-Scans (Werte 116/118/1177 = BMS-FW-Versionen) | FW-BELEG 2026-08-16: BMS_Debug_PerPack_Detail_Print bestaetigt Feld 'Version' (BMS v118, nachtraeglich disassembliert)"
34311,pack4_temp_1,pack4_env_ntc,°C,FC03-Read (Descriptor),u16,0x02,x1,0,0.1,2,1,1,,0x2001511E,hoch,,,,,308,,291,313,357,,,286,388,1224,15,Pack+0x4a. KORRIGIERT 2026-08-16: BMS Frame 0x41 Byte2-3 = ENV NTC (Umgebungstemperatur). Store-Handler CAN_Store_PerPack_Grp41_NTC. Faktor 0.1 degC.
34312,pack4_temp_2,pack4_mos_ntc,°C,FC03-Read (Descriptor),u16,0x02,x1,0,0.1,2,1,1,,0x20015120,hoch,,,,,247,,308,276,303,,,229,445,1224,15,Pack+0x4c. KORRIGIERT 2026-08-16: BMS Frame 0x41 Byte4-5 = MOS NTC (MOSFET-Temperatur). Faktor 0.1 degC.
34313,pack4_ntc_block,pack4_cell_ntc_2,°C,FC03-Read (Descriptor),u16,0x02,x1,0,0.1,2,4,4,,0x20015114,hoch,,,,,236,,224,254,300,,,220,317,1224,15,"Pack4-Struct +0x40, 4 Elemente -> 34313-34316. BESTAETIGT: BMS CAN-Gruppe 0x40 = 4 NTC / Live 11.6-36.1 degC"
34314,pack4_ntc_block[2],pack4_cell_ntc_3,°C,FC03-Read (Descriptor),u16,0x02,x1,0,0.1,2,4,4,34313,,hoch,,,,,239,,225,263,316,,,221,338,1224,15,Folgeregister 2/4 von 34313
34315,pack4_ntc_block[3],pack4_mos_ntc,°C,FC03-Read (Descriptor),u16,0x02,x1,0,0.1,2,4,4,34313,,hoch,,,,,234,,222,251,297,,,218,310,1224,15,Folgeregister 3/4 von 34313
34316,pack4_ntc_block[4],pack4_env_ntc,°C,FC03-Read (Descriptor),u16,0x02,x1,0,0.1,2,4,4,34313,,hoch,,,,,239,,225,261,317,,,221,343,1224,15,Folgeregister 4/4 von 34313
34317,pack4_ntc_unused,pack4_avg_ntc,°C,FC03-Read (Descriptor),u16,0x02,x1,0,0.1,2,1,1,,0x20015122,hoch,,,,,0,,0,0,0,0,0,0,0,1341,21,Pack+0x4e. GEKLAERT 2026-08-16: BMS Frame 0x41 Byte6-7 werden auf 0 gesetzt -> Register ist konstruktionsbedingt IMMER 0 (erklaert 'Live meist 0'). Kein echtes Messfeld.
34318,pack4_cell_voltage_1_16,pack4_cell_1_voltage,V,FC03-Read (Descriptor),u16,0x02,x1,0,0.001,2,16,16,,0x200150F4,hoch,,,,,3329,,3184,3193,3338,,,3081,3454,1224,15,"Pack4-Struct +0x20, 16 Elemente -> 34318-34333. BESTAETIGT: BMS CAN-Gruppen 0x30-0x33 / Live 3177-3441 mV"
34319,pack4_cell_voltage_1_16[2],pack4_cell_2_voltage,V,FC03-Read (Descriptor),u16,0x02,x1,0,0.001,2,16,16,34318,,hoch,,,,,3330,,3183,3194,3338,,,3084,3501,1224,15,Folgeregister 2/16 von 34318
34320,pack4_cell_voltage_1_16[3],pack4_cell_3_voltage,V,FC03-Read (Descriptor),u16,0x02,x1,0,0.001,2,16,16,34318,,hoch,,,,,3330,,3180,3193,3337,,,3080,3453,1224,15,Folgeregister 3/16 von 34318
34321,pack4_cell_voltage_1_16[4],pack4_cell_4_voltage,V,FC03-Read (Descriptor),u16,0x02,x1,0,0.001,2,16,16,34318,,hoch,,,,,3330,,3184,3193,3339,,,3085,3460,1224,15,Folgeregister 4/16 von 34318
34322,pack4_cell_voltage_1_16[5],pack4_cell_5_voltage,V,FC03-Read (Descriptor),u16,0x02,x1,0,0.001,2,16,16,34318,,hoch,,,,,3329,,3179,3193,3337,,,3081,3441,1224,15,Folgeregister 5/16 von 34318
34323,pack4_cell_voltage_1_16[6],pack4_cell_6_voltage,V,FC03-Read (Descriptor),u16,0x02,x1,0,0.001,2,16,16,34318,,hoch,,,,,3331,,3180,3194,3338,,,3081,3443,1224,15,Folgeregister 6/16 von 34318
34324,pack4_cell_voltage_1_16[7],pack4_cell_7_voltage,V,FC03-Read (Descriptor),u16,0x02,x1,0,0.001,2,16,16,34318,,hoch,,,,,3329,,3180,3194,3338,,,3079,3445,1224,15,Folgeregister 7/16 von 34318
34325,pack4_cell_voltage_1_16[8],pack4_cell_8_voltage,V,FC03-Read (Descriptor),u16,0x02,x1,0,0.001,2,16,16,34318,,hoch,,,,,3331,,3181,3194,3338,,,3082,3455,1224,15,Folgeregister 8/16 von 34318
34326,pack4_cell_voltage_1_16[9],pack4_cell_9_voltage,V,FC03-Read (Descriptor),u16,0x02,x1,0,0.001,2,16,16,34318,,hoch,,,,,3329,,3178,3193,3337,,,3078,3476,1224,15,Folgeregister 9/16 von 34318
34327,pack4_cell_voltage_1_16[10],pack4_cell_10_voltage,V,FC03-Read (Descriptor),u16,0x02,x1,0,0.001,2,16,16,34318,,hoch,,,,,3330,,3180,3194,3338,,,3078,3485,1224,15,Folgeregister 10/16 von 34318
34328,pack4_cell_voltage_1_16[11],pack4_cell_11_voltage,V,FC03-Read (Descriptor),u16,0x02,x1,0,0.001,2,16,16,34318,,hoch,,,,,3330,,3181,3193,3337,,,3081,3442,1224,15,Folgeregister 11/16 von 34318
34329,pack4_cell_voltage_1_16[12],pack4_cell_12_voltage,V,FC03-Read (Descriptor),u16,0x02,x1,0,0.001,2,16,16,34318,,hoch,,,,,3330,,3180,3194,3338,,,3080,3495,1224,15,Folgeregister 12/16 von 34318
34330,pack4_cell_voltage_1_16[13],pack4_cell_13_voltage,V,FC03-Read (Descriptor),u16,0x02,x1,0,0.001,2,16,16,34318,,hoch,,,,,3328,,3181,3193,3337,,,3083,3494,1224,15,Folgeregister 13/16 von 34318
34331,pack4_cell_voltage_1_16[14],pack4_cell_14_voltage,V,FC03-Read (Descriptor),u16,0x02,x1,0,0.001,2,16,16,34318,,hoch,,,,,3331,,3179,3194,3339,,,3082,3447,1224,15,Folgeregister 14/16 von 34318
34332,pack4_cell_voltage_1_16[15],pack4_cell_15_voltage,V,FC03-Read (Descriptor),u16,0x02,x1,0,0.001,2,16,16,34318,,hoch,,,,,3329,,3178,3194,3337,,,3080,3449,1224,15,Folgeregister 15/16 von 34318
34333,pack4_cell_voltage_1_16[16],pack4_cell_16_voltage,V,FC03-Read (Descriptor),u16,0x02,x1,0,0.001,2,16,16,34318,,hoch,,,,,3328,,3181,3193,3337,,,3081,3572,1224,15,Folgeregister 16/16 von 34318
34400,pack5_bat_volt,pack5_bat_volt,V,FC03-Read (Descriptor),u16,0x02,x1,0,0.01,2,1,1,,0x20015134,hoch,,,,,5328,,0,0,5395,0,0,0,5459,1342,21,"Pack-Struct Stride 0x60 | FW-BELEG 2026-08-16: BMS_Debug_PerPack_Detail_Print bestaetigt Feld 'Bat Volt' (BMS v118, nachtraeglich disassembliert)"
34401,pack5_bat_curr,pack5_bat_curr,A,FC03-Read (Descriptor),u16,0x02,x1,0,0.1,2,1,1,,0x20015136,hoch,,,,,0,,0,0,84,0,0,0,385,1342,21,"Pack-Struct Stride 0x60 | FW-BELEG 2026-08-16: BMS_Debug_PerPack_Detail_Print bestaetigt Feld 'Bat Curr' (BMS v118, nachtraeglich disassembliert). Kein Skalencode, daher vom Read_Serializer-Vorzeichenfehler NICHT betroffen - verwendbarer Ersatz fuer 32101 (bms_battery_current). Da immer nur ein Pack entlaedt, liefert die Summe aller 34x01 den Strom, den die Firmware intern nutzt. Siehe FW_Bug_Read_Serializer_Vorzeichen_2026-08-22.md"
34402,pack5_soc,pack5_bat_soc,%,FC03-Read (Descriptor),u16,0x02,x1,0,0.1,2,1,1,,0x20015138,mittel,49.6 %,60.1 %,496,601,947,,0,0,855,0,0,0,947,1422,23,"Rohwert in 0.1% | FW-BELEG 2026-08-16: BMS_Debug_PerPack_Detail_Print bestaetigt Feld 'Bat Soc' (BMS v118, nachtraeglich disassembliert)"
34403,pack5_cycle_count,pack5_cycle_count,,FC03-Read (Descriptor),i16,0x12,x1,0,,2,1,1,,0x2001513A,hoch,,,,,59,,0,0,50,,,0,59,1224,15,"Pack5-Struct +0x06. BMS-FW 'Cyc Cnt' / BESTAETIGT durch Live-Scans (kleine monotone Werte 0/1/6/7/10/12) und BLE-Offset 0x18 | FW-BELEG 2026-08-16: BMS_Debug_PerPack_Detail_Print bestaetigt Feld 'Cyc Cnt' (BMS v118, nachtraeglich disassembliert)"
34404,pack5_mos_status,pack5_charge_status,,FC03-Read (Descriptor),u8,0x01,x1,0,,2,1,1,,0x20015142,mittel,,,,,3,,0,0,3,0,0,0,3,1342,21,"Pack5-Struct +0x0e (u8). BMS-FW 'Chg Mos/Dsg Mos' / BESTAETIGT durch Live-Scans (Wertebereich 0..3 = genau 2 Flags) | FW-BELEG 2026-08-16: BMS_Debug_PerPack_Detail_Print bestaetigt Feld 'Chg/Dsg Mos' (BMS v118, nachtraeglich disassembliert)"
34405,pack5_max_cell_voltage,pack5_cell_v_max,V,FC03-Read (Descriptor),u16,0x02,x1,0,0.001,2,1,1,,0x20015144,hoch,,,,,3331,,0,0,3374,,,0,3415,1224,15,"Rohwert in mV | FW-BELEG 2026-08-16: BMS_Debug_PerPack_Detail_Print bestaetigt Feld 'Max Cell' (BMS v118, nachtraeglich disassembliert)"
34406,pack5_min_cell_voltage,pack5_cell_v_min,V,FC03-Read (Descriptor),u16,0x02,x1,0,0.001,2,1,1,,0x20015146,hoch,,,,,3329,,0,0,3371,,,0,3410,1224,15,"Rohwert in mV | FW-BELEG 2026-08-16: BMS_Debug_PerPack_Detail_Print bestaetigt Feld 'Min Cell' (BMS v118, nachtraeglich disassembliert)"
34407,pack5_protect1,pack5_protect1,,FC03-Read (Descriptor),i16,0x12,x1,0,,2,1,1,,0x2001514C,hoch,,,,,0,,0,0,0,,,0,0,1224,15,"Pack+0x18. KORRIGIERT 2026-08-16: BMS CAN_TX_PerPack_10Msgs Frame 0x23 Byte0-1 = Protect1 (Schutz-Bitmaske 1), NICHT status_flags. Live 0..7 passt. Store-Handler CAN_Store_PerPack_Grp23_Overview3."
34408,pack5_protect2,pack5_protect2,,FC03-Read (Descriptor),u16,0x02,x1,0,,2,1,1,,0x2001514E,hoch,,,,,0,,0,0,0,0,0,0,0,1342,21,Pack+0x1a. KORRIGIERT 2026-08-16: Frame 0x23 Byte2-3 = Protect2 (Schutz-Bitmaske 2). War faelschlich protect1.
34409,pack5_bms_reserved_5a,pack5_status_5a,,FC03-Read (Descriptor),u16,0x02,x1,0,,2,1,1,,0x20015150,mittel,,,,,0,,0,0,0,,,0,0,1224,15,"Pack+0x1c. KORRIGIERT 2026-08-16: Frame 0x23 Byte4-5 = BMS-Struct-Feld @+0x5a (im BMS-Debug-Print NICHT benannt, Live ~0). War faelschlich protect2. | ERSTE LIVE-BEOBACHTUNG 2026-08-25: Das Feld ist NICHT konstant 0. Bei Tiefentladung (2100-2600 W, SoC 15->14 %) sprang es bei Pack 2 um 12:04:21 und bei Pack 3 um 12:08:03 jeweils von 0 auf 2 und war beim naechsten Poll wieder 0. Da der DEV-Pollzyklus rund 70 s betraegt, ist die Dauer nur nach oben begrenzt (<= 78 s bzw. <= 66 s) -- der Impuls kann deutlich kuerzer gewesen sein. Fehlerstatus und Alarmstatus standen durchgehend auf 0, es war also KEINE Stoerung. Kontext: Die Packs tragen die Last reihum (Packstrom-Sensoren zeigen jeweils nur ein aktives Pack mit rund -50 A); die beiden Impulse fielen in den letzten Ablaufabschnitt, dessen Packstrom um 12:09:09 auf 0 ging. Der Standby um 12:10:50 war ein vom Nutzer ausgeloester Neustart und gehoert NICHT zum Geraeteverhalten -- das Ende der Messreihe ist dadurch abgeschnitten, nicht geraeteseitig abgeschlossen. HYPOTHESE (unbestaetigt): Markierung eines Pack-Wechsels oder eine pack-individuelle Tiefentlade-Warnung. Zur Klaerung muesste scan_interval fuer die 34x09-Register waehrend eines Entladetests auf 'high' stehen, sonst faellt der Impuls zwischen zwei Polls."
34410,pack5_bms_version,pack5_bms_version,,FC03-Read (Descriptor),u16,0x02,x1,0,,2,1,1,,0x20015152,hoch,,,,,118,,0,0,116,0,0,0,1177,1342,21,"Pack5-Struct +0x1e. BESTAETIGT durch Live-Scans (Werte 116/118/1177 = BMS-FW-Versionen) | FW-BELEG 2026-08-16: BMS_Debug_PerPack_Detail_Print bestaetigt Feld 'Version' (BMS v118, nachtraeglich disassembliert)"
34411,pack5_temp_1,pack5_env_ntc,°C,FC03-Read (Descriptor),u16,0x02,x1,0,0.1,2,1,1,,0x2001517E,hoch,,,,,307,,0,0,354,,,0,379,1224,15,Pack+0x4a. KORRIGIERT 2026-08-16: BMS Frame 0x41 Byte2-3 = ENV NTC (Umgebungstemperatur). Store-Handler CAN_Store_PerPack_Grp41_NTC. Faktor 0.1 degC.
34412,pack5_temp_2,pack5_mos_ntc,°C,FC03-Read (Descriptor),u16,0x02,x1,0,0.1,2,1,1,,0x20015180,hoch,,,,,241,,0,0,298,,,0,394,1224,15,Pack+0x4c. KORRIGIERT 2026-08-16: BMS Frame 0x41 Byte4-5 = MOS NTC (MOSFET-Temperatur). Faktor 0.1 degC.
34413,pack5_ntc_block,pack5_cell_ntc_2,°C,FC03-Read (Descriptor),u16,0x02,x1,0,0.1,2,4,4,,0x20015174,hoch,,,,,231,,0,0,289,,,0,306,1224,15,"Pack5-Struct +0x40, 4 Elemente -> 34413-34416. BESTAETIGT: BMS CAN-Gruppe 0x40 = 4 NTC / Live 11.6-36.1 degC"
34414,pack5_ntc_block[2],pack5_cell_ntc_3,°C,FC03-Read (Descriptor),u16,0x02,x1,0,0.1,2,4,4,34413,,hoch,,,,,231,,0,0,289,,,0,305,1224,15,Folgeregister 2/4 von 34413
34415,pack5_ntc_block[3],pack5_mos_ntc,°C,FC03-Read (Descriptor),u16,0x02,x1,0,0.1,2,4,4,34413,,hoch,,,,,230,,0,0,290,,,0,307,1224,15,Folgeregister 3/4 von 34413
34416,pack5_ntc_block[4],pack5_env_ntc,°C,FC03-Read (Descriptor),u16,0x02,x1,0,0.1,2,4,4,34413,,hoch,,,,,229,,0,0,287,,,0,304,1224,15,Folgeregister 4/4 von 34413
34417,pack5_ntc_unused,pack5_avg_ntc,°C,FC03-Read (Descriptor),u16,0x02,x1,0,0.1,2,1,1,,0x20015182,hoch,,,,,0,,0,0,0,,,0,0,1224,15,Pack+0x4e. GEKLAERT 2026-08-16: BMS Frame 0x41 Byte6-7 werden auf 0 gesetzt -> Register ist konstruktionsbedingt IMMER 0 (erklaert 'Live meist 0'). Kein echtes Messfeld.
34418,pack5_cell_voltage_1_16,pack5_cell_1_voltage,V,FC03-Read (Descriptor),u16,0x02,x1,0,0.001,2,16,16,,0x20015154,hoch,,,,,3329,,0,0,3372,,,0,3413,1224,15,"Pack5-Struct +0x20, 16 Elemente -> 34418-34433. BESTAETIGT: BMS CAN-Gruppen 0x30-0x33 / Live 3177-3441 mV"
34419,pack5_cell_voltage_1_16[2],pack5_cell_2_voltage,V,FC03-Read (Descriptor),u16,0x02,x1,0,0.001,2,16,16,34418,,hoch,,,,,3329,,0,0,3372,,,0,3413,1224,15,Folgeregister 2/16 von 34418
34420,pack5_cell_voltage_1_16[3],pack5_cell_3_voltage,V,FC03-Read (Descriptor),u16,0x02,x1,0,0.001,2,16,16,34418,,hoch,,,,,3329,,0,0,3371,,,0,3411,1224,15,Folgeregister 3/16 von 34418
34421,pack5_cell_voltage_1_16[4],pack5_cell_4_voltage,V,FC03-Read (Descriptor),u16,0x02,x1,0,0.001,2,16,16,34418,,hoch,,,,,3331,,0,0,3372,,,0,3412,1224,15,Folgeregister 4/16 von 34418
34422,pack5_cell_voltage_1_16[5],pack5_cell_5_voltage,V,FC03-Read (Descriptor),u16,0x02,x1,0,0.001,2,16,16,34418,,hoch,,,,,3330,,0,0,3373,,,0,3412,1224,15,Folgeregister 5/16 von 34418
34423,pack5_cell_voltage_1_16[6],pack5_cell_6_voltage,V,FC03-Read (Descriptor),u16,0x02,x1,0,0.001,2,16,16,34418,,hoch,,,,,3330,,0,0,3373,,,0,3413,1224,15,Folgeregister 6/16 von 34418
34424,pack5_cell_voltage_1_16[7],pack5_cell_7_voltage,V,FC03-Read (Descriptor),u16,0x02,x1,0,0.001,2,16,16,34418,,hoch,,,,,3330,,0,0,3371,,,0,3410,1224,15,Folgeregister 7/16 von 34418
34425,pack5_cell_voltage_1_16[8],pack5_cell_8_voltage,V,FC03-Read (Descriptor),u16,0x02,x1,0,0.001,2,16,16,34418,,hoch,,,,,3330,,0,0,3374,,,0,3412,1224,15,Folgeregister 8/16 von 34418
34426,pack5_cell_voltage_1_16[9],pack5_cell_9_voltage,V,FC03-Read (Descriptor),u16,0x02,x1,0,0.001,2,16,16,34418,,hoch,,,,,3330,,0,0,3372,,,0,3412,1224,15,Folgeregister 9/16 von 34418
34427,pack5_cell_voltage_1_16[10],pack5_cell_10_voltage,V,FC03-Read (Descriptor),u16,0x02,x1,0,0.001,2,16,16,34418,,hoch,,,,,3331,,0,0,3372,,,0,3413,1224,15,Folgeregister 10/16 von 34418
34428,pack5_cell_voltage_1_16[11],pack5_cell_11_voltage,V,FC03-Read (Descriptor),u16,0x02,x1,0,0.001,2,16,16,34418,,hoch,,,,,3330,,0,0,3372,,,0,3411,1224,15,Folgeregister 11/16 von 34418
34429,pack5_cell_voltage_1_16[12],pack5_cell_12_voltage,V,FC03-Read (Descriptor),u16,0x02,x1,0,0.001,2,16,16,34418,,hoch,,,,,3330,,0,0,3373,,,0,3412,1224,15,Folgeregister 12/16 von 34418
34430,pack5_cell_voltage_1_16[13],pack5_cell_13_voltage,V,FC03-Read (Descriptor),u16,0x02,x1,0,0.001,2,16,16,34418,,hoch,,,,,3330,,0,0,3373,,,0,3412,1224,15,Folgeregister 13/16 von 34418
34431,pack5_cell_voltage_1_16[14],pack5_cell_14_voltage,V,FC03-Read (Descriptor),u16,0x02,x1,0,0.001,2,16,16,34418,,hoch,,,,,3331,,0,0,3373,,,0,3414,1224,15,Folgeregister 14/16 von 34418
34432,pack5_cell_voltage_1_16[15],pack5_cell_15_voltage,V,FC03-Read (Descriptor),u16,0x02,x1,0,0.001,2,16,16,34418,,hoch,,,,,3329,,0,0,3372,,,0,3413,1223,15,Folgeregister 15/16 von 34418
34433,pack5_cell_voltage_1_16[16],pack5_cell_16_voltage,V,FC03-Read (Descriptor),u16,0x02,x1,0,0.001,2,16,16,34418,,hoch,,,,,3329,,0,0,3372,,,0,3413,1223,15,Folgeregister 16/16 von 34418
34500,pack6_bat_volt,pack6_bat_volt,V,FC03-Read (Descriptor),u16,0x02,x1,0,0.01,2,1,1,,0x20015194,hoch,,,,,5368,,0,0,5337,0,0,0,5446,1340,21,"Pack-Struct Stride 0x60 | FW-BELEG 2026-08-16: BMS_Debug_PerPack_Detail_Print bestaetigt Feld 'Bat Volt' (BMS v118, nachtraeglich disassembliert)"
34501,pack6_bat_curr,pack6_bat_curr,A,FC03-Read (Descriptor),u16,0x02,x1,0,0.1,2,1,1,,0x20015196,hoch,,,,,0,,0,0,0,0,0,0,385,1340,21,"Pack-Struct Stride 0x60 | FW-BELEG 2026-08-16: BMS_Debug_PerPack_Detail_Print bestaetigt Feld 'Bat Curr' (BMS v118, nachtraeglich disassembliert). Kein Skalencode, daher vom Read_Serializer-Vorzeichenfehler NICHT betroffen - verwendbarer Ersatz fuer 32101 (bms_battery_current). Da immer nur ein Pack entlaedt, liefert die Summe aller 34x01 den Strom, den die Firmware intern nutzt. Siehe FW_Bug_Read_Serializer_Vorzeichen_2026-08-22.md"
34502,pack6_soc,pack6_bat_soc,%,FC03-Read (Descriptor),u16,0x02,x1,0,0.1,2,1,1,,0x20015198,mittel,58.1 %,60.1 %,581,601,996,,0,0,800,0,0,0,996,1420,23,"Rohwert in 0.1% | FW-BELEG 2026-08-16: BMS_Debug_PerPack_Detail_Print bestaetigt Feld 'Bat Soc' (BMS v118, nachtraeglich disassembliert)"
34503,pack6_cycle_count,pack6_cycle_count,,FC03-Read (Descriptor),i16,0x12,x1,0,,2,1,1,,0x2001519A,hoch,,,,,54,,0,0,45,,,0,54,1223,15,"Pack6-Struct +0x06. BMS-FW 'Cyc Cnt' / BESTAETIGT durch Live-Scans (kleine monotone Werte 0/1/6/7/10/12) und BLE-Offset 0x18 | FW-BELEG 2026-08-16: BMS_Debug_PerPack_Detail_Print bestaetigt Feld 'Cyc Cnt' (BMS v118, nachtraeglich disassembliert)"
34504,pack6_mos_status,pack6_charge_status,,FC03-Read (Descriptor),u8,0x01,x1,0,,2,1,1,,0x200151A2,mittel,,,,,0,,0,0,0,0,0,0,3,1340,21,"Pack6-Struct +0x0e (u8). BMS-FW 'Chg Mos/Dsg Mos' / BESTAETIGT durch Live-Scans (Wertebereich 0..3 = genau 2 Flags) | FW-BELEG 2026-08-16: BMS_Debug_PerPack_Detail_Print bestaetigt Feld 'Chg/Dsg Mos' (BMS v118, nachtraeglich disassembliert)"
34505,pack6_max_cell_voltage,pack6_cell_v_max,V,FC03-Read (Descriptor),u16,0x02,x1,0,0.001,2,1,1,,0x200151A4,hoch,,,,,3388,,0,0,3338,,,0,3406,1223,15,"Rohwert in mV | FW-BELEG 2026-08-16: BMS_Debug_PerPack_Detail_Print bestaetigt Feld 'Max Cell' (BMS v118, nachtraeglich disassembliert)"
34506,pack6_min_cell_voltage,pack6_cell_v_min,V,FC03-Read (Descriptor),u16,0x02,x1,0,0.001,2,1,1,,0x200151A6,hoch,,,,,3335,,0,0,3335,,,0,3403,1223,15,"Rohwert in mV | FW-BELEG 2026-08-16: BMS_Debug_PerPack_Detail_Print bestaetigt Feld 'Min Cell' (BMS v118, nachtraeglich disassembliert)"
34507,pack6_protect1,pack6_protect1,,FC03-Read (Descriptor),i16,0x12,x1,0,,2,1,1,,0x200151AC,hoch,,,,,0,,0,0,0,,,0,0,1223,15,"Pack+0x18. KORRIGIERT 2026-08-16: BMS CAN_TX_PerPack_10Msgs Frame 0x23 Byte0-1 = Protect1 (Schutz-Bitmaske 1), NICHT status_flags. Live 0..7 passt. Store-Handler CAN_Store_PerPack_Grp23_Overview3."
34508,pack6_protect2,pack6_protect2,,FC03-Read (Descriptor),u16,0x02,x1,0,,2,1,1,,0x200151AE,hoch,,,,,0,,0,0,0,0,0,0,0,1340,21,Pack+0x1a. KORRIGIERT 2026-08-16: Frame 0x23 Byte2-3 = Protect2 (Schutz-Bitmaske 2). War faelschlich protect1.
34509,pack6_bms_reserved_5a,pack6_status_5a,,FC03-Read (Descriptor),u16,0x02,x1,0,,2,1,1,,0x200151B0,mittel,,,,,0,,0,0,0,,,0,0,1223,15,"Pack+0x1c. KORRIGIERT 2026-08-16: Frame 0x23 Byte4-5 = BMS-Struct-Feld @+0x5a (im BMS-Debug-Print NICHT benannt, Live ~0). War faelschlich protect2. | ERSTE LIVE-BEOBACHTUNG 2026-08-25: Das Feld ist NICHT konstant 0. Bei Tiefentladung (2100-2600 W, SoC 15->14 %) sprang es bei Pack 2 um 12:04:21 und bei Pack 3 um 12:08:03 jeweils von 0 auf 2 und war beim naechsten Poll wieder 0. Da der DEV-Pollzyklus rund 70 s betraegt, ist die Dauer nur nach oben begrenzt (<= 78 s bzw. <= 66 s) -- der Impuls kann deutlich kuerzer gewesen sein. Fehlerstatus und Alarmstatus standen durchgehend auf 0, es war also KEINE Stoerung. Kontext: Die Packs tragen die Last reihum (Packstrom-Sensoren zeigen jeweils nur ein aktives Pack mit rund -50 A); die beiden Impulse fielen in den letzten Ablaufabschnitt, dessen Packstrom um 12:09:09 auf 0 ging. Der Standby um 12:10:50 war ein vom Nutzer ausgeloester Neustart und gehoert NICHT zum Geraeteverhalten -- das Ende der Messreihe ist dadurch abgeschnitten, nicht geraeteseitig abgeschlossen. HYPOTHESE (unbestaetigt): Markierung eines Pack-Wechsels oder eine pack-individuelle Tiefentlade-Warnung. Zur Klaerung muesste scan_interval fuer die 34x09-Register waehrend eines Entladetests auf 'high' stehen, sonst faellt der Impuls zwischen zwei Polls."
34510,pack6_bms_version,pack6_bms_version,,FC03-Read (Descriptor),u16,0x02,x1,0,,2,1,1,,0x200151B2,hoch,,,,,118,,0,0,116,0,0,0,1177,1340,21,"Pack6-Struct +0x1e. BESTAETIGT durch Live-Scans (Werte 116/118/1177 = BMS-FW-Versionen) | FW-BELEG 2026-08-16: BMS_Debug_PerPack_Detail_Print bestaetigt Feld 'Version' (BMS v118, nachtraeglich disassembliert)"
34511,pack6_temp_1,pack6_env_ntc,°C,FC03-Read (Descriptor),u16,0x02,x1,0,0.1,2,1,1,,0x200151DE,hoch,,,,,292,,0,0,327,,,0,351,1223,15,Pack+0x4a. KORRIGIERT 2026-08-16: BMS Frame 0x41 Byte2-3 = ENV NTC (Umgebungstemperatur). Store-Handler CAN_Store_PerPack_Grp41_NTC. Faktor 0.1 degC.
34512,pack6_temp_2,pack6_mos_ntc,°C,FC03-Read (Descriptor),u16,0x02,x1,0,0.1,2,1,1,,0x200151E0,hoch,,,,,230,,0,0,267,,,0,370,1223,15,Pack+0x4c. KORRIGIERT 2026-08-16: BMS Frame 0x41 Byte4-5 = MOS NTC (MOSFET-Temperatur). Faktor 0.1 degC.
34513,pack6_ntc_block,pack6_cell_ntc_2,°C,FC03-Read (Descriptor),u16,0x02,x1,0,0.1,2,4,4,,0x200151D4,hoch,,,,,226,,0,0,277,,,0,295,1223,15,"Pack6-Struct +0x40, 4 Elemente -> 34513-34516. BESTAETIGT: BMS CAN-Gruppe 0x40 = 4 NTC / Live 11.6-36.1 degC"
34514,pack6_ntc_block[2],pack6_cell_ntc_3,°C,FC03-Read (Descriptor),u16,0x02,x1,0,0.1,2,4,4,34513,,hoch,,,,,227,,0,0,287,,,0,315,1223,15,Folgeregister 2/4 von 34513
34515,pack6_ntc_block[3],pack6_mos_ntc,°C,FC03-Read (Descriptor),u16,0x02,x1,0,0.1,2,4,4,34513,,hoch,,,,,224,,0,0,274,,,0,291,1223,15,Folgeregister 3/4 von 34513
34516,pack6_ntc_block[4],pack6_env_ntc,°C,FC03-Read (Descriptor),u16,0x02,x1,0,0.1,2,4,4,34513,,hoch,,,,,227,,0,0,284,,,0,310,1223,15,Folgeregister 4/4 von 34513
34517,pack6_ntc_unused,pack6_avg_ntc,°C,FC03-Read (Descriptor),u16,0x02,x1,0,0.1,2,1,1,,0x200151E2,hoch,,,,,0,,0,0,0,,,0,0,1223,15,Pack+0x4e. GEKLAERT 2026-08-16: BMS Frame 0x41 Byte6-7 werden auf 0 gesetzt -> Register ist konstruktionsbedingt IMMER 0 (erklaert 'Live meist 0'). Kein echtes Messfeld.
34518,pack6_cell_voltage_1_16,pack6_cell_1_voltage,V,FC03-Read (Descriptor),u16,0x02,x1,0,0.001,2,16,16,,0x200151B4,hoch,,,,,3351,,0,0,3336,,,0,3406,1223,15,"Pack6-Struct +0x20, 16 Elemente -> 34518-34533. BESTAETIGT: BMS CAN-Gruppen 0x30-0x33 / Live 3177-3441 mV"
34519,pack6_cell_voltage_1_16[2],pack6_cell_2_voltage,V,FC03-Read (Descriptor),u16,0x02,x1,0,0.001,2,16,16,34518,,hoch,,,,,3374,,0,0,3336,,,0,3405,1223,15,Folgeregister 2/16 von 34518
34520,pack6_cell_voltage_1_16[3],pack6_cell_3_voltage,V,FC03-Read (Descriptor),u16,0x02,x1,0,0.001,2,16,16,34518,,hoch,,,,,3351,,0,0,3335,,,0,3405,1223,15,Folgeregister 3/16 von 34518
34521,pack6_cell_voltage_1_16[4],pack6_cell_4_voltage,V,FC03-Read (Descriptor),u16,0x02,x1,0,0.001,2,16,16,34518,,hoch,,,,,3356,,0,0,3338,,,0,3404,1223,15,Folgeregister 4/16 von 34518
34522,pack6_cell_voltage_1_16[5],pack6_cell_5_voltage,V,FC03-Read (Descriptor),u16,0x02,x1,0,0.001,2,16,16,34518,,hoch,,,,,3335,,0,0,3335,,,0,3403,1223,15,Folgeregister 5/16 von 34518
34523,pack6_cell_voltage_1_16[6],pack6_cell_6_voltage,V,FC03-Read (Descriptor),u16,0x02,x1,0,0.001,2,16,16,34518,,hoch,,,,,3336,,0,0,3336,,,0,3404,1223,15,Folgeregister 6/16 von 34518
34524,pack6_cell_voltage_1_16[7],pack6_cell_7_voltage,V,FC03-Read (Descriptor),u16,0x02,x1,0,0.001,2,16,16,34518,,hoch,,,,,3347,,0,0,3336,,,0,3403,1223,15,Folgeregister 7/16 von 34518
34525,pack6_cell_voltage_1_16[8],pack6_cell_8_voltage,V,FC03-Read (Descriptor),u16,0x02,x1,0,0.001,2,16,16,34518,,hoch,,,,,3353,,0,0,3336,,,0,3405,1223,15,Folgeregister 8/16 von 34518
34526,pack6_cell_voltage_1_16[9],pack6_cell_9_voltage,V,FC03-Read (Descriptor),u16,0x02,x1,0,0.001,2,16,16,34518,,hoch,,,,,3361,,0,0,3336,,,0,3404,1223,15,Folgeregister 9/16 von 34518
34527,pack6_cell_voltage_1_16[10],pack6_cell_10_voltage,V,FC03-Read (Descriptor),u16,0x02,x1,0,0.001,2,16,16,34518,,hoch,,,,,3366,,0,0,3337,,,0,3405,1223,15,Folgeregister 10/16 von 34518
34528,pack6_cell_voltage_1_16[11],pack6_cell_11_voltage,V,FC03-Read (Descriptor),u16,0x02,x1,0,0.001,2,16,16,34518,,hoch,,,,,3345,,0,0,3335,,,0,3404,1223,15,Folgeregister 11/16 von 34518
34529,pack6_cell_voltage_1_16[12],pack6_cell_12_voltage,V,FC03-Read (Descriptor),u16,0x02,x1,0,0.001,2,16,16,34518,,hoch,,,,,3371,,0,0,3337,,,0,3406,1223,15,Folgeregister 12/16 von 34518
34530,pack6_cell_voltage_1_16[13],pack6_cell_13_voltage,V,FC03-Read (Descriptor),u16,0x02,x1,0,0.001,2,16,16,34518,,hoch,,,,,3371,,0,0,3336,,,0,3404,1223,15,Folgeregister 13/16 von 34518
34531,pack6_cell_voltage_1_16[14],pack6_cell_14_voltage,V,FC03-Read (Descriptor),u16,0x02,x1,0,0.001,2,16,16,34518,,hoch,,,,,3336,,0,0,3337,,,0,3406,1223,15,Folgeregister 14/16 von 34518
34532,pack6_cell_voltage_1_16[15],pack6_cell_15_voltage,V,FC03-Read (Descriptor),u16,0x02,x1,0,0.001,2,16,16,34518,,hoch,,,,,3344,,0,0,3335,,,0,3405,1223,15,Folgeregister 15/16 von 34518
34533,pack6_cell_voltage_1_16[16],pack6_cell_16_voltage,V,FC03-Read (Descriptor),u16,0x02,x1,0,0.001,2,16,16,34518,,hoch,,,,,3389,,0,0,3336,,,0,3405,1223,15,Folgeregister 16/16 von 34518
34600,pack7_bat_volt,pack7_bat_volt,V,FC03-Read (Descriptor),u16,0x02,x1,0,0.01,2,1,1,,0x200151F4,hoch,,,,,0,,0,0,0,0,0,0,0,1340,21,"Pack-Struct Stride 0x60 | FW-BELEG 2026-08-16: BMS_Debug_PerPack_Detail_Print bestaetigt Feld 'Bat Volt' (BMS v118, nachtraeglich disassembliert)"
34601,pack7_bat_curr,pack7_bat_curr,A,FC03-Read (Descriptor),u16,0x02,x1,0,0.1,2,1,1,,0x200151F6,hoch,,,,,0,,0,0,0,0,0,0,0,1341,21,"Pack-Struct Stride 0x60 | FW-BELEG 2026-08-16: BMS_Debug_PerPack_Detail_Print bestaetigt Feld 'Bat Curr' (BMS v118, nachtraeglich disassembliert)"
34602,pack7_soc,pack7_bat_soc,%,FC03-Read (Descriptor),u16,0x02,x1,0,0.1,2,1,1,,0x200151F8,mittel,,,,,0,,0,0,0,0,0,0,0,1341,21,"Rohwert in 0.1% | FW-BELEG 2026-08-16: BMS_Debug_PerPack_Detail_Print bestaetigt Feld 'Bat Soc' (BMS v118, nachtraeglich disassembliert)"
34603,pack7_cycle_count,pack7_cycle_count,,FC03-Read (Descriptor),i16,0x12,x1,0,,2,1,1,,0x200151FA,hoch,,,,,0,,0,0,0,,,0,0,1223,15,"Pack7-Struct +0x06. BMS-FW 'Cyc Cnt' / BESTAETIGT durch Live-Scans (kleine monotone Werte 0/1/6/7/10/12) und BLE-Offset 0x18 | FW-BELEG 2026-08-16: BMS_Debug_PerPack_Detail_Print bestaetigt Feld 'Cyc Cnt' (BMS v118, nachtraeglich disassembliert)"
34604,pack7_mos_status,pack7_charge_status,,FC03-Read (Descriptor),u8,0x01,x1,0,,2,1,1,,0x20015202,mittel,,,,,0,,0,0,0,0,0,0,0,1341,21,"Pack7-Struct +0x0e (u8). BMS-FW 'Chg Mos/Dsg Mos' / BESTAETIGT durch Live-Scans (Wertebereich 0..3 = genau 2 Flags) | FW-BELEG 2026-08-16: BMS_Debug_PerPack_Detail_Print bestaetigt Feld 'Chg/Dsg Mos' (BMS v118, nachtraeglich disassembliert)"
34605,pack7_max_cell_voltage,pack7_cell_v_max,V,FC03-Read (Descriptor),u16,0x02,x1,0,0.001,2,1,1,,0x20015204,hoch,,,,,0,,0,0,0,,,0,0,1223,15,"Rohwert in mV | FW-BELEG 2026-08-16: BMS_Debug_PerPack_Detail_Print bestaetigt Feld 'Max Cell' (BMS v118, nachtraeglich disassembliert)"
34606,pack7_min_cell_voltage,pack7_cell_v_min,V,FC03-Read (Descriptor),u16,0x02,x1,0,0.001,2,1,1,,0x20015206,hoch,,,,,0,,0,0,0,,,0,0,1223,15,"Rohwert in mV | FW-BELEG 2026-08-16: BMS_Debug_PerPack_Detail_Print bestaetigt Feld 'Min Cell' (BMS v118, nachtraeglich disassembliert)"
34607,pack7_protect1,pack7_protect1,,FC03-Read (Descriptor),i16,0x12,x1,0,,2,1,1,,0x2001520C,hoch,,,,,0,,0,0,0,,,0,0,1223,15,"Pack+0x18. KORRIGIERT 2026-08-16: BMS CAN_TX_PerPack_10Msgs Frame 0x23 Byte0-1 = Protect1 (Schutz-Bitmaske 1), NICHT status_flags. Live 0..7 passt. Store-Handler CAN_Store_PerPack_Grp23_Overview3."
34608,pack7_protect2,pack7_protect2,,FC03-Read (Descriptor),u16,0x02,x1,0,,2,1,1,,0x2001520E,hoch,,,,,0,,0,0,0,0,0,0,0,1341,21,Pack+0x1a. KORRIGIERT 2026-08-16: Frame 0x23 Byte2-3 = Protect2 (Schutz-Bitmaske 2). War faelschlich protect1.
34609,pack7_bms_reserved_5a,pack7_status_5a,,FC03-Read (Descriptor),u16,0x02,x1,0,,2,1,1,,0x20015210,mittel,,,,,0,,0,0,0,,,0,0,1223,15,"Pack+0x1c. KORRIGIERT 2026-08-16: Frame 0x23 Byte4-5 = BMS-Struct-Feld @+0x5a (im BMS-Debug-Print NICHT benannt, Live ~0). War faelschlich protect2. | ERSTE LIVE-BEOBACHTUNG 2026-08-25: Das Feld ist NICHT konstant 0. Bei Tiefentladung (2100-2600 W, SoC 15->14 %) sprang es bei Pack 2 um 12:04:21 und bei Pack 3 um 12:08:03 jeweils von 0 auf 2 und war beim naechsten Poll wieder 0. Da der DEV-Pollzyklus rund 70 s betraegt, ist die Dauer nur nach oben begrenzt (<= 78 s bzw. <= 66 s) -- der Impuls kann deutlich kuerzer gewesen sein. Fehlerstatus und Alarmstatus standen durchgehend auf 0, es war also KEINE Stoerung. Kontext: Die Packs tragen die Last reihum (Packstrom-Sensoren zeigen jeweils nur ein aktives Pack mit rund -50 A); die beiden Impulse fielen in den letzten Ablaufabschnitt, dessen Packstrom um 12:09:09 auf 0 ging. Der Standby um 12:10:50 war ein vom Nutzer ausgeloester Neustart und gehoert NICHT zum Geraeteverhalten -- das Ende der Messreihe ist dadurch abgeschnitten, nicht geraeteseitig abgeschlossen. HYPOTHESE (unbestaetigt): Markierung eines Pack-Wechsels oder eine pack-individuelle Tiefentlade-Warnung. Zur Klaerung muesste scan_interval fuer die 34x09-Register waehrend eines Entladetests auf 'high' stehen, sonst faellt der Impuls zwischen zwei Polls."
34610,pack7_bms_version,pack7_bms_version,,FC03-Read (Descriptor),u16,0x02,x1,0,,2,1,1,,0x20015212,hoch,,,,,0,,0,0,0,0,0,0,0,1341,21,"Pack7-Struct +0x1e. BESTAETIGT durch Live-Scans (Werte 116/118/1177 = BMS-FW-Versionen) | FW-BELEG 2026-08-16: BMS_Debug_PerPack_Detail_Print bestaetigt Feld 'Version' (BMS v118, nachtraeglich disassembliert)"
34611,pack7_temp_1,pack7_env_ntc,°C,FC03-Read (Descriptor),u16,0x02,x1,0,0.1,2,1,1,,0x2001523E,hoch,,,,,0,,0,0,0,,,0,0,1223,15,Pack+0x4a. KORRIGIERT 2026-08-16: BMS Frame 0x41 Byte2-3 = ENV NTC (Umgebungstemperatur). Store-Handler CAN_Store_PerPack_Grp41_NTC. Faktor 0.1 degC.
34612,pack7_temp_2,pack7_mos_ntc,°C,FC03-Read (Descriptor),u16,0x02,x1,0,0.1,2,1,1,,0x20015240,hoch,,,,,0,,0,0,0,,,0,0,1223,15,Pack+0x4c. KORRIGIERT 2026-08-16: BMS Frame 0x41 Byte4-5 = MOS NTC (MOSFET-Temperatur). Faktor 0.1 degC.
34613,pack7_ntc_block,pack7_cell_ntc_2,°C,FC03-Read (Descriptor),u16,0x02,x1,0,0.1,2,4,4,,0x20015234,hoch,,,,,0,,0,0,0,,,0,0,1223,15,"Pack7-Struct +0x40, 4 Elemente -> 34613-34616. BESTAETIGT: BMS CAN-Gruppe 0x40 = 4 NTC / Live 11.6-36.1 degC"
34614,pack7_ntc_block[2],pack7_cell_ntc_3,°C,FC03-Read (Descriptor),u16,0x02,x1,0,0.1,2,4,4,34613,,hoch,,,,,0,,0,0,0,,,0,0,1223,15,Folgeregister 2/4 von 34613
34615,pack7_ntc_block[3],pack7_mos_ntc,°C,FC03-Read (Descriptor),u16,0x02,x1,0,0.1,2,4,4,34613,,hoch,,,,,0,,0,0,0,,,0,0,1223,15,Folgeregister 3/4 von 34613
34616,pack7_ntc_block[4],pack7_env_ntc,°C,FC03-Read (Descriptor),u16,0x02,x1,0,0.1,2,4,4,34613,,hoch,,,,,0,,0,0,0,,,0,0,1223,15,Folgeregister 4/4 von 34613
34617,pack7_ntc_unused,pack7_avg_ntc,°C,FC03-Read (Descriptor),u16,0x02,x1,0,0.1,2,1,1,,0x20015242,hoch,,,,,0,,0,0,0,,,0,0,1223,15,Pack+0x4e. GEKLAERT 2026-08-16: BMS Frame 0x41 Byte6-7 werden auf 0 gesetzt -> Register ist konstruktionsbedingt IMMER 0 (erklaert 'Live meist 0'). Kein echtes Messfeld.
34618,pack7_cell_voltage_1_16,pack7_cell_1_voltage,V,FC03-Read (Descriptor),u16,0x02,x1,0,0.001,2,16,16,,0x20015214,hoch,,,,,0,,0,0,0,,,0,0,1223,15,"Pack7-Struct +0x20, 16 Elemente -> 34618-34633. BESTAETIGT: BMS CAN-Gruppen 0x30-0x33 / Live 3177-3441 mV"
34619,pack7_cell_voltage_1_16[2],pack7_cell_2_voltage,V,FC03-Read (Descriptor),u16,0x02,x1,0,0.001,2,16,16,34618,,hoch,,,,,0,,0,0,0,,,0,0,1223,15,Folgeregister 2/16 von 34618
34620,pack7_cell_voltage_1_16[3],pack7_cell_3_voltage,V,FC03-Read (Descriptor),u16,0x02,x1,0,0.001,2,16,16,34618,,hoch,,,,,0,,0,0,0,,,0,0,1223,15,Folgeregister 3/16 von 34618
34621,pack7_cell_voltage_1_16[4],pack7_cell_4_voltage,V,FC03-Read (Descriptor),u16,0x02,x1,0,0.001,2,16,16,34618,,hoch,,,,,0,,0,0,0,,,0,0,1223,15,Folgeregister 4/16 von 34618
34622,pack7_cell_voltage_1_16[5],pack7_cell_5_voltage,V,FC03-Read (Descriptor),u16,0x02,x1,0,0.001,2,16,16,34618,,hoch,,,,,0,,0,0,0,,,0,0,1223,15,Folgeregister 5/16 von 34618
34623,pack7_cell_voltage_1_16[6],pack7_cell_6_voltage,V,FC03-Read (Descriptor),u16,0x02,x1,0,0.001,2,16,16,34618,,hoch,,,,,0,,0,0,0,,,0,0,1223,15,Folgeregister 6/16 von 34618
34624,pack7_cell_voltage_1_16[7],pack7_cell_7_voltage,V,FC03-Read (Descriptor),u16,0x02,x1,0,0.001,2,16,16,34618,,hoch,,,,,0,,0,0,0,,,0,0,1223,15,Folgeregister 7/16 von 34618
34625,pack7_cell_voltage_1_16[8],pack7_cell_8_voltage,V,FC03-Read (Descriptor),u16,0x02,x1,0,0.001,2,16,16,34618,,hoch,,,,,0,,0,0,0,,,0,0,1223,15,Folgeregister 8/16 von 34618
34626,pack7_cell_voltage_1_16[9],pack7_cell_9_voltage,V,FC03-Read (Descriptor),u16,0x02,x1,0,0.001,2,16,16,34618,,hoch,,,,,0,,0,0,0,,,0,0,1223,15,Folgeregister 9/16 von 34618
34627,pack7_cell_voltage_1_16[10],pack7_cell_10_voltage,V,FC03-Read (Descriptor),u16,0x02,x1,0,0.001,2,16,16,34618,,hoch,,,,,0,,0,0,0,,,0,0,1223,15,Folgeregister 10/16 von 34618
34628,pack7_cell_voltage_1_16[11],pack7_cell_11_voltage,V,FC03-Read (Descriptor),u16,0x02,x1,0,0.001,2,16,16,34618,,hoch,,,,,0,,0,0,0,,,0,0,1223,15,Folgeregister 11/16 von 34618
34629,pack7_cell_voltage_1_16[12],pack7_cell_12_voltage,V,FC03-Read (Descriptor),u16,0x02,x1,0,0.001,2,16,16,34618,,hoch,,,,,0,,0,0,0,,,0,0,1223,15,Folgeregister 12/16 von 34618
34630,pack7_cell_voltage_1_16[13],pack7_cell_13_voltage,V,FC03-Read (Descriptor),u16,0x02,x1,0,0.001,2,16,16,34618,,hoch,,,,,0,,0,0,0,,,0,0,1223,15,Folgeregister 13/16 von 34618
34631,pack7_cell_voltage_1_16[14],pack7_cell_14_voltage,V,FC03-Read (Descriptor),u16,0x02,x1,0,0.001,2,16,16,34618,,hoch,,,,,0,,0,0,0,,,0,0,1223,15,Folgeregister 14/16 von 34618
34632,pack7_cell_voltage_1_16[15],pack7_cell_15_voltage,V,FC03-Read (Descriptor),u16,0x02,x1,0,0.001,2,16,16,34618,,hoch,,,,,0,,0,0,0,,,0,0,1223,15,Folgeregister 15/16 von 34618
34633,pack7_cell_voltage_1_16[16],pack7_cell_16_voltage,V,FC03-Read (Descriptor),u16,0x02,x1,0,0.001,2,16,16,34618,,hoch,,,,,0,,0,0,0,,,0,0,1223,15,Folgeregister 16/16 von 34618
35000,env_temp,internal_temperature,°C,FC03-Read (Descriptor),i16,0x12,x1,0,0.1,2,1,1,,0x20014EBC,hoch,57.6 °C,60.1 °C,576,601,246,,311,312,302,,,0,786,1229,17,Alias 30002 (Struct +0x20)
35001,radiator_temp,internal_mos1_temperature,°C,FC03-Read (Descriptor),i16,0x12,x1,0,0.1,2,1,1,,0x20014EBE,hoch,,,,,248,,337,336,306,,,0,551,1223,15,Alias 30003 (Struct +0x22)
35002,radiator_temp_dup,internal_mos2_temperature,°C,FC03-Read (Descriptor),i16,0x12,x1,0,0.1,2,1,1,,0x20014EBE,hoch,,,,,248,,337,336,306,,,0,551,1223,15,identische Quelle wie 35001 -- kein eigener Sensor
35010,bms_battery_temp,max_cell_temperature,°C,FC03-Read (Descriptor),i16,0x12,x1,0,0.1,2,1,1,,0x20014F92,hoch,,,,,253,,252,305,324,,,0,348,1223,15,Alias 32108 (CAN bat_temp 0.1C)
35011,pack1_min_cell_temp_mirror,pack1_env_ntc_mirror,°C,FC03-Read (Descriptor),i16,0x12,x1,0,0.1,2,1,1,,0x20014FCA,mittel,,,,,249,0,249,292,308,,,0,327,1243,19,"Alias 30105 (Pack1-Struct +0x16), hier ohne FW-x10. Read-Handler-Map: 'min_cell_temperature'"
35100,inv_state,inverter_state,,FC03-Read (Descriptor),u8,0x01,x1,0,,2,1,1,,0x20014E9C,hoch,,,,,1,,3,1,2,1,,0,6,1321,20,Telemetrie-Struct 0x20014E9C+0x00 'inv_state' (Wechselrichter-Zustand). Struct-Basis v149.2 0x20014E90 +12 Drift
35110,bms_charge_voltage_limit,max_charge_power,V,FC03-Read (Descriptor),u16,0x02,x1,0,0.1,2,1,1,,0x20014F9E,hoch,0 V,0 V,0,0,576,238,576,576,576,,,0,576,1243,21,CAN +0x10 pgn_1803 'chrg_volt(0.1V)'. Live 576=57.6V
35111,bms_charge_current_limit,power_level,A,FC03-Read (Descriptor),u16,0x02,x1,0,0.1,2,1,1,,0x20014FA0,hoch,,50 A,,500,250,250,500,500,500,100,,0,500,1338,25,Alias 32106
35112,bms_discharge_current_limit,max_discharge_power,A,FC03-Read (Descriptor),u16,0x02,x1,0,0.1,2,1,1,,0x20014FA2,hoch,50 A,50 A,500,500,500,500,500,0,500,,,0,500,1312,21,Alias 32107
36000,warn_code,alarm_status,,FC03-Read (Descriptor),u32,0x04,x1,0,,4,1,2,,0x20014EA0,hoch,,,0,0,0,,0,0,0,0,0,0,601,1415,23,Struct +0x04 'warn_code' HIGH-Word (Bits 16-31). u32 = (36000<<16)|36001. In allen Scan-Logs 0. Erzeuger Micro-FW war1 @0x200019FC
36001,warn_code_w2,alarm_status_lo,,FC03-Read (Descriptor),u32,0x04,x1,0,,4,1,2,36000,,hoch,,,0,0,0,,0,0,0,0,0,0,0,1412,23,warn_code LOW-Word (Bits 0-15)
36100,error_code1,fault_status,,FC03-Read (Descriptor),u32,0x04,x1,0,,4,1,2,,0x20014EA4,hoch,,,0,0,0,,0,0,0,0,0,0,601,1419,23,Struct +0x08 'error_code1' HIGH-Word (Bits 16-31). u32 = (36100<<16)|36101. LIVE BESTAETIGT: Batterie trennen -> 16 = Bit 20 = CAN-Kommunikationsfehler. Erzeuger Micro-FW err1 @0x200019F4. Alias 37013
36101,error_code1_w2,fault_status_2,,FC03-Read (Descriptor),u32,0x04,x1,0,,4,1,2,36100,,hoch,,,0,0,0,576,0,128,0,0,0,0,576,1437,27,"error_code1 LOW-Word (Bits 0-15). LIVE: 128 = Bit 7 = Backup-/Offgrid-Stoerung (Ueberlast, Backup nicht einschaltbar, Betrieb ohne Batterie) / 576 = Bits 6+9 bei DC-Entladen (beobachtet)"
36102,error_code2,,,FC03-Read (Descriptor),u32,0x04,x1,0,,4,1,2,,0x20014EA8,hoch,,,0,0,0,,0,0,0,0,0,0,0,1415,23,Struct +0x0c 'error_code2' HIGH-Word (Bits 16-31). u32 = (36102<<16)|36103. In allen Scan-Logs durchgehend 0 -- Schutzpfade nie ausgeloest. Erzeuger Micro-FW err2 @0x200019F8. Alias 37015
36103,error_code2_w2,fault_status_lo,,FC03-Read (Descriptor),u32,0x04,x1,0,,4,1,2,36102,,hoch,,,0,0,2390,,0,0,0,0,0,0,2390,1415,23,"error_code2 LOW-Word (Bits 0-15). Statisch belegte Bits: 0/1/3/4 = HW-Schutzlatch, 7 = Ev13, 9 = Ev29, 11 = Grenzwert-Timeout (Sammelbit), 16 = Selbsttest"
37000,modbus_slave_address,system_online,,FC03-Read (Descriptor),u8,0x01,x1,0,,2,1,1,,0x20000133,hoch,,,1,1,1,0,1,1,1,1,1,0,1,1436,27,
37001,status_block_offset8,,,FC03-Read (Descriptor),u16,0x02,x1,0,,2,1,1,,0x2000014C,niedrig,,,0,0,0,0,0,0,0,0,0,0,0,1435,27,"Status-Block 0x20000144 +8. Writer Protocol_AA_SetDeviceParams (0x0802FC48), Leser Grid_Export_Power_Limiter -> Export-/Leistungs-Config"
37002,max_charge_power,,W,FC03-Read (Descriptor),u16,0x02,x1,0,,2,1,1,,0x2000014E,hoch,,,0,0,0,0,0,0,0,0,0,0,1,1435,27,Status-Block 0x20000144 +4
37003,max_discharge_power,,W,FC03-Read (Descriptor),u16,0x02,x1,0,,2,1,1,,0x20000150,hoch,,,0,0,0,0,0,0,0,0,0,0,1,1435,27,Status-Block 0x20000144 +6
37004,grid_sample_power,ac_power_target,W,FC03-Read (Descriptor),i16,0x12,x1,0,1,2,1,1,,0x20014EB4,hoch,,,,,0,,2209,0,65039,,,0,65329,1234,17,Alias 30006/32202 (Struct +0x18)
37005,pack1_soc_scaled,system_soc_integer,%,FC03-Read (Descriptor),u16,0x02,/10,3,1,2,1,1,,0x20014FB8,hoch,,,,,88,,40,7,89,99,99,0,100,1339,21,"gleiche Quelle wie 34002, aber FW teilt hier durch 10"
37006,pack1_max_cell_temp_mirror,max_cell_temp_mirror,°C,FC03-Read (Descriptor),i16,0x12,x1,0,0.1,2,1,1,,0x20014FC8,mittel,,,,,250,,252,305,323,,,0,340,1222,15,"Alias 30104 (Pack1-Struct +0x14), hier ohne FW-x10. Alte Map: 'max_cell_temp_mirror'"
37007,pack1_max_cell_voltage,max_cell_voltage,V,FC03-Read (Descriptor),u16,0x02,x1,0,0.001,2,1,1,,0x20014FC4,hoch,,,,,,,3283,3179,3338,,,0,3564,1221,14,Alias 30102/34005 / Rohwert in mV
37008,pack1_min_cell_voltage,min_cell_voltage,V,FC03-Read (Descriptor),u16,0x02,x1,0,0.001,2,1,1,,0x20014FC6,hoch,,,,,,,3280,3175,3337,,,11,3437,1221,14,Alias 30103/34006 / Rohwert in mV
37009,block_34007_34008,,,FC03-Read (Descriptor),u16,0x02,x1,0,,2,2,2,,0x20014FCC,mittel,,,0,0,3332,1,0,0,0,0,0,0,3332,1437,27,2 Elemente -> Register 37009-37010 (= 34007/34008)
37010,block_34007_34008[2],,,FC03-Read (Descriptor),u16,0x02,x1,0,,2,2,2,37009,,mittel,,,0,0,3330,0,0,0,0,0,0,0,3330,1437,27,Folgeregister 2/2 von 37009
37011,block_34009_34010,,,FC03-Read (Descriptor),u16,0x02,x1,0,,2,2,2,,0x20014FD0,hoch,,,0,0,0,0,0,0,0,0,0,0,3217,1439,27,2 Elemente -> 37011-37012 / 37012 = bms_version
37012,block_34009_34010[2],bms_version_mirror,,FC03-Read (Descriptor),u16,0x02,x1,0,,2,2,2,37011,,hoch,,,118,118,0,0,116,116,116,,,0,1177,1322,21,Folgeregister 2/2 von 37011
37013,error_code1,fault_status_mirror,,FC03-Read (Descriptor),u32,0x04,x1,0,,4,1,2,,0x20014EA4,hoch,,,0,0,,0,0,0,0,0,0,0,16,1436,26,Alias 36100 (error_code1 HIGH-Word)
37014,error_code1_w2,fault_status_2_mirror,,FC03-Read (Descriptor),u32,0x04,x1,0,,4,1,2,37013,,hoch,,,0,0,,0,0,128,0,0,0,0,128,1435,26,Alias 36101 (error_code1 LOW-Word)
37015,error_code2,,,FC03-Read (Descriptor),u32,0x04,x1,0,,4,1,2,,0x20014EA8,hoch,,,0,0,,0,0,0,0,0,0,0,116,1435,26,Alias 36102 (error_code2 HIGH-Word)
37016,error_code2_w2,offgrid_ac_voltage,,FC03-Read (Descriptor),u32,0x04,x1,0,,4,1,2,37015,,hoch,,,0,0,,0,0,0,0,,,0,2524,1318,20,Alias 36103 (error_code2 LOW-Word)
37017,mppt1_power,,W,FC03-Read (Descriptor),u16,0x02,x1,0,0.1,2,1,1,,0x20014F58,hoch,0 W,0 W,0,0,,0,0,0,0,0,0,0,0,1435,26,"identische Quelle wie 30037 (Inverter-Struct +0x0c). Firmware-benannt: MPPT_Debug_Print @0x08036884, String 'PV1_Vol(0.1V)=%d|Cur(0.1A)=%d|Pow(0.1W)='"
37018,mppt2_power,,W,FC03-Read (Descriptor),u16,0x02,x1,0,0.1,2,1,1,,0x20014F5E,hoch,0 W,0 W,0,0,,0,0,0,0,0,0,0,0,1435,26,"identische Quelle wie 30038 (Inverter-Struct +0x12). Firmware-benannt: MPPT_Debug_Print @0x08036884, String 'PV2_Vol(0.1V)=%d|Cur(0.1A)=%d|Pow(0.1W)='"
37019,mppt3_power,,W,FC03-Read (Descriptor),u16,0x02,x1,0,0.1,2,1,1,,0x20014F64,hoch,0 W,0 W,0,0,,0,0,0,0,0,0,0,2413,1435,26,"identische Quelle wie 30039 (Inverter-Struct +0x18). Firmware-benannt: MPPT_Debug_Print @0x08036884, String 'PV3_Vol(0.1V)=%d|Cur(0.1A)=%d|Pow(0.1W)='"
37020,mppt4_power,,W,FC03-Read (Descriptor),u16,0x02,x1,0,0.1,2,1,1,,0x20014F6A,hoch,0 W,0 W,0,0,,0,0,0,0,0,0,0,0,1435,26,"identische Quelle wie 30040 (Inverter-Struct +0x1e). Firmware-benannt: MPPT_Debug_Print @0x08036884, String 'PV4_Vol(0.1V)=%d|Cur(0.1A)=%d|Pow(0.1W)='"
37021,pv_year_capacity,frueher: pv_year_capacity,,FC03-Read (Descriptor),u32,0x04,x1,0,,4,1,2,,0x20014F78,niedrig,,,0,0,,0,0,0,0,0,0,0,0,1435,26,"Inverter-Struct +0x2c 'PV_Year_Cap_10Wh' (u32, Einheit 10Wh). Tages-/Monats-Cap bei +0x20/+0x28 sind keine Register | DEUTUNG WIDERLEGT 2026-08-22: Der Name 'PV_Year_Cap_10Wh' stammt aus einem Firmware-String, haelt der Messung aber nicht stand. Live ueber 70 Minuten beobachtet (Geraet ohne angeschlossenes PV): 37021 steht konstant auf 0, 37022 schwankt in BEIDE Richtungen zwischen 535 und 561. Ein Jahres-Energiezaehler kann nicht fallen. Als u32 gelesen ergaebe das 5,35-5,61 kWh mit Ruecksetzern -- als total_increasing waere das eine Statistik-Falle. Der Wertebereich 53,5-56,1 passt zur Batteriespannung in 0,1 V, deckt sich aber nicht exakt mit dem BMS-Wert (Abweichung bis 5 Digits in beide Richtungen); moeglicherweise die wechselrichterseitige DC-Spannung. NICHT BELEGT. Konsequenz: In der Integration ist der Energie-Sensor entfernt, beide Register laufen jetzt als eigenstaendige uint16-DEV-Sensoren."
37022,pv_year_capacity_w2,offgrid_dc_voltage,,FC03-Read (Descriptor),u32,0x04,x1,0,,4,1,2,37021,,niedrig,,,0,0,,0,0,0,0,,,0,541,1318,20,"Folgeregister 2/2 von 37021 | DEUTUNG WIDERLEGT 2026-08-22: Der Name 'PV_Year_Cap_10Wh' stammt aus einem Firmware-String, haelt der Messung aber nicht stand. Live ueber 70 Minuten beobachtet (Geraet ohne angeschlossenes PV): 37021 steht konstant auf 0, 37022 schwankt in BEIDE Richtungen zwischen 535 und 561. Ein Jahres-Energiezaehler kann nicht fallen. Als u32 gelesen ergaebe das 5,35-5,61 kWh mit Ruecksetzern -- als total_increasing waere das eine Statistik-Falle. Der Wertebereich 53,5-56,1 passt zur Batteriespannung in 0,1 V, deckt sich aber nicht exakt mit dem BMS-Wert (Abweichung bis 5 Digits in beide Richtungen); moeglicherweise die wechselrichterseitige DC-Spannung. NICHT BELEGT. Konsequenz: In der Integration ist der Energie-Sensor entfernt, beide Register laufen jetzt als eigenstaendige uint16-DEV-Sensoren."
37023,mppt_error,,,FC03-Read (Descriptor),u16,0x02,x1,0,,2,1,1,,0x20014F4E,hoch,,,0,0,,0,0,0,0,0,0,0,0,1435,26,Inverter-Struct +0x02 'Mppt_Error'
37024,mppt_warning,,,FC03-Read (Descriptor),u16,0x02,x1,0,,2,1,1,,0x20014F52,hoch,,,0,0,,0,0,0,0,0,0,0,1345,1435,26,Inverter-Struct +0x06 'Mppt_Warning'
38000,can40_w1,unknown_38000,,FC03-Read (Descriptor),i16,0x12,x1,0,,2,1,1,,0x20000168,niedrig,,,0,0,0,0,,,,,,0,0,101,7,"CAN-Frame ID 0x40, Wort 1/4 -> Telemetry_Store_EnergyCounters, Ziel 0x20000168. Frame-Nutzdaten 1:1 als 16-Bit-Register / im getesteten Betrieb nicht befuellt | GEPRUEFT 2026-08-22: Einziger Schreiber ist Telemetry_Store_EnergyCounters (0x0802FD38), Zweig param_1=='@' schreibt 8 Byte nach 0x20000168. Aufrufkette CAN_FrameDispatcher -> Telemetry_Register_Dispatcher, Code = id & 0xff -> die 38000er spiegeln EINGEHENDE CAN-Frames. KORREKTUR: Der frueher notierte Wert 118 in 38003 war ein SCANNER-ARTEFAKT, kein Telemetriewert. Beleg: In allen drei betroffenen Logs steht 37012 (bms_version) normalerweise auf 118 und faellt in genau dem Batch auf 0, in dem 38003 die 118 zeigt (65/66, 3/4, 7/8). Ursache: scan_continuous.py und scan_known_registers.py pruefen die Modbus-Transaction-ID beim Empfang nicht, eine verspaetete Antwort wird der naechsten Anfrage zugeordnet. Frame 0x40 wurde damit NIE beobachtet -- der gesamte Block 38000-38014 war in allen Messungen 0."
38001,can40_w2,unknown_38001,,FC03-Read (Descriptor),u16,0x02,x1,0,,2,1,1,,0x2000016A,niedrig,,,0,0,0,0,,,,,,0,0,101,7,"CAN-Frame ID 0x40, Wort 2/4 -> Telemetry_Store_EnergyCounters, Ziel 0x20000168. Frame-Nutzdaten 1:1 als 16-Bit-Register / im getesteten Betrieb nicht befuellt | GEPRUEFT 2026-08-22: Einziger Schreiber ist Telemetry_Store_EnergyCounters (0x0802FD38), Zweig param_1=='@' schreibt 8 Byte nach 0x20000168. Aufrufkette CAN_FrameDispatcher -> Telemetry_Register_Dispatcher, Code = id & 0xff -> die 38000er spiegeln EINGEHENDE CAN-Frames. KORREKTUR: Der frueher notierte Wert 118 in 38003 war ein SCANNER-ARTEFAKT, kein Telemetriewert. Beleg: In allen drei betroffenen Logs steht 37012 (bms_version) normalerweise auf 118 und faellt in genau dem Batch auf 0, in dem 38003 die 118 zeigt (65/66, 3/4, 7/8). Ursache: scan_continuous.py und scan_known_registers.py pruefen die Modbus-Transaction-ID beim Empfang nicht, eine verspaetete Antwort wird der naechsten Anfrage zugeordnet. Frame 0x40 wurde damit NIE beobachtet -- der gesamte Block 38000-38014 war in allen Messungen 0."
38002,can40_w3,unknown_38002,,FC03-Read (Descriptor),i16,0x12,x1,0,,2,1,1,,0x2000016C,niedrig,,,0,0,0,0,,,,,,0,0,101,7,"CAN-Frame ID 0x40, Wort 3/4 -> Telemetry_Store_EnergyCounters, Ziel 0x20000168. Frame-Nutzdaten 1:1 als 16-Bit-Register / im getesteten Betrieb nicht befuellt | GEPRUEFT 2026-08-22: Einziger Schreiber ist Telemetry_Store_EnergyCounters (0x0802FD38), Zweig param_1=='@' schreibt 8 Byte nach 0x20000168. Aufrufkette CAN_FrameDispatcher -> Telemetry_Register_Dispatcher, Code = id & 0xff -> die 38000er spiegeln EINGEHENDE CAN-Frames. KORREKTUR: Der frueher notierte Wert 118 in 38003 war ein SCANNER-ARTEFAKT, kein Telemetriewert. Beleg: In allen drei betroffenen Logs steht 37012 (bms_version) normalerweise auf 118 und faellt in genau dem Batch auf 0, in dem 38003 die 118 zeigt (65/66, 3/4, 7/8). Ursache: scan_continuous.py und scan_known_registers.py pruefen die Modbus-Transaction-ID beim Empfang nicht, eine verspaetete Antwort wird der naechsten Anfrage zugeordnet. Frame 0x40 wurde damit NIE beobachtet -- der gesamte Block 38000-38014 war in allen Messungen 0."
38003,can40_w4,unknown_38003,,FC03-Read (Descriptor),u16,0x02,x1,0,,2,1,1,,0x2000016E,niedrig,,,0,0,0,0,,,,,,0,0,101,7,"CAN-Frame ID 0x40, Wort 4/4 -> Telemetry_Store_EnergyCounters, Ziel 0x20000168. Frame-Nutzdaten 1:1 als 16-Bit-Register / im getesteten Betrieb nicht befuellt | GEPRUEFT 2026-08-22: Einziger Schreiber ist Telemetry_Store_EnergyCounters (0x0802FD38), Zweig param_1=='@' schreibt 8 Byte nach 0x20000168. Aufrufkette CAN_FrameDispatcher -> Telemetry_Register_Dispatcher, Code = id & 0xff -> die 38000er spiegeln EINGEHENDE CAN-Frames. KORREKTUR: Der frueher notierte Wert 118 in 38003 war ein SCANNER-ARTEFAKT, kein Telemetriewert. Beleg: In allen drei betroffenen Logs steht 37012 (bms_version) normalerweise auf 118 und faellt in genau dem Batch auf 0, in dem 38003 die 118 zeigt (65/66, 3/4, 7/8). Ursache: scan_continuous.py und scan_known_registers.py pruefen die Modbus-Transaction-ID beim Empfang nicht, eine verspaetete Antwort wird der naechsten Anfrage zugeordnet. Frame 0x40 wurde damit NIE beobachtet -- der gesamte Block 38000-38014 war in allen Messungen 0."
38004,can41_w1,unknown_38004,,FC03-Read (Descriptor),u16,0x02,x1,0,,2,1,1,,0x20000170,niedrig,,,0,0,0,0,,,,,,0,0,101,7,"CAN-Frame ID 0x41, Wort 1/3 -> Telemetry_Store_EnergyCounters, Ziel 0x20000170. Frame-Nutzdaten 1:1 als 16-Bit-Register / im getesteten Betrieb nicht befuellt | GEPRUEFT 2026-08-22: Schreiber Telemetry_Store_EnergyCounters, Zweige 'A'/'B'/'C' (0x41-0x43). Aufrufkette CAN_FrameDispatcher -> Telemetry_Register_Dispatcher, Code = id & 0xff -> EINGEHENDE CAN-Frames. In allen ~104 Messungen ueber 11 Logs durchgehend 0 — kein Frame 0x41-0x43 beobachtet."
38005,can41_w2,unknown_38005,,FC03-Read (Descriptor),i16,0x12,x1,0,,2,1,1,,0x20000172,niedrig,,,0,0,0,0,,,,,,0,0,101,7,"CAN-Frame ID 0x41, Wort 2/3 -> Telemetry_Store_EnergyCounters, Ziel 0x20000170. Frame-Nutzdaten 1:1 als 16-Bit-Register / im getesteten Betrieb nicht befuellt | GEPRUEFT 2026-08-22: Schreiber Telemetry_Store_EnergyCounters, Zweige 'A'/'B'/'C' (0x41-0x43). Aufrufkette CAN_FrameDispatcher -> Telemetry_Register_Dispatcher, Code = id & 0xff -> EINGEHENDE CAN-Frames. In allen ~104 Messungen ueber 11 Logs durchgehend 0 — kein Frame 0x41-0x43 beobachtet."
38006,can41_w3,unknown_38006,,FC03-Read (Descriptor),u16,0x02,x1,0,,2,1,1,,0x20000174,niedrig,,,0,0,0,0,,,,,,0,0,101,7,"CAN-Frame ID 0x41, Wort 3/3 -> Telemetry_Store_EnergyCounters, Ziel 0x20000170. Frame-Nutzdaten 1:1 als 16-Bit-Register / im getesteten Betrieb nicht befuellt | GEPRUEFT 2026-08-22: Schreiber Telemetry_Store_EnergyCounters, Zweige 'A'/'B'/'C' (0x41-0x43). Aufrufkette CAN_FrameDispatcher -> Telemetry_Register_Dispatcher, Code = id & 0xff -> EINGEHENDE CAN-Frames. In allen ~104 Messungen ueber 11 Logs durchgehend 0 — kein Frame 0x41-0x43 beobachtet."
38007,can42_w1,unknown_38007,,FC03-Read (Descriptor),u16,0x02,x1,0,,2,1,1,,0x20000176,niedrig,,,0,0,0,0,,,,,,0,0,101,7,"CAN-Frame ID 0x42, Wort 1/4 -> Telemetry_Store_EnergyCounters, Ziel 0x20000176. Frame-Nutzdaten 1:1 als 16-Bit-Register / im getesteten Betrieb nicht befuellt | GEPRUEFT 2026-08-22: Schreiber Telemetry_Store_EnergyCounters, Zweige 'A'/'B'/'C' (0x41-0x43). Aufrufkette CAN_FrameDispatcher -> Telemetry_Register_Dispatcher, Code = id & 0xff -> EINGEHENDE CAN-Frames. In allen ~104 Messungen ueber 11 Logs durchgehend 0 — kein Frame 0x41-0x43 beobachtet."
38008,can42_w2,unknown_38008,,FC03-Read (Descriptor),u16,0x02,x1,0,,2,1,1,,0x20000178,niedrig,,,0,0,0,0,,,,,,0,0,101,7,"CAN-Frame ID 0x42, Wort 2/4 -> Telemetry_Store_EnergyCounters, Ziel 0x20000176. Frame-Nutzdaten 1:1 als 16-Bit-Register / im getesteten Betrieb nicht befuellt | GEPRUEFT 2026-08-22: Schreiber Telemetry_Store_EnergyCounters, Zweige 'A'/'B'/'C' (0x41-0x43). Aufrufkette CAN_FrameDispatcher -> Telemetry_Register_Dispatcher, Code = id & 0xff -> EINGEHENDE CAN-Frames. In allen ~104 Messungen ueber 11 Logs durchgehend 0 — kein Frame 0x41-0x43 beobachtet."
38009,can42_w3,unknown_38009,,FC03-Read (Descriptor),u16,0x02,x1,0,,2,1,1,,0x2000017A,niedrig,,,0,0,0,0,,,,,,0,0,101,7,"CAN-Frame ID 0x42, Wort 3/4 -> Telemetry_Store_EnergyCounters, Ziel 0x20000176. Frame-Nutzdaten 1:1 als 16-Bit-Register / im getesteten Betrieb nicht befuellt | GEPRUEFT 2026-08-22: Schreiber Telemetry_Store_EnergyCounters, Zweige 'A'/'B'/'C' (0x41-0x43). Aufrufkette CAN_FrameDispatcher -> Telemetry_Register_Dispatcher, Code = id & 0xff -> EINGEHENDE CAN-Frames. In allen ~104 Messungen ueber 11 Logs durchgehend 0 — kein Frame 0x41-0x43 beobachtet."
38010,can42_w4,unknown_38010,,FC03-Read (Descriptor),u16,0x02,x1,0,,2,1,1,,0x2000017C,niedrig,,,0,0,0,0,,,,,,0,0,101,7,"CAN-Frame ID 0x42, Wort 4/4 -> Telemetry_Store_EnergyCounters, Ziel 0x20000176. Frame-Nutzdaten 1:1 als 16-Bit-Register / im getesteten Betrieb nicht befuellt | GEPRUEFT 2026-08-22: Schreiber Telemetry_Store_EnergyCounters, Zweige 'A'/'B'/'C' (0x41-0x43). Aufrufkette CAN_FrameDispatcher -> Telemetry_Register_Dispatcher, Code = id & 0xff -> EINGEHENDE CAN-Frames. In allen ~104 Messungen ueber 11 Logs durchgehend 0 — kein Frame 0x41-0x43 beobachtet."
38011,can43_w1,unknown_38011,,FC03-Read (Descriptor),u16,0x02,x1,0,,2,1,1,,0x2000017E,niedrig,,,0,0,0,0,,,,,,0,0,101,7,"CAN-Frame ID 0x43, Wort 1/4 -> Telemetry_Store_EnergyCounters, Ziel 0x2000017E. Frame-Nutzdaten 1:1 als 16-Bit-Register / im getesteten Betrieb nicht befuellt | GEPRUEFT 2026-08-22: Schreiber Telemetry_Store_EnergyCounters, Zweige 'A'/'B'/'C' (0x41-0x43). Aufrufkette CAN_FrameDispatcher -> Telemetry_Register_Dispatcher, Code = id & 0xff -> EINGEHENDE CAN-Frames. In allen ~104 Messungen ueber 11 Logs durchgehend 0 — kein Frame 0x41-0x43 beobachtet."
38012,can43_w2,unknown_38012,,FC03-Read (Descriptor),u16,0x02,x1,0,,2,1,1,,0x20000180,niedrig,,,0,0,0,0,,,,,,0,0,101,7,"CAN-Frame ID 0x43, Wort 2/4 -> Telemetry_Store_EnergyCounters, Ziel 0x2000017E. Frame-Nutzdaten 1:1 als 16-Bit-Register / im getesteten Betrieb nicht befuellt | GEPRUEFT 2026-08-22: Schreiber Telemetry_Store_EnergyCounters, Zweige 'A'/'B'/'C' (0x41-0x43). Aufrufkette CAN_FrameDispatcher -> Telemetry_Register_Dispatcher, Code = id & 0xff -> EINGEHENDE CAN-Frames. In allen ~104 Messungen ueber 11 Logs durchgehend 0 — kein Frame 0x41-0x43 beobachtet."
38013,can43_w3,unknown_38013,,FC03-Read (Descriptor),u16,0x02,x1,0,,2,1,1,,0x20000182,niedrig,,,0,0,0,0,,,,,,0,0,101,7,"CAN-Frame ID 0x43, Wort 3/4 -> Telemetry_Store_EnergyCounters, Ziel 0x2000017E. Frame-Nutzdaten 1:1 als 16-Bit-Register / im getesteten Betrieb nicht befuellt | GEPRUEFT 2026-08-22: Schreiber Telemetry_Store_EnergyCounters, Zweige 'A'/'B'/'C' (0x41-0x43). Aufrufkette CAN_FrameDispatcher -> Telemetry_Register_Dispatcher, Code = id & 0xff -> EINGEHENDE CAN-Frames. In allen ~104 Messungen ueber 11 Logs durchgehend 0 — kein Frame 0x41-0x43 beobachtet."
38014,can43_w4,unknown_38014,,FC03-Read (Descriptor),u16,0x02,x1,0,,2,1,1,,0x20000184,niedrig,,,0,0,0,0,,,,,,0,0,101,7,"CAN-Frame ID 0x43, Wort 4/4 -> Telemetry_Store_EnergyCounters, Ziel 0x2000017E. Frame-Nutzdaten 1:1 als 16-Bit-Register / im getesteten Betrieb nicht befuellt | GEPRUEFT 2026-08-22: Schreiber Telemetry_Store_EnergyCounters, Zweige 'A'/'B'/'C' (0x41-0x43). Aufrufkette CAN_FrameDispatcher -> Telemetry_Register_Dispatcher, Code = id & 0xff -> EINGEHENDE CAN-Frames. In allen ~104 Messungen ueber 11 Logs durchgehend 0 — kein Frame 0x41-0x43 beobachtet."
40000,rs485_unlock,,,FC06/FC10-Write (Write-Handler),,,,,,,,,,0x200002B4,write-handler,,,,,,,,,,,,,,0,0,"WRITE/Config. RS485-Steuerung aktivieren | SRAM-Ziel 0x200002B4 | Werte: 0x55AA=enable (flag=1) | Write-Only: Ja | LIVE-SCAN 2026-08-22: Beim Lesen bricht die Modbus-Verbindung ab. Die Liveness-Probe (Register 37012) antwortete unmittelbar danach nicht mehr, ein Reconnect war noetig. NICHT lesen und NICHT in eine Poll-Liste aufnehmen -- genau dieses Verhalten hat die Haenger der Home-Assistant-Integration ausgeloest."
41000,command_register,reset_device,-,FC06/FC10-Write (Write-Handler),uint16,,,,,,,,,0x20000348,write-handler,,,0,0,0,0,0,0,0,,,0,525,1322,21,"WRITE/Config. Kommando-Status setzen | SRAM-Ziel 0x20000348 | Werte: 0x55AA=Status 1 | Write-Only: Nein | LIVE-SCAN 2026-08-22: Beim Lesen bricht die Modbus-Verbindung ab. Die Liveness-Probe (Register 37012) antwortete unmittelbar danach nicht mehr, ein Reconnect war noetig. NICHT lesen und NICHT in eine Poll-Liste aufnehmen -- genau dieses Verhalten hat die Haenger der Home-Assistant-Integration ausgeloest."
41100,modbus_slave_address,modbus_address,-,FC06/FC10-Write (Write-Handler),uint16,,,,,,,,,0x20000133,write-handler,,,1,1,1,0,1,1,1,,,0,1,1322,21,"WRITE/Config. Modbus Slave-Adresse aendern | SRAM-Ziel 0x20000133 | Werte: 1-127 (beliebiger Wert wird via FUN_08006ebc angewendet) | Write-Only: Nein | LIVE-SCAN 2026-08-22: lesbar, Wert 1 (0x0001)"
41200,backup_ups_enable,backup_function,-,FC06/FC10-Write (Write-Handler),uint16,,,,,,,,,0x20014CFC,write-handler,,,1,1,1,1,0,0,1,,,0,1,1322,21,"WRITE/Config. Backup/UPS-Funktion ein/aus | SRAM-Ziel 0x20014CFC | Werte: 0=deaktivieren (schreibt 0x01 intern) | Write-Only: Nein | LIVE-SCAN 2026-08-22: lesbar, Wert 0 (0x0000)"
41500,wifi_cred_buf_00,frueher: schedule_time_00,,FC06/FC10-Write (Write-Handler),,,,,,,,,,0x20014DC2,hoch,,,,,,,,,,,,,,,,"READ/WRITE. WLAN-Zugangsdaten-Puffer Byte 0-1 | NAME KORRIGIERT 2026-08-22: KEIN Zeitplan-Register. Der Lesezweig (Write_Handler LAB_080522b2, Zeile 151) liest ein 32-Byte-Array bei DAT_080525C8 -> SRAM 0x20014DCC. Diese Adresse wird von WiFi_Set_Credentials (0x0800FEAE ff.) und Quectel_WiFi_QueryConnectionState beschrieben. Der Live-Scan 2026-08-22 lieferte die FEST IN DER FIRMWARE HINTERLEGTEN Werksvorgaben (byte-identisch mit einer Stringregion in fw_full/fw_venuse/fw_vnsa, neben '### Auto set wifi_ssid:%s,wifi_key:%s') -- NICHT die Daten des Nutzers; das Geraet hatte nie WLAN eingerichtet. Puffer ist ohne Authentifizierung les- UND beschreibbar. OFFEN: ob nach eingerichtetem WLAN die echten Zugangsdaten hier stehen -- dann erneut pruefen. Siehe security/WLAN_Credentials_ueber_Modbus_41500.md | LIVE-SCAN 2026-08-22: lesbar, Wert redigiert"
41501,wifi_cred_buf_01,frueher: schedule_time_01,,FC06/FC10-Write (Write-Handler),,,,,,,,,,0x20014DC4,hoch,,,,,,,,,,,,,,,,"READ/WRITE. WLAN-Zugangsdaten-Puffer Byte 2-3 | NAME KORRIGIERT 2026-08-22: KEIN Zeitplan-Register. Der Lesezweig (Write_Handler LAB_080522b2, Zeile 151) liest ein 32-Byte-Array bei DAT_080525C8 -> SRAM 0x20014DCC. Diese Adresse wird von WiFi_Set_Credentials (0x0800FEAE ff.) und Quectel_WiFi_QueryConnectionState beschrieben. Der Live-Scan 2026-08-22 lieferte die FEST IN DER FIRMWARE HINTERLEGTEN Werksvorgaben (byte-identisch mit einer Stringregion in fw_full/fw_venuse/fw_vnsa, neben '### Auto set wifi_ssid:%s,wifi_key:%s') -- NICHT die Daten des Nutzers; das Geraet hatte nie WLAN eingerichtet. Puffer ist ohne Authentifizierung les- UND beschreibbar. OFFEN: ob nach eingerichtetem WLAN die echten Zugangsdaten hier stehen -- dann erneut pruefen. Siehe security/WLAN_Credentials_ueber_Modbus_41500.md | LIVE-SCAN 2026-08-22: lesbar, Wert redigiert"
41502,wifi_cred_buf_02,frueher: schedule_time_02,,FC06/FC10-Write (Write-Handler),,,,,,,,,,0x20014DC6,hoch,,,,,,,,,,,,,,,,"READ/WRITE. WLAN-Zugangsdaten-Puffer Byte 4-5 | NAME KORRIGIERT 2026-08-22: KEIN Zeitplan-Register. Der Lesezweig (Write_Handler LAB_080522b2, Zeile 151) liest ein 32-Byte-Array bei DAT_080525C8 -> SRAM 0x20014DCC. Diese Adresse wird von WiFi_Set_Credentials (0x0800FEAE ff.) und Quectel_WiFi_QueryConnectionState beschrieben. Der Live-Scan 2026-08-22 lieferte die FEST IN DER FIRMWARE HINTERLEGTEN Werksvorgaben (byte-identisch mit einer Stringregion in fw_full/fw_venuse/fw_vnsa, neben '### Auto set wifi_ssid:%s,wifi_key:%s') -- NICHT die Daten des Nutzers; das Geraet hatte nie WLAN eingerichtet. Puffer ist ohne Authentifizierung les- UND beschreibbar. OFFEN: ob nach eingerichtetem WLAN die echten Zugangsdaten hier stehen -- dann erneut pruefen. Siehe security/WLAN_Credentials_ueber_Modbus_41500.md | LIVE-SCAN 2026-08-22: lesbar, Wert redigiert"
41503,wifi_cred_buf_03,frueher: schedule_time_03,,FC06/FC10-Write (Write-Handler),,,,,,,,,,0x20014DC8,hoch,,,,,,,,,,,,,,,,"READ/WRITE. WLAN-Zugangsdaten-Puffer Byte 6-7 | NAME KORRIGIERT 2026-08-22: KEIN Zeitplan-Register. Der Lesezweig (Write_Handler LAB_080522b2, Zeile 151) liest ein 32-Byte-Array bei DAT_080525C8 -> SRAM 0x20014DCC. Diese Adresse wird von WiFi_Set_Credentials (0x0800FEAE ff.) und Quectel_WiFi_QueryConnectionState beschrieben. Der Live-Scan 2026-08-22 lieferte die FEST IN DER FIRMWARE HINTERLEGTEN Werksvorgaben (byte-identisch mit einer Stringregion in fw_full/fw_venuse/fw_vnsa, neben '### Auto set wifi_ssid:%s,wifi_key:%s') -- NICHT die Daten des Nutzers; das Geraet hatte nie WLAN eingerichtet. Puffer ist ohne Authentifizierung les- UND beschreibbar. OFFEN: ob nach eingerichtetem WLAN die echten Zugangsdaten hier stehen -- dann erneut pruefen. Siehe security/WLAN_Credentials_ueber_Modbus_41500.md | LIVE-SCAN 2026-08-22: lesbar, Wert redigiert"
41504,wifi_cred_buf_04,frueher: schedule_time_04,,FC06/FC10-Write (Write-Handler),,,,,,,,,,0x20014DCA,hoch,,,,,,,,,,,,,,,,"READ/WRITE. WLAN-Zugangsdaten-Puffer Byte 8-9 | NAME KORRIGIERT 2026-08-22: KEIN Zeitplan-Register. Der Lesezweig (Write_Handler LAB_080522b2, Zeile 151) liest ein 32-Byte-Array bei DAT_080525C8 -> SRAM 0x20014DCC. Diese Adresse wird von WiFi_Set_Credentials (0x0800FEAE ff.) und Quectel_WiFi_QueryConnectionState beschrieben. Der Live-Scan 2026-08-22 lieferte die FEST IN DER FIRMWARE HINTERLEGTEN Werksvorgaben (byte-identisch mit einer Stringregion in fw_full/fw_venuse/fw_vnsa, neben '### Auto set wifi_ssid:%s,wifi_key:%s') -- NICHT die Daten des Nutzers; das Geraet hatte nie WLAN eingerichtet. Puffer ist ohne Authentifizierung les- UND beschreibbar. OFFEN: ob nach eingerichtetem WLAN die echten Zugangsdaten hier stehen -- dann erneut pruefen. Siehe security/WLAN_Credentials_ueber_Modbus_41500.md | LIVE-SCAN 2026-08-22: lesbar, Wert redigiert"
41505,wifi_cred_buf_05,frueher: schedule_time_05,,FC06/FC10-Write (Write-Handler),,,,,,,,,,0x20014DCC,hoch,,,,,,,,,,,,,,,,"READ/WRITE. WLAN-Zugangsdaten-Puffer Byte 10-11 | NAME KORRIGIERT 2026-08-22: KEIN Zeitplan-Register. Der Lesezweig (Write_Handler LAB_080522b2, Zeile 151) liest ein 32-Byte-Array bei DAT_080525C8 -> SRAM 0x20014DCC. Diese Adresse wird von WiFi_Set_Credentials (0x0800FEAE ff.) und Quectel_WiFi_QueryConnectionState beschrieben. Der Live-Scan 2026-08-22 lieferte die FEST IN DER FIRMWARE HINTERLEGTEN Werksvorgaben (byte-identisch mit einer Stringregion in fw_full/fw_venuse/fw_vnsa, neben '### Auto set wifi_ssid:%s,wifi_key:%s') -- NICHT die Daten des Nutzers; das Geraet hatte nie WLAN eingerichtet. Puffer ist ohne Authentifizierung les- UND beschreibbar. OFFEN: ob nach eingerichtetem WLAN die echten Zugangsdaten hier stehen -- dann erneut pruefen. Siehe security/WLAN_Credentials_ueber_Modbus_41500.md | LIVE-SCAN 2026-08-22: lesbar, Wert redigiert"
41506,wifi_cred_buf_06,frueher: schedule_time_06,,FC06/FC10-Write (Write-Handler),,,,,,,,,,0x20014DCE,hoch,,,,,,,,,,,,,,,,"READ/WRITE. WLAN-Zugangsdaten-Puffer Byte 12-13 | NAME KORRIGIERT 2026-08-22: KEIN Zeitplan-Register. Der Lesezweig (Write_Handler LAB_080522b2, Zeile 151) liest ein 32-Byte-Array bei DAT_080525C8 -> SRAM 0x20014DCC. Diese Adresse wird von WiFi_Set_Credentials (0x0800FEAE ff.) und Quectel_WiFi_QueryConnectionState beschrieben. Der Live-Scan 2026-08-22 lieferte die FEST IN DER FIRMWARE HINTERLEGTEN Werksvorgaben (byte-identisch mit einer Stringregion in fw_full/fw_venuse/fw_vnsa, neben '### Auto set wifi_ssid:%s,wifi_key:%s') -- NICHT die Daten des Nutzers; das Geraet hatte nie WLAN eingerichtet. Puffer ist ohne Authentifizierung les- UND beschreibbar. OFFEN: ob nach eingerichtetem WLAN die echten Zugangsdaten hier stehen -- dann erneut pruefen. Siehe security/WLAN_Credentials_ueber_Modbus_41500.md | LIVE-SCAN 2026-08-22: lesbar, Wert redigiert"
41507,wifi_cred_buf_07,frueher: schedule_time_07,,FC06/FC10-Write (Write-Handler),,,,,,,,,,0x20014DD0,hoch,,,,,,,,,,,,,,,,"READ/WRITE. WLAN-Zugangsdaten-Puffer Byte 14-15 | NAME KORRIGIERT 2026-08-22: KEIN Zeitplan-Register. Der Lesezweig (Write_Handler LAB_080522b2, Zeile 151) liest ein 32-Byte-Array bei DAT_080525C8 -> SRAM 0x20014DCC. Diese Adresse wird von WiFi_Set_Credentials (0x0800FEAE ff.) und Quectel_WiFi_QueryConnectionState beschrieben. Der Live-Scan 2026-08-22 lieferte die FEST IN DER FIRMWARE HINTERLEGTEN Werksvorgaben (byte-identisch mit einer Stringregion in fw_full/fw_venuse/fw_vnsa, neben '### Auto set wifi_ssid:%s,wifi_key:%s') -- NICHT die Daten des Nutzers; das Geraet hatte nie WLAN eingerichtet. Puffer ist ohne Authentifizierung les- UND beschreibbar. OFFEN: ob nach eingerichtetem WLAN die echten Zugangsdaten hier stehen -- dann erneut pruefen. Siehe security/WLAN_Credentials_ueber_Modbus_41500.md | LIVE-SCAN 2026-08-22: lesbar, Wert redigiert"
41508,wifi_cred_buf_08,frueher: schedule_time_08,,FC06/FC10-Write (Write-Handler),,,,,,,,,,0x20014DD2,hoch,,,,,,,,,,,,,,,,"READ/WRITE. WLAN-Zugangsdaten-Puffer Byte 16-17 | NAME KORRIGIERT 2026-08-22: KEIN Zeitplan-Register. Der Lesezweig (Write_Handler LAB_080522b2, Zeile 151) liest ein 32-Byte-Array bei DAT_080525C8 -> SRAM 0x20014DCC. Diese Adresse wird von WiFi_Set_Credentials (0x0800FEAE ff.) und Quectel_WiFi_QueryConnectionState beschrieben. Der Live-Scan 2026-08-22 lieferte die FEST IN DER FIRMWARE HINTERLEGTEN Werksvorgaben (byte-identisch mit einer Stringregion in fw_full/fw_venuse/fw_vnsa, neben '### Auto set wifi_ssid:%s,wifi_key:%s') -- NICHT die Daten des Nutzers; das Geraet hatte nie WLAN eingerichtet. Puffer ist ohne Authentifizierung les- UND beschreibbar. OFFEN: ob nach eingerichtetem WLAN die echten Zugangsdaten hier stehen -- dann erneut pruefen. Siehe security/WLAN_Credentials_ueber_Modbus_41500.md | LIVE-SCAN 2026-08-22: lesbar, Wert redigiert"
41509,wifi_cred_buf_09,frueher: schedule_time_09,,FC06/FC10-Write (Write-Handler),,,,,,,,,,0x20014DD4,hoch,,,,,,,,,,,,,,,,"READ/WRITE. WLAN-Zugangsdaten-Puffer Byte 18-19 | NAME KORRIGIERT 2026-08-22: KEIN Zeitplan-Register. Der Lesezweig (Write_Handler LAB_080522b2, Zeile 151) liest ein 32-Byte-Array bei DAT_080525C8 -> SRAM 0x20014DCC. Diese Adresse wird von WiFi_Set_Credentials (0x0800FEAE ff.) und Quectel_WiFi_QueryConnectionState beschrieben. Der Live-Scan 2026-08-22 lieferte die FEST IN DER FIRMWARE HINTERLEGTEN Werksvorgaben (byte-identisch mit einer Stringregion in fw_full/fw_venuse/fw_vnsa, neben '### Auto set wifi_ssid:%s,wifi_key:%s') -- NICHT die Daten des Nutzers; das Geraet hatte nie WLAN eingerichtet. Puffer ist ohne Authentifizierung les- UND beschreibbar. OFFEN: ob nach eingerichtetem WLAN die echten Zugangsdaten hier stehen -- dann erneut pruefen. Siehe security/WLAN_Credentials_ueber_Modbus_41500.md | LIVE-SCAN 2026-08-22: lesbar, Wert redigiert"
41510,wifi_cred_buf_10,frueher: schedule_time_10,,FC06/FC10-Write (Write-Handler),,,,,,,,,,0x20014DD6,hoch,,,,,,,,,,,,,,,,"READ/WRITE. WLAN-Zugangsdaten-Puffer Byte 20-21 | NAME KORRIGIERT 2026-08-22: KEIN Zeitplan-Register. Der Lesezweig (Write_Handler LAB_080522b2, Zeile 151) liest ein 32-Byte-Array bei DAT_080525C8 -> SRAM 0x20014DCC. Diese Adresse wird von WiFi_Set_Credentials (0x0800FEAE ff.) und Quectel_WiFi_QueryConnectionState beschrieben. Der Live-Scan 2026-08-22 lieferte die FEST IN DER FIRMWARE HINTERLEGTEN Werksvorgaben (byte-identisch mit einer Stringregion in fw_full/fw_venuse/fw_vnsa, neben '### Auto set wifi_ssid:%s,wifi_key:%s') -- NICHT die Daten des Nutzers; das Geraet hatte nie WLAN eingerichtet. Puffer ist ohne Authentifizierung les- UND beschreibbar. OFFEN: ob nach eingerichtetem WLAN die echten Zugangsdaten hier stehen -- dann erneut pruefen. Siehe security/WLAN_Credentials_ueber_Modbus_41500.md | LIVE-SCAN 2026-08-22: lesbar, Wert redigiert"
41511,wifi_cred_buf_11,frueher: schedule_time_11,,FC06/FC10-Write (Write-Handler),,,,,,,,,,0x20014DD8,hoch,,,,,,,,,,,,,,,,"READ/WRITE. WLAN-Zugangsdaten-Puffer Byte 22-23 | NAME KORRIGIERT 2026-08-22: KEIN Zeitplan-Register. Der Lesezweig (Write_Handler LAB_080522b2, Zeile 151) liest ein 32-Byte-Array bei DAT_080525C8 -> SRAM 0x20014DCC. Diese Adresse wird von WiFi_Set_Credentials (0x0800FEAE ff.) und Quectel_WiFi_QueryConnectionState beschrieben. Der Live-Scan 2026-08-22 lieferte die FEST IN DER FIRMWARE HINTERLEGTEN Werksvorgaben (byte-identisch mit einer Stringregion in fw_full/fw_venuse/fw_vnsa, neben '### Auto set wifi_ssid:%s,wifi_key:%s') -- NICHT die Daten des Nutzers; das Geraet hatte nie WLAN eingerichtet. Puffer ist ohne Authentifizierung les- UND beschreibbar. OFFEN: ob nach eingerichtetem WLAN die echten Zugangsdaten hier stehen -- dann erneut pruefen. Siehe security/WLAN_Credentials_ueber_Modbus_41500.md | LIVE-SCAN 2026-08-22: lesbar, Wert redigiert"
41512,wifi_cred_buf_12,frueher: schedule_time_12,,FC06/FC10-Write (Write-Handler),,,,,,,,,,0x20014DDA,hoch,,,,,,,,,,,,,,,,"READ/WRITE. WLAN-Zugangsdaten-Puffer Byte 24-25 | NAME KORRIGIERT 2026-08-22: KEIN Zeitplan-Register. Der Lesezweig (Write_Handler LAB_080522b2, Zeile 151) liest ein 32-Byte-Array bei DAT_080525C8 -> SRAM 0x20014DCC. Diese Adresse wird von WiFi_Set_Credentials (0x0800FEAE ff.) und Quectel_WiFi_QueryConnectionState beschrieben. Der Live-Scan 2026-08-22 lieferte die FEST IN DER FIRMWARE HINTERLEGTEN Werksvorgaben (byte-identisch mit einer Stringregion in fw_full/fw_venuse/fw_vnsa, neben '### Auto set wifi_ssid:%s,wifi_key:%s') -- NICHT die Daten des Nutzers; das Geraet hatte nie WLAN eingerichtet. Puffer ist ohne Authentifizierung les- UND beschreibbar. OFFEN: ob nach eingerichtetem WLAN die echten Zugangsdaten hier stehen -- dann erneut pruefen. Siehe security/WLAN_Credentials_ueber_Modbus_41500.md | LIVE-SCAN 2026-08-22: lesbar, Wert redigiert"
41513,wifi_cred_buf_13,frueher: schedule_time_13,,FC06/FC10-Write (Write-Handler),,,,,,,,,,0x20014DDC,hoch,,,,,,,,,,,,,,,,"READ/WRITE. WLAN-Zugangsdaten-Puffer Byte 26-27 | NAME KORRIGIERT 2026-08-22: KEIN Zeitplan-Register. Der Lesezweig (Write_Handler LAB_080522b2, Zeile 151) liest ein 32-Byte-Array bei DAT_080525C8 -> SRAM 0x20014DCC. Diese Adresse wird von WiFi_Set_Credentials (0x0800FEAE ff.) und Quectel_WiFi_QueryConnectionState beschrieben. Der Live-Scan 2026-08-22 lieferte die FEST IN DER FIRMWARE HINTERLEGTEN Werksvorgaben (byte-identisch mit einer Stringregion in fw_full/fw_venuse/fw_vnsa, neben '### Auto set wifi_ssid:%s,wifi_key:%s') -- NICHT die Daten des Nutzers; das Geraet hatte nie WLAN eingerichtet. Puffer ist ohne Authentifizierung les- UND beschreibbar. OFFEN: ob nach eingerichtetem WLAN die echten Zugangsdaten hier stehen -- dann erneut pruefen. Siehe security/WLAN_Credentials_ueber_Modbus_41500.md | LIVE-SCAN 2026-08-22: lesbar, Wert redigiert"
41514,wifi_cred_buf_14,frueher: schedule_time_14,,FC06/FC10-Write (Write-Handler),,,,,,,,,,0x20014DDE,hoch,,,,,,,,,,,,,,,,"READ/WRITE. WLAN-Zugangsdaten-Puffer Byte 28-29 | NAME KORRIGIERT 2026-08-22: KEIN Zeitplan-Register. Der Lesezweig (Write_Handler LAB_080522b2, Zeile 151) liest ein 32-Byte-Array bei DAT_080525C8 -> SRAM 0x20014DCC. Diese Adresse wird von WiFi_Set_Credentials (0x0800FEAE ff.) und Quectel_WiFi_QueryConnectionState beschrieben. Der Live-Scan 2026-08-22 lieferte die FEST IN DER FIRMWARE HINTERLEGTEN Werksvorgaben (byte-identisch mit einer Stringregion in fw_full/fw_venuse/fw_vnsa, neben '### Auto set wifi_ssid:%s,wifi_key:%s') -- NICHT die Daten des Nutzers; das Geraet hatte nie WLAN eingerichtet. Puffer ist ohne Authentifizierung les- UND beschreibbar. OFFEN: ob nach eingerichtetem WLAN die echten Zugangsdaten hier stehen -- dann erneut pruefen. Siehe security/WLAN_Credentials_ueber_Modbus_41500.md | LIVE-SCAN 2026-08-22: lesbar, Wert redigiert"
41515,wifi_cred_buf_15,frueher: schedule_time_15,,FC06/FC10-Write (Write-Handler),,,,,,,,,,0x20014DE0,hoch,,,,,,,,,,,,,,,,"READ/WRITE. WLAN-Zugangsdaten-Puffer Byte 30-31 | NAME KORRIGIERT 2026-08-22: KEIN Zeitplan-Register. Der Lesezweig (Write_Handler LAB_080522b2, Zeile 151) liest ein 32-Byte-Array bei DAT_080525C8 -> SRAM 0x20014DCC. Diese Adresse wird von WiFi_Set_Credentials (0x0800FEAE ff.) und Quectel_WiFi_QueryConnectionState beschrieben. Der Live-Scan 2026-08-22 lieferte die FEST IN DER FIRMWARE HINTERLEGTEN Werksvorgaben (byte-identisch mit einer Stringregion in fw_full/fw_venuse/fw_vnsa, neben '### Auto set wifi_ssid:%s,wifi_key:%s') -- NICHT die Daten des Nutzers; das Geraet hatte nie WLAN eingerichtet. Puffer ist ohne Authentifizierung les- UND beschreibbar. OFFEN: ob nach eingerichtetem WLAN die echten Zugangsdaten hier stehen -- dann erneut pruefen. Siehe security/WLAN_Credentials_ueber_Modbus_41500.md | LIVE-SCAN 2026-08-22: lesbar, Wert redigiert"
41600,schedule_power_00,,,FC06/FC10-Write (Write-Handler),,,,,,,,,,0x20014DE2,write-handler,,,,,0,,,,,,,0,0,1,1,"WRITE/Config. Zeitplan-Leistung Index 0 | SRAM-Ziel 0x20014DE2 | Werte: u16 Wert | Write-Only: Nein | LIVE-SCAN 2026-08-22: lesbar, Wert 0 (0x0000)"
41601,schedule_power_01,,,FC06/FC10-Write (Write-Handler),,,,,,,,,,0x20014DE4,write-handler,,,,,0,,,,,,,0,0,1,1,"WRITE/Config. Zeitplan-Leistung Index 1 | SRAM-Ziel 0x20014DE4 | Werte: u16 Wert | Write-Only: Nein | LIVE-SCAN 2026-08-22: lesbar, Wert 0 (0x0000)"
41602,schedule_power_02,,,FC06/FC10-Write (Write-Handler),,,,,,,,,,0x20014DE6,write-handler,,,,,0,,,,,,,0,0,1,1,"WRITE/Config. Zeitplan-Leistung Index 2 | SRAM-Ziel 0x20014DE6 | Werte: u16 Wert | Write-Only: Nein | LIVE-SCAN 2026-08-22: lesbar, Wert 0 (0x0000)"
41603,schedule_power_03,,,FC06/FC10-Write (Write-Handler),,,,,,,,,,0x20014DE8,write-handler,,,,,0,,,,,,,0,0,1,1,"WRITE/Config. Zeitplan-Leistung Index 3 | SRAM-Ziel 0x20014DE8 | Werte: u16 Wert | Write-Only: Nein | LIVE-SCAN 2026-08-22: lesbar, Wert 0 (0x0000)"
41604,schedule_power_04,,,FC06/FC10-Write (Write-Handler),,,,,,,,,,0x20014DEA,write-handler,,,,,0,,,,,,,0,0,1,1,"WRITE/Config. Zeitplan-Leistung Index 4 | SRAM-Ziel 0x20014DEA | Werte: u16 Wert | Write-Only: Nein | LIVE-SCAN 2026-08-22: lesbar, Wert 0 (0x0000)"
41605,schedule_power_05,,,FC06/FC10-Write (Write-Handler),,,,,,,,,,0x20014DEC,write-handler,,,,,0,,,,,,,0,0,1,1,"WRITE/Config. Zeitplan-Leistung Index 5 | SRAM-Ziel 0x20014DEC | Werte: u16 Wert | Write-Only: Nein | LIVE-SCAN 2026-08-22: lesbar, Wert 0 (0x0000)"
41606,schedule_power_06,,,FC06/FC10-Write (Write-Handler),,,,,,,,,,0x20014DEE,write-handler,,,,,0,,,,,,,0,0,1,1,"WRITE/Config. Zeitplan-Leistung Index 6 | SRAM-Ziel 0x20014DEE | Werte: u16 Wert | Write-Only: Nein | LIVE-SCAN 2026-08-22: lesbar, Wert 0 (0x0000)"
41607,schedule_power_07,,,FC06/FC10-Write (Write-Handler),,,,,,,,,,0x20014DF0,write-handler,,,,,0,,,,,,,0,0,1,1,"WRITE/Config. Zeitplan-Leistung Index 7 | SRAM-Ziel 0x20014DF0 | Werte: u16 Wert | Write-Only: Nein | LIVE-SCAN 2026-08-22: lesbar, Wert 0 (0x0000)"
41608,schedule_power_08,,,FC06/FC10-Write (Write-Handler),,,,,,,,,,0x20014DF2,write-handler,,,,,0,,,,,,,0,0,1,1,"WRITE/Config. Zeitplan-Leistung Index 8 | SRAM-Ziel 0x20014DF2 | Werte: u16 Wert | Write-Only: Nein | LIVE-SCAN 2026-08-22: lesbar, Wert 0 (0x0000)"
41609,schedule_power_09,,,FC06/FC10-Write (Write-Handler),,,,,,,,,,0x20014DF4,write-handler,,,,,0,,,,,,,0,0,1,1,"WRITE/Config. Zeitplan-Leistung Index 9 | SRAM-Ziel 0x20014DF4 | Werte: u16 Wert | Write-Only: Nein | LIVE-SCAN 2026-08-22: lesbar, Wert 0 (0x0000)"
41610,schedule_power_10,,,FC06/FC10-Write (Write-Handler),,,,,,,,,,0x20014DF6,write-handler,,,,,0,,,,,,,0,0,1,1,"WRITE/Config. Zeitplan-Leistung Index 10 | SRAM-Ziel 0x20014DF6 | Werte: u16 Wert | Write-Only: Nein | LIVE-SCAN 2026-08-22: lesbar, Wert 0 (0x0000)"
41611,schedule_power_11,,,FC06/FC10-Write (Write-Handler),,,,,,,,,,0x20014DF8,write-handler,,,,,0,,,,,,,0,0,1,1,"WRITE/Config. Zeitplan-Leistung Index 11 | SRAM-Ziel 0x20014DF8 | Werte: u16 Wert | Write-Only: Nein | LIVE-SCAN 2026-08-22: lesbar, Wert 0 (0x0000)"
41612,schedule_power_12,,,FC06/FC10-Write (Write-Handler),,,,,,,,,,0x20014DFA,write-handler,,,,,0,,,,,,,0,0,1,1,"WRITE/Config. Zeitplan-Leistung Index 12 | SRAM-Ziel 0x20014DFA | Werte: u16 Wert | Write-Only: Nein | LIVE-SCAN 2026-08-22: lesbar, Wert 0 (0x0000)"
41613,schedule_power_13,,,FC06/FC10-Write (Write-Handler),,,,,,,,,,0x20014DFC,write-handler,,,,,0,,,,,,,0,0,1,1,"WRITE/Config. Zeitplan-Leistung Index 13 | SRAM-Ziel 0x20014DFC | Werte: u16 Wert | Write-Only: Nein | LIVE-SCAN 2026-08-22: lesbar, Wert 0 (0x0000)"
41614,schedule_power_14,,,FC06/FC10-Write (Write-Handler),,,,,,,,,,0x20014DFE,write-handler,,,,,0,,,,,,,0,0,1,1,"WRITE/Config. Zeitplan-Leistung Index 14 | SRAM-Ziel 0x20014DFE | Werte: u16 Wert | Write-Only: Nein | LIVE-SCAN 2026-08-22: lesbar, Wert 0 (0x0000)"
41615,schedule_power_15,,,FC06/FC10-Write (Write-Handler),,,,,,,,,,0x20014E00,write-handler,,,,,0,,,,,,,0,0,1,1,"WRITE/Config. Zeitplan-Leistung Index 15 | SRAM-Ziel 0x20014E00 | Werte: u16 Wert | Write-Only: Nein | LIVE-SCAN 2026-08-22: lesbar, Wert 0 (0x0000)"
41616,schedule_power_16,,,FC06/FC10-Write (Write-Handler),,,,,,,,,,0x20014E02,write-handler,,,,,0,,,,,,,0,0,1,1,"WRITE/Config. Zeitplan-Leistung Index 16 | SRAM-Ziel 0x20014E02 | Werte: u16 Wert | Write-Only: Nein | LIVE-SCAN 2026-08-22: lesbar, Wert 0 (0x0000)"
41617,schedule_power_17,,,FC06/FC10-Write (Write-Handler),,,,,,,,,,0x20014E04,write-handler,,,,,0,,,,,,,0,0,1,1,"WRITE/Config. Zeitplan-Leistung Index 17 | SRAM-Ziel 0x20014E04 | Werte: u16 Wert | Write-Only: Nein | LIVE-SCAN 2026-08-22: lesbar, Wert 0 (0x0000)"
41618,schedule_power_18,,,FC06/FC10-Write (Write-Handler),,,,,,,,,,0x20014E06,write-handler,,,,,0,,,,,,,0,0,1,1,"WRITE/Config. Zeitplan-Leistung Index 18 | SRAM-Ziel 0x20014E06 | Werte: u16 Wert | Write-Only: Nein | LIVE-SCAN 2026-08-22: lesbar, Wert 0 (0x0000)"
41619,schedule_power_19,,,FC06/FC10-Write (Write-Handler),,,,,,,,,,0x20014E08,write-handler,,,,,0,,,,,,,0,0,1,1,"WRITE/Config. Zeitplan-Leistung Index 19 | SRAM-Ziel 0x20014E08 | Werte: u16 Wert | Write-Only: Nein | LIVE-SCAN 2026-08-22: lesbar, Wert 0 (0x0000)"
41620,schedule_power_20,,,FC06/FC10-Write (Write-Handler),,,,,,,,,,0x20014E0A,write-handler,,,,,0,,,,,,,0,0,1,1,"WRITE/Config. Zeitplan-Leistung Index 20 | SRAM-Ziel 0x20014E0A | Werte: u16 Wert | Write-Only: Nein | LIVE-SCAN 2026-08-22: lesbar, Wert 0 (0x0000)"
41621,schedule_power_21,,,FC06/FC10-Write (Write-Handler),,,,,,,,,,0x20014E0C,write-handler,,,,,0,,,,,,,0,0,1,1,"WRITE/Config. Zeitplan-Leistung Index 21 | SRAM-Ziel 0x20014E0C | Werte: u16 Wert | Write-Only: Nein | LIVE-SCAN 2026-08-22: lesbar, Wert 0 (0x0000)"
41622,schedule_power_22,,,FC06/FC10-Write (Write-Handler),,,,,,,,,,0x20014E0E,write-handler,,,,,0,,,,,,,0,0,1,1,"WRITE/Config. Zeitplan-Leistung Index 22 | SRAM-Ziel 0x20014E0E | Werte: u16 Wert | Write-Only: Nein | LIVE-SCAN 2026-08-22: lesbar, Wert 0 (0x0000)"
41623,schedule_power_23,,,FC06/FC10-Write (Write-Handler),,,,,,,,,,0x20014E10,write-handler,,,,,0,,,,,,,0,0,1,1,"WRITE/Config. Zeitplan-Leistung Index 23 | SRAM-Ziel 0x20014E10 | Werte: u16 Wert | Write-Only: Nein | LIVE-SCAN 2026-08-22: lesbar, Wert 0 (0x0000)"
41624,schedule_power_24,,,FC06/FC10-Write (Write-Handler),,,,,,,,,,0x20014E12,write-handler,,,,,0,,,,,,,0,0,1,1,"WRITE/Config. Zeitplan-Leistung Index 24 | SRAM-Ziel 0x20014E12 | Werte: u16 Wert | Write-Only: Nein | LIVE-SCAN 2026-08-22: lesbar, Wert 0 (0x0000)"
41625,schedule_power_25,,,FC06/FC10-Write (Write-Handler),,,,,,,,,,0x20014E14,write-handler,,,,,0,,,,,,,0,0,1,1,"WRITE/Config. Zeitplan-Leistung Index 25 | SRAM-Ziel 0x20014E14 | Werte: u16 Wert | Write-Only: Nein | LIVE-SCAN 2026-08-22: lesbar, Wert 0 (0x0000)"
41626,schedule_power_26,,,FC06/FC10-Write (Write-Handler),,,,,,,,,,0x20014E16,write-handler,,,,,0,,,,,,,0,0,1,1,"WRITE/Config. Zeitplan-Leistung Index 26 | SRAM-Ziel 0x20014E16 | Werte: u16 Wert | Write-Only: Nein | LIVE-SCAN 2026-08-22: lesbar, Wert 0 (0x0000)"
41627,schedule_power_27,,,FC06/FC10-Write (Write-Handler),,,,,,,,,,0x20014E18,write-handler,,,,,0,,,,,,,0,0,1,1,"WRITE/Config. Zeitplan-Leistung Index 27 | SRAM-Ziel 0x20014E18 | Werte: u16 Wert | Write-Only: Nein | LIVE-SCAN 2026-08-22: lesbar, Wert 0 (0x0000)"
41628,schedule_power_28,,,FC06/FC10-Write (Write-Handler),,,,,,,,,,0x20014E1A,write-handler,,,,,0,,,,,,,0,0,1,1,"WRITE/Config. Zeitplan-Leistung Index 28 | SRAM-Ziel 0x20014E1A | Werte: u16 Wert | Write-Only: Nein | LIVE-SCAN 2026-08-22: lesbar, Wert 0 (0x0000)"
41629,schedule_power_29,,,FC06/FC10-Write (Write-Handler),,,,,,,,,,0x20014E1C,write-handler,,,,,0,,,,,,,0,0,1,1,"WRITE/Config. Zeitplan-Leistung Index 29 | SRAM-Ziel 0x20014E1C | Werte: u16 Wert | Write-Only: Nein | LIVE-SCAN 2026-08-22: lesbar, Wert 0 (0x0000)"
41630,schedule_power_30,,,FC06/FC10-Write (Write-Handler),,,,,,,,,,0x20014E1E,write-handler,,,,,0,,,,,,,0,0,1,1,"WRITE/Config. Zeitplan-Leistung Index 30 | SRAM-Ziel 0x20014E1E | Werte: u16 Wert | Write-Only: Nein | LIVE-SCAN 2026-08-22: lesbar, Wert 0 (0x0000)"
41631,schedule_power_31,,,FC06/FC10-Write (Write-Handler),,,,,,,,,,0x20014E20,write-handler,,,,,0,,,,,,,0,0,1,1,"WRITE/Config. Zeitplan-Leistung Index 31 (letzter) | SRAM-Ziel 0x20014E20 | Werte: u16 Wert | Write-Only: Nein | LIVE-SCAN 2026-08-22: lesbar, Wert 0 (0x0000)"
42000,update_mode_status,rs485_control_mode,-,FC06/FC10-Write (Write-Handler),uint16,,,,,,,,,0x20014CFD,write-handler,,,,,21947,,21930,21947,21947,,,0,21947,1220,15,"WRITE/Config. Update/Modus-Status (lesen und schreiben) | SRAM-Ziel 0x20014CFD | Werte: 0x55AA=Modus auf 0x0A setzen | Write-Only: Nein | LIVE-SCAN 2026-08-22: lesbar, Wert 21930 (0x55AA)"
42010,force_mode,force_mode,-,FC06/FC10-Write (Write-Handler),uint16,,,,,,,,,0x20000349,write-handler,,,2,1,0,1,2,0,0,0,0,0,2,1437,27,"WRITE/Config. Lade-/Entlade-Zwangsmodus | SRAM-Ziel 0x20000349 | Werte: 0=keine Vorgabe | Write-Only: Nein | LIVE-SCAN 2026-08-22: lesbar, Wert 1 (0x0001)"
42011,charge_target_soc,charge_to_soc,%,FC06/FC10-Write (Write-Handler),uint16,,,,,,,,,0x2000034A,write-handler,,,0,0,0,0,0,0,0,0,0,0,0,1433,27,"WRITE/Config. Lade-Ziel-SOC in Prozent | SRAM-Ziel 0x2000034A | Werte: 13-100 (%) | Write-Only: Nein. Verifiziert 2026-08-22 am Geraet: Setzen auf 70 loest sofort eine Entladung aus, die bei SoC 70 stoppt - also eine Zielgrenze, kein Entladeboden. NICHT verwechseln mit der Backup-Reserve (SRAM 0x2000012C, EEPROM 0x201, nur ueber MQTT/BLE/Textkonsole setzbar, kein Modbus-Register). Siehe Register_Persistenz_RAM_vs_EEPROM_v150.md, Nachtrag. | LIVE-SCAN 2026-08-22: lesbar, Wert 100 (0x0064)"
42020,charge_power_limit,set_charge_power,W,FC06/FC10-Write (Write-Handler),uint16,,,,,,,,,0x2000034C,write-handler,,,0,2200,0,2,0,0,0,,,0,2500,1322,22,"WRITE/Config. Lade-Leistungsvorgabe | SRAM-Ziel 0x2000034C | Werte: 0-2500 (W) | Write-Only: Nein | NAME KORRIGIERT 2026-08-22 (war vertauscht): Write_Handler Zeile - ruft SRAM 0x2000034C (charge_power_limit laut FW-Kopfkommentar [KORR.]) auf. Der Micro-Dispatcher (EMS_Inverter_CAN_Dispatcher 0x08001940) belegt CAN-Funktionscode 0x03 = MaxDischargePower und 0x04 = MaxChargePower. Unabhaengig live bestaetigt: bei eingestellter LADEleistung 1250 W lieferte 42020 den Wert 1250. | LIVE-SCAN 2026-08-22: lesbar, Wert 1250 (0x04E2)"
42021,discharge_power_limit,set_discharge_power,W,FC06/FC10-Write (Write-Handler),uint16,,,,,,,,,0x2000034E,write-handler,,,,,0,,2200,0,0,,,0,2500,1264,19,"WRITE/Config. Entlade-Leistungsvorgabe | SRAM-Ziel 0x2000034E | Werte: 0-2500 (W) | Write-Only: Nein | NAME KORRIGIERT 2026-08-22 (war vertauscht): Write_Handler Zeile - ruft SRAM 0x2000034E (discharge_power_limit laut FW-Kopfkommentar) auf. Der Micro-Dispatcher (EMS_Inverter_CAN_Dispatcher 0x08001940) belegt CAN-Funktionscode 0x03 = MaxDischargePower und 0x04 = MaxChargePower. Unabhaengig live bestaetigt: bei eingestellter LADEleistung 1250 W lieferte 42020 den Wert 1250. | LIVE-SCAN 2026-08-22: lesbar, Wert 100 (0x0064)"
43000,work_mode,user_work_mode,-,FC06/FC10-Write (Write-Handler),uint16,,,,,,,,,0x20014CFD,write-handler,,,1,0,0,0,1,0,0,,,0,1,1320,21,"WRITE/Config. Betriebsmodus / Inverter-Modus | SRAM-Ziel 0x20014CFD | Werte: 0=Eigenverbrauch (intern 0x01) | Write-Only: Nein | LIVE-SCAN 2026-08-22: lesbar, Wert 1 (0x0001)"
43100,slot1_days,schedule_1_days,-,FC06/FC10-Write (Write-Handler),uint16,,,,,,,,,0x20014CFE,write-handler,,,,,127,,127,127,127,,,0,127,1220,15,"WRITE/Config. Zeitplan Slot 1 — Tage/Typ | SRAM-Ziel 0x20014CFE | Werte: Byte-Wert (Wochentag-Bitmask o.ae.) | Write-Only: Nein | LIVE-SCAN 2026-08-22: lesbar, Wert 0 (0x0000)"
43101,slot1_start_time,schedule_1_start,min,FC06/FC10-Write (Write-Handler),uint,,,,,,,,,0x20014D02,write-handler,,,0,0,0,1,0,0,0,,,0,1,1319,21,"WRITE/Config. Zeitplan Slot 1 — Startzeit | SRAM-Ziel 0x20014D02 | Werte: HHMM-Format: z.B. 0800=08:00 (HH<24 und MM<60) | Write-Only: Nein | LIVE-SCAN 2026-08-22: lesbar, Wert 0 (0x0000)"
43102,slot1_end_time,schedule_1_end,-,FC06/FC10-Write (Write-Handler),uint16,,,,,,,,,0x20014D04,write-handler,,,,,2359,,0,0,2359,,,0,2359,1219,15,"WRITE/Config. Zeitplan Slot 1 — Endzeit | SRAM-Ziel 0x20014D04 | Werte: HHMM-Format: z.B. 2300=23:00 (HH<24 und MM<60) | Write-Only: Nein | LIVE-SCAN 2026-08-22: lesbar, Wert 0 (0x0000)"
43103,slot1_power,schedule_1_power,W,FC06/FC10-Write (Write-Handler),uint16,,,,,,,,,0x20014D00,write-handler,,,,,2500,,2200,2200,65036,,,0,65036,1219,15,"WRITE/Config. Zeitplan Slot 1 — Leistung | SRAM-Ziel 0x20014D00 | Werte: -2500 bis +2500 (W, negativ=Laden) | Write-Only: Nein | LIVE-SCAN 2026-08-22: lesbar, Wert 0 (0x0000)"
43104,slot1_enable,schedule_1_active,-,FC06/FC10-Write (Write-Handler),uint16,,,,,,,,,0x20014CFF,write-handler,,,,,0,,0,0,1,,,0,1,1219,15,"WRITE/Config. Zeitplan Slot 1 — Aktivierung | SRAM-Ziel 0x20014CFF | Werte: 0=deaktiviert | Write-Only: Nein | LIVE-SCAN 2026-08-22: lesbar, Wert 0 (0x0000)"
43105,slot2_days,schedule_2_days,-,FC06/FC10-Write (Write-Handler),bit,,,,,,,,,0x20014D08,write-handler,,,0,0,0,0,0,0,0,,,0,0,1319,21,"WRITE/Config. Zeitplan Slot 2 — Tage/Typ | SRAM-Ziel 0x20014D08 | Werte: Byte-Wert | Write-Only: Nein | LIVE-SCAN 2026-08-22: lesbar, Wert 0 (0x0000)"
43106,slot2_start_time,schedule_2_start,min,FC06/FC10-Write (Write-Handler),uint,,,,,,,,,0x20014D0C,write-handler,,,0,0,0,0,0,0,0,,,0,0,1315,21,"WRITE/Config. Zeitplan Slot 2 — Startzeit | SRAM-Ziel 0x20014D0C | Werte: HHMM-Format | Write-Only: Nein | LIVE-SCAN 2026-08-22: lesbar, Wert 0 (0x0000)"
43107,slot2_end_time,schedule_2_end,min,FC06/FC10-Write (Write-Handler),uint,,,,,,,,,0x20014D0E,write-handler,,,0,0,0,0,0,0,0,,,0,0,1315,21,"WRITE/Config. Zeitplan Slot 2 — Endzeit | SRAM-Ziel 0x20014D0E | Werte: HHMM-Format | Write-Only: Nein | LIVE-SCAN 2026-08-22: lesbar, Wert 0 (0x0000)"
43108,slot2_power,schedule_2_mode,W,FC06/FC10-Write (Write-Handler),int16,,,,,,,,,0x20014D0A,write-handler,,,0,0,0,0,0,0,0,,,0,0,1315,21,"WRITE/Config. Zeitplan Slot 2 — Leistung | SRAM-Ziel 0x20014D0A | Werte: -2500 bis +2500 W | Write-Only: Nein | LIVE-SCAN 2026-08-22: lesbar, Wert 0 (0x0000)"
43109,slot2_enable,schedule_2_enabled,-,FC06/FC10-Write (Write-Handler),uint,,,,,,,,,0x20014D09,write-handler,,,0,0,0,0,0,0,0,,,0,0,1315,21,"WRITE/Config. Zeitplan Slot 2 — Aktivierung | SRAM-Ziel 0x20014D09 | Werte: 0=deaktiviert | Write-Only: Nein | LIVE-SCAN 2026-08-22: lesbar, Wert 0 (0x0000)"
43110,slot3_days,schedule_3_days,-,FC06/FC10-Write (Write-Handler),bit,,,,,,,,,0x20014D12,write-handler,,,0,0,0,0,0,0,0,,,0,0,1315,21,"WRITE/Config. Zeitplan Slot 3 — Tage/Typ | SRAM-Ziel 0x20014D12 | Werte: Byte-Wert | Write-Only: Nein | LIVE-SCAN 2026-08-22: lesbar, Wert 0 (0x0000)"
43111,slot3_start_time,schedule_3_start,min,FC06/FC10-Write (Write-Handler),uint,,,,,,,,,0x20014D16,write-handler,,,0,0,0,0,0,0,0,,,0,0,1315,21,"WRITE/Config. Zeitplan Slot 3 — Startzeit | SRAM-Ziel 0x20014D16 | Werte: HHMM-Format | Write-Only: Nein | LIVE-SCAN 2026-08-22: lesbar, Wert 0 (0x0000)"
43112,slot3_end_time,schedule_3_end,min,FC06/FC10-Write (Write-Handler),uint,,,,,,,,,0x20014D18,write-handler,,,0,0,0,0,0,0,0,,,0,0,1315,21,"WRITE/Config. Zeitplan Slot 3 — Endzeit | SRAM-Ziel 0x20014D18 | Werte: HHMM-Format | Write-Only: Nein | LIVE-SCAN 2026-08-22: lesbar, Wert 0 (0x0000)"
43113,slot3_power,schedule_3_mode,W,FC06/FC10-Write (Write-Handler),int16,,,,,,,,,0x20014D14,write-handler,,,0,0,0,0,0,0,0,,,0,0,1315,21,"WRITE/Config. Zeitplan Slot 3 — Leistung | SRAM-Ziel 0x20014D14 | Werte: -2500 bis +2500 W | Write-Only: Nein | LIVE-SCAN 2026-08-22: lesbar, Wert 0 (0x0000)"
43114,slot3_enable,schedule_3_enabled,-,FC06/FC10-Write (Write-Handler),uint,,,,,,,,,0x20014D13,write-handler,,,0,0,0,0,0,0,0,,,0,0,1315,21,"WRITE/Config. Zeitplan Slot 3 — Aktivierung | SRAM-Ziel 0x20014D13 | Werte: 0=deaktiviert | Write-Only: Nein | LIVE-SCAN 2026-08-22: lesbar, Wert 0 (0x0000)"
43115,slot4_days,schedule_4_days,-,FC06/FC10-Write (Write-Handler),bit,,,,,,,,,0x20014D1C,write-handler,,,0,0,0,0,0,0,0,,,0,0,1315,21,"WRITE/Config. Zeitplan Slot 4 — Tage/Typ | SRAM-Ziel 0x20014D1C | Werte: Byte-Wert | Write-Only: Nein | LIVE-SCAN 2026-08-22: lesbar, Wert 0 (0x0000)"
43116,slot4_start_time,schedule_4_start,min,FC06/FC10-Write (Write-Handler),uint,,,,,,,,,0x20014D20,write-handler,,,0,0,0,0,0,0,0,,,0,0,1315,21,"WRITE/Config. Zeitplan Slot 4 — Startzeit | SRAM-Ziel 0x20014D20 | Werte: HHMM-Format | Write-Only: Nein | LIVE-SCAN 2026-08-22: lesbar, Wert 0 (0x0000)"
43117,slot4_end_time,schedule_4_end,min,FC06/FC10-Write (Write-Handler),uint,,,,,,,,,0x20014D22,write-handler,,,0,0,0,0,0,0,0,,,0,0,1315,21,"WRITE/Config. Zeitplan Slot 4 — Endzeit | SRAM-Ziel 0x20014D22 | Werte: HHMM-Format | Write-Only: Nein | LIVE-SCAN 2026-08-22: lesbar, Wert 0 (0x0000)"
43118,slot4_power,schedule_4_mode,W,FC06/FC10-Write (Write-Handler),int16,,,,,,,,,0x20014D1E,write-handler,,,0,0,0,0,0,0,0,,,0,0,1315,21,"WRITE/Config. Zeitplan Slot 4 — Leistung | SRAM-Ziel 0x20014D1E | Werte: -2500 bis +2500 W | Write-Only: Nein | LIVE-SCAN 2026-08-22: lesbar, Wert 0 (0x0000)"
43119,slot4_enable,schedule_4_enabled,-,FC06/FC10-Write (Write-Handler),uint,,,,,,,,,0x20014D1D,write-handler,,,0,0,0,0,0,0,0,,,0,0,1315,21,"WRITE/Config. Zeitplan Slot 4 — Aktivierung | SRAM-Ziel 0x20014D1D | Werte: 0=deaktiviert | Write-Only: Nein | LIVE-SCAN 2026-08-22: lesbar, Wert 0 (0x0000)"
43120,slot5_days,schedule_5_days,-,FC06/FC10-Write (Write-Handler),bit,,,,,,,,,0x20014D26,write-handler,,,0,0,0,0,0,0,0,,,0,0,1315,21,"WRITE/Config. Zeitplan Slot 5 — Tage/Typ | SRAM-Ziel 0x20014D26 | Werte: Byte-Wert | Write-Only: Nein | LIVE-SCAN 2026-08-22: lesbar, Wert 0 (0x0000)"
43121,slot5_start_time,schedule_5_start,min,FC06/FC10-Write (Write-Handler),uint,,,,,,,,,0x20014D2A,write-handler,,,0,0,0,0,0,0,0,,,0,0,1315,21,"WRITE/Config. Zeitplan Slot 5 — Startzeit | SRAM-Ziel 0x20014D2A | Werte: HHMM-Format | Write-Only: Nein | LIVE-SCAN 2026-08-22: lesbar, Wert 0 (0x0000)"
43122,slot5_end_time,schedule_5_end,min,FC06/FC10-Write (Write-Handler),uint,,,,,,,,,0x20014D2C,write-handler,,,0,0,0,0,0,0,0,,,0,0,1315,21,"WRITE/Config. Zeitplan Slot 5 — Endzeit | SRAM-Ziel 0x20014D2C | Werte: HHMM-Format | Write-Only: Nein | LIVE-SCAN 2026-08-22: lesbar, Wert 0 (0x0000)"
43123,slot5_power,schedule_5_mode,W,FC06/FC10-Write (Write-Handler),int16,,,,,,,,,0x20014D28,write-handler,,,0,0,0,0,0,0,0,,,0,0,1315,21,"WRITE/Config. Zeitplan Slot 5 — Leistung | SRAM-Ziel 0x20014D28 | Werte: -2500 bis +2500 W | Write-Only: Nein | LIVE-SCAN 2026-08-22: lesbar, Wert 0 (0x0000)"
43124,slot5_enable,schedule_5_enabled,-,FC06/FC10-Write (Write-Handler),uint,,,,,,,,,0x20014D27,write-handler,,,0,0,0,0,0,0,0,,,0,0,1315,21,"WRITE/Config. Zeitplan Slot 5 — Aktivierung | SRAM-Ziel 0x20014D27 | Werte: 0=deaktiviert | Write-Only: Nein | LIVE-SCAN 2026-08-22: lesbar, Wert 0 (0x0000)"
43125,slot6_days,schedule_6_days,-,FC06/FC10-Write (Write-Handler),bit,,,,,,,,,0x20014D30,write-handler,,,0,0,0,0,0,0,0,,,0,0,1315,21,"WRITE/Config. Zeitplan Slot 6 — Tage/Typ | SRAM-Ziel 0x20014D30 | Werte: Byte-Wert | Write-Only: Nein | LIVE-SCAN 2026-08-22: lesbar, Wert 0 (0x0000)"
43126,slot6_start_time,schedule_6_start,min,FC06/FC10-Write (Write-Handler),uint,,,,,,,,,0x20014D34,write-handler,,,0,0,0,0,0,0,0,,,0,0,1315,21,"WRITE/Config. Zeitplan Slot 6 — Startzeit | SRAM-Ziel 0x20014D34 | Werte: HHMM-Format | Write-Only: Nein | LIVE-SCAN 2026-08-22: lesbar, Wert 0 (0x0000)"
43127,slot6_end_time,schedule_6_end,min,FC06/FC10-Write (Write-Handler),uint,,,,,,,,,0x20014D36,write-handler,,,0,0,0,0,0,0,0,,,0,0,1315,21,"WRITE/Config. Zeitplan Slot 6 — Endzeit | SRAM-Ziel 0x20014D36 | Werte: HHMM-Format | Write-Only: Nein | LIVE-SCAN 2026-08-22: lesbar, Wert 0 (0x0000)"
43128,slot6_power,schedule_6_mode,W,FC06/FC10-Write (Write-Handler),int16,,,,,,,,,0x20014D32,write-handler,,,0,0,0,0,0,0,0,,,0,0,1315,21,"WRITE/Config. Zeitplan Slot 6 — Leistung | SRAM-Ziel 0x20014D32 | Werte: -2500 bis +2500 W | Write-Only: Nein | LIVE-SCAN 2026-08-22: lesbar, Wert 0 (0x0000)"
43129,slot6_enable,schedule_6_enabled,-,FC06/FC10-Write (Write-Handler),uint,,,,,,,,,0x20014D31,write-handler,,,0,0,0,0,0,0,0,,,0,0,1315,21,"WRITE/Config. Zeitplan Slot 6 — Aktivierung | SRAM-Ziel 0x20014D31 | Werte: 0=deaktiviert | Write-Only: Nein | LIVE-SCAN 2026-08-22: lesbar, Wert 0 (0x0000)"
44002,max_charge_power,max_charge_power,W,FC06/FC10-Write (Write-Handler),uint16,,,,,,,,,0x20000156,write-handler,,,0,0,0,0,0,0,0,0,0,0,127,1438,27,"WRITE/Config. Maximale Ladeleistung | SRAM-Ziel 0x20000156 | Werte: 0-2500 (W) | Write-Only: Nein | NAME KORRIGIERT 2026-08-22 (war vertauscht): Write_Handler Zeile 560 ruft Inverter_Write_Reg_0x04_U32Value (CAN 0x04) + Config_Write_U16_0x202 auf. Der Micro-Dispatcher (EMS_Inverter_CAN_Dispatcher 0x08001940) belegt CAN-Funktionscode 0x03 = MaxDischargePower und 0x04 = MaxChargePower. Unabhaengig live bestaetigt: bei eingestellter LADEleistung 1250 W lieferte 42020 den Wert 1250. | LESEWERT IST EIN RAM-SPIEGEL: Der Lesezweig gibt DAT_080529bc zurueck, das nur beim Modbus-SCHREIBEN gesetzt wird. Nach einem Geraeteneustart steht dort 0, obwohl im EEPROM (0x202 bzw. 0x204) noch der echte Grenzwert liegt. Das erklaert, warum die Werte in der Integration nach jedem Neustart auf 0 stehen. | LIVE-SCAN 2026-08-22: lesbar, Wert 0 (0x0000)"
44003,max_discharge_power,max_discharge_power,W,FC06/FC10-Write (Write-Handler),uint16,,,,,,,,,0x20000158,write-handler,,,0,0,0,0,0,0,0,0,0,0,0,1437,27,"WRITE/Config. Maximale Entladeleistung | SRAM-Ziel 0x20000158 | Werte: 0-2500 (W) | Write-Only: Nein | NAME KORRIGIERT 2026-08-22 (war vertauscht): Write_Handler Zeile 575 ruft Inverter_Write_Reg_0x03_U32Value (CAN 0x03) + Config_Write_U16 auf. Der Micro-Dispatcher (EMS_Inverter_CAN_Dispatcher 0x08001940) belegt CAN-Funktionscode 0x03 = MaxDischargePower und 0x04 = MaxChargePower. Unabhaengig live bestaetigt: bei eingestellter LADEleistung 1250 W lieferte 42020 den Wert 1250. | LESEWERT IST EIN RAM-SPIEGEL: Der Lesezweig gibt DAT_080529bc zurueck, das nur beim Modbus-SCHREIBEN gesetzt wird. Nach einem Geraeteneustart steht dort 0, obwohl im EEPROM (0x202 bzw. 0x204) noch der echte Grenzwert liegt. Das erklaert, warum die Werte in der Integration nach jedem Neustart auf 0 stehen. | LIVE-SCAN 2026-08-22: lesbar, Wert 2500 (0x09C4)"
45000,cmd_system_control,,,FC06/FC10-Write (Write-Handler),,,,,,,,,,0x200002B4,write-handler,,,,,,,,,,,,,,0,0,"WRITE/Config. System-Steuerkommando | SRAM-Ziel 0x200002B4 | Werte: 0x55EE=Modus A (FUN_08005f94(0)) | Write-Only: Ja | LIVE-SCAN 2026-08-22: Beim Lesen bricht die Modbus-Verbindung ab. Die Liveness-Probe (Register 37012) antwortete unmittelbar danach nicht mehr, ein Reconnect war noetig. NICHT lesen und NICHT in eine Poll-Liste aufnehmen -- genau dieses Verhalten hat die Haenger der Home-Assistant-Integration ausgeloest."
45001,cmd_reset_init,,,FC06/FC10-Write (Write-Handler),,,,,,,,,,—,write-handler,,,,,,,,,,,,,,0,0,"WRITE/Config. System-Reset/Init ausfuehren | SRAM-Ziel — | Werte: beliebiger Wert (Kommando wird sofort ausgefuehrt) | Write-Only: Ja | KANN KEINEN WERT LIEFERN (statisch belegt 2026-08-22): Der Lesepfad FC03_Read_Handler (0x0801F06C) -> Write_Handler(buf, reg, param_3=0) endet fuer dieses Register in 'if (param_3 == 0) { return 3; }' (Write_Handler Zeile 607) bzw. in 'if (param_3 != 0) { ...Aktion...; return 0; } return 3;'. Der Rueckgabewert 3 wird vom Read-Handler zu einer Modbus-Exception. Es gibt keinen Zweig, der einen Wert in den Antwortpuffer schreibt. Gegenprobe: in keinem der 30 Scan-Logs hat dieses Register je geantwortet. NICHT in eine Poll-Liste aufnehmen -- eine Exception im Block-Read reisst die ganze Abfrage mit. | LIVE-SCAN 2026-08-22: Beim Lesen bricht die Modbus-Verbindung ab. Die Liveness-Probe (Register 37012) antwortete unmittelbar danach nicht mehr, ein Reconnect war noetig. NICHT lesen und NICHT in eine Poll-Liste aufnehmen -- genau dieses Verhalten hat die Haenger der Home-Assistant-Integration ausgeloest."
45002,cmd_function_1,,,FC06/FC10-Write (Write-Handler),,,,,,,,,,—,write-handler,,,,,,,,,,,,,,0,0,"WRITE/Config. Steuerfunktion 1 | SRAM-Ziel — | Werte: beliebiger Wert | Write-Only: Ja | KANN KEINEN WERT LIEFERN (statisch belegt 2026-08-22): Der Lesepfad FC03_Read_Handler (0x0801F06C) -> Write_Handler(buf, reg, param_3=0) endet fuer dieses Register in 'if (param_3 == 0) { return 3; }' (Write_Handler Zeile 614) bzw. in 'if (param_3 != 0) { ...Aktion...; return 0; } return 3;'. Der Rueckgabewert 3 wird vom Read-Handler zu einer Modbus-Exception. Es gibt keinen Zweig, der einen Wert in den Antwortpuffer schreibt. Gegenprobe: in keinem der 30 Scan-Logs hat dieses Register je geantwortet. NICHT in eine Poll-Liste aufnehmen -- eine Exception im Block-Read reisst die ganze Abfrage mit. | LIVE-SCAN 2026-08-22: Beim Lesen bricht die Modbus-Verbindung ab. Die Liveness-Probe (Register 37012) antwortete unmittelbar danach nicht mehr, ein Reconnect war noetig. NICHT lesen und NICHT in eine Poll-Liste aufnehmen -- genau dieses Verhalten hat die Haenger der Home-Assistant-Integration ausgeloest."
45003,cmd_function_2,,,FC06/FC10-Write (Write-Handler),,,,,,,,,,—,write-handler,,,,,,,,,,,,,,0,0,"WRITE/Config. Steuerfunktion 2 | SRAM-Ziel — | Werte: beliebiger Wert | Write-Only: Ja | KANN KEINEN WERT LIEFERN (statisch belegt 2026-08-22): Der Lesepfad FC03_Read_Handler (0x0801F06C) -> Write_Handler(buf, reg, param_3=0) endet fuer dieses Register in 'if (param_3 == 0) { return 3; }' (Write_Handler Zeile 620) bzw. in 'if (param_3 != 0) { ...Aktion...; return 0; } return 3;'. Der Rueckgabewert 3 wird vom Read-Handler zu einer Modbus-Exception. Es gibt keinen Zweig, der einen Wert in den Antwortpuffer schreibt. Gegenprobe: in keinem der 30 Scan-Logs hat dieses Register je geantwortet. NICHT in eine Poll-Liste aufnehmen -- eine Exception im Block-Read reisst die ganze Abfrage mit. | LIVE-SCAN 2026-08-22: Beim Lesen bricht die Modbus-Verbindung ab. Die Liveness-Probe (Register 37012) antwortete unmittelbar danach nicht mehr, ein Reconnect war noetig. NICHT lesen und NICHT in eine Poll-Liste aufnehmen -- genau dieses Verhalten hat die Haenger der Home-Assistant-Integration ausgeloest."
45004,cmd_mode_select,,,FC06/FC10-Write (Write-Handler),,,,,,,,,,—,write-handler,,,,,,,,,,,,,,0,0,"WRITE/Config. Modus-Auswahl (3 Modi) | SRAM-Ziel — | Werte: 1=Modus 1 | Write-Only: Ja | KANN KEINEN WERT LIEFERN (statisch belegt 2026-08-22): Der Lesepfad FC03_Read_Handler (0x0801F06C) -> Write_Handler(buf, reg, param_3=0) endet fuer dieses Register in 'if (param_3 == 0) { return 3; }' (Write_Handler Zeile 626) bzw. in 'if (param_3 != 0) { ...Aktion...; return 0; } return 3;'. Der Rueckgabewert 3 wird vom Read-Handler zu einer Modbus-Exception. Es gibt keinen Zweig, der einen Wert in den Antwortpuffer schreibt. Gegenprobe: in keinem der 30 Scan-Logs hat dieses Register je geantwortet. NICHT in eine Poll-Liste aufnehmen -- eine Exception im Block-Read reisst die ganze Abfrage mit. | LIVE-SCAN 2026-08-22: Beim Lesen bricht die Modbus-Verbindung ab. Die Liveness-Probe (Register 37012) antwortete unmittelbar danach nicht mehr, ein Reconnect war noetig. NICHT lesen und NICHT in eine Poll-Liste aufnehmen -- genau dieses Verhalten hat die Haenger der Home-Assistant-Integration ausgeloest."
45005,cmd_function_3,,,FC06/FC10-Write (Write-Handler),,,,,,,,,,—,write-handler,,,,,,,,,,,,,,0,0,"WRITE/Config. Steuerfunktion 3 | SRAM-Ziel — | Werte: beliebiger Wert | Write-Only: Ja | KANN KEINEN WERT LIEFERN (statisch belegt 2026-08-22): Der Lesepfad FC03_Read_Handler (0x0801F06C) -> Write_Handler(buf, reg, param_3=0) endet fuer dieses Register in 'if (param_3 == 0) { return 3; }' (Write_Handler Zeile 643) bzw. in 'if (param_3 != 0) { ...Aktion...; return 0; } return 3;'. Der Rueckgabewert 3 wird vom Read-Handler zu einer Modbus-Exception. Es gibt keinen Zweig, der einen Wert in den Antwortpuffer schreibt. Gegenprobe: in keinem der 30 Scan-Logs hat dieses Register je geantwortet. NICHT in eine Poll-Liste aufnehmen -- eine Exception im Block-Read reisst die ganze Abfrage mit. | LIVE-SCAN 2026-08-22: Beim Lesen bricht die Modbus-Verbindung ab. Die Liveness-Probe (Register 37012) antwortete unmittelbar danach nicht mehr, ein Reconnect war noetig. NICHT lesen und NICHT in eine Poll-Liste aufnehmen -- genau dieses Verhalten hat die Haenger der Home-Assistant-Integration ausgeloest."
45006,cmd_function_4,,,FC06/FC10-Write (Write-Handler),,,,,,,,,,—,write-handler,,,,,,,,,,,,,,0,0,"WRITE/Config. Steuerfunktion 4 | SRAM-Ziel — | Werte: beliebiger Wert | Write-Only: Ja | KANN KEINEN WERT LIEFERN (statisch belegt 2026-08-22): Der Lesepfad FC03_Read_Handler (0x0801F06C) -> Write_Handler(buf, reg, param_3=0) endet fuer dieses Register in 'if (param_3 == 0) { return 3; }' (Write_Handler Zeile 649) bzw. in 'if (param_3 != 0) { ...Aktion...; return 0; } return 3;'. Der Rueckgabewert 3 wird vom Read-Handler zu einer Modbus-Exception. Es gibt keinen Zweig, der einen Wert in den Antwortpuffer schreibt. Gegenprobe: in keinem der 30 Scan-Logs hat dieses Register je geantwortet. NICHT in eine Poll-Liste aufnehmen -- eine Exception im Block-Read reisst die ganze Abfrage mit. | LIVE-SCAN 2026-08-22: Beim Lesen bricht die Modbus-Verbindung ab. Die Liveness-Probe (Register 37012) antwortete unmittelbar danach nicht mehr, ein Reconnect war noetig. NICHT lesen und NICHT in eine Poll-Liste aufnehmen -- genau dieses Verhalten hat die Haenger der Home-Assistant-Integration ausgeloest."
45007,cmd_function_5,,,FC06/FC10-Write (Write-Handler),,,,,,,,,,—,write-handler,,,,,,,,,,,,,,0,0,"WRITE/Config. Steuerfunktion 5 | SRAM-Ziel — | Werte: beliebiger Wert | Write-Only: Ja | KANN KEINEN WERT LIEFERN (statisch belegt 2026-08-22): Der Lesepfad FC03_Read_Handler (0x0801F06C) -> Write_Handler(buf, reg, param_3=0) endet fuer dieses Register in 'if (param_3 == 0) { return 3; }' (Write_Handler Zeile 655) bzw. in 'if (param_3 != 0) { ...Aktion...; return 0; } return 3;'. Der Rueckgabewert 3 wird vom Read-Handler zu einer Modbus-Exception. Es gibt keinen Zweig, der einen Wert in den Antwortpuffer schreibt. Gegenprobe: in keinem der 30 Scan-Logs hat dieses Register je geantwortet. NICHT in eine Poll-Liste aufnehmen -- eine Exception im Block-Read reisst die ganze Abfrage mit. | LIVE-SCAN 2026-08-22: Beim Lesen bricht die Modbus-Verbindung ab. Die Liveness-Probe (Register 37012) antwortete unmittelbar danach nicht mehr, ein Reconnect war noetig. NICHT lesen und NICHT in eine Poll-Liste aufnehmen -- genau dieses Verhalten hat die Haenger der Home-Assistant-Integration ausgeloest."
45008,cmd_set_power_a,,,FC06/FC10-Write (Write-Handler),,,,,,,,,,—,write-handler,,,,,,,,,,,,,,0,0,"WRITE/Config. Leistung setzen (Variante A) | SRAM-Ziel — | Werte: 1-2500 (W positiv) | Write-Only: Ja | KANN KEINEN WERT LIEFERN (statisch belegt 2026-08-22): Der Lesepfad FC03_Read_Handler (0x0801F06C) -> Write_Handler(buf, reg, param_3=0) endet fuer dieses Register in 'if (param_3 == 0) { return 3; }' (Write_Handler Zeile 661) bzw. in 'if (param_3 != 0) { ...Aktion...; return 0; } return 3;'. Der Rueckgabewert 3 wird vom Read-Handler zu einer Modbus-Exception. Es gibt keinen Zweig, der einen Wert in den Antwortpuffer schreibt. Gegenprobe: in keinem der 30 Scan-Logs hat dieses Register je geantwortet. NICHT in eine Poll-Liste aufnehmen -- eine Exception im Block-Read reisst die ganze Abfrage mit. | LIVE-SCAN 2026-08-22: Beim Lesen bricht die Modbus-Verbindung ab. Die Liveness-Probe (Register 37012) antwortete unmittelbar danach nicht mehr, ein Reconnect war noetig. NICHT lesen und NICHT in eine Poll-Liste aufnehmen -- genau dieses Verhalten hat die Haenger der Home-Assistant-Integration ausgeloest."
45009,cmd_enable_disable_a,,,FC06/FC10-Write (Write-Handler),,,,,,,,,,—,write-handler,,,,,,,,,,,,,,0,0,"WRITE/Config. Ein-/Ausschalten (Variante A) | SRAM-Ziel — | Werte: 0=deaktivieren | Write-Only: Ja | KANN KEINEN WERT LIEFERN (statisch belegt 2026-08-22): Der Lesepfad FC03_Read_Handler (0x0801F06C) -> Write_Handler(buf, reg, param_3=0) endet fuer dieses Register in 'if (param_3 == 0) { return 3; }' (Write_Handler Zeile 674) bzw. in 'if (param_3 != 0) { ...Aktion...; return 0; } return 3;'. Der Rueckgabewert 3 wird vom Read-Handler zu einer Modbus-Exception. Es gibt keinen Zweig, der einen Wert in den Antwortpuffer schreibt. Gegenprobe: in keinem der 30 Scan-Logs hat dieses Register je geantwortet. NICHT in eine Poll-Liste aufnehmen -- eine Exception im Block-Read reisst die ganze Abfrage mit. | LIVE-SCAN 2026-08-22: Beim Lesen bricht die Modbus-Verbindung ab. Die Liveness-Probe (Register 37012) antwortete unmittelbar danach nicht mehr, ein Reconnect war noetig. NICHT lesen und NICHT in eine Poll-Liste aufnehmen -- genau dieses Verhalten hat die Haenger der Home-Assistant-Integration ausgeloest."
45010,cmd_set_power_b,,,FC06/FC10-Write (Write-Handler),,,,,,,,,,—,write-handler,,,,,,,,,,,,,,0,0,"WRITE/Config. Leistung setzen (Variante B) | SRAM-Ziel — | Werte: 1-2500 (W positiv) | Write-Only: Ja | KANN KEINEN WERT LIEFERN (statisch belegt 2026-08-22): Der Lesepfad FC03_Read_Handler (0x0801F06C) -> Write_Handler(buf, reg, param_3=0) endet fuer dieses Register in 'if (param_3 == 0) { return 3; }' (Write_Handler Zeile 685) bzw. in 'if (param_3 != 0) { ...Aktion...; return 0; } return 3;'. Der Rueckgabewert 3 wird vom Read-Handler zu einer Modbus-Exception. Es gibt keinen Zweig, der einen Wert in den Antwortpuffer schreibt. Gegenprobe: in keinem der 30 Scan-Logs hat dieses Register je geantwortet. NICHT in eine Poll-Liste aufnehmen -- eine Exception im Block-Read reisst die ganze Abfrage mit. | LIVE-SCAN 2026-08-22: Beim Lesen bricht die Modbus-Verbindung ab. Die Liveness-Probe (Register 37012) antwortete unmittelbar danach nicht mehr, ein Reconnect war noetig. NICHT lesen und NICHT in eine Poll-Liste aufnehmen -- genau dieses Verhalten hat die Haenger der Home-Assistant-Integration ausgeloest."
45011,cmd_mode_select_ext,,,FC06/FC10-Write (Write-Handler),,,,,,,,,,—,write-handler,,,,,,,,,,,,,,0,0,"WRITE/Config. Erweiterte Modus-Auswahl (5 Modi) | SRAM-Ziel — | Werte: 1→intern 1 | Write-Only: Ja | KANN KEINEN WERT LIEFERN (statisch belegt 2026-08-22): Der Lesepfad FC03_Read_Handler (0x0801F06C) -> Write_Handler(buf, reg, param_3=0) endet fuer dieses Register in 'if (param_3 == 0) { return 3; }' (Write_Handler Zeile 698) bzw. in 'if (param_3 != 0) { ...Aktion...; return 0; } return 3;'. Der Rueckgabewert 3 wird vom Read-Handler zu einer Modbus-Exception. Es gibt keinen Zweig, der einen Wert in den Antwortpuffer schreibt. Gegenprobe: in keinem der 30 Scan-Logs hat dieses Register je geantwortet. NICHT in eine Poll-Liste aufnehmen -- eine Exception im Block-Read reisst die ganze Abfrage mit. | LIVE-SCAN 2026-08-22: Beim Lesen bricht die Modbus-Verbindung ab. Die Liveness-Probe (Register 37012) antwortete unmittelbar danach nicht mehr, ein Reconnect war noetig. NICHT lesen und NICHT in eine Poll-Liste aufnehmen -- genau dieses Verhalten hat die Haenger der Home-Assistant-Integration ausgeloest."
45012,cmd_set_power_default,,,FC06/FC10-Write (Write-Handler),,,,,,,,,,—,write-handler,,,,,,,,,,,,,,0,0,"WRITE/Config. Leistung mit Default-Fallback | SRAM-Ziel — | Werte: 1-29999 (W) | Write-Only: Ja | KANN KEINEN WERT LIEFERN (statisch belegt 2026-08-22): Der Lesepfad FC03_Read_Handler (0x0801F06C) -> Write_Handler(buf, reg, param_3=0) endet fuer dieses Register in 'if (param_3 == 0) { return 3; }' (Write_Handler Zeile 724) bzw. in 'if (param_3 != 0) { ...Aktion...; return 0; } return 3;'. Der Rueckgabewert 3 wird vom Read-Handler zu einer Modbus-Exception. Es gibt keinen Zweig, der einen Wert in den Antwortpuffer schreibt. Gegenprobe: in keinem der 30 Scan-Logs hat dieses Register je geantwortet. NICHT in eine Poll-Liste aufnehmen -- eine Exception im Block-Read reisst die ganze Abfrage mit. | LIVE-SCAN 2026-08-22: Beim Lesen bricht die Modbus-Verbindung ab. Die Liveness-Probe (Register 37012) antwortete unmittelbar danach nicht mehr, ein Reconnect war noetig. NICHT lesen und NICHT in eine Poll-Liste aufnehmen -- genau dieses Verhalten hat die Haenger der Home-Assistant-Integration ausgeloest."
45013,reserved_13,,,FC06/FC10-Write (Write-Handler),,,,,,,,,,—,write-handler,,,,,,,,,,,,,,0,0,"WRITE/Config. Reserviert — nicht funktional | SRAM-Ziel — | Werte: — | Write-Only: — | LIVE-SCAN 2026-08-22: Beim Lesen bricht die Modbus-Verbindung ab. Die Liveness-Probe (Register 37012) antwortete unmittelbar danach nicht mehr, ein Reconnect war noetig. NICHT lesen und NICHT in eine Poll-Liste aufnehmen -- genau dieses Verhalten hat die Haenger der Home-Assistant-Integration ausgeloest."
45014,reserved_14,,,FC06/FC10-Write (Write-Handler),,,,,,,,,,—,write-handler,,,,,,,,,,,,,,0,0,"WRITE/Config. Reserviert — nicht funktional | SRAM-Ziel — | Werte: — | Write-Only: — | LIVE-SCAN 2026-08-22: Beim Lesen bricht die Modbus-Verbindung ab. Die Liveness-Probe (Register 37012) antwortete unmittelbar danach nicht mehr, ein Reconnect war noetig. NICHT lesen und NICHT in eine Poll-Liste aufnehmen -- genau dieses Verhalten hat die Haenger der Home-Assistant-Integration ausgeloest."
45015,reserved_15,,,FC06/FC10-Write (Write-Handler),,,,,,,,,,—,write-handler,,,,,,,,,,,,,,0,0,"WRITE/Config. Reserviert — nicht funktional | SRAM-Ziel — | Werte: — | Write-Only: — | LIVE-SCAN 2026-08-22: Beim Lesen bricht die Modbus-Verbindung ab. Die Liveness-Probe (Register 37012) antwortete unmittelbar danach nicht mehr, ein Reconnect war noetig. NICHT lesen und NICHT in eine Poll-Liste aufnehmen -- genau dieses Verhalten hat die Haenger der Home-Assistant-Integration ausgeloest."
45016,reserved_16,,,FC06/FC10-Write (Write-Handler),,,,,,,,,,—,write-handler,,,,,,,,,,,,,,0,0,"WRITE/Config. Reserviert — nicht funktional | SRAM-Ziel — | Werte: — | Write-Only: — | KANN KEINEN WERT LIEFERN (statisch belegt 2026-08-22): Der Lesepfad FC03_Read_Handler (0x0801F06C) -> Write_Handler(buf, reg, param_3=0) endet fuer dieses Register in 'if (param_3 == 0) { return 3; }' (Write_Handler Zeile 447) bzw. in 'if (param_3 != 0) { ...Aktion...; return 0; } return 3;'. Der Rueckgabewert 3 wird vom Read-Handler zu einer Modbus-Exception. Es gibt keinen Zweig, der einen Wert in den Antwortpuffer schreibt. Gegenprobe: in keinem der 30 Scan-Logs hat dieses Register je geantwortet. NICHT in eine Poll-Liste aufnehmen -- eine Exception im Block-Read reisst die ganze Abfrage mit. | LIVE-SCAN 2026-08-22: Beim Lesen bricht die Modbus-Verbindung ab. Die Liveness-Probe (Register 37012) antwortete unmittelbar danach nicht mehr, ein Reconnect war noetig. NICHT lesen und NICHT in eine Poll-Liste aufnehmen -- genau dieses Verhalten hat die Haenger der Home-Assistant-Integration ausgeloest."
45017,reserved_17,,,FC06/FC10-Write (Write-Handler),,,,,,,,,,—,write-handler,,,,,,,,,,,,,,0,0,"WRITE/Config. Reserviert — nicht funktional | SRAM-Ziel — | Werte: — | Write-Only: — | LIVE-SCAN 2026-08-22: Beim Lesen bricht die Modbus-Verbindung ab. Die Liveness-Probe (Register 37012) antwortete unmittelbar danach nicht mehr, ein Reconnect war noetig. NICHT lesen und NICHT in eine Poll-Liste aufnehmen -- genau dieses Verhalten hat die Haenger der Home-Assistant-Integration ausgeloest."
45018,reserved_18,,,FC06/FC10-Write (Write-Handler),,,,,,,,,,—,write-handler,,,,,,,,,,,,,,0,0,"WRITE/Config. Reserviert — nicht funktional | SRAM-Ziel — | Werte: — | Write-Only: — | LIVE-SCAN 2026-08-22: Beim Lesen bricht die Modbus-Verbindung ab. Die Liveness-Probe (Register 37012) antwortete unmittelbar danach nicht mehr, ein Reconnect war noetig. NICHT lesen und NICHT in eine Poll-Liste aufnehmen -- genau dieses Verhalten hat die Haenger der Home-Assistant-Integration ausgeloest."
45019,reserved_19,,,FC06/FC10-Write (Write-Handler),,,,,,,,,,—,write-handler,,,,,,,,,,,,,,0,0,"WRITE/Config. Reserviert — nicht funktional | SRAM-Ziel — | Werte: — | Write-Only: — | LIVE-SCAN 2026-08-22: Beim Lesen bricht die Modbus-Verbindung ab. Die Liveness-Probe (Register 37012) antwortete unmittelbar danach nicht mehr, ein Reconnect war noetig. NICHT lesen und NICHT in eine Poll-Liste aufnehmen -- genau dieses Verhalten hat die Haenger der Home-Assistant-Integration ausgeloest."
45020,cmd_smr_relay_adc,,,FC06/FC10-Write (Write-Handler),,,,,,,,,,—,write-handler,,,,,,,,,,,,,,0,0,"WRITE/Config. SMR-Relay mit ADC-Messung | SRAM-Ziel — | Werte: 1-3999 (loest komplexe Relay+ADC-Operation aus) | Write-Only: Ja | KANN KEINEN WERT LIEFERN (statisch belegt 2026-08-22): Der Lesepfad FC03_Read_Handler (0x0801F06C) -> Write_Handler(buf, reg, param_3=0) endet fuer dieses Register in 'if (param_3 == 0) { return 3; }' (Write_Handler Zeile 735) bzw. in 'if (param_3 != 0) { ...Aktion...; return 0; } return 3;'. Der Rueckgabewert 3 wird vom Read-Handler zu einer Modbus-Exception. Es gibt keinen Zweig, der einen Wert in den Antwortpuffer schreibt. Gegenprobe: in keinem der 30 Scan-Logs hat dieses Register je geantwortet. NICHT in eine Poll-Liste aufnehmen -- eine Exception im Block-Read reisst die ganze Abfrage mit. | LIVE-SCAN 2026-08-22: Beim Lesen bricht die Modbus-Verbindung ab. Die Liveness-Probe (Register 37012) antwortete unmittelbar danach nicht mehr, ein Reconnect war noetig. NICHT lesen und NICHT in eine Poll-Liste aufnehmen -- genau dieses Verhalten hat die Haenger der Home-Assistant-Integration ausgeloest."
45021,cmd_smr_enable,,,FC06/FC10-Write (Write-Handler),,,,,,,,,,—,write-handler,,,,,,,,,,,,,,0,0,"WRITE/Config. SMR Ein-/Ausschalten | SRAM-Ziel — | Werte: 1=einschalten (FUN_08005ccc(1)) | Write-Only: Ja | KANN KEINEN WERT LIEFERN (statisch belegt 2026-08-22): Der Lesepfad FC03_Read_Handler (0x0801F06C) -> Write_Handler(buf, reg, param_3=0) endet fuer dieses Register in 'if (param_3 == 0) { return 3; }' (Write_Handler Zeile 754) bzw. in 'if (param_3 != 0) { ...Aktion...; return 0; } return 3;'. Der Rueckgabewert 3 wird vom Read-Handler zu einer Modbus-Exception. Es gibt keinen Zweig, der einen Wert in den Antwortpuffer schreibt. Gegenprobe: in keinem der 30 Scan-Logs hat dieses Register je geantwortet. NICHT in eine Poll-Liste aufnehmen -- eine Exception im Block-Read reisst die ganze Abfrage mit. | LIVE-SCAN 2026-08-22: Beim Lesen bricht die Modbus-Verbindung ab. Die Liveness-Probe (Register 37012) antwortete unmittelbar danach nicht mehr, ein Reconnect war noetig. NICHT lesen und NICHT in eine Poll-Liste aufnehmen -- genau dieses Verhalten hat die Haenger der Home-Assistant-Integration ausgeloest."
45022,cmd_function_6,,,FC06/FC10-Write (Write-Handler),,,,,,,,,,—,write-handler,,,,,,,,,,,,,,0,0,"WRITE/Config. Steuerfunktion 6 | SRAM-Ziel — | Werte: beliebiger Wert | Write-Only: Ja | KANN KEINEN WERT LIEFERN (statisch belegt 2026-08-22): Der Lesepfad FC03_Read_Handler (0x0801F06C) -> Write_Handler(buf, reg, param_3=0) endet fuer dieses Register in 'if (param_3 == 0) { return 3; }' (Write_Handler Zeile 588) bzw. in 'if (param_3 != 0) { ...Aktion...; return 0; } return 3;'. Der Rueckgabewert 3 wird vom Read-Handler zu einer Modbus-Exception. Es gibt keinen Zweig, der einen Wert in den Antwortpuffer schreibt. Gegenprobe: in keinem der 30 Scan-Logs hat dieses Register je geantwortet. NICHT in eine Poll-Liste aufnehmen -- eine Exception im Block-Read reisst die ganze Abfrage mit. | LIVE-SCAN 2026-08-22: Beim Lesen bricht die Modbus-Verbindung ab. Die Liveness-Probe (Register 37012) antwortete unmittelbar danach nicht mehr, ein Reconnect war noetig. NICHT lesen und NICHT in eine Poll-Liste aufnehmen -- genau dieses Verhalten hat die Haenger der Home-Assistant-Integration ausgeloest."
45023,cmd_gpio_debug_1,,,FC06/FC10-Write (Write-Handler),,,,,,,,,,—,write-handler,,,,,,,,,,,,,,0,0,"WRITE/Config. GPIO Debug-Kommando 1 | SRAM-Ziel — | Werte: beliebiger Wert | Write-Only: Ja | KANN KEINEN WERT LIEFERN (statisch belegt 2026-08-22): Der Lesepfad FC03_Read_Handler (0x0801F06C) -> Write_Handler(buf, reg, param_3=0) endet fuer dieses Register in 'if (param_3 == 0) { return 3; }' (Write_Handler Zeile 910) bzw. in 'if (param_3 != 0) { ...Aktion...; return 0; } return 3;'. Der Rueckgabewert 3 wird vom Read-Handler zu einer Modbus-Exception. Es gibt keinen Zweig, der einen Wert in den Antwortpuffer schreibt. Gegenprobe: in keinem der 30 Scan-Logs hat dieses Register je geantwortet. NICHT in eine Poll-Liste aufnehmen -- eine Exception im Block-Read reisst die ganze Abfrage mit. | LIVE-SCAN 2026-08-22: Beim Lesen bricht die Modbus-Verbindung ab. Die Liveness-Probe (Register 37012) antwortete unmittelbar danach nicht mehr, ein Reconnect war noetig. NICHT lesen und NICHT in eine Poll-Liste aufnehmen -- genau dieses Verhalten hat die Haenger der Home-Assistant-Integration ausgeloest."
45024,cmd_gpio_debug_2,,,FC06/FC10-Write (Write-Handler),,,,,,,,,,—,write-handler,,,,,,,,,,,,,,0,0,"WRITE/Config. GPIO Debug-Kommando 2 | SRAM-Ziel — | Werte: beliebiger Wert | Write-Only: Ja | KANN KEINEN WERT LIEFERN (statisch belegt 2026-08-22): Der Lesepfad FC03_Read_Handler (0x0801F06C) -> Write_Handler(buf, reg, param_3=0) endet fuer dieses Register in 'if (param_3 == 0) { return 3; }' (Write_Handler Zeile 916) bzw. in 'if (param_3 != 0) { ...Aktion...; return 0; } return 3;'. Der Rueckgabewert 3 wird vom Read-Handler zu einer Modbus-Exception. Es gibt keinen Zweig, der einen Wert in den Antwortpuffer schreibt. Gegenprobe: in keinem der 30 Scan-Logs hat dieses Register je geantwortet. NICHT in eine Poll-Liste aufnehmen -- eine Exception im Block-Read reisst die ganze Abfrage mit. | LIVE-SCAN 2026-08-22: Beim Lesen bricht die Modbus-Verbindung ab. Die Liveness-Probe (Register 37012) antwortete unmittelbar danach nicht mehr, ein Reconnect war noetig. NICHT lesen und NICHT in eine Poll-Liste aufnehmen -- genau dieses Verhalten hat die Haenger der Home-Assistant-Integration ausgeloest."
45025,cmd_gpio_pin_0x400,,,FC06/FC10-Write (Write-Handler),,,,,,,,,,—,write-handler,,,,,,,,,,,,,,0,0,"WRITE/Config. GPIO Pin 0x400 setzen/loeschen | SRAM-Ziel — | Werte: 1=Pin setzen (FUN_08012d8c) | Write-Only: Ja | KANN KEINEN WERT LIEFERN (statisch belegt 2026-08-22): Der Lesepfad FC03_Read_Handler (0x0801F06C) -> Write_Handler(buf, reg, param_3=0) endet fuer dieses Register in 'if (param_3 == 0) { return 3; }' (Write_Handler Zeile 922) bzw. in 'if (param_3 != 0) { ...Aktion...; return 0; } return 3;'. Der Rueckgabewert 3 wird vom Read-Handler zu einer Modbus-Exception. Es gibt keinen Zweig, der einen Wert in den Antwortpuffer schreibt. Gegenprobe: in keinem der 30 Scan-Logs hat dieses Register je geantwortet. NICHT in eine Poll-Liste aufnehmen -- eine Exception im Block-Read reisst die ganze Abfrage mit. | LIVE-SCAN 2026-08-22: Beim Lesen bricht die Modbus-Verbindung ab. Die Liveness-Probe (Register 37012) antwortete unmittelbar danach nicht mehr, ein Reconnect war noetig. NICHT lesen und NICHT in eine Poll-Liste aufnehmen -- genau dieses Verhalten hat die Haenger der Home-Assistant-Integration ausgeloest."
45026,cmd_gpio_pin_0x8000,,,FC06/FC10-Write (Write-Handler),,,,,,,,,,—,write-handler,,,,,,,,,,,,,,0,0,"WRITE/Config. GPIO Pin 0x8000 setzen/loeschen | SRAM-Ziel — | Werte: 1=Pin loeschen (invertiert!) | Write-Only: Ja | KANN KEINEN WERT LIEFERN (statisch belegt 2026-08-22): Der Lesepfad FC03_Read_Handler (0x0801F06C) -> Write_Handler(buf, reg, param_3=0) endet fuer dieses Register in 'if (param_3 == 0) { return 3; }' (Write_Handler Zeile 933) bzw. in 'if (param_3 != 0) { ...Aktion...; return 0; } return 3;'. Der Rueckgabewert 3 wird vom Read-Handler zu einer Modbus-Exception. Es gibt keinen Zweig, der einen Wert in den Antwortpuffer schreibt. Gegenprobe: in keinem der 30 Scan-Logs hat dieses Register je geantwortet. NICHT in eine Poll-Liste aufnehmen -- eine Exception im Block-Read reisst die ganze Abfrage mit. | LIVE-SCAN 2026-08-22: Beim Lesen bricht die Modbus-Verbindung ab. Die Liveness-Probe (Register 37012) antwortete unmittelbar danach nicht mehr, ein Reconnect war noetig. NICHT lesen und NICHT in eine Poll-Liste aufnehmen -- genau dieses Verhalten hat die Haenger der Home-Assistant-Integration ausgeloest."
45027,cmd_wifi_reset,,,FC06/FC10-Write (Write-Handler),,,,,,,,,,—,write-handler,,,,,,,,,,,,,,0,0,"WRITE/Config. WiFi-Modul Reset | SRAM-Ziel — | Werte: beliebiger Wert | Write-Only: Ja | KANN KEINEN WERT LIEFERN (statisch belegt 2026-08-22): Der Lesepfad FC03_Read_Handler (0x0801F06C) -> Write_Handler(buf, reg, param_3=0) endet fuer dieses Register in 'if (param_3 == 0) { return 3; }' (Write_Handler Zeile 944) bzw. in 'if (param_3 != 0) { ...Aktion...; return 0; } return 3;'. Der Rueckgabewert 3 wird vom Read-Handler zu einer Modbus-Exception. Es gibt keinen Zweig, der einen Wert in den Antwortpuffer schreibt. Gegenprobe: in keinem der 30 Scan-Logs hat dieses Register je geantwortet. NICHT in eine Poll-Liste aufnehmen -- eine Exception im Block-Read reisst die ganze Abfrage mit. | LIVE-SCAN 2026-08-22: Beim Lesen bricht die Modbus-Verbindung ab. Die Liveness-Probe (Register 37012) antwortete unmittelbar danach nicht mehr, ein Reconnect war noetig. NICHT lesen und NICHT in eine Poll-Liste aufnehmen -- genau dieses Verhalten hat die Haenger der Home-Assistant-Integration ausgeloest."
45028,cmd_relay_contactor,,,FC06/FC10-Write (Write-Handler),,,,,,,,,,—,write-handler,,,,,,,,,,,,,,0,0,"WRITE/Config. Relay/Contactor schalten | SRAM-Ziel — | Werte: beliebiger Wert | Write-Only: Ja | KANN KEINEN WERT LIEFERN (statisch belegt 2026-08-22): Der Lesepfad FC03_Read_Handler (0x0801F06C) -> Write_Handler(buf, reg, param_3=0) endet fuer dieses Register in 'if (param_3 == 0) { return 3; }' (Write_Handler Zeile 950) bzw. in 'if (param_3 != 0) { ...Aktion...; return 0; } return 3;'. Der Rueckgabewert 3 wird vom Read-Handler zu einer Modbus-Exception. Es gibt keinen Zweig, der einen Wert in den Antwortpuffer schreibt. Gegenprobe: in keinem der 30 Scan-Logs hat dieses Register je geantwortet. NICHT in eine Poll-Liste aufnehmen -- eine Exception im Block-Read reisst die ganze Abfrage mit. | LIVE-SCAN 2026-08-22: Beim Lesen bricht die Modbus-Verbindung ab. Die Liveness-Probe (Register 37012) antwortete unmittelbar danach nicht mehr, ein Reconnect war noetig. NICHT lesen und NICHT in eine Poll-Liste aufnehmen -- genau dieses Verhalten hat die Haenger der Home-Assistant-Integration ausgeloest."
45029,cmd_debug_flag,,,FC06/FC10-Write (Write-Handler),,,,,,,,,,0x20014FA3,write-handler,,,,,,,,,,,,,,0,0,"WRITE/Config. Debug-Flag setzen/loeschen | SRAM-Ziel 0x20014FA3 | Werte: 1=Flag setzen | Write-Only: Ja | KANN KEINEN WERT LIEFERN (statisch belegt 2026-08-22): Der Lesepfad FC03_Read_Handler (0x0801F06C) -> Write_Handler(buf, reg, param_3=0) endet fuer dieses Register in 'if (param_3 == 0) { return 3; }' (Write_Handler Zeile 956) bzw. in 'if (param_3 != 0) { ...Aktion...; return 0; } return 3;'. Der Rueckgabewert 3 wird vom Read-Handler zu einer Modbus-Exception. Es gibt keinen Zweig, der einen Wert in den Antwortpuffer schreibt. Gegenprobe: in keinem der 30 Scan-Logs hat dieses Register je geantwortet. NICHT in eine Poll-Liste aufnehmen -- eine Exception im Block-Read reisst die ganze Abfrage mit. | LIVE-SCAN 2026-08-22: Beim Lesen bricht die Modbus-Verbindung ab. Die Liveness-Probe (Register 37012) antwortete unmittelbar danach nicht mehr, ein Reconnect war noetig. NICHT lesen und NICHT in eine Poll-Liste aufnehmen -- genau dieses Verhalten hat die Haenger der Home-Assistant-Integration ausgeloest."
45030,cmd_ble_enable,,,FC06/FC10-Write (Write-Handler),,,,,,,,,,—,write-handler,,,,,,,,,,,,,,0,0,"WRITE/Config. BLE ein-/ausschalten | SRAM-Ziel — | Werte: 1=einschalten (FUN_0802bef4(0xB)) | Write-Only: Ja | KANN KEINEN WERT LIEFERN (statisch belegt 2026-08-22): Der Lesepfad FC03_Read_Handler (0x0801F06C) -> Write_Handler(buf, reg, param_3=0) endet fuer dieses Register in 'if (param_3 == 0) { return 3; }' (Write_Handler Zeile 768) bzw. in 'if (param_3 != 0) { ...Aktion...; return 0; } return 3;'. Der Rueckgabewert 3 wird vom Read-Handler zu einer Modbus-Exception. Es gibt keinen Zweig, der einen Wert in den Antwortpuffer schreibt. Gegenprobe: in keinem der 30 Scan-Logs hat dieses Register je geantwortet. NICHT in eine Poll-Liste aufnehmen -- eine Exception im Block-Read reisst die ganze Abfrage mit. | LIVE-SCAN 2026-08-22: Beim Lesen bricht die Modbus-Verbindung ab. Die Liveness-Probe (Register 37012) antwortete unmittelbar danach nicht mehr, ein Reconnect war noetig. NICHT lesen und NICHT in eine Poll-Liste aufnehmen -- genau dieses Verhalten hat die Haenger der Home-Assistant-Integration ausgeloest."
45031,cmd_smr_relay_retry,,,FC06/FC10-Write (Write-Handler),,,,,,,,,,—,write-handler,,,,,,,,,,,,,,0,0,"WRITE/Config. SMR-Relay mit Retry-Logik | SRAM-Ziel — | Werte: 1 (einziger gueltiger Wert) | Write-Only: Ja | LIVE-SCAN 2026-08-22: Beim Lesen bricht die Modbus-Verbindung ab. Die Liveness-Probe (Register 37012) antwortete unmittelbar danach nicht mehr, ein Reconnect war noetig. NICHT lesen und NICHT in eine Poll-Liste aufnehmen -- genau dieses Verhalten hat die Haenger der Home-Assistant-Integration ausgeloest."
45603,adc_version_bcd_ch1,,,FC06/FC10-Write (Write-Handler),,,,,,,,,,—,write-handler,,,,,2448,,,,,,,2448,2448,1,1,"WRITE/Config. BCD-Versionsnummer via ADC Kanal 1 | SRAM-Ziel — | Werte: — | Write-Only: Nein (nur lesen) | LIVE-SCAN 2026-08-22: lesbar, Wert 2448 (0x0990)"
45604,adc_version_bcd_ch2,,,FC06/FC10-Write (Write-Handler),,,,,,,,,,—,write-handler,,,,,9095,,,,,,,9095,9095,1,1,"WRITE/Config. BCD-Versionsnummer via ADC Kanal 2 | SRAM-Ziel — | Werte: — | Write-Only: Nein (nur lesen) | LIVE-SCAN 2026-08-22: lesbar, Wert 9095 (0x2387)"
45605,status_query,,,FC06/FC10-Write (Write-Handler),,,,,,,,,,—,write-handler,,,,,74,,,,,,,74,74,1,1,"WRITE/Config. Status-Abfrage (read-only) | SRAM-Ziel — | Werte: — | Write-Only: Nein (nur lesen) | LIVE-SCAN 2026-08-22: lesbar, Wert 74 (0x004A)"
46000,ota_command,,,FC06/FC10-Write (Write-Handler),,,,,,,,,,0x20000132 / 0x20000270,write-handler,,,,,,,,,,,,,,0,0,"WRITE/Config. OTA-Steuerkommando | SRAM-Ziel 0x20000132 / 0x20000270 | Werte: 0x5100=EEPROM-Flag setzen (Addr 0x900) | Write-Only: Ja | LIVE-SCAN 2026-08-22: Beim Lesen bricht die Modbus-Verbindung ab. Die Liveness-Probe (Register 37012) antwortete unmittelbar danach nicht mehr, ein Reconnect war noetig. NICHT lesen und NICHT in eine Poll-Liste aufnehmen -- genau dieses Verhalten hat die Haenger der Home-Assistant-Integration ausgeloest."
46500,eeprom_struct_00_reg0,,,FC06/FC10-Write (Write-Handler),,,,,,,,,,0x20014EC8,write-handler,,,,,,,,,,,,,,0,0,"WRITE/Config. EEPROM-Struct Entry 0 — u16 Wert | SRAM-Ziel 0x20014EC8 | Werte: u16 Wert | Write-Only: Nein | CAN-Empfang geprueft 2026-08-22: Micro-FW v116 (EMS_Inverter_CAN_Dispatcher 0x08001940) kennt Funktionscode 0x30-0x3E NICHT — die vom Write-Handler gesendete CAN-Nachricht wird kommentarlos verworfen. Schreiben kostet einen EEPROM-Zyklus ohne nachweisbare Wirkung. Details: Write_Register_46500_Block_v150.md Abschnitt 3 | BMS-FW v118 ebenfalls kein Empfaenger (prueft Zielfeld==3, unsere ID traegt 4; CAN-ID 0x00014130+idx) | LIVE-SCAN 2026-08-22: Einzeltest 15:19 lesbar (Wert 0, Liveness 118). Der DEAD-Befund im Reihenscan war Kollateralschaden des Reconnects nach Register 46000."
46501,eeprom_struct_00_reg1,,,FC06/FC10-Write (Write-Handler),,,,,,,,,,0x20014ECC,write-handler,,,,,,,,,,,,,,0,0,"WRITE/Config. EEPROM-Struct Entry 0 — u32 obere 16 Bit | SRAM-Ziel 0x20014ECC | Werte: u16 (obere 16 Bit eines u32) | Write-Only: Nein | CAN-Empfang geprueft 2026-08-22: Micro-FW v116 (EMS_Inverter_CAN_Dispatcher 0x08001940) kennt Funktionscode 0x30-0x3E NICHT — die vom Write-Handler gesendete CAN-Nachricht wird kommentarlos verworfen. Schreiben kostet einen EEPROM-Zyklus ohne nachweisbare Wirkung. Details: Write_Register_46500_Block_v150.md Abschnitt 3 | BMS-FW v118 ebenfalls kein Empfaenger (prueft Zielfeld==3, unsere ID traegt 4; CAN-ID 0x00014130+idx) | LIVE-SCAN 2026-08-22: lesbar, Wert 0 (0x0000)"
46502,eeprom_struct_00_reg2,,,FC06/FC10-Write (Write-Handler),,,,,,,,,,0x20014ECC,write-handler,,,,,,,,,,,,,,0,0,"WRITE/Config. EEPROM-Struct Entry 0 — u32 untere 16 Bit | SRAM-Ziel 0x20014ECC | Werte: u16 (untere 16 Bit eines u32) | Write-Only: Nein | CAN-Empfang geprueft 2026-08-22: Micro-FW v116 (EMS_Inverter_CAN_Dispatcher 0x08001940) kennt Funktionscode 0x30-0x3E NICHT — die vom Write-Handler gesendete CAN-Nachricht wird kommentarlos verworfen. Schreiben kostet einen EEPROM-Zyklus ohne nachweisbare Wirkung. Details: Write_Register_46500_Block_v150.md Abschnitt 3 | BMS-FW v118 ebenfalls kein Empfaenger (prueft Zielfeld==3, unsere ID traegt 4; CAN-ID 0x00014130+idx) | LIVE-SCAN 2026-08-22: lesbar, Wert 0 (0x0000)"
46503,eeprom_struct_01_reg0,,,FC06/FC10-Write (Write-Handler),,,,,,,,,,0x20014ED0,write-handler,,,,,,,,,,,,,,0,0,"WRITE/Config. EEPROM-Struct Entry 1 — u16 Wert | SRAM-Ziel 0x20014ED0 | Werte: u16 Wert | Write-Only: Nein | CAN-Empfang geprueft 2026-08-22: Micro-FW v116 (EMS_Inverter_CAN_Dispatcher 0x08001940) kennt Funktionscode 0x30-0x3E NICHT — die vom Write-Handler gesendete CAN-Nachricht wird kommentarlos verworfen. Schreiben kostet einen EEPROM-Zyklus ohne nachweisbare Wirkung. Details: Write_Register_46500_Block_v150.md Abschnitt 3 | BMS-FW v118 ebenfalls kein Empfaenger (prueft Zielfeld==3, unsere ID traegt 4; CAN-ID 0x00014130+idx) | LIVE-SCAN 2026-08-22: lesbar, Wert 0 (0x0000)"
46504,eeprom_struct_01_reg1,,,FC06/FC10-Write (Write-Handler),,,,,,,,,,0x20014ED4,write-handler,,,,,,,,,,,,,,0,0,"WRITE/Config. EEPROM-Struct Entry 1 — u32 obere 16 Bit | SRAM-Ziel 0x20014ED4 | Werte: u16 | Write-Only: Nein | CAN-Empfang geprueft 2026-08-22: Micro-FW v116 (EMS_Inverter_CAN_Dispatcher 0x08001940) kennt Funktionscode 0x30-0x3E NICHT — die vom Write-Handler gesendete CAN-Nachricht wird kommentarlos verworfen. Schreiben kostet einen EEPROM-Zyklus ohne nachweisbare Wirkung. Details: Write_Register_46500_Block_v150.md Abschnitt 3 | BMS-FW v118 ebenfalls kein Empfaenger (prueft Zielfeld==3, unsere ID traegt 4; CAN-ID 0x00014130+idx) | LIVE-SCAN 2026-08-22: lesbar, Wert 0 (0x0000)"
46505,eeprom_struct_01_reg2,,,FC06/FC10-Write (Write-Handler),,,,,,,,,,0x20014ED4,write-handler,,,,,,,,,,,,,,0,0,"WRITE/Config. EEPROM-Struct Entry 1 — u32 untere 16 Bit | SRAM-Ziel 0x20014ED4 | Werte: u16 | Write-Only: Nein | CAN-Empfang geprueft 2026-08-22: Micro-FW v116 (EMS_Inverter_CAN_Dispatcher 0x08001940) kennt Funktionscode 0x30-0x3E NICHT — die vom Write-Handler gesendete CAN-Nachricht wird kommentarlos verworfen. Schreiben kostet einen EEPROM-Zyklus ohne nachweisbare Wirkung. Details: Write_Register_46500_Block_v150.md Abschnitt 3 | BMS-FW v118 ebenfalls kein Empfaenger (prueft Zielfeld==3, unsere ID traegt 4; CAN-ID 0x00014130+idx) | LIVE-SCAN 2026-08-22: lesbar, Wert 0 (0x0000)"
46506,eeprom_struct_02_reg0,,,FC06/FC10-Write (Write-Handler),,,,,,,,,,0x20014ED8,write-handler,,,,,,,,,,,,,,0,0,"WRITE/Config. EEPROM-Struct Entry 2 — u16 Wert | SRAM-Ziel 0x20014ED8 | Werte: u16 Wert | Write-Only: Nein | CAN-Empfang geprueft 2026-08-22: Micro-FW v116 (EMS_Inverter_CAN_Dispatcher 0x08001940) kennt Funktionscode 0x30-0x3E NICHT — die vom Write-Handler gesendete CAN-Nachricht wird kommentarlos verworfen. Schreiben kostet einen EEPROM-Zyklus ohne nachweisbare Wirkung. Details: Write_Register_46500_Block_v150.md Abschnitt 3 | BMS-FW v118 ebenfalls kein Empfaenger (prueft Zielfeld==3, unsere ID traegt 4; CAN-ID 0x00014130+idx) | LIVE-SCAN 2026-08-22: lesbar, Wert 0 (0x0000)"
46507,eeprom_struct_02_reg1,,,FC06/FC10-Write (Write-Handler),,,,,,,,,,0x20014EDC,write-handler,,,,,,,,,,,,,,0,0,"WRITE/Config. EEPROM-Struct Entry 2 — u32 obere 16 Bit | SRAM-Ziel 0x20014EDC | Werte: u16 | Write-Only: Nein | CAN-Empfang geprueft 2026-08-22: Micro-FW v116 (EMS_Inverter_CAN_Dispatcher 0x08001940) kennt Funktionscode 0x30-0x3E NICHT — die vom Write-Handler gesendete CAN-Nachricht wird kommentarlos verworfen. Schreiben kostet einen EEPROM-Zyklus ohne nachweisbare Wirkung. Details: Write_Register_46500_Block_v150.md Abschnitt 3 | BMS-FW v118 ebenfalls kein Empfaenger (prueft Zielfeld==3, unsere ID traegt 4; CAN-ID 0x00014130+idx) | LIVE-SCAN 2026-08-22: lesbar, Wert 0 (0x0000)"
46508,eeprom_struct_02_reg2,,,FC06/FC10-Write (Write-Handler),,,,,,,,,,0x20014EDC,write-handler,,,,,,,,,,,,,,0,0,"WRITE/Config. EEPROM-Struct Entry 2 — u32 untere 16 Bit | SRAM-Ziel 0x20014EDC | Werte: u16 | Write-Only: Nein | CAN-Empfang geprueft 2026-08-22: Micro-FW v116 (EMS_Inverter_CAN_Dispatcher 0x08001940) kennt Funktionscode 0x30-0x3E NICHT — die vom Write-Handler gesendete CAN-Nachricht wird kommentarlos verworfen. Schreiben kostet einen EEPROM-Zyklus ohne nachweisbare Wirkung. Details: Write_Register_46500_Block_v150.md Abschnitt 3 | BMS-FW v118 ebenfalls kein Empfaenger (prueft Zielfeld==3, unsere ID traegt 4; CAN-ID 0x00014130+idx) | LIVE-SCAN 2026-08-22: lesbar, Wert 0 (0x0000)"
46509,eeprom_struct_03_reg0,,,FC06/FC10-Write (Write-Handler),,,,,,,,,,0x20014EE0,write-handler,,,,,,,,,,,,,,0,0,"WRITE/Config. EEPROM-Struct Entry 3 — u16 Wert | SRAM-Ziel 0x20014EE0 | Werte: u16 Wert | Write-Only: Nein | CAN-Empfang geprueft 2026-08-22: Micro-FW v116 (EMS_Inverter_CAN_Dispatcher 0x08001940) kennt Funktionscode 0x30-0x3E NICHT — die vom Write-Handler gesendete CAN-Nachricht wird kommentarlos verworfen. Schreiben kostet einen EEPROM-Zyklus ohne nachweisbare Wirkung. Details: Write_Register_46500_Block_v150.md Abschnitt 3 | BMS-FW v118 ebenfalls kein Empfaenger (prueft Zielfeld==3, unsere ID traegt 4; CAN-ID 0x00014130+idx) | LIVE-SCAN 2026-08-22: lesbar, Wert 0 (0x0000)"
46510,eeprom_struct_03_reg1,,,FC06/FC10-Write (Write-Handler),,,,,,,,,,0x20014EE4,write-handler,,,,,,,,,,,,,,0,0,"WRITE/Config. EEPROM-Struct Entry 3 — u32 obere 16 Bit | SRAM-Ziel 0x20014EE4 | Werte: u16 | Write-Only: Nein | CAN-Empfang geprueft 2026-08-22: Micro-FW v116 (EMS_Inverter_CAN_Dispatcher 0x08001940) kennt Funktionscode 0x30-0x3E NICHT — die vom Write-Handler gesendete CAN-Nachricht wird kommentarlos verworfen. Schreiben kostet einen EEPROM-Zyklus ohne nachweisbare Wirkung. Details: Write_Register_46500_Block_v150.md Abschnitt 3 | BMS-FW v118 ebenfalls kein Empfaenger (prueft Zielfeld==3, unsere ID traegt 4; CAN-ID 0x00014130+idx) | LIVE-SCAN 2026-08-22: lesbar, Wert 0 (0x0000)"
46511,eeprom_struct_03_reg2,,,FC06/FC10-Write (Write-Handler),,,,,,,,,,0x20014EE4,write-handler,,,,,,,,,,,,,,0,0,"WRITE/Config. EEPROM-Struct Entry 3 — u32 untere 16 Bit | SRAM-Ziel 0x20014EE4 | Werte: u16 | Write-Only: Nein | CAN-Empfang geprueft 2026-08-22: Micro-FW v116 (EMS_Inverter_CAN_Dispatcher 0x08001940) kennt Funktionscode 0x30-0x3E NICHT — die vom Write-Handler gesendete CAN-Nachricht wird kommentarlos verworfen. Schreiben kostet einen EEPROM-Zyklus ohne nachweisbare Wirkung. Details: Write_Register_46500_Block_v150.md Abschnitt 3 | BMS-FW v118 ebenfalls kein Empfaenger (prueft Zielfeld==3, unsere ID traegt 4; CAN-ID 0x00014130+idx) | LIVE-SCAN 2026-08-22: lesbar, Wert 0 (0x0000)"
46512,eeprom_struct_04_reg0,,,FC06/FC10-Write (Write-Handler),,,,,,,,,,0x20014EE8,write-handler,,,,,,,,,,,,,,0,0,"WRITE/Config. EEPROM-Struct Entry 4 — u16 Wert | SRAM-Ziel 0x20014EE8 | Werte: u16 Wert | Write-Only: Nein | CAN-Empfang geprueft 2026-08-22: Micro-FW v116 (EMS_Inverter_CAN_Dispatcher 0x08001940) kennt Funktionscode 0x30-0x3E NICHT — die vom Write-Handler gesendete CAN-Nachricht wird kommentarlos verworfen. Schreiben kostet einen EEPROM-Zyklus ohne nachweisbare Wirkung. Details: Write_Register_46500_Block_v150.md Abschnitt 3 | BMS-FW v118 ebenfalls kein Empfaenger (prueft Zielfeld==3, unsere ID traegt 4; CAN-ID 0x00014130+idx) | LIVE-SCAN 2026-08-22: lesbar, Wert 0 (0x0000)"
46513,eeprom_struct_04_reg1,,,FC06/FC10-Write (Write-Handler),,,,,,,,,,0x20014EEC,write-handler,,,,,,,,,,,,,,0,0,"WRITE/Config. EEPROM-Struct Entry 4 — u32 obere 16 Bit | SRAM-Ziel 0x20014EEC | Werte: u16 | Write-Only: Nein | CAN-Empfang geprueft 2026-08-22: Micro-FW v116 (EMS_Inverter_CAN_Dispatcher 0x08001940) kennt Funktionscode 0x30-0x3E NICHT — die vom Write-Handler gesendete CAN-Nachricht wird kommentarlos verworfen. Schreiben kostet einen EEPROM-Zyklus ohne nachweisbare Wirkung. Details: Write_Register_46500_Block_v150.md Abschnitt 3 | BMS-FW v118 ebenfalls kein Empfaenger (prueft Zielfeld==3, unsere ID traegt 4; CAN-ID 0x00014130+idx) | LIVE-SCAN 2026-08-22: lesbar, Wert 0 (0x0000)"
46514,eeprom_struct_04_reg2,,,FC06/FC10-Write (Write-Handler),,,,,,,,,,0x20014EEC,write-handler,,,,,,,,,,,,,,0,0,"WRITE/Config. EEPROM-Struct Entry 4 — u32 untere 16 Bit | SRAM-Ziel 0x20014EEC | Werte: u16 | Write-Only: Nein | CAN-Empfang geprueft 2026-08-22: Micro-FW v116 (EMS_Inverter_CAN_Dispatcher 0x08001940) kennt Funktionscode 0x30-0x3E NICHT — die vom Write-Handler gesendete CAN-Nachricht wird kommentarlos verworfen. Schreiben kostet einen EEPROM-Zyklus ohne nachweisbare Wirkung. Details: Write_Register_46500_Block_v150.md Abschnitt 3 | BMS-FW v118 ebenfalls kein Empfaenger (prueft Zielfeld==3, unsere ID traegt 4; CAN-ID 0x00014130+idx) | LIVE-SCAN 2026-08-22: lesbar, Wert 0 (0x0000)"
46515,eeprom_struct_05_reg0,,,FC06/FC10-Write (Write-Handler),,,,,,,,,,0x20014EF0,write-handler,,,,,,,,,,,,,,0,0,"WRITE/Config. EEPROM-Struct Entry 5 — u16 Wert | SRAM-Ziel 0x20014EF0 | Werte: u16 Wert | Write-Only: Nein | CAN-Empfang geprueft 2026-08-22: Micro-FW v116 (EMS_Inverter_CAN_Dispatcher 0x08001940) kennt Funktionscode 0x30-0x3E NICHT — die vom Write-Handler gesendete CAN-Nachricht wird kommentarlos verworfen. Schreiben kostet einen EEPROM-Zyklus ohne nachweisbare Wirkung. Details: Write_Register_46500_Block_v150.md Abschnitt 3 | BMS-FW v118 ebenfalls kein Empfaenger (prueft Zielfeld==3, unsere ID traegt 4; CAN-ID 0x00014130+idx) | LIVE-SCAN 2026-08-22: lesbar, Wert 0 (0x0000)"
46516,eeprom_struct_05_reg1,,,FC06/FC10-Write (Write-Handler),,,,,,,,,,0x20014EF4,write-handler,,,,,,,,,,,,,,0,0,"WRITE/Config. EEPROM-Struct Entry 5 — u32 obere 16 Bit | SRAM-Ziel 0x20014EF4 | Werte: u16 | Write-Only: Nein | CAN-Empfang geprueft 2026-08-22: Micro-FW v116 (EMS_Inverter_CAN_Dispatcher 0x08001940) kennt Funktionscode 0x30-0x3E NICHT — die vom Write-Handler gesendete CAN-Nachricht wird kommentarlos verworfen. Schreiben kostet einen EEPROM-Zyklus ohne nachweisbare Wirkung. Details: Write_Register_46500_Block_v150.md Abschnitt 3 | BMS-FW v118 ebenfalls kein Empfaenger (prueft Zielfeld==3, unsere ID traegt 4; CAN-ID 0x00014130+idx) | LIVE-SCAN 2026-08-22: lesbar, Wert 0 (0x0000)"
46517,eeprom_struct_05_reg2,,,FC06/FC10-Write (Write-Handler),,,,,,,,,,0x20014EF4,write-handler,,,,,,,,,,,,,,0,0,"WRITE/Config. EEPROM-Struct Entry 5 — u32 untere 16 Bit | SRAM-Ziel 0x20014EF4 | Werte: u16 | Write-Only: Nein | CAN-Empfang geprueft 2026-08-22: Micro-FW v116 (EMS_Inverter_CAN_Dispatcher 0x08001940) kennt Funktionscode 0x30-0x3E NICHT — die vom Write-Handler gesendete CAN-Nachricht wird kommentarlos verworfen. Schreiben kostet einen EEPROM-Zyklus ohne nachweisbare Wirkung. Details: Write_Register_46500_Block_v150.md Abschnitt 3 | BMS-FW v118 ebenfalls kein Empfaenger (prueft Zielfeld==3, unsere ID traegt 4; CAN-ID 0x00014130+idx) | LIVE-SCAN 2026-08-22: lesbar, Wert 0 (0x0000)"
46518,eeprom_struct_06_reg0,,,FC06/FC10-Write (Write-Handler),,,,,,,,,,0x20014EF8,write-handler,,,,,,,,,,,,,,0,0,"WRITE/Config. EEPROM-Struct Entry 6 — u16 Wert | SRAM-Ziel 0x20014EF8 | Werte: u16 Wert | Write-Only: Nein | CAN-Empfang geprueft 2026-08-22: Micro-FW v116 (EMS_Inverter_CAN_Dispatcher 0x08001940) kennt Funktionscode 0x30-0x3E NICHT — die vom Write-Handler gesendete CAN-Nachricht wird kommentarlos verworfen. Schreiben kostet einen EEPROM-Zyklus ohne nachweisbare Wirkung. Details: Write_Register_46500_Block_v150.md Abschnitt 3 | BMS-FW v118 ebenfalls kein Empfaenger (prueft Zielfeld==3, unsere ID traegt 4; CAN-ID 0x00014130+idx) | LIVE-SCAN 2026-08-22: lesbar, Wert 0 (0x0000)"
46519,eeprom_struct_06_reg1,,,FC06/FC10-Write (Write-Handler),,,,,,,,,,0x20014EFC,write-handler,,,,,,,,,,,,,,0,0,"WRITE/Config. EEPROM-Struct Entry 6 — u32 obere 16 Bit | SRAM-Ziel 0x20014EFC | Werte: u16 | Write-Only: Nein | CAN-Empfang geprueft 2026-08-22: Micro-FW v116 (EMS_Inverter_CAN_Dispatcher 0x08001940) kennt Funktionscode 0x30-0x3E NICHT — die vom Write-Handler gesendete CAN-Nachricht wird kommentarlos verworfen. Schreiben kostet einen EEPROM-Zyklus ohne nachweisbare Wirkung. Details: Write_Register_46500_Block_v150.md Abschnitt 3 | BMS-FW v118 ebenfalls kein Empfaenger (prueft Zielfeld==3, unsere ID traegt 4; CAN-ID 0x00014130+idx) | LIVE-SCAN 2026-08-22: lesbar, Wert 0 (0x0000)"
46520,eeprom_struct_06_reg2,,,FC06/FC10-Write (Write-Handler),,,,,,,,,,0x20014EFC,write-handler,,,,,,,,,,,,,,0,0,"WRITE/Config. EEPROM-Struct Entry 6 — u32 untere 16 Bit | SRAM-Ziel 0x20014EFC | Werte: u16 | Write-Only: Nein | CAN-Empfang geprueft 2026-08-22: Micro-FW v116 (EMS_Inverter_CAN_Dispatcher 0x08001940) kennt Funktionscode 0x30-0x3E NICHT — die vom Write-Handler gesendete CAN-Nachricht wird kommentarlos verworfen. Schreiben kostet einen EEPROM-Zyklus ohne nachweisbare Wirkung. Details: Write_Register_46500_Block_v150.md Abschnitt 3 | BMS-FW v118 ebenfalls kein Empfaenger (prueft Zielfeld==3, unsere ID traegt 4; CAN-ID 0x00014130+idx) | LIVE-SCAN 2026-08-22: lesbar, Wert 0 (0x0000)"
46521,eeprom_struct_07_reg0,,,FC06/FC10-Write (Write-Handler),,,,,,,,,,0x20014F00,write-handler,,,,,,,,,,,,,,0,0,"WRITE/Config. EEPROM-Struct Entry 7 — u16 Wert | SRAM-Ziel 0x20014F00 | Werte: u16 Wert | Write-Only: Nein | CAN-Empfang geprueft 2026-08-22: Micro-FW v116 (EMS_Inverter_CAN_Dispatcher 0x08001940) kennt Funktionscode 0x30-0x3E NICHT — die vom Write-Handler gesendete CAN-Nachricht wird kommentarlos verworfen. Schreiben kostet einen EEPROM-Zyklus ohne nachweisbare Wirkung. Details: Write_Register_46500_Block_v150.md Abschnitt 3 | BMS-FW v118 ebenfalls kein Empfaenger (prueft Zielfeld==3, unsere ID traegt 4; CAN-ID 0x00014130+idx) | LIVE-SCAN 2026-08-22: lesbar, Wert 0 (0x0000)"
46522,eeprom_struct_07_reg1,,,FC06/FC10-Write (Write-Handler),,,,,,,,,,0x20014F04,write-handler,,,,,,,,,,,,,,0,0,"WRITE/Config. EEPROM-Struct Entry 7 — u32 obere 16 Bit | SRAM-Ziel 0x20014F04 | Werte: u16 | Write-Only: Nein | CAN-Empfang geprueft 2026-08-22: Micro-FW v116 (EMS_Inverter_CAN_Dispatcher 0x08001940) kennt Funktionscode 0x30-0x3E NICHT — die vom Write-Handler gesendete CAN-Nachricht wird kommentarlos verworfen. Schreiben kostet einen EEPROM-Zyklus ohne nachweisbare Wirkung. Details: Write_Register_46500_Block_v150.md Abschnitt 3 | BMS-FW v118 ebenfalls kein Empfaenger (prueft Zielfeld==3, unsere ID traegt 4; CAN-ID 0x00014130+idx) | LIVE-SCAN 2026-08-22: lesbar, Wert 0 (0x0000)"
46523,eeprom_struct_07_reg2,,,FC06/FC10-Write (Write-Handler),,,,,,,,,,0x20014F04,write-handler,,,,,,,,,,,,,,0,0,"WRITE/Config. EEPROM-Struct Entry 7 — u32 untere 16 Bit | SRAM-Ziel 0x20014F04 | Werte: u16 | Write-Only: Nein | CAN-Empfang geprueft 2026-08-22: Micro-FW v116 (EMS_Inverter_CAN_Dispatcher 0x08001940) kennt Funktionscode 0x30-0x3E NICHT — die vom Write-Handler gesendete CAN-Nachricht wird kommentarlos verworfen. Schreiben kostet einen EEPROM-Zyklus ohne nachweisbare Wirkung. Details: Write_Register_46500_Block_v150.md Abschnitt 3 | BMS-FW v118 ebenfalls kein Empfaenger (prueft Zielfeld==3, unsere ID traegt 4; CAN-ID 0x00014130+idx) | LIVE-SCAN 2026-08-22: lesbar, Wert 0 (0x0000)"
46524,eeprom_struct_08_reg0,,,FC06/FC10-Write (Write-Handler),,,,,,,,,,0x20014F08,write-handler,,,,,,,,,,,,,,0,0,"WRITE/Config. EEPROM-Struct Entry 8 — u16 Wert | SRAM-Ziel 0x20014F08 | Werte: u16 Wert | Write-Only: Nein | CAN-Empfang geprueft 2026-08-22: Micro-FW v116 (EMS_Inverter_CAN_Dispatcher 0x08001940) kennt Funktionscode 0x30-0x3E NICHT — die vom Write-Handler gesendete CAN-Nachricht wird kommentarlos verworfen. Schreiben kostet einen EEPROM-Zyklus ohne nachweisbare Wirkung. Details: Write_Register_46500_Block_v150.md Abschnitt 3 | BMS-FW v118 ebenfalls kein Empfaenger (prueft Zielfeld==3, unsere ID traegt 4; CAN-ID 0x00014130+idx) | LIVE-SCAN 2026-08-22: lesbar, Wert 0 (0x0000)"
46525,eeprom_struct_08_reg1,,,FC06/FC10-Write (Write-Handler),,,,,,,,,,0x20014F0C,write-handler,,,,,,,,,,,,,,0,0,"WRITE/Config. EEPROM-Struct Entry 8 — u32 obere 16 Bit | SRAM-Ziel 0x20014F0C | Werte: u16 | Write-Only: Nein | CAN-Empfang geprueft 2026-08-22: Micro-FW v116 (EMS_Inverter_CAN_Dispatcher 0x08001940) kennt Funktionscode 0x30-0x3E NICHT — die vom Write-Handler gesendete CAN-Nachricht wird kommentarlos verworfen. Schreiben kostet einen EEPROM-Zyklus ohne nachweisbare Wirkung. Details: Write_Register_46500_Block_v150.md Abschnitt 3 | BMS-FW v118 ebenfalls kein Empfaenger (prueft Zielfeld==3, unsere ID traegt 4; CAN-ID 0x00014130+idx) | LIVE-SCAN 2026-08-22: lesbar, Wert 0 (0x0000)"
46526,eeprom_struct_08_reg2,,,FC06/FC10-Write (Write-Handler),,,,,,,,,,0x20014F0C,write-handler,,,,,,,,,,,,,,0,0,"WRITE/Config. EEPROM-Struct Entry 8 — u32 untere 16 Bit | SRAM-Ziel 0x20014F0C | Werte: u16 | Write-Only: Nein | CAN-Empfang geprueft 2026-08-22: Micro-FW v116 (EMS_Inverter_CAN_Dispatcher 0x08001940) kennt Funktionscode 0x30-0x3E NICHT — die vom Write-Handler gesendete CAN-Nachricht wird kommentarlos verworfen. Schreiben kostet einen EEPROM-Zyklus ohne nachweisbare Wirkung. Details: Write_Register_46500_Block_v150.md Abschnitt 3 | BMS-FW v118 ebenfalls kein Empfaenger (prueft Zielfeld==3, unsere ID traegt 4; CAN-ID 0x00014130+idx) | LIVE-SCAN 2026-08-22: lesbar, Wert 0 (0x0000)"
46527,eeprom_struct_09_reg0,,,FC06/FC10-Write (Write-Handler),,,,,,,,,,0x20014F10,write-handler,,,,,,,,,,,,,,0,0,"WRITE/Config. EEPROM-Struct Entry 9 — u16 Wert | SRAM-Ziel 0x20014F10 | Werte: u16 Wert | Write-Only: Nein | CAN-Empfang geprueft 2026-08-22: Micro-FW v116 (EMS_Inverter_CAN_Dispatcher 0x08001940) kennt Funktionscode 0x30-0x3E NICHT — die vom Write-Handler gesendete CAN-Nachricht wird kommentarlos verworfen. Schreiben kostet einen EEPROM-Zyklus ohne nachweisbare Wirkung. Details: Write_Register_46500_Block_v150.md Abschnitt 3 | BMS-FW v118 ebenfalls kein Empfaenger (prueft Zielfeld==3, unsere ID traegt 4; CAN-ID 0x00014130+idx) | LIVE-SCAN 2026-08-22: lesbar, Wert 0 (0x0000)"
46528,eeprom_struct_09_reg1,,,FC06/FC10-Write (Write-Handler),,,,,,,,,,0x20014F14,write-handler,,,,,,,,,,,,,,0,0,"WRITE/Config. EEPROM-Struct Entry 9 — u32 obere 16 Bit | SRAM-Ziel 0x20014F14 | Werte: u16 | Write-Only: Nein | CAN-Empfang geprueft 2026-08-22: Micro-FW v116 (EMS_Inverter_CAN_Dispatcher 0x08001940) kennt Funktionscode 0x30-0x3E NICHT — die vom Write-Handler gesendete CAN-Nachricht wird kommentarlos verworfen. Schreiben kostet einen EEPROM-Zyklus ohne nachweisbare Wirkung. Details: Write_Register_46500_Block_v150.md Abschnitt 3 | BMS-FW v118 ebenfalls kein Empfaenger (prueft Zielfeld==3, unsere ID traegt 4; CAN-ID 0x00014130+idx) | LIVE-SCAN 2026-08-22: lesbar, Wert 0 (0x0000)"
46529,eeprom_struct_09_reg2,,,FC06/FC10-Write (Write-Handler),,,,,,,,,,0x20014F14,write-handler,,,,,,,,,,,,,,0,0,"WRITE/Config. EEPROM-Struct Entry 9 — u32 untere 16 Bit | SRAM-Ziel 0x20014F14 | Werte: u16 | Write-Only: Nein | CAN-Empfang geprueft 2026-08-22: Micro-FW v116 (EMS_Inverter_CAN_Dispatcher 0x08001940) kennt Funktionscode 0x30-0x3E NICHT — die vom Write-Handler gesendete CAN-Nachricht wird kommentarlos verworfen. Schreiben kostet einen EEPROM-Zyklus ohne nachweisbare Wirkung. Details: Write_Register_46500_Block_v150.md Abschnitt 3 | BMS-FW v118 ebenfalls kein Empfaenger (prueft Zielfeld==3, unsere ID traegt 4; CAN-ID 0x00014130+idx) | LIVE-SCAN 2026-08-22: lesbar, Wert 0 (0x0000)"
46530,eeprom_struct_10_reg0,,,FC06/FC10-Write (Write-Handler),,,,,,,,,,0x20014F18,write-handler,,,,,,,,,,,,,,0,0,"WRITE/Config. EEPROM-Struct Entry 10 — u16 Wert | SRAM-Ziel 0x20014F18 | Werte: u16 Wert | Write-Only: Nein | CAN-Empfang geprueft 2026-08-22: Micro-FW v116 (EMS_Inverter_CAN_Dispatcher 0x08001940) kennt Funktionscode 0x30-0x3E NICHT — die vom Write-Handler gesendete CAN-Nachricht wird kommentarlos verworfen. Schreiben kostet einen EEPROM-Zyklus ohne nachweisbare Wirkung. Details: Write_Register_46500_Block_v150.md Abschnitt 3 | BMS-FW v118 ebenfalls kein Empfaenger (prueft Zielfeld==3, unsere ID traegt 4; CAN-ID 0x00014130+idx) | LIVE-SCAN 2026-08-22: lesbar, Wert 0 (0x0000)"
46531,eeprom_struct_10_reg1,,,FC06/FC10-Write (Write-Handler),,,,,,,,,,0x20014F1C,write-handler,,,,,,,,,,,,,,0,0,"WRITE/Config. EEPROM-Struct Entry 10 — u32 obere 16 Bit | SRAM-Ziel 0x20014F1C | Werte: u16 | Write-Only: Nein | CAN-Empfang geprueft 2026-08-22: Micro-FW v116 (EMS_Inverter_CAN_Dispatcher 0x08001940) kennt Funktionscode 0x30-0x3E NICHT — die vom Write-Handler gesendete CAN-Nachricht wird kommentarlos verworfen. Schreiben kostet einen EEPROM-Zyklus ohne nachweisbare Wirkung. Details: Write_Register_46500_Block_v150.md Abschnitt 3 | BMS-FW v118 ebenfalls kein Empfaenger (prueft Zielfeld==3, unsere ID traegt 4; CAN-ID 0x00014130+idx) | LIVE-SCAN 2026-08-22: lesbar, Wert 0 (0x0000)"
46532,eeprom_struct_10_reg2,,,FC06/FC10-Write (Write-Handler),,,,,,,,,,0x20014F1C,write-handler,,,,,,,,,,,,,,0,0,"WRITE/Config. EEPROM-Struct Entry 10 — u32 untere 16 Bit | SRAM-Ziel 0x20014F1C | Werte: u16 | Write-Only: Nein | CAN-Empfang geprueft 2026-08-22: Micro-FW v116 (EMS_Inverter_CAN_Dispatcher 0x08001940) kennt Funktionscode 0x30-0x3E NICHT — die vom Write-Handler gesendete CAN-Nachricht wird kommentarlos verworfen. Schreiben kostet einen EEPROM-Zyklus ohne nachweisbare Wirkung. Details: Write_Register_46500_Block_v150.md Abschnitt 3 | BMS-FW v118 ebenfalls kein Empfaenger (prueft Zielfeld==3, unsere ID traegt 4; CAN-ID 0x00014130+idx) | LIVE-SCAN 2026-08-22: lesbar, Wert 0 (0x0000)"
46533,eeprom_struct_11_reg0,,,FC06/FC10-Write (Write-Handler),,,,,,,,,,0x20014F20,write-handler,,,,,,,,,,,,,,0,0,"WRITE/Config. EEPROM-Struct Entry 11 — u16 Wert | SRAM-Ziel 0x20014F20 | Werte: u16 Wert | Write-Only: Nein | CAN-Empfang geprueft 2026-08-22: Micro-FW v116 (EMS_Inverter_CAN_Dispatcher 0x08001940) kennt Funktionscode 0x30-0x3E NICHT — die vom Write-Handler gesendete CAN-Nachricht wird kommentarlos verworfen. Schreiben kostet einen EEPROM-Zyklus ohne nachweisbare Wirkung. Details: Write_Register_46500_Block_v150.md Abschnitt 3 | BMS-FW v118 ebenfalls kein Empfaenger (prueft Zielfeld==3, unsere ID traegt 4; CAN-ID 0x00014130+idx) | LIVE-SCAN 2026-08-22: lesbar, Wert 0 (0x0000)"
46534,eeprom_struct_11_reg1,,,FC06/FC10-Write (Write-Handler),,,,,,,,,,0x20014F24,write-handler,,,,,,,,,,,,,,0,0,"WRITE/Config. EEPROM-Struct Entry 11 — u32 obere 16 Bit | SRAM-Ziel 0x20014F24 | Werte: u16 | Write-Only: Nein | CAN-Empfang geprueft 2026-08-22: Micro-FW v116 (EMS_Inverter_CAN_Dispatcher 0x08001940) kennt Funktionscode 0x30-0x3E NICHT — die vom Write-Handler gesendete CAN-Nachricht wird kommentarlos verworfen. Schreiben kostet einen EEPROM-Zyklus ohne nachweisbare Wirkung. Details: Write_Register_46500_Block_v150.md Abschnitt 3 | BMS-FW v118 ebenfalls kein Empfaenger (prueft Zielfeld==3, unsere ID traegt 4; CAN-ID 0x00014130+idx) | LIVE-SCAN 2026-08-22: lesbar, Wert 0 (0x0000)"
46535,eeprom_struct_11_reg2,,,FC06/FC10-Write (Write-Handler),,,,,,,,,,0x20014F24,write-handler,,,,,,,,,,,,,,0,0,"WRITE/Config. EEPROM-Struct Entry 11 — u32 untere 16 Bit | SRAM-Ziel 0x20014F24 | Werte: u16 | Write-Only: Nein | CAN-Empfang geprueft 2026-08-22: Micro-FW v116 (EMS_Inverter_CAN_Dispatcher 0x08001940) kennt Funktionscode 0x30-0x3E NICHT — die vom Write-Handler gesendete CAN-Nachricht wird kommentarlos verworfen. Schreiben kostet einen EEPROM-Zyklus ohne nachweisbare Wirkung. Details: Write_Register_46500_Block_v150.md Abschnitt 3 | BMS-FW v118 ebenfalls kein Empfaenger (prueft Zielfeld==3, unsere ID traegt 4; CAN-ID 0x00014130+idx) | LIVE-SCAN 2026-08-22: lesbar, Wert 0 (0x0000)"
46536,eeprom_struct_12_reg0,,,FC06/FC10-Write (Write-Handler),,,,,,,,,,0x20014F28,write-handler,,,,,,,,,,,,,,0,0,"WRITE/Config. EEPROM-Struct Entry 12 — u16 Wert | SRAM-Ziel 0x20014F28 | Werte: u16 Wert | Write-Only: Nein | CAN-Empfang geprueft 2026-08-22: Micro-FW v116 (EMS_Inverter_CAN_Dispatcher 0x08001940) kennt Funktionscode 0x30-0x3E NICHT — die vom Write-Handler gesendete CAN-Nachricht wird kommentarlos verworfen. Schreiben kostet einen EEPROM-Zyklus ohne nachweisbare Wirkung. Details: Write_Register_46500_Block_v150.md Abschnitt 3 | BMS-FW v118 ebenfalls kein Empfaenger (prueft Zielfeld==3, unsere ID traegt 4; CAN-ID 0x00014130+idx) | LIVE-SCAN 2026-08-22: lesbar, Wert 0 (0x0000)"
46537,eeprom_struct_12_reg1,,,FC06/FC10-Write (Write-Handler),,,,,,,,,,0x20014F2C,write-handler,,,,,,,,,,,,,,0,0,"WRITE/Config. EEPROM-Struct Entry 12 — u32 obere 16 Bit | SRAM-Ziel 0x20014F2C | Werte: u16 | Write-Only: Nein | CAN-Empfang geprueft 2026-08-22: Micro-FW v116 (EMS_Inverter_CAN_Dispatcher 0x08001940) kennt Funktionscode 0x30-0x3E NICHT — die vom Write-Handler gesendete CAN-Nachricht wird kommentarlos verworfen. Schreiben kostet einen EEPROM-Zyklus ohne nachweisbare Wirkung. Details: Write_Register_46500_Block_v150.md Abschnitt 3 | BMS-FW v118 ebenfalls kein Empfaenger (prueft Zielfeld==3, unsere ID traegt 4; CAN-ID 0x00014130+idx) | LIVE-SCAN 2026-08-22: lesbar, Wert 0 (0x0000)"
46538,eeprom_struct_12_reg2,,,FC06/FC10-Write (Write-Handler),,,,,,,,,,0x20014F2C,write-handler,,,,,,,,,,,,,,0,0,"WRITE/Config. EEPROM-Struct Entry 12 — u32 untere 16 Bit | SRAM-Ziel 0x20014F2C | Werte: u16 | Write-Only: Nein | CAN-Empfang geprueft 2026-08-22: Micro-FW v116 (EMS_Inverter_CAN_Dispatcher 0x08001940) kennt Funktionscode 0x30-0x3E NICHT — die vom Write-Handler gesendete CAN-Nachricht wird kommentarlos verworfen. Schreiben kostet einen EEPROM-Zyklus ohne nachweisbare Wirkung. Details: Write_Register_46500_Block_v150.md Abschnitt 3 | BMS-FW v118 ebenfalls kein Empfaenger (prueft Zielfeld==3, unsere ID traegt 4; CAN-ID 0x00014130+idx) | LIVE-SCAN 2026-08-22: lesbar, Wert 0 (0x0000)"
46539,eeprom_struct_13_reg0,,,FC06/FC10-Write (Write-Handler),,,,,,,,,,0x20014F30,write-handler,,,,,,,,,,,,,,0,0,"WRITE/Config. EEPROM-Struct Entry 13 — u16 Wert | SRAM-Ziel 0x20014F30 | Werte: u16 Wert | Write-Only: Nein | CAN-Empfang geprueft 2026-08-22: Micro-FW v116 (EMS_Inverter_CAN_Dispatcher 0x08001940) kennt Funktionscode 0x30-0x3E NICHT — die vom Write-Handler gesendete CAN-Nachricht wird kommentarlos verworfen. Schreiben kostet einen EEPROM-Zyklus ohne nachweisbare Wirkung. Details: Write_Register_46500_Block_v150.md Abschnitt 3 | BMS-FW v118 ebenfalls kein Empfaenger (prueft Zielfeld==3, unsere ID traegt 4; CAN-ID 0x00014130+idx) | LIVE-SCAN 2026-08-22: lesbar, Wert 0 (0x0000)"
46540,eeprom_struct_13_reg1,,,FC06/FC10-Write (Write-Handler),,,,,,,,,,0x20014F34,write-handler,,,,,,,,,,,,,,0,0,"WRITE/Config. EEPROM-Struct Entry 13 — u32 obere 16 Bit | SRAM-Ziel 0x20014F34 | Werte: u16 | Write-Only: Nein | CAN-Empfang geprueft 2026-08-22: Micro-FW v116 (EMS_Inverter_CAN_Dispatcher 0x08001940) kennt Funktionscode 0x30-0x3E NICHT — die vom Write-Handler gesendete CAN-Nachricht wird kommentarlos verworfen. Schreiben kostet einen EEPROM-Zyklus ohne nachweisbare Wirkung. Details: Write_Register_46500_Block_v150.md Abschnitt 3 | BMS-FW v118 ebenfalls kein Empfaenger (prueft Zielfeld==3, unsere ID traegt 4; CAN-ID 0x00014130+idx) | LIVE-SCAN 2026-08-22: lesbar, Wert 0 (0x0000)"
46541,eeprom_struct_13_reg2,,,FC06/FC10-Write (Write-Handler),,,,,,,,,,0x20014F34,write-handler,,,,,,,,,,,,,,0,0,"WRITE/Config. EEPROM-Struct Entry 13 — u32 untere 16 Bit | SRAM-Ziel 0x20014F34 | Werte: u16 | Write-Only: Nein | CAN-Empfang geprueft 2026-08-22: Micro-FW v116 (EMS_Inverter_CAN_Dispatcher 0x08001940) kennt Funktionscode 0x30-0x3E NICHT — die vom Write-Handler gesendete CAN-Nachricht wird kommentarlos verworfen. Schreiben kostet einen EEPROM-Zyklus ohne nachweisbare Wirkung. Details: Write_Register_46500_Block_v150.md Abschnitt 3 | BMS-FW v118 ebenfalls kein Empfaenger (prueft Zielfeld==3, unsere ID traegt 4; CAN-ID 0x00014130+idx) | LIVE-SCAN 2026-08-22: lesbar, Wert 0 (0x0000)"
46542,eeprom_struct_14_reg0,,,FC06/FC10-Write (Write-Handler),,,,,,,,,,0x20014F38,write-handler,,,,,,,,,,,,,,0,0,"WRITE/Config. EEPROM-Struct Entry 14 — u16 Wert | SRAM-Ziel 0x20014F38 | Werte: u16 Wert | Write-Only: Nein | CAN-Empfang geprueft 2026-08-22: Micro-FW v116 (EMS_Inverter_CAN_Dispatcher 0x08001940) kennt Funktionscode 0x30-0x3E NICHT — die vom Write-Handler gesendete CAN-Nachricht wird kommentarlos verworfen. Schreiben kostet einen EEPROM-Zyklus ohne nachweisbare Wirkung. Details: Write_Register_46500_Block_v150.md Abschnitt 3 | BMS-FW v118 ebenfalls kein Empfaenger (prueft Zielfeld==3, unsere ID traegt 4; CAN-ID 0x00014130+idx) | LIVE-SCAN 2026-08-22: lesbar, Wert 0 (0x0000)"
46543,eeprom_struct_14_reg1,,,FC06/FC10-Write (Write-Handler),,,,,,,,,,0x20014F3C,write-handler,,,,,0,,,,,,,0,0,1,1,"WRITE/Config. EEPROM-Struct Entry 14 — u32 obere 16 Bit | SRAM-Ziel 0x20014F3C | Werte: u16 | Write-Only: Nein | CAN-Empfang geprueft 2026-08-22: Micro-FW v116 (EMS_Inverter_CAN_Dispatcher 0x08001940) kennt Funktionscode 0x30-0x3E NICHT — die vom Write-Handler gesendete CAN-Nachricht wird kommentarlos verworfen. Schreiben kostet einen EEPROM-Zyklus ohne nachweisbare Wirkung. Details: Write_Register_46500_Block_v150.md Abschnitt 3 | BMS-FW v118 ebenfalls kein Empfaenger (prueft Zielfeld==3, unsere ID traegt 4; CAN-ID 0x00014130+idx) | LIVE-SCAN 2026-08-22: lesbar, Wert 0 (0x0000)"
46544,eeprom_struct_14_reg2,,,FC06/FC10-Write (Write-Handler),,,,,,,,,,0x20014F3C,write-handler,,,,,0,,,,,,,0,0,1,1,"WRITE/Config. EEPROM-Struct Entry 14 — u32 untere 16 Bit | SRAM-Ziel 0x20014F3C | Werte: u16 | Write-Only: Nein | CAN-Empfang geprueft 2026-08-22: Micro-FW v116 (EMS_Inverter_CAN_Dispatcher 0x08001940) kennt Funktionscode 0x30-0x3E NICHT — die vom Write-Handler gesendete CAN-Nachricht wird kommentarlos verworfen. Schreiben kostet einen EEPROM-Zyklus ohne nachweisbare Wirkung. Details: Write_Register_46500_Block_v150.md Abschnitt 3 | BMS-FW v118 ebenfalls kein Empfaenger (prueft Zielfeld==3, unsere ID traegt 4; CAN-ID 0x00014130+idx) | LIVE-SCAN 2026-08-22: lesbar, Wert 0 (0x0000)"
47400,debug_register,,,FC06/FC10-Write (Write-Handler),,,,,,,,,,—,write-handler,,,,,43707,,,,,,,43707,43707,1,1,"WRITE/Config. Debug-Register (lesen/schreiben) | SRAM-Ziel — | Werte: Lesen: gibt immer 0xAABB zurueck | Write-Only: Nein | LIVE-SCAN 2026-08-22: lesbar, Wert 43707 (0xAABB)"
